kind,mesh_index,submesh_index,lod_index,view,path,width,height
mesh,0,,0,hero,mesh/m000/l00_hero.bmp,640,640
mesh,0,,0,side,mesh/m000/l00_side.bmp,640,640
mesh,0,,0,top,mesh/m000/l00_top.bmp,640,640
mesh,0,,1,hero,mesh/m000/l01_hero.bmp,640,640
mesh,0,,1,side,mesh/m000/l01_side.bmp,640,640
mesh,0,,1,top,mesh/m000/l01_top.bmp,640,640
mesh,0,,2,hero,mesh/m000/l02_hero.bmp,640,640
mesh,0,,2,side,mesh/m000/l02_side.bmp,640,640
mesh,0,,2,top,mesh/m000/l02_top.bmp,640,640
mesh,0,,3,hero,mesh/m000/l03_hero.bmp,640,640
mesh,0,,3,side,mesh/m000/l03_side.bmp,640,640
mesh,0,,3,top,mesh/m000/l03_top.bmp,640,640
mesh,0,,4,hero,mesh/m000/l04_hero.bmp,640,640
mesh,0,,4,side,mesh/m000/l04_side.bmp,640,640
mesh,0,,4,top,mesh/m000/l04_top.bmp,640,640
mesh,0,,5,hero,mesh/m000/l05_hero.bmp,640,640
mesh,0,,5,side,mesh/m000/l05_side.bmp,640,640
mesh,0,,5,top,mesh/m000/l05_top.bmp,640,640
mesh,0,,6,hero,mesh/m000/l06_hero.bmp,640,640
mesh,0,,6,side,mesh/m000/l06_side.bmp,640,640
mesh,0,,6,top,mesh/m000/l06_top.bmp,640,640
submesh,0,0,0,hero,submesh/m000_s00/l00_hero.bmp,640,640
submesh,0,0,1,hero,submesh/m000_s00/l01_hero.bmp,640,640
submesh,0,0,2,hero,submesh/m000_s00/l02_hero.bmp,640,640
submesh,0,0,3,hero,submesh/m000_s00/l03_hero.bmp,640,640
submesh,0,0,4,hero,submesh/m000_s00/l04_hero.bmp,640,640
submesh,0,0,5,hero,submesh/m000_s00/l05_hero.bmp,640,640
submesh,0,0,6,hero,submesh/m000_s00/l06_hero.bmp,640,640
submesh,0,1,0,hero,submesh/m000_s01/l00_hero.bmp,640,640
submesh,0,1,1,hero,submesh/m000_s01/l01_hero.bmp,640,640
submesh,0,1,2,hero,submesh/m000_s01/l02_hero.bmp,640,640
submesh,0,1,3,hero,submesh/m000_s01/l03_hero.bmp,640,640
submesh,0,1,4,hero,submesh/m000_s01/l04_hero.bmp,640,640
submesh,0,1,5,hero,submesh/m000_s01/l05_hero.bmp,640,640
submesh,0,1,6,hero,submesh/m000_s01/l06_hero.bmp,640,640
submesh,0,2,0,hero,submesh/m000_s02/l00_hero.bmp,640,640
submesh,0,2,1,hero,submesh/m000_s02/l01_hero.bmp,640,640
submesh,0,2,2,hero,submesh/m000_s02/l02_hero.bmp,640,640
submesh,0,2,3,hero,submesh/m000_s02/l03_hero.bmp,640,640
submesh,0,2,4,hero,submesh/m000_s02/l04_hero.bmp,640,640
submesh,0,2,5,hero,submesh/m000_s02/l05_hero.bmp,640,640
submesh,0,2,6,hero,submesh/m000_s02/l06_hero.bmp,640,640
mesh,1,,0,hero,mesh/m001/l00_hero.bmp,640,640
mesh,1,,0,side,mesh/m001/l00_side.bmp,640,640
mesh,1,,0,top,mesh/m001/l00_top.bmp,640,640
mesh,1,,1,hero,mesh/m001/l01_hero.bmp,640,640
mesh,1,,1,side,mesh/m001/l01_side.bmp,640,640
mesh,1,,1,top,mesh/m001/l01_top.bmp,640,640
mesh,1,,2,hero,mesh/m001/l02_hero.bmp,640,640
mesh,1,,2,side,mesh/m001/l02_side.bmp,640,640
mesh,1,,2,top,mesh/m001/l02_top.bmp,640,640
mesh,1,,3,hero,mesh/m001/l03_hero.bmp,640,640
mesh,1,,3,side,mesh/m001/l03_side.bmp,640,640
mesh,1,,3,top,mesh/m001/l03_top.bmp,640,640
mesh,1,,4,hero,mesh/m001/l04_hero.bmp,640,640
mesh,1,,4,side,mesh/m001/l04_side.bmp,640,640
mesh,1,,4,top,mesh/m001/l04_top.bmp,640,640
mesh,1,,5,hero,mesh/m001/l05_hero.bmp,640,640
mesh,1,,5,side,mesh/m001/l05_side.bmp,640,640
mesh,1,,5,top,mesh/m001/l05_top.bmp,640,640
mesh,1,,6,hero,mesh/m001/l06_hero.bmp,640,640
mesh,1,,6,side,mesh/m001/l06_side.bmp,640,640
mesh,1,,6,top,mesh/m001/l06_top.bmp,640,640
submesh,1,0,0,hero,submesh/m001_s00/l00_hero.bmp,640,640
submesh,1,0,1,hero,submesh/m001_s00/l01_hero.bmp,640,640
submesh,1,0,2,hero,submesh/m001_s00/l02_hero.bmp,640,640
submesh,1,0,3,hero,submesh/m001_s00/l03_hero.bmp,640,640
submesh,1,0,4,hero,submesh/m001_s00/l04_hero.bmp,640,640
submesh,1,0,5,hero,submesh/m001_s00/l05_hero.bmp,640,640
submesh,1,0,6,hero,submesh/m001_s00/l06_hero.bmp,640,640
submesh,1,1,0,hero,submesh/m001_s01/l00_hero.bmp,640,640
submesh,1,1,1,hero,submesh/m001_s01/l01_hero.bmp,640,640
submesh,1,1,2,hero,submesh/m001_s01/l02_hero.bmp,640,640
submesh,1,1,3,hero,submesh/m001_s01/l03_hero.bmp,640,640
submesh,1,1,4,hero,submesh/m001_s01/l04_hero.bmp,640,640
submesh,1,1,5,hero,submesh/m001_s01/l05_hero.bmp,640,640
submesh,1,1,6,hero,submesh/m001_s01/l06_hero.bmp,640,640
submesh,1,2,0,hero,submesh/m001_s02/l00_hero.bmp,640,640
submesh,1,2,1,hero,submesh/m001_s02/l01_hero.bmp,640,640
submesh,1,2,2,hero,submesh/m001_s02/l02_hero.bmp,640,640
submesh,1,2,3,hero,submesh/m001_s02/l03_hero.bmp,640,640
submesh,1,2,4,hero,submesh/m001_s02/l04_hero.bmp,640,640
submesh,1,2,5,hero,submesh/m001_s02/l05_hero.bmp,640,640
submesh,1,2,6,hero,submesh/m001_s02/l06_hero.bmp,640,640
mesh,2,,0,hero,mesh/m002/l00_hero.bmp,640,640
mesh,2,,0,side,mesh/m002/l00_side.bmp,640,640
mesh,2,,0,top,mesh/m002/l00_top.bmp,640,640
mesh,2,,1,hero,mesh/m002/l01_hero.bmp,640,640
mesh,2,,1,side,mesh/m002/l01_side.bmp,640,640
mesh,2,,1,top,mesh/m002/l01_top.bmp,640,640
mesh,2,,2,hero,mesh/m002/l02_hero.bmp,640,640
mesh,2,,2,side,mesh/m002/l02_side.bmp,640,640
mesh,2,,2,top,mesh/m002/l02_top.bmp,640,640
mesh,2,,3,hero,mesh/m002/l03_hero.bmp,640,640
mesh,2,,3,side,mesh/m002/l03_side.bmp,640,640
mesh,2,,3,top,mesh/m002/l03_top.bmp,640,640
mesh,2,,4,hero,mesh/m002/l04_hero.bmp,640,640
mesh,2,,4,side,mesh/m002/l04_side.bmp,640,640
mesh,2,,4,top,mesh/m002/l04_top.bmp,640,640
mesh,2,,5,hero,mesh/m002/l05_hero.bmp,640,640
mesh,2,,5,side,mesh/m002/l05_side.bmp,640,640
mesh,2,,5,top,mesh/m002/l05_top.bmp,640,640
mesh,2,,6,hero,mesh/m002/l06_hero.bmp,640,640
mesh,2,,6,side,mesh/m002/l06_side.bmp,640,640
mesh,2,,6,top,mesh/m002/l06_top.bmp,640,640
submesh,2,0,0,hero,submesh/m002_s00/l00_hero.bmp,640,640
submesh,2,0,1,hero,submesh/m002_s00/l01_hero.bmp,640,640
submesh,2,0,2,hero,submesh/m002_s00/l02_hero.bmp,640,640
submesh,2,0,3,hero,submesh/m002_s00/l03_hero.bmp,640,640
submesh,2,0,4,hero,submesh/m002_s00/l04_hero.bmp,640,640
submesh,2,0,5,hero,submesh/m002_s00/l05_hero.bmp,640,640
submesh,2,0,6,hero,submesh/m002_s00/l06_hero.bmp,640,640
submesh,2,1,0,hero,submesh/m002_s01/l00_hero.bmp,640,640
submesh,2,1,1,hero,submesh/m002_s01/l01_hero.bmp,640,640
submesh,2,1,2,hero,submesh/m002_s01/l02_hero.bmp,640,640
submesh,2,1,3,hero,submesh/m002_s01/l03_hero.bmp,640,640
submesh,2,1,4,hero,submesh/m002_s01/l04_hero.bmp,640,640
submesh,2,1,5,hero,submesh/m002_s01/l05_hero.bmp,640,640
submesh,2,1,6,hero,submesh/m002_s01/l06_hero.bmp,640,640
submesh,2,2,0,hero,submesh/m002_s02/l00_hero.bmp,640,640
submesh,2,2,1,hero,submesh/m002_s02/l01_hero.bmp,640,640
submesh,2,2,2,hero,submesh/m002_s02/l02_hero.bmp,640,640
submesh,2,2,3,hero,submesh/m002_s02/l03_hero.bmp,640,640
submesh,2,2,4,hero,submesh/m002_s02/l04_hero.bmp,640,640
submesh,2,2,5,hero,submesh/m002_s02/l05_hero.bmp,640,640
submesh,2,2,6,hero,submesh/m002_s02/l06_hero.bmp,640,640
mesh,3,,0,hero,mesh/m003/l00_hero.bmp,640,640
mesh,3,,0,side,mesh/m003/l00_side.bmp,640,640
mesh,3,,0,top,mesh/m003/l00_top.bmp,640,640
mesh,3,,1,hero,mesh/m003/l01_hero.bmp,640,640
mesh,3,,1,side,mesh/m003/l01_side.bmp,640,640
mesh,3,,1,top,mesh/m003/l01_top.bmp,640,640
mesh,3,,2,hero,mesh/m003/l02_hero.bmp,640,640
mesh,3,,2,side,mesh/m003/l02_side.bmp,640,640
mesh,3,,2,top,mesh/m003/l02_top.bmp,640,640
mesh,3,,3,hero,mesh/m003/l03_hero.bmp,640,640
mesh,3,,3,side,mesh/m003/l03_side.bmp,640,640
mesh,3,,3,top,mesh/m003/l03_top.bmp,640,640
mesh,3,,4,hero,mesh/m003/l04_hero.bmp,640,640
mesh,3,,4,side,mesh/m003/l04_side.bmp,640,640
mesh,3,,4,top,mesh/m003/l04_top.bmp,640,640
mesh,3,,5,hero,mesh/m003/l05_hero.bmp,640,640
mesh,3,,5,side,mesh/m003/l05_side.bmp,640,640
mesh,3,,5,top,mesh/m003/l05_top.bmp,640,640
mesh,3,,6,hero,mesh/m003/l06_hero.bmp,640,640
mesh,3,,6,side,mesh/m003/l06_side.bmp,640,640
mesh,3,,6,top,mesh/m003/l06_top.bmp,640,640
submesh,3,0,0,hero,submesh/m003_s00/l00_hero.bmp,640,640
submesh,3,0,1,hero,submesh/m003_s00/l01_hero.bmp,640,640
submesh,3,0,2,hero,submesh/m003_s00/l02_hero.bmp,640,640
submesh,3,0,3,hero,submesh/m003_s00/l03_hero.bmp,640,640
submesh,3,0,4,hero,submesh/m003_s00/l04_hero.bmp,640,640
submesh,3,0,5,hero,submesh/m003_s00/l05_hero.bmp,640,640
submesh,3,0,6,hero,submesh/m003_s00/l06_hero.bmp,640,640
submesh,3,1,0,hero,submesh/m003_s01/l00_hero.bmp,640,640
submesh,3,1,1,hero,submesh/m003_s01/l01_hero.bmp,640,640
submesh,3,1,2,hero,submesh/m003_s01/l02_hero.bmp,640,640
submesh,3,1,3,hero,submesh/m003_s01/l03_hero.bmp,640,640
submesh,3,1,4,hero,submesh/m003_s01/l04_hero.bmp,640,640
submesh,3,1,5,hero,submesh/m003_s01/l05_hero.bmp,640,640
submesh,3,1,6,hero,submesh/m003_s01/l06_hero.bmp,640,640
submesh,3,2,0,hero,submesh/m003_s02/l00_hero.bmp,640,640
submesh,3,2,1,hero,submesh/m003_s02/l01_hero.bmp,640,640
submesh,3,2,2,hero,submesh/m003_s02/l02_hero.bmp,640,640
submesh,3,2,3,hero,submesh/m003_s02/l03_hero.bmp,640,640
submesh,3,2,4,hero,submesh/m003_s02/l04_hero.bmp,640,640
submesh,3,2,5,hero,submesh/m003_s02/l05_hero.bmp,640,640
submesh,3,2,6,hero,submesh/m003_s02/l06_hero.bmp,640,640
mesh,4,,0,hero,mesh/m004/l00_hero.bmp,640,640
mesh,4,,0,side,mesh/m004/l00_side.bmp,640,640
mesh,4,,0,top,mesh/m004/l00_top.bmp,640,640
mesh,4,,1,hero,mesh/m004/l01_hero.bmp,640,640
mesh,4,,1,side,mesh/m004/l01_side.bmp,640,640
mesh,4,,1,top,mesh/m004/l01_top.bmp,640,640
mesh,4,,2,hero,mesh/m004/l02_hero.bmp,640,640
mesh,4,,2,side,mesh/m004/l02_side.bmp,640,640
mesh,4,,2,top,mesh/m004/l02_top.bmp,640,640
mesh,4,,3,hero,mesh/m004/l03_hero.bmp,640,640
mesh,4,,3,side,mesh/m004/l03_side.bmp,640,640
mesh,4,,3,top,mesh/m004/l03_top.bmp,640,640
mesh,4,,4,hero,mesh/m004/l04_hero.bmp,640,640
mesh,4,,4,side,mesh/m004/l04_side.bmp,640,640
mesh,4,,4,top,mesh/m004/l04_top.bmp,640,640
mesh,4,,5,hero,mesh/m004/l05_hero.bmp,640,640
mesh,4,,5,side,mesh/m004/l05_side.bmp,640,640
mesh,4,,5,top,mesh/m004/l05_top.bmp,640,640
mesh,4,,6,hero,mesh/m004/l06_hero.bmp,640,640
mesh,4,,6,side,mesh/m004/l06_side.bmp,640,640
mesh,4,,6,top,mesh/m004/l06_top.bmp,640,640
submesh,4,0,0,hero,submesh/m004_s00/l00_hero.bmp,640,640
submesh,4,0,1,hero,submesh/m004_s00/l01_hero.bmp,640,640
submesh,4,0,2,hero,submesh/m004_s00/l02_hero.bmp,640,640
submesh,4,0,3,hero,submesh/m004_s00/l03_hero.bmp,640,640
submesh,4,0,4,hero,submesh/m004_s00/l04_hero.bmp,640,640
submesh,4,0,5,hero,submesh/m004_s00/l05_hero.bmp,640,640
submesh,4,0,6,hero,submesh/m004_s00/l06_hero.bmp,640,640
submesh,4,1,0,hero,submesh/m004_s01/l00_hero.bmp,640,640
submesh,4,1,1,hero,submesh/m004_s01/l01_hero.bmp,640,640
submesh,4,1,2,hero,submesh/m004_s01/l02_hero.bmp,640,640
submesh,4,1,3,hero,submesh/m004_s01/l03_hero.bmp,640,640
submesh,4,1,4,hero,submesh/m004_s01/l04_hero.bmp,640,640
submesh,4,1,5,hero,submesh/m004_s01/l05_hero.bmp,640,640
submesh,4,1,6,hero,submesh/m004_s01/l06_hero.bmp,640,640
submesh,4,2,0,hero,submesh/m004_s02/l00_hero.bmp,640,640
submesh,4,2,1,hero,submesh/m004_s02/l01_hero.bmp,640,640
submesh,4,2,2,hero,submesh/m004_s02/l02_hero.bmp,640,640
submesh,4,2,3,hero,submesh/m004_s02/l03_hero.bmp,640,640
submesh,4,2,4,hero,submesh/m004_s02/l04_hero.bmp,640,640
submesh,4,2,5,hero,submesh/m004_s02/l05_hero.bmp,640,640
submesh,4,2,6,hero,submesh/m004_s02/l06_hero.bmp,640,640
mesh,5,,0,hero,mesh/m005/l00_hero.bmp,640,640
mesh,5,,0,side,mesh/m005/l00_side.bmp,640,640
mesh,5,,0,top,mesh/m005/l00_top.bmp,640,640
mesh,5,,1,hero,mesh/m005/l01_hero.bmp,640,640
mesh,5,,1,side,mesh/m005/l01_side.bmp,640,640
mesh,5,,1,top,mesh/m005/l01_top.bmp,640,640
mesh,5,,2,hero,mesh/m005/l02_hero.bmp,640,640
mesh,5,,2,side,mesh/m005/l02_side.bmp,640,640
mesh,5,,2,top,mesh/m005/l02_top.bmp,640,640
mesh,5,,3,hero,mesh/m005/l03_hero.bmp,640,640
mesh,5,,3,side,mesh/m005/l03_side.bmp,640,640
mesh,5,,3,top,mesh/m005/l03_top.bmp,640,640
mesh,5,,4,hero,mesh/m005/l04_hero.bmp,640,640
mesh,5,,4,side,mesh/m005/l04_side.bmp,640,640
mesh,5,,4,top,mesh/m005/l04_top.bmp,640,640
mesh,5,,5,hero,mesh/m005/l05_hero.bmp,640,640
mesh,5,,5,side,mesh/m005/l05_side.bmp,640,640
mesh,5,,5,top,mesh/m005/l05_top.bmp,640,640
mesh,5,,6,hero,mesh/m005/l06_hero.bmp,640,640
mesh,5,,6,side,mesh/m005/l06_side.bmp,640,640
mesh,5,,6,top,mesh/m005/l06_top.bmp,640,640
submesh,5,0,0,hero,submesh/m005_s00/l00_hero.bmp,640,640
submesh,5,0,1,hero,submesh/m005_s00/l01_hero.bmp,640,640
submesh,5,0,2,hero,submesh/m005_s00/l02_hero.bmp,640,640
submesh,5,0,3,hero,submesh/m005_s00/l03_hero.bmp,640,640
submesh,5,0,4,hero,submesh/m005_s00/l04_hero.bmp,640,640
submesh,5,0,5,hero,submesh/m005_s00/l05_hero.bmp,640,640
submesh,5,0,6,hero,submesh/m005_s00/l06_hero.bmp,640,640
submesh,5,1,0,hero,submesh/m005_s01/l00_hero.bmp,640,640
submesh,5,1,1,hero,submesh/m005_s01/l01_hero.bmp,640,640
submesh,5,1,2,hero,submesh/m005_s01/l02_hero.bmp,640,640
submesh,5,1,3,hero,submesh/m005_s01/l03_hero.bmp,640,640
submesh,5,1,4,hero,submesh/m005_s01/l04_hero.bmp,640,640
submesh,5,1,5,hero,submesh/m005_s01/l05_hero.bmp,640,640
submesh,5,1,6,hero,submesh/m005_s01/l06_hero.bmp,640,640
submesh,5,2,0,hero,submesh/m005_s02/l00_hero.bmp,640,640
submesh,5,2,1,hero,submesh/m005_s02/l01_hero.bmp,640,640
submesh,5,2,2,hero,submesh/m005_s02/l02_hero.bmp,640,640
submesh,5,2,3,hero,submesh/m005_s02/l03_hero.bmp,640,640
submesh,5,2,4,hero,submesh/m005_s02/l04_hero.bmp,640,640
submesh,5,2,5,hero,submesh/m005_s02/l05_hero.bmp,640,640
submesh,5,2,6,hero,submesh/m005_s02/l06_hero.bmp,640,640
mesh,6,,0,hero,mesh/m006/l00_hero.bmp,640,640
mesh,6,,0,side,mesh/m006/l00_side.bmp,640,640
mesh,6,,0,top,mesh/m006/l00_top.bmp,640,640
mesh,6,,1,hero,mesh/m006/l01_hero.bmp,640,640
mesh,6,,1,side,mesh/m006/l01_side.bmp,640,640
mesh,6,,1,top,mesh/m006/l01_top.bmp,640,640
mesh,6,,2,hero,mesh/m006/l02_hero.bmp,640,640
mesh,6,,2,side,mesh/m006/l02_side.bmp,640,640
mesh,6,,2,top,mesh/m006/l02_top.bmp,640,640
mesh,6,,3,hero,mesh/m006/l03_hero.bmp,640,640
mesh,6,,3,side,mesh/m006/l03_side.bmp,640,640
mesh,6,,3,top,mesh/m006/l03_top.bmp,640,640
mesh,6,,4,hero,mesh/m006/l04_hero.bmp,640,640
mesh,6,,4,side,mesh/m006/l04_side.bmp,640,640
mesh,6,,4,top,mesh/m006/l04_top.bmp,640,640
mesh,6,,5,hero,mesh/m006/l05_hero.bmp,640,640
mesh,6,,5,side,mesh/m006/l05_side.bmp,640,640
mesh,6,,5,top,mesh/m006/l05_top.bmp,640,640
mesh,6,,6,hero,mesh/m006/l06_hero.bmp,640,640
mesh,6,,6,side,mesh/m006/l06_side.bmp,640,640
mesh,6,,6,top,mesh/m006/l06_top.bmp,640,640
submesh,6,0,0,hero,submesh/m006_s00/l00_hero.bmp,640,640
submesh,6,0,1,hero,submesh/m006_s00/l01_hero.bmp,640,640
submesh,6,0,2,hero,submesh/m006_s00/l02_hero.bmp,640,640
submesh,6,0,3,hero,submesh/m006_s00/l03_hero.bmp,640,640
submesh,6,0,4,hero,submesh/m006_s00/l04_hero.bmp,640,640
submesh,6,0,5,hero,submesh/m006_s00/l05_hero.bmp,640,640
submesh,6,0,6,hero,submesh/m006_s00/l06_hero.bmp,640,640
submesh,6,1,0,hero,submesh/m006_s01/l00_hero.bmp,640,640
submesh,6,1,1,hero,submesh/m006_s01/l01_hero.bmp,640,640
submesh,6,1,2,hero,submesh/m006_s01/l02_hero.bmp,640,640
submesh,6,1,3,hero,submesh/m006_s01/l03_hero.bmp,640,640
submesh,6,1,4,hero,submesh/m006_s01/l04_hero.bmp,640,640
submesh,6,1,5,hero,submesh/m006_s01/l05_hero.bmp,640,640
submesh,6,1,6,hero,submesh/m006_s01/l06_hero.bmp,640,640
submesh,6,2,0,hero,submesh/m006_s02/l00_hero.bmp,640,640
submesh,6,2,1,hero,submesh/m006_s02/l01_hero.bmp,640,640
submesh,6,2,2,hero,submesh/m006_s02/l02_hero.bmp,640,640
submesh,6,2,3,hero,submesh/m006_s02/l03_hero.bmp,640,640
submesh,6,2,4,hero,submesh/m006_s02/l04_hero.bmp,640,640
submesh,6,2,5,hero,submesh/m006_s02/l05_hero.bmp,640,640
submesh,6,2,6,hero,submesh/m006_s02/l06_hero.bmp,640,640
mesh,7,,0,hero,mesh/m007/l00_hero.bmp,640,640
mesh,7,,0,side,mesh/m007/l00_side.bmp,640,640
mesh,7,,0,top,mesh/m007/l00_top.bmp,640,640
mesh,7,,1,hero,mesh/m007/l01_hero.bmp,640,640
mesh,7,,1,side,mesh/m007/l01_side.bmp,640,640
mesh,7,,1,top,mesh/m007/l01_top.bmp,640,640
mesh,7,,2,hero,mesh/m007/l02_hero.bmp,640,640
mesh,7,,2,side,mesh/m007/l02_side.bmp,640,640
mesh,7,,2,top,mesh/m007/l02_top.bmp,640,640
mesh,7,,3,hero,mesh/m007/l03_hero.bmp,640,640
mesh,7,,3,side,mesh/m007/l03_side.bmp,640,640
mesh,7,,3,top,mesh/m007/l03_top.bmp,640,640
mesh,7,,4,hero,mesh/m007/l04_hero.bmp,640,640
mesh,7,,4,side,mesh/m007/l04_side.bmp,640,640
mesh,7,,4,top,mesh/m007/l04_top.bmp,640,640
mesh,7,,5,hero,mesh/m007/l05_hero.bmp,640,640
mesh,7,,5,side,mesh/m007/l05_side.bmp,640,640
mesh,7,,5,top,mesh/m007/l05_top.bmp,640,640
mesh,7,,6,hero,mesh/m007/l06_hero.bmp,640,640
mesh,7,,6,side,mesh/m007/l06_side.bmp,640,640
mesh,7,,6,top,mesh/m007/l06_top.bmp,640,640
submesh,7,0,0,hero,submesh/m007_s00/l00_hero.bmp,640,640
submesh,7,0,1,hero,submesh/m007_s00/l01_hero.bmp,640,640
submesh,7,0,2,hero,submesh/m007_s00/l02_hero.bmp,640,640
submesh,7,0,3,hero,submesh/m007_s00/l03_hero.bmp,640,640
submesh,7,0,4,hero,submesh/m007_s00/l04_hero.bmp,640,640
submesh,7,0,5,hero,submesh/m007_s00/l05_hero.bmp,640,640
submesh,7,0,6,hero,submesh/m007_s00/l06_hero.bmp,640,640
submesh,7,1,0,hero,submesh/m007_s01/l00_hero.bmp,640,640
submesh,7,1,1,hero,submesh/m007_s01/l01_hero.bmp,640,640
submesh,7,1,2,hero,submesh/m007_s01/l02_hero.bmp,640,640
submesh,7,1,3,hero,submesh/m007_s01/l03_hero.bmp,640,640
submesh,7,1,4,hero,submesh/m007_s01/l04_hero.bmp,640,640
submesh,7,1,5,hero,submesh/m007_s01/l05_hero.bmp,640,640
submesh,7,1,6,hero,submesh/m007_s01/l06_hero.bmp,640,640
submesh,7,2,0,hero,submesh/m007_s02/l00_hero.bmp,640,640
submesh,7,2,1,hero,submesh/m007_s02/l01_hero.bmp,640,640
submesh,7,2,2,hero,submesh/m007_s02/l02_hero.bmp,640,640
submesh,7,2,3,hero,submesh/m007_s02/l03_hero.bmp,640,640
submesh,7,2,4,hero,submesh/m007_s02/l04_hero.bmp,640,640
submesh,7,2,5,hero,submesh/m007_s02/l05_hero.bmp,640,640
submesh,7,2,6,hero,submesh/m007_s02/l06_hero.bmp,640,640
mesh,8,,0,hero,mesh/m008/l00_hero.bmp,640,640
mesh,8,,0,side,mesh/m008/l00_side.bmp,640,640
mesh,8,,0,top,mesh/m008/l00_top.bmp,640,640
mesh,8,,1,hero,mesh/m008/l01_hero.bmp,640,640
mesh,8,,1,side,mesh/m008/l01_side.bmp,640,640
mesh,8,,1,top,mesh/m008/l01_top.bmp,640,640
mesh,8,,2,hero,mesh/m008/l02_hero.bmp,640,640
mesh,8,,2,side,mesh/m008/l02_side.bmp,640,640
mesh,8,,2,top,mesh/m008/l02_top.bmp,640,640
mesh,8,,3,hero,mesh/m008/l03_hero.bmp,640,640
mesh,8,,3,side,mesh/m008/l03_side.bmp,640,640
mesh,8,,3,top,mesh/m008/l03_top.bmp,640,640
mesh,8,,4,hero,mesh/m008/l04_hero.bmp,640,640
mesh,8,,4,side,mesh/m008/l04_side.bmp,640,640
mesh,8,,4,top,mesh/m008/l04_top.bmp,640,640
mesh,8,,5,hero,mesh/m008/l05_hero.bmp,640,640
mesh,8,,5,side,mesh/m008/l05_side.bmp,640,640
mesh,8,,5,top,mesh/m008/l05_top.bmp,640,640
mesh,8,,6,hero,mesh/m008/l06_hero.bmp,640,640
mesh,8,,6,side,mesh/m008/l06_side.bmp,640,640
mesh,8,,6,top,mesh/m008/l06_top.bmp,640,640
submesh,8,0,0,hero,submesh/m008_s00/l00_hero.bmp,640,640
submesh,8,0,1,hero,submesh/m008_s00/l01_hero.bmp,640,640
submesh,8,0,2,hero,submesh/m008_s00/l02_hero.bmp,640,640
submesh,8,0,3,hero,submesh/m008_s00/l03_hero.bmp,640,640
submesh,8,0,4,hero,submesh/m008_s00/l04_hero.bmp,640,640
submesh,8,0,5,hero,submesh/m008_s00/l05_hero.bmp,640,640
submesh,8,0,6,hero,submesh/m008_s00/l06_hero.bmp,640,640
submesh,8,1,0,hero,submesh/m008_s01/l00_hero.bmp,640,640
submesh,8,1,1,hero,submesh/m008_s01/l01_hero.bmp,640,640
submesh,8,1,2,hero,submesh/m008_s01/l02_hero.bmp,640,640
submesh,8,1,3,hero,submesh/m008_s01/l03_hero.bmp,640,640
submesh,8,1,4,hero,submesh/m008_s01/l04_hero.bmp,640,640
submesh,8,1,5,hero,submesh/m008_s01/l05_hero.bmp,640,640
submesh,8,1,6,hero,submesh/m008_s01/l06_hero.bmp,640,640
submesh,8,2,0,hero,submesh/m008_s02/l00_hero.bmp,640,640
submesh,8,2,1,hero,submesh/m008_s02/l01_hero.bmp,640,640
submesh,8,2,2,hero,submesh/m008_s02/l02_hero.bmp,640,640
submesh,8,2,3,hero,submesh/m008_s02/l03_hero.bmp,640,640
submesh,8,2,4,hero,submesh/m008_s02/l04_hero.bmp,640,640
submesh,8,2,5,hero,submesh/m008_s02/l05_hero.bmp,640,640
submesh,8,2,6,hero,submesh/m008_s02/l06_hero.bmp,640,640
mesh,9,,0,hero,mesh/m009/l00_hero.bmp,640,640
mesh,9,,0,side,mesh/m009/l00_side.bmp,640,640
mesh,9,,0,top,mesh/m009/l00_top.bmp,640,640
mesh,9,,1,hero,mesh/m009/l01_hero.bmp,640,640
mesh,9,,1,side,mesh/m009/l01_side.bmp,640,640
mesh,9,,1,top,mesh/m009/l01_top.bmp,640,640
mesh,9,,2,hero,mesh/m009/l02_hero.bmp,640,640
mesh,9,,2,side,mesh/m009/l02_side.bmp,640,640
mesh,9,,2,top,mesh/m009/l02_top.bmp,640,640
mesh,9,,3,hero,mesh/m009/l03_hero.bmp,640,640
mesh,9,,3,side,mesh/m009/l03_side.bmp,640,640
mesh,9,,3,top,mesh/m009/l03_top.bmp,640,640
mesh,9,,4,hero,mesh/m009/l04_hero.bmp,640,640
mesh,9,,4,side,mesh/m009/l04_side.bmp,640,640
mesh,9,,4,top,mesh/m009/l04_top.bmp,640,640
mesh,9,,5,hero,mesh/m009/l05_hero.bmp,640,640
mesh,9,,5,side,mesh/m009/l05_side.bmp,640,640
mesh,9,,5,top,mesh/m009/l05_top.bmp,640,640
mesh,9,,6,hero,mesh/m009/l06_hero.bmp,640,640
mesh,9,,6,side,mesh/m009/l06_side.bmp,640,640
mesh,9,,6,top,mesh/m009/l06_top.bmp,640,640
submesh,9,0,0,hero,submesh/m009_s00/l00_hero.bmp,640,640
submesh,9,0,1,hero,submesh/m009_s00/l01_hero.bmp,640,640
submesh,9,0,2,hero,submesh/m009_s00/l02_hero.bmp,640,640
submesh,9,0,3,hero,submesh/m009_s00/l03_hero.bmp,640,640
submesh,9,0,4,hero,submesh/m009_s00/l04_hero.bmp,640,640
submesh,9,0,5,hero,submesh/m009_s00/l05_hero.bmp,640,640
submesh,9,0,6,hero,submesh/m009_s00/l06_hero.bmp,640,640
submesh,9,1,0,hero,submesh/m009_s01/l00_hero.bmp,640,640
submesh,9,1,1,hero,submesh/m009_s01/l01_hero.bmp,640,640
submesh,9,1,2,hero,submesh/m009_s01/l02_hero.bmp,640,640
submesh,9,1,3,hero,submesh/m009_s01/l03_hero.bmp,640,640
submesh,9,1,4,hero,submesh/m009_s01/l04_hero.bmp,640,640
submesh,9,1,5,hero,submesh/m009_s01/l05_hero.bmp,640,640
submesh,9,1,6,hero,submesh/m009_s01/l06_hero.bmp,640,640
submesh,9,2,0,hero,submesh/m009_s02/l00_hero.bmp,640,640
submesh,9,2,1,hero,submesh/m009_s02/l01_hero.bmp,640,640
submesh,9,2,2,hero,submesh/m009_s02/l02_hero.bmp,640,640
submesh,9,2,3,hero,submesh/m009_s02/l03_hero.bmp,640,640
submesh,9,2,4,hero,submesh/m009_s02/l04_hero.bmp,640,640
submesh,9,2,5,hero,submesh/m009_s02/l05_hero.bmp,640,640
submesh,9,2,6,hero,submesh/m009_s02/l06_hero.bmp,640,640
mesh,10,,0,hero,mesh/m010/l00_hero.bmp,640,640
mesh,10,,0,side,mesh/m010/l00_side.bmp,640,640
mesh,10,,0,top,mesh/m010/l00_top.bmp,640,640
mesh,10,,1,hero,mesh/m010/l01_hero.bmp,640,640
mesh,10,,1,side,mesh/m010/l01_side.bmp,640,640
mesh,10,,1,top,mesh/m010/l01_top.bmp,640,640
mesh,10,,2,hero,mesh/m010/l02_hero.bmp,640,640
mesh,10,,2,side,mesh/m010/l02_side.bmp,640,640
mesh,10,,2,top,mesh/m010/l02_top.bmp,640,640
mesh,10,,3,hero,mesh/m010/l03_hero.bmp,640,640
mesh,10,,3,side,mesh/m010/l03_side.bmp,640,640
mesh,10,,3,top,mesh/m010/l03_top.bmp,640,640
mesh,10,,4,hero,mesh/m010/l04_hero.bmp,640,640
mesh,10,,4,side,mesh/m010/l04_side.bmp,640,640
mesh,10,,4,top,mesh/m010/l04_top.bmp,640,640
mesh,10,,5,hero,mesh/m010/l05_hero.bmp,640,640
mesh,10,,5,side,mesh/m010/l05_side.bmp,640,640
mesh,10,,5,top,mesh/m010/l05_top.bmp,640,640
mesh,10,,6,hero,mesh/m010/l06_hero.bmp,640,640
mesh,10,,6,side,mesh/m010/l06_side.bmp,640,640
mesh,10,,6,top,mesh/m010/l06_top.bmp,640,640
submesh,10,0,0,hero,submesh/m010_s00/l00_hero.bmp,640,640
submesh,10,0,1,hero,submesh/m010_s00/l01_hero.bmp,640,640
submesh,10,0,2,hero,submesh/m010_s00/l02_hero.bmp,640,640
submesh,10,0,3,hero,submesh/m010_s00/l03_hero.bmp,640,640
submesh,10,0,4,hero,submesh/m010_s00/l04_hero.bmp,640,640
submesh,10,0,5,hero,submesh/m010_s00/l05_hero.bmp,640,640
submesh,10,0,6,hero,submesh/m010_s00/l06_hero.bmp,640,640
submesh,10,1,0,hero,submesh/m010_s01/l00_hero.bmp,640,640
submesh,10,1,1,hero,submesh/m010_s01/l01_hero.bmp,640,640
submesh,10,1,2,hero,submesh/m010_s01/l02_hero.bmp,640,640
submesh,10,1,3,hero,submesh/m010_s01/l03_hero.bmp,640,640
submesh,10,1,4,hero,submesh/m010_s01/l04_hero.bmp,640,640
submesh,10,1,5,hero,submesh/m010_s01/l05_hero.bmp,640,640
submesh,10,1,6,hero,submesh/m010_s01/l06_hero.bmp,640,640
submesh,10,2,0,hero,submesh/m010_s02/l00_hero.bmp,640,640
submesh,10,2,1,hero,submesh/m010_s02/l01_hero.bmp,640,640
submesh,10,2,2,hero,submesh/m010_s02/l02_hero.bmp,640,640
submesh,10,2,3,hero,submesh/m010_s02/l03_hero.bmp,640,640
submesh,10,2,4,hero,submesh/m010_s02/l04_hero.bmp,640,640
submesh,10,2,5,hero,submesh/m010_s02/l05_hero.bmp,640,640
submesh,10,2,6,hero,submesh/m010_s02/l06_hero.bmp,640,640
mesh,11,,0,hero,mesh/m011/l00_hero.bmp,640,640
mesh,11,,0,side,mesh/m011/l00_side.bmp,640,640
mesh,11,,0,top,mesh/m011/l00_top.bmp,640,640
mesh,11,,1,hero,mesh/m011/l01_hero.bmp,640,640
mesh,11,,1,side,mesh/m011/l01_side.bmp,640,640
mesh,11,,1,top,mesh/m011/l01_top.bmp,640,640
mesh,11,,2,hero,mesh/m011/l02_hero.bmp,640,640
mesh,11,,2,side,mesh/m011/l02_side.bmp,640,640
mesh,11,,2,top,mesh/m011/l02_top.bmp,640,640
mesh,11,,3,hero,mesh/m011/l03_hero.bmp,640,640
mesh,11,,3,side,mesh/m011/l03_side.bmp,640,640
mesh,11,,3,top,mesh/m011/l03_top.bmp,640,640
mesh,11,,4,hero,mesh/m011/l04_hero.bmp,640,640
mesh,11,,4,side,mesh/m011/l04_side.bmp,640,640
mesh,11,,4,top,mesh/m011/l04_top.bmp,640,640
mesh,11,,5,hero,mesh/m011/l05_hero.bmp,640,640
mesh,11,,5,side,mesh/m011/l05_side.bmp,640,640
mesh,11,,5,top,mesh/m011/l05_top.bmp,640,640
mesh,11,,6,hero,mesh/m011/l06_hero.bmp,640,640
mesh,11,,6,side,mesh/m011/l06_side.bmp,640,640
mesh,11,,6,top,mesh/m011/l06_top.bmp,640,640
submesh,11,0,0,hero,submesh/m011_s00/l00_hero.bmp,640,640
submesh,11,0,1,hero,submesh/m011_s00/l01_hero.bmp,640,640
submesh,11,0,2,hero,submesh/m011_s00/l02_hero.bmp,640,640
submesh,11,0,3,hero,submesh/m011_s00/l03_hero.bmp,640,640
submesh,11,0,4,hero,submesh/m011_s00/l04_hero.bmp,640,640
submesh,11,0,5,hero,submesh/m011_s00/l05_hero.bmp,640,640
submesh,11,0,6,hero,submesh/m011_s00/l06_hero.bmp,640,640
submesh,11,1,0,hero,submesh/m011_s01/l00_hero.bmp,640,640
submesh,11,1,1,hero,submesh/m011_s01/l01_hero.bmp,640,640
submesh,11,1,2,hero,submesh/m011_s01/l02_hero.bmp,640,640
submesh,11,1,3,hero,submesh/m011_s01/l03_hero.bmp,640,640
submesh,11,1,4,hero,submesh/m011_s01/l04_hero.bmp,640,640
submesh,11,1,5,hero,submesh/m011_s01/l05_hero.bmp,640,640
submesh,11,1,6,hero,submesh/m011_s01/l06_hero.bmp,640,640
submesh,11,2,0,hero,submesh/m011_s02/l00_hero.bmp,640,640
submesh,11,2,1,hero,submesh/m011_s02/l01_hero.bmp,640,640
submesh,11,2,2,hero,submesh/m011_s02/l02_hero.bmp,640,640
submesh,11,2,3,hero,submesh/m011_s02/l03_hero.bmp,640,640
submesh,11,2,4,hero,submesh/m011_s02/l04_hero.bmp,640,640
submesh,11,2,5,hero,submesh/m011_s02/l05_hero.bmp,640,640
submesh,11,2,6,hero,submesh/m011_s02/l06_hero.bmp,640,640
mesh,12,,0,hero,mesh/m012/l00_hero.bmp,640,640
mesh,12,,0,side,mesh/m012/l00_side.bmp,640,640
mesh,12,,0,top,mesh/m012/l00_top.bmp,640,640
mesh,12,,1,hero,mesh/m012/l01_hero.bmp,640,640
mesh,12,,1,side,mesh/m012/l01_side.bmp,640,640
mesh,12,,1,top,mesh/m012/l01_top.bmp,640,640
mesh,12,,2,hero,mesh/m012/l02_hero.bmp,640,640
mesh,12,,2,side,mesh/m012/l02_side.bmp,640,640
mesh,12,,2,top,mesh/m012/l02_top.bmp,640,640
mesh,12,,3,hero,mesh/m012/l03_hero.bmp,640,640
mesh,12,,3,side,mesh/m012/l03_side.bmp,640,640
mesh,12,,3,top,mesh/m012/l03_top.bmp,640,640
mesh,12,,4,hero,mesh/m012/l04_hero.bmp,640,640
mesh,12,,4,side,mesh/m012/l04_side.bmp,640,640
mesh,12,,4,top,mesh/m012/l04_top.bmp,640,640
mesh,12,,5,hero,mesh/m012/l05_hero.bmp,640,640
mesh,12,,5,side,mesh/m012/l05_side.bmp,640,640
mesh,12,,5,top,mesh/m012/l05_top.bmp,640,640
mesh,12,,6,hero,mesh/m012/l06_hero.bmp,640,640
mesh,12,,6,side,mesh/m012/l06_side.bmp,640,640
mesh,12,,6,top,mesh/m012/l06_top.bmp,640,640
submesh,12,0,0,hero,submesh/m012_s00/l00_hero.bmp,640,640
submesh,12,0,1,hero,submesh/m012_s00/l01_hero.bmp,640,640
submesh,12,0,2,hero,submesh/m012_s00/l02_hero.bmp,640,640
submesh,12,0,3,hero,submesh/m012_s00/l03_hero.bmp,640,640
submesh,12,0,4,hero,submesh/m012_s00/l04_hero.bmp,640,640
submesh,12,0,5,hero,submesh/m012_s00/l05_hero.bmp,640,640
submesh,12,0,6,hero,submesh/m012_s00/l06_hero.bmp,640,640
submesh,12,1,0,hero,submesh/m012_s01/l00_hero.bmp,640,640
submesh,12,1,1,hero,submesh/m012_s01/l01_hero.bmp,640,640
submesh,12,1,2,hero,submesh/m012_s01/l02_hero.bmp,640,640
submesh,12,1,3,hero,submesh/m012_s01/l03_hero.bmp,640,640
submesh,12,1,4,hero,submesh/m012_s01/l04_hero.bmp,640,640
submesh,12,1,5,hero,submesh/m012_s01/l05_hero.bmp,640,640
submesh,12,1,6,hero,submesh/m012_s01/l06_hero.bmp,640,640
submesh,12,2,0,hero,submesh/m012_s02/l00_hero.bmp,640,640
submesh,12,2,1,hero,submesh/m012_s02/l01_hero.bmp,640,640
submesh,12,2,2,hero,submesh/m012_s02/l02_hero.bmp,640,640
submesh,12,2,3,hero,submesh/m012_s02/l03_hero.bmp,640,640
submesh,12,2,4,hero,submesh/m012_s02/l04_hero.bmp,640,640
submesh,12,2,5,hero,submesh/m012_s02/l05_hero.bmp,640,640
submesh,12,2,6,hero,submesh/m012_s02/l06_hero.bmp,640,640
mesh,13,,0,hero,mesh/m013/l00_hero.bmp,640,640
mesh,13,,0,side,mesh/m013/l00_side.bmp,640,640
mesh,13,,0,top,mesh/m013/l00_top.bmp,640,640
mesh,13,,1,hero,mesh/m013/l01_hero.bmp,640,640
mesh,13,,1,side,mesh/m013/l01_side.bmp,640,640
mesh,13,,1,top,mesh/m013/l01_top.bmp,640,640
mesh,13,,2,hero,mesh/m013/l02_hero.bmp,640,640
mesh,13,,2,side,mesh/m013/l02_side.bmp,640,640
mesh,13,,2,top,mesh/m013/l02_top.bmp,640,640
mesh,13,,3,hero,mesh/m013/l03_hero.bmp,640,640
mesh,13,,3,side,mesh/m013/l03_side.bmp,640,640
mesh,13,,3,top,mesh/m013/l03_top.bmp,640,640
mesh,13,,4,hero,mesh/m013/l04_hero.bmp,640,640
mesh,13,,4,side,mesh/m013/l04_side.bmp,640,640
mesh,13,,4,top,mesh/m013/l04_top.bmp,640,640
mesh,13,,5,hero,mesh/m013/l05_hero.bmp,640,640
mesh,13,,5,side,mesh/m013/l05_side.bmp,640,640
mesh,13,,5,top,mesh/m013/l05_top.bmp,640,640
mesh,13,,6,hero,mesh/m013/l06_hero.bmp,640,640
mesh,13,,6,side,mesh/m013/l06_side.bmp,640,640
mesh,13,,6,top,mesh/m013/l06_top.bmp,640,640
submesh,13,0,0,hero,submesh/m013_s00/l00_hero.bmp,640,640
submesh,13,0,1,hero,submesh/m013_s00/l01_hero.bmp,640,640
submesh,13,0,2,hero,submesh/m013_s00/l02_hero.bmp,640,640
submesh,13,0,3,hero,submesh/m013_s00/l03_hero.bmp,640,640
submesh,13,0,4,hero,submesh/m013_s00/l04_hero.bmp,640,640
submesh,13,0,5,hero,submesh/m013_s00/l05_hero.bmp,640,640
submesh,13,0,6,hero,submesh/m013_s00/l06_hero.bmp,640,640
submesh,13,1,0,hero,submesh/m013_s01/l00_hero.bmp,640,640
submesh,13,1,1,hero,submesh/m013_s01/l01_hero.bmp,640,640
submesh,13,1,2,hero,submesh/m013_s01/l02_hero.bmp,640,640
submesh,13,1,3,hero,submesh/m013_s01/l03_hero.bmp,640,640
submesh,13,1,4,hero,submesh/m013_s01/l04_hero.bmp,640,640
submesh,13,1,5,hero,submesh/m013_s01/l05_hero.bmp,640,640
submesh,13,1,6,hero,submesh/m013_s01/l06_hero.bmp,640,640
submesh,13,2,0,hero,submesh/m013_s02/l00_hero.bmp,640,640
submesh,13,2,1,hero,submesh/m013_s02/l01_hero.bmp,640,640
submesh,13,2,2,hero,submesh/m013_s02/l02_hero.bmp,640,640
submesh,13,2,3,hero,submesh/m013_s02/l03_hero.bmp,640,640
submesh,13,2,4,hero,submesh/m013_s02/l04_hero.bmp,640,640
submesh,13,2,5,hero,submesh/m013_s02/l05_hero.bmp,640,640
submesh,13,2,6,hero,submesh/m013_s02/l06_hero.bmp,640,640
submesh,13,3,0,hero,submesh/m013_s03/l00_hero.bmp,640,640
submesh,13,3,1,hero,submesh/m013_s03/l01_hero.bmp,640,640
submesh,13,3,2,hero,submesh/m013_s03/l02_hero.bmp,640,640
submesh,13,3,3,hero,submesh/m013_s03/l03_hero.bmp,640,640
submesh,13,3,4,hero,submesh/m013_s03/l04_hero.bmp,640,640
submesh,13,3,5,hero,submesh/m013_s03/l05_hero.bmp,640,640
submesh,13,3,6,hero,submesh/m013_s03/l06_hero.bmp,640,640
submesh,13,4,0,hero,submesh/m013_s04/l00_hero.bmp,640,640
submesh,13,4,1,hero,submesh/m013_s04/l01_hero.bmp,640,640
submesh,13,4,2,hero,submesh/m013_s04/l02_hero.bmp,640,640
submesh,13,4,3,hero,submesh/m013_s04/l03_hero.bmp,640,640
submesh,13,4,4,hero,submesh/m013_s04/l04_hero.bmp,640,640
submesh,13,4,5,hero,submesh/m013_s04/l05_hero.bmp,640,640
submesh,13,4,6,hero,submesh/m013_s04/l06_hero.bmp,640,640
submesh,13,5,0,hero,submesh/m013_s05/l00_hero.bmp,640,640
submesh,13,5,1,hero,submesh/m013_s05/l01_hero.bmp,640,640
submesh,13,5,2,hero,submesh/m013_s05/l02_hero.bmp,640,640
submesh,13,5,3,hero,submesh/m013_s05/l03_hero.bmp,640,640
submesh,13,5,4,hero,submesh/m013_s05/l04_hero.bmp,640,640
submesh,13,5,5,hero,submesh/m013_s05/l05_hero.bmp,640,640
submesh,13,5,6,hero,submesh/m013_s05/l06_hero.bmp,640,640
submesh,13,6,0,hero,submesh/m013_s06/l00_hero.bmp,640,640
submesh,13,6,1,hero,submesh/m013_s06/l01_hero.bmp,640,640
submesh,13,6,2,hero,submesh/m013_s06/l02_hero.bmp,640,640
submesh,13,6,3,hero,submesh/m013_s06/l03_hero.bmp,640,640
submesh,13,6,4,hero,submesh/m013_s06/l04_hero.bmp,640,640
submesh,13,6,5,hero,submesh/m013_s06/l05_hero.bmp,640,640
submesh,13,6,6,hero,submesh/m013_s06/l06_hero.bmp,640,640
submesh,13,7,0,hero,submesh/m013_s07/l00_hero.bmp,640,640
submesh,13,7,1,hero,submesh/m013_s07/l01_hero.bmp,640,640
submesh,13,7,2,hero,submesh/m013_s07/l02_hero.bmp,640,640
submesh,13,7,3,hero,submesh/m013_s07/l03_hero.bmp,640,640
submesh,13,7,4,hero,submesh/m013_s07/l04_hero.bmp,640,640
submesh,13,7,5,hero,submesh/m013_s07/l05_hero.bmp,640,640
submesh,13,7,6,hero,submesh/m013_s07/l06_hero.bmp,640,640
mesh,14,,0,hero,mesh/m014/l00_hero.bmp,640,640
mesh,14,,0,side,mesh/m014/l00_side.bmp,640,640
mesh,14,,0,top,mesh/m014/l00_top.bmp,640,640
mesh,14,,1,hero,mesh/m014/l01_hero.bmp,640,640
mesh,14,,1,side,mesh/m014/l01_side.bmp,640,640
mesh,14,,1,top,mesh/m014/l01_top.bmp,640,640
mesh,14,,2,hero,mesh/m014/l02_hero.bmp,640,640
mesh,14,,2,side,mesh/m014/l02_side.bmp,640,640
mesh,14,,2,top,mesh/m014/l02_top.bmp,640,640
mesh,14,,3,hero,mesh/m014/l03_hero.bmp,640,640
mesh,14,,3,side,mesh/m014/l03_side.bmp,640,640
mesh,14,,3,top,mesh/m014/l03_top.bmp,640,640
mesh,14,,4,hero,mesh/m014/l04_hero.bmp,640,640
mesh,14,,4,side,mesh/m014/l04_side.bmp,640,640
mesh,14,,4,top,mesh/m014/l04_top.bmp,640,640
mesh,14,,5,hero,mesh/m014/l05_hero.bmp,640,640
mesh,14,,5,side,mesh/m014/l05_side.bmp,640,640
mesh,14,,5,top,mesh/m014/l05_top.bmp,640,640
mesh,14,,6,hero,mesh/m014/l06_hero.bmp,640,640
mesh,14,,6,side,mesh/m014/l06_side.bmp,640,640
mesh,14,,6,top,mesh/m014/l06_top.bmp,640,640
submesh,14,0,0,hero,submesh/m014_s00/l00_hero.bmp,640,640
submesh,14,0,1,hero,submesh/m014_s00/l01_hero.bmp,640,640
submesh,14,0,2,hero,submesh/m014_s00/l02_hero.bmp,640,640
submesh,14,0,3,hero,submesh/m014_s00/l03_hero.bmp,640,640
submesh,14,0,4,hero,submesh/m014_s00/l04_hero.bmp,640,640
submesh,14,0,5,hero,submesh/m014_s00/l05_hero.bmp,640,640
submesh,14,0,6,hero,submesh/m014_s00/l06_hero.bmp,640,640
submesh,14,1,0,hero,submesh/m014_s01/l00_hero.bmp,640,640
submesh,14,1,1,hero,submesh/m014_s01/l01_hero.bmp,640,640
submesh,14,1,2,hero,submesh/m014_s01/l02_hero.bmp,640,640
submesh,14,1,3,hero,submesh/m014_s01/l03_hero.bmp,640,640
submesh,14,1,4,hero,submesh/m014_s01/l04_hero.bmp,640,640
submesh,14,1,5,hero,submesh/m014_s01/l05_hero.bmp,640,640
submesh,14,1,6,hero,submesh/m014_s01/l06_hero.bmp,640,640
submesh,14,2,0,hero,submesh/m014_s02/l00_hero.bmp,640,640
submesh,14,2,1,hero,submesh/m014_s02/l01_hero.bmp,640,640
submesh,14,2,2,hero,submesh/m014_s02/l02_hero.bmp,640,640
submesh,14,2,3,hero,submesh/m014_s02/l03_hero.bmp,640,640
submesh,14,2,4,hero,submesh/m014_s02/l04_hero.bmp,640,640
submesh,14,2,5,hero,submesh/m014_s02/l05_hero.bmp,640,640
submesh,14,2,6,hero,submesh/m014_s02/l06_hero.bmp,640,640
submesh,14,3,0,hero,submesh/m014_s03/l00_hero.bmp,640,640
submesh,14,3,1,hero,submesh/m014_s03/l01_hero.bmp,640,640
submesh,14,3,2,hero,submesh/m014_s03/l02_hero.bmp,640,640
submesh,14,3,3,hero,submesh/m014_s03/l03_hero.bmp,640,640
submesh,14,3,4,hero,submesh/m014_s03/l04_hero.bmp,640,640
submesh,14,3,5,hero,submesh/m014_s03/l05_hero.bmp,640,640
submesh,14,3,6,hero,submesh/m014_s03/l06_hero.bmp,640,640
submesh,14,4,0,hero,submesh/m014_s04/l00_hero.bmp,640,640
submesh,14,4,1,hero,submesh/m014_s04/l01_hero.bmp,640,640
submesh,14,4,2,hero,submesh/m014_s04/l02_hero.bmp,640,640
submesh,14,4,3,hero,submesh/m014_s04/l03_hero.bmp,640,640
submesh,14,4,4,hero,submesh/m014_s04/l04_hero.bmp,640,640
submesh,14,4,5,hero,submesh/m014_s04/l05_hero.bmp,640,640
submesh,14,4,6,hero,submesh/m014_s04/l06_hero.bmp,640,640
submesh,14,5,0,hero,submesh/m014_s05/l00_hero.bmp,640,640
submesh,14,5,1,hero,submesh/m014_s05/l01_hero.bmp,640,640
submesh,14,5,2,hero,submesh/m014_s05/l02_hero.bmp,640,640
submesh,14,5,3,hero,submesh/m014_s05/l03_hero.bmp,640,640
submesh,14,5,4,hero,submesh/m014_s05/l04_hero.bmp,640,640
submesh,14,5,5,hero,submesh/m014_s05/l05_hero.bmp,640,640
submesh,14,5,6,hero,submesh/m014_s05/l06_hero.bmp,640,640
submesh,14,6,0,hero,submesh/m014_s06/l00_hero.bmp,640,640
submesh,14,6,1,hero,submesh/m014_s06/l01_hero.bmp,640,640
submesh,14,6,2,hero,submesh/m014_s06/l02_hero.bmp,640,640
submesh,14,6,3,hero,submesh/m014_s06/l03_hero.bmp,640,640
submesh,14,6,4,hero,submesh/m014_s06/l04_hero.bmp,640,640
submesh,14,6,5,hero,submesh/m014_s06/l05_hero.bmp,640,640
submesh,14,6,6,hero,submesh/m014_s06/l06_hero.bmp,640,640
submesh,14,7,0,hero,submesh/m014_s07/l00_hero.bmp,640,640
submesh,14,7,1,hero,submesh/m014_s07/l01_hero.bmp,640,640
submesh,14,7,2,hero,submesh/m014_s07/l02_hero.bmp,640,640
submesh,14,7,3,hero,submesh/m014_s07/l03_hero.bmp,640,640
submesh,14,7,4,hero,submesh/m014_s07/l04_hero.bmp,640,640
submesh,14,7,5,hero,submesh/m014_s07/l05_hero.bmp,640,640
submesh,14,7,6,hero,submesh/m014_s07/l06_hero.bmp,640,640
mesh,15,,0,hero,mesh/m015/l00_hero.bmp,640,640
mesh,15,,0,side,mesh/m015/l00_side.bmp,640,640
mesh,15,,0,top,mesh/m015/l00_top.bmp,640,640
mesh,15,,1,hero,mesh/m015/l01_hero.bmp,640,640
mesh,15,,1,side,mesh/m015/l01_side.bmp,640,640
mesh,15,,1,top,mesh/m015/l01_top.bmp,640,640
mesh,15,,2,hero,mesh/m015/l02_hero.bmp,640,640
mesh,15,,2,side,mesh/m015/l02_side.bmp,640,640
mesh,15,,2,top,mesh/m015/l02_top.bmp,640,640
mesh,15,,3,hero,mesh/m015/l03_hero.bmp,640,640
mesh,15,,3,side,mesh/m015/l03_side.bmp,640,640
mesh,15,,3,top,mesh/m015/l03_top.bmp,640,640
mesh,15,,4,hero,mesh/m015/l04_hero.bmp,640,640
mesh,15,,4,side,mesh/m015/l04_side.bmp,640,640
mesh,15,,4,top,mesh/m015/l04_top.bmp,640,640
mesh,15,,5,hero,mesh/m015/l05_hero.bmp,640,640
mesh,15,,5,side,mesh/m015/l05_side.bmp,640,640
mesh,15,,5,top,mesh/m015/l05_top.bmp,640,640
mesh,15,,6,hero,mesh/m015/l06_hero.bmp,640,640
mesh,15,,6,side,mesh/m015/l06_side.bmp,640,640
mesh,15,,6,top,mesh/m015/l06_top.bmp,640,640
submesh,15,0,0,hero,submesh/m015_s00/l00_hero.bmp,640,640
submesh,15,0,1,hero,submesh/m015_s00/l01_hero.bmp,640,640
submesh,15,0,2,hero,submesh/m015_s00/l02_hero.bmp,640,640
submesh,15,0,3,hero,submesh/m015_s00/l03_hero.bmp,640,640
submesh,15,0,4,hero,submesh/m015_s00/l04_hero.bmp,640,640
submesh,15,0,5,hero,submesh/m015_s00/l05_hero.bmp,640,640
submesh,15,0,6,hero,submesh/m015_s00/l06_hero.bmp,640,640
submesh,15,1,0,hero,submesh/m015_s01/l00_hero.bmp,640,640
submesh,15,1,1,hero,submesh/m015_s01/l01_hero.bmp,640,640
submesh,15,1,2,hero,submesh/m015_s01/l02_hero.bmp,640,640
submesh,15,1,3,hero,submesh/m015_s01/l03_hero.bmp,640,640
submesh,15,1,4,hero,submesh/m015_s01/l04_hero.bmp,640,640
submesh,15,1,5,hero,submesh/m015_s01/l05_hero.bmp,640,640
submesh,15,1,6,hero,submesh/m015_s01/l06_hero.bmp,640,640
submesh,15,2,0,hero,submesh/m015_s02/l00_hero.bmp,640,640
submesh,15,2,1,hero,submesh/m015_s02/l01_hero.bmp,640,640
submesh,15,2,2,hero,submesh/m015_s02/l02_hero.bmp,640,640
submesh,15,2,3,hero,submesh/m015_s02/l03_hero.bmp,640,640
submesh,15,2,4,hero,submesh/m015_s02/l04_hero.bmp,640,640
submesh,15,2,5,hero,submesh/m015_s02/l05_hero.bmp,640,640
submesh,15,2,6,hero,submesh/m015_s02/l06_hero.bmp,640,640
submesh,15,3,0,hero,submesh/m015_s03/l00_hero.bmp,640,640
submesh,15,3,1,hero,submesh/m015_s03/l01_hero.bmp,640,640
submesh,15,3,2,hero,submesh/m015_s03/l02_hero.bmp,640,640
submesh,15,3,3,hero,submesh/m015_s03/l03_hero.bmp,640,640
submesh,15,3,4,hero,submesh/m015_s03/l04_hero.bmp,640,640
submesh,15,3,5,hero,submesh/m015_s03/l05_hero.bmp,640,640
submesh,15,3,6,hero,submesh/m015_s03/l06_hero.bmp,640,640
submesh,15,4,0,hero,submesh/m015_s04/l00_hero.bmp,640,640
submesh,15,4,1,hero,submesh/m015_s04/l01_hero.bmp,640,640
submesh,15,4,2,hero,submesh/m015_s04/l02_hero.bmp,640,640
submesh,15,4,3,hero,submesh/m015_s04/l03_hero.bmp,640,640
submesh,15,4,4,hero,submesh/m015_s04/l04_hero.bmp,640,640
submesh,15,4,5,hero,submesh/m015_s04/l05_hero.bmp,640,640
submesh,15,4,6,hero,submesh/m015_s04/l06_hero.bmp,640,640
submesh,15,5,0,hero,submesh/m015_s05/l00_hero.bmp,640,640
submesh,15,5,1,hero,submesh/m015_s05/l01_hero.bmp,640,640
submesh,15,5,2,hero,submesh/m015_s05/l02_hero.bmp,640,640
submesh,15,5,3,hero,submesh/m015_s05/l03_hero.bmp,640,640
submesh,15,5,4,hero,submesh/m015_s05/l04_hero.bmp,640,640
submesh,15,5,5,hero,submesh/m015_s05/l05_hero.bmp,640,640
submesh,15,5,6,hero,submesh/m015_s05/l06_hero.bmp,640,640
submesh,15,6,0,hero,submesh/m015_s06/l00_hero.bmp,640,640
submesh,15,6,1,hero,submesh/m015_s06/l01_hero.bmp,640,640
submesh,15,6,2,hero,submesh/m015_s06/l02_hero.bmp,640,640
submesh,15,6,3,hero,submesh/m015_s06/l03_hero.bmp,640,640
submesh,15,6,4,hero,submesh/m015_s06/l04_hero.bmp,640,640
submesh,15,6,5,hero,submesh/m015_s06/l05_hero.bmp,640,640
submesh,15,6,6,hero,submesh/m015_s06/l06_hero.bmp,640,640
submesh,15,7,0,hero,submesh/m015_s07/l00_hero.bmp,640,640
submesh,15,7,1,hero,submesh/m015_s07/l01_hero.bmp,640,640
submesh,15,7,2,hero,submesh/m015_s07/l02_hero.bmp,640,640
submesh,15,7,3,hero,submesh/m015_s07/l03_hero.bmp,640,640
submesh,15,7,4,hero,submesh/m015_s07/l04_hero.bmp,640,640
submesh,15,7,5,hero,submesh/m015_s07/l05_hero.bmp,640,640
submesh,15,7,6,hero,submesh/m015_s07/l06_hero.bmp,640,640
mesh,16,,0,hero,mesh/m016/l00_hero.bmp,640,640
mesh,16,,0,side,mesh/m016/l00_side.bmp,640,640
mesh,16,,0,top,mesh/m016/l00_top.bmp,640,640
mesh,16,,1,hero,mesh/m016/l01_hero.bmp,640,640
mesh,16,,1,side,mesh/m016/l01_side.bmp,640,640
mesh,16,,1,top,mesh/m016/l01_top.bmp,640,640
mesh,16,,2,hero,mesh/m016/l02_hero.bmp,640,640
mesh,16,,2,side,mesh/m016/l02_side.bmp,640,640
mesh,16,,2,top,mesh/m016/l02_top.bmp,640,640
mesh,16,,3,hero,mesh/m016/l03_hero.bmp,640,640
mesh,16,,3,side,mesh/m016/l03_side.bmp,640,640
mesh,16,,3,top,mesh/m016/l03_top.bmp,640,640
mesh,16,,4,hero,mesh/m016/l04_hero.bmp,640,640
mesh,16,,4,side,mesh/m016/l04_side.bmp,640,640
mesh,16,,4,top,mesh/m016/l04_top.bmp,640,640
mesh,16,,5,hero,mesh/m016/l05_hero.bmp,640,640
mesh,16,,5,side,mesh/m016/l05_side.bmp,640,640
mesh,16,,5,top,mesh/m016/l05_top.bmp,640,640
mesh,16,,6,hero,mesh/m016/l06_hero.bmp,640,640
mesh,16,,6,side,mesh/m016/l06_side.bmp,640,640
mesh,16,,6,top,mesh/m016/l06_top.bmp,640,640
submesh,16,0,0,hero,submesh/m016_s00/l00_hero.bmp,640,640
submesh,16,0,1,hero,submesh/m016_s00/l01_hero.bmp,640,640
submesh,16,0,2,hero,submesh/m016_s00/l02_hero.bmp,640,640
submesh,16,0,3,hero,submesh/m016_s00/l03_hero.bmp,640,640
submesh,16,0,4,hero,submesh/m016_s00/l04_hero.bmp,640,640
submesh,16,0,5,hero,submesh/m016_s00/l05_hero.bmp,640,640
submesh,16,0,6,hero,submesh/m016_s00/l06_hero.bmp,640,640
mesh,17,,0,hero,mesh/m017/l00_hero.bmp,640,640
mesh,17,,0,side,mesh/m017/l00_side.bmp,640,640
mesh,17,,0,top,mesh/m017/l00_top.bmp,640,640
mesh,17,,1,hero,mesh/m017/l01_hero.bmp,640,640
mesh,17,,1,side,mesh/m017/l01_side.bmp,640,640
mesh,17,,1,top,mesh/m017/l01_top.bmp,640,640
mesh,17,,2,hero,mesh/m017/l02_hero.bmp,640,640
mesh,17,,2,side,mesh/m017/l02_side.bmp,640,640
mesh,17,,2,top,mesh/m017/l02_top.bmp,640,640
mesh,17,,3,hero,mesh/m017/l03_hero.bmp,640,640
mesh,17,,3,side,mesh/m017/l03_side.bmp,640,640
mesh,17,,3,top,mesh/m017/l03_top.bmp,640,640
mesh,17,,4,hero,mesh/m017/l04_hero.bmp,640,640
mesh,17,,4,side,mesh/m017/l04_side.bmp,640,640
mesh,17,,4,top,mesh/m017/l04_top.bmp,640,640
mesh,17,,5,hero,mesh/m017/l05_hero.bmp,640,640
mesh,17,,5,side,mesh/m017/l05_side.bmp,640,640
mesh,17,,5,top,mesh/m017/l05_top.bmp,640,640
mesh,17,,6,hero,mesh/m017/l06_hero.bmp,640,640
mesh,17,,6,side,mesh/m017/l06_side.bmp,640,640
mesh,17,,6,top,mesh/m017/l06_top.bmp,640,640
submesh,17,0,0,hero,submesh/m017_s00/l00_hero.bmp,640,640
submesh,17,0,1,hero,submesh/m017_s00/l01_hero.bmp,640,640
submesh,17,0,2,hero,submesh/m017_s00/l02_hero.bmp,640,640
submesh,17,0,3,hero,submesh/m017_s00/l03_hero.bmp,640,640
submesh,17,0,4,hero,submesh/m017_s00/l04_hero.bmp,640,640
submesh,17,0,5,hero,submesh/m017_s00/l05_hero.bmp,640,640
submesh,17,0,6,hero,submesh/m017_s00/l06_hero.bmp,640,640
mesh,18,,0,hero,mesh/m018/l00_hero.bmp,640,640
mesh,18,,0,side,mesh/m018/l00_side.bmp,640,640
mesh,18,,0,top,mesh/m018/l00_top.bmp,640,640
mesh,18,,1,hero,mesh/m018/l01_hero.bmp,640,640
mesh,18,,1,side,mesh/m018/l01_side.bmp,640,640
mesh,18,,1,top,mesh/m018/l01_top.bmp,640,640
mesh,18,,2,hero,mesh/m018/l02_hero.bmp,640,640
mesh,18,,2,side,mesh/m018/l02_side.bmp,640,640
mesh,18,,2,top,mesh/m018/l02_top.bmp,640,640
mesh,18,,3,hero,mesh/m018/l03_hero.bmp,640,640
mesh,18,,3,side,mesh/m018/l03_side.bmp,640,640
mesh,18,,3,top,mesh/m018/l03_top.bmp,640,640
mesh,18,,4,hero,mesh/m018/l04_hero.bmp,640,640
mesh,18,,4,side,mesh/m018/l04_side.bmp,640,640
mesh,18,,4,top,mesh/m018/l04_top.bmp,640,640
mesh,18,,5,hero,mesh/m018/l05_hero.bmp,640,640
mesh,18,,5,side,mesh/m018/l05_side.bmp,640,640
mesh,18,,5,top,mesh/m018/l05_top.bmp,640,640
mesh,18,,6,hero,mesh/m018/l06_hero.bmp,640,640
mesh,18,,6,side,mesh/m018/l06_side.bmp,640,640
mesh,18,,6,top,mesh/m018/l06_top.bmp,640,640
submesh,18,0,0,hero,submesh/m018_s00/l00_hero.bmp,640,640
submesh,18,0,1,hero,submesh/m018_s00/l01_hero.bmp,640,640
submesh,18,0,2,hero,submesh/m018_s00/l02_hero.bmp,640,640
submesh,18,0,3,hero,submesh/m018_s00/l03_hero.bmp,640,640
submesh,18,0,4,hero,submesh/m018_s00/l04_hero.bmp,640,640
submesh,18,0,5,hero,submesh/m018_s00/l05_hero.bmp,640,640
submesh,18,0,6,hero,submesh/m018_s00/l06_hero.bmp,640,640
mesh,19,,0,hero,mesh/m019/l00_hero.bmp,640,640
mesh,19,,0,side,mesh/m019/l00_side.bmp,640,640
mesh,19,,0,top,mesh/m019/l00_top.bmp,640,640
mesh,19,,1,hero,mesh/m019/l01_hero.bmp,640,640
mesh,19,,1,side,mesh/m019/l01_side.bmp,640,640
mesh,19,,1,top,mesh/m019/l01_top.bmp,640,640
mesh,19,,2,hero,mesh/m019/l02_hero.bmp,640,640
mesh,19,,2,side,mesh/m019/l02_side.bmp,640,640
mesh,19,,2,top,mesh/m019/l02_top.bmp,640,640
mesh,19,,3,hero,mesh/m019/l03_hero.bmp,640,640
mesh,19,,3,side,mesh/m019/l03_side.bmp,640,640
mesh,19,,3,top,mesh/m019/l03_top.bmp,640,640
mesh,19,,4,hero,mesh/m019/l04_hero.bmp,640,640
mesh,19,,4,side,mesh/m019/l04_side.bmp,640,640
mesh,19,,4,top,mesh/m019/l04_top.bmp,640,640
mesh,19,,5,hero,mesh/m019/l05_hero.bmp,640,640
mesh,19,,5,side,mesh/m019/l05_side.bmp,640,640
mesh,19,,5,top,mesh/m019/l05_top.bmp,640,640
mesh,19,,6,hero,mesh/m019/l06_hero.bmp,640,640
mesh,19,,6,side,mesh/m019/l06_side.bmp,640,640
mesh,19,,6,top,mesh/m019/l06_top.bmp,640,640
submesh,19,0,0,hero,submesh/m019_s00/l00_hero.bmp,640,640
submesh,19,0,1,hero,submesh/m019_s00/l01_hero.bmp,640,640
submesh,19,0,2,hero,submesh/m019_s00/l02_hero.bmp,640,640
submesh,19,0,3,hero,submesh/m019_s00/l03_hero.bmp,640,640
submesh,19,0,4,hero,submesh/m019_s00/l04_hero.bmp,640,640
submesh,19,0,5,hero,submesh/m019_s00/l05_hero.bmp,640,640
submesh,19,0,6,hero,submesh/m019_s00/l06_hero.bmp,640,640
mesh,20,,0,hero,mesh/m020/l00_hero.bmp,640,640
mesh,20,,0,side,mesh/m020/l00_side.bmp,640,640
mesh,20,,0,top,mesh/m020/l00_top.bmp,640,640
mesh,20,,1,hero,mesh/m020/l01_hero.bmp,640,640
mesh,20,,1,side,mesh/m020/l01_side.bmp,640,640
mesh,20,,1,top,mesh/m020/l01_top.bmp,640,640
mesh,20,,2,hero,mesh/m020/l02_hero.bmp,640,640
mesh,20,,2,side,mesh/m020/l02_side.bmp,640,640
mesh,20,,2,top,mesh/m020/l02_top.bmp,640,640
mesh,20,,3,hero,mesh/m020/l03_hero.bmp,640,640
mesh,20,,3,side,mesh/m020/l03_side.bmp,640,640
mesh,20,,3,top,mesh/m020/l03_top.bmp,640,640
mesh,20,,4,hero,mesh/m020/l04_hero.bmp,640,640
mesh,20,,4,side,mesh/m020/l04_side.bmp,640,640
mesh,20,,4,top,mesh/m020/l04_top.bmp,640,640
mesh,20,,5,hero,mesh/m020/l05_hero.bmp,640,640
mesh,20,,5,side,mesh/m020/l05_side.bmp,640,640
mesh,20,,5,top,mesh/m020/l05_top.bmp,640,640
mesh,20,,6,hero,mesh/m020/l06_hero.bmp,640,640
mesh,20,,6,side,mesh/m020/l06_side.bmp,640,640
mesh,20,,6,top,mesh/m020/l06_top.bmp,640,640
submesh,20,0,0,hero,submesh/m020_s00/l00_hero.bmp,640,640
submesh,20,0,1,hero,submesh/m020_s00/l01_hero.bmp,640,640
submesh,20,0,2,hero,submesh/m020_s00/l02_hero.bmp,640,640
submesh,20,0,3,hero,submesh/m020_s00/l03_hero.bmp,640,640
submesh,20,0,4,hero,submesh/m020_s00/l04_hero.bmp,640,640
submesh,20,0,5,hero,submesh/m020_s00/l05_hero.bmp,640,640
submesh,20,0,6,hero,submesh/m020_s00/l06_hero.bmp,640,640
mesh,21,,0,hero,mesh/m021/l00_hero.bmp,640,640
mesh,21,,0,side,mesh/m021/l00_side.bmp,640,640
mesh,21,,0,top,mesh/m021/l00_top.bmp,640,640
mesh,21,,1,hero,mesh/m021/l01_hero.bmp,640,640
mesh,21,,1,side,mesh/m021/l01_side.bmp,640,640
mesh,21,,1,top,mesh/m021/l01_top.bmp,640,640
mesh,21,,2,hero,mesh/m021/l02_hero.bmp,640,640
mesh,21,,2,side,mesh/m021/l02_side.bmp,640,640
mesh,21,,2,top,mesh/m021/l02_top.bmp,640,640
mesh,21,,3,hero,mesh/m021/l03_hero.bmp,640,640
mesh,21,,3,side,mesh/m021/l03_side.bmp,640,640
mesh,21,,3,top,mesh/m021/l03_top.bmp,640,640
mesh,21,,4,hero,mesh/m021/l04_hero.bmp,640,640
mesh,21,,4,side,mesh/m021/l04_side.bmp,640,640
mesh,21,,4,top,mesh/m021/l04_top.bmp,640,640
mesh,21,,5,hero,mesh/m021/l05_hero.bmp,640,640
mesh,21,,5,side,mesh/m021/l05_side.bmp,640,640
mesh,21,,5,top,mesh/m021/l05_top.bmp,640,640
mesh,21,,6,hero,mesh/m021/l06_hero.bmp,640,640
mesh,21,,6,side,mesh/m021/l06_side.bmp,640,640
mesh,21,,6,top,mesh/m021/l06_top.bmp,640,640
submesh,21,0,0,hero,submesh/m021_s00/l00_hero.bmp,640,640
submesh,21,0,1,hero,submesh/m021_s00/l01_hero.bmp,640,640
submesh,21,0,2,hero,submesh/m021_s00/l02_hero.bmp,640,640
submesh,21,0,3,hero,submesh/m021_s00/l03_hero.bmp,640,640
submesh,21,0,4,hero,submesh/m021_s00/l04_hero.bmp,640,640
submesh,21,0,5,hero,submesh/m021_s00/l05_hero.bmp,640,640
submesh,21,0,6,hero,submesh/m021_s00/l06_hero.bmp,640,640
mesh,22,,0,hero,mesh/m022/l00_hero.bmp,640,640
mesh,22,,0,side,mesh/m022/l00_side.bmp,640,640
mesh,22,,0,top,mesh/m022/l00_top.bmp,640,640
mesh,22,,1,hero,mesh/m022/l01_hero.bmp,640,640
mesh,22,,1,side,mesh/m022/l01_side.bmp,640,640
mesh,22,,1,top,mesh/m022/l01_top.bmp,640,640
mesh,22,,2,hero,mesh/m022/l02_hero.bmp,640,640
mesh,22,,2,side,mesh/m022/l02_side.bmp,640,640
mesh,22,,2,top,mesh/m022/l02_top.bmp,640,640
mesh,22,,3,hero,mesh/m022/l03_hero.bmp,640,640
mesh,22,,3,side,mesh/m022/l03_side.bmp,640,640
mesh,22,,3,top,mesh/m022/l03_top.bmp,640,640
mesh,22,,4,hero,mesh/m022/l04_hero.bmp,640,640
mesh,22,,4,side,mesh/m022/l04_side.bmp,640,640
mesh,22,,4,top,mesh/m022/l04_top.bmp,640,640
mesh,22,,5,hero,mesh/m022/l05_hero.bmp,640,640
mesh,22,,5,side,mesh/m022/l05_side.bmp,640,640
mesh,22,,5,top,mesh/m022/l05_top.bmp,640,640
mesh,22,,6,hero,mesh/m022/l06_hero.bmp,640,640
mesh,22,,6,side,mesh/m022/l06_side.bmp,640,640
mesh,22,,6,top,mesh/m022/l06_top.bmp,640,640
submesh,22,0,0,hero,submesh/m022_s00/l00_hero.bmp,640,640
submesh,22,0,1,hero,submesh/m022_s00/l01_hero.bmp,640,640
submesh,22,0,2,hero,submesh/m022_s00/l02_hero.bmp,640,640
submesh,22,0,3,hero,submesh/m022_s00/l03_hero.bmp,640,640
submesh,22,0,4,hero,submesh/m022_s00/l04_hero.bmp,640,640
submesh,22,0,5,hero,submesh/m022_s00/l05_hero.bmp,640,640
submesh,22,0,6,hero,submesh/m022_s00/l06_hero.bmp,640,640
mesh,23,,0,hero,mesh/m023/l00_hero.bmp,640,640
mesh,23,,0,side,mesh/m023/l00_side.bmp,640,640
mesh,23,,0,top,mesh/m023/l00_top.bmp,640,640
mesh,23,,1,hero,mesh/m023/l01_hero.bmp,640,640
mesh,23,,1,side,mesh/m023/l01_side.bmp,640,640
mesh,23,,1,top,mesh/m023/l01_top.bmp,640,640
mesh,23,,2,hero,mesh/m023/l02_hero.bmp,640,640
mesh,23,,2,side,mesh/m023/l02_side.bmp,640,640
mesh,23,,2,top,mesh/m023/l02_top.bmp,640,640
mesh,23,,3,hero,mesh/m023/l03_hero.bmp,640,640
mesh,23,,3,side,mesh/m023/l03_side.bmp,640,640
mesh,23,,3,top,mesh/m023/l03_top.bmp,640,640
mesh,23,,4,hero,mesh/m023/l04_hero.bmp,640,640
mesh,23,,4,side,mesh/m023/l04_side.bmp,640,640
mesh,23,,4,top,mesh/m023/l04_top.bmp,640,640
mesh,23,,5,hero,mesh/m023/l05_hero.bmp,640,640
mesh,23,,5,side,mesh/m023/l05_side.bmp,640,640
mesh,23,,5,top,mesh/m023/l05_top.bmp,640,640
mesh,23,,6,hero,mesh/m023/l06_hero.bmp,640,640
mesh,23,,6,side,mesh/m023/l06_side.bmp,640,640
mesh,23,,6,top,mesh/m023/l06_top.bmp,640,640
submesh,23,0,0,hero,submesh/m023_s00/l00_hero.bmp,640,640
submesh,23,0,1,hero,submesh/m023_s00/l01_hero.bmp,640,640
submesh,23,0,2,hero,submesh/m023_s00/l02_hero.bmp,640,640
submesh,23,0,3,hero,submesh/m023_s00/l03_hero.bmp,640,640
submesh,23,0,4,hero,submesh/m023_s00/l04_hero.bmp,640,640
submesh,23,0,5,hero,submesh/m023_s00/l05_hero.bmp,640,640
submesh,23,0,6,hero,submesh/m023_s00/l06_hero.bmp,640,640
mesh,24,,0,hero,mesh/m024/l00_hero.bmp,640,640
mesh,24,,0,side,mesh/m024/l00_side.bmp,640,640
mesh,24,,0,top,mesh/m024/l00_top.bmp,640,640
mesh,24,,1,hero,mesh/m024/l01_hero.bmp,640,640
mesh,24,,1,side,mesh/m024/l01_side.bmp,640,640
mesh,24,,1,top,mesh/m024/l01_top.bmp,640,640
mesh,24,,2,hero,mesh/m024/l02_hero.bmp,640,640
mesh,24,,2,side,mesh/m024/l02_side.bmp,640,640
mesh,24,,2,top,mesh/m024/l02_top.bmp,640,640
mesh,24,,3,hero,mesh/m024/l03_hero.bmp,640,640
mesh,24,,3,side,mesh/m024/l03_side.bmp,640,640
mesh,24,,3,top,mesh/m024/l03_top.bmp,640,640
mesh,24,,4,hero,mesh/m024/l04_hero.bmp,640,640
mesh,24,,4,side,mesh/m024/l04_side.bmp,640,640
mesh,24,,4,top,mesh/m024/l04_top.bmp,640,640
mesh,24,,5,hero,mesh/m024/l05_hero.bmp,640,640
mesh,24,,5,side,mesh/m024/l05_side.bmp,640,640
mesh,24,,5,top,mesh/m024/l05_top.bmp,640,640
mesh,24,,6,hero,mesh/m024/l06_hero.bmp,640,640
mesh,24,,6,side,mesh/m024/l06_side.bmp,640,640
mesh,24,,6,top,mesh/m024/l06_top.bmp,640,640
submesh,24,0,0,hero,submesh/m024_s00/l00_hero.bmp,640,640
submesh,24,0,1,hero,submesh/m024_s00/l01_hero.bmp,640,640
submesh,24,0,2,hero,submesh/m024_s00/l02_hero.bmp,640,640
submesh,24,0,3,hero,submesh/m024_s00/l03_hero.bmp,640,640
submesh,24,0,4,hero,submesh/m024_s00/l04_hero.bmp,640,640
submesh,24,0,5,hero,submesh/m024_s00/l05_hero.bmp,640,640
submesh,24,0,6,hero,submesh/m024_s00/l06_hero.bmp,640,640
mesh,25,,0,hero,mesh/m025/l00_hero.bmp,640,640
mesh,25,,0,side,mesh/m025/l00_side.bmp,640,640
mesh,25,,0,top,mesh/m025/l00_top.bmp,640,640
mesh,25,,1,hero,mesh/m025/l01_hero.bmp,640,640
mesh,25,,1,side,mesh/m025/l01_side.bmp,640,640
mesh,25,,1,top,mesh/m025/l01_top.bmp,640,640
mesh,25,,2,hero,mesh/m025/l02_hero.bmp,640,640
mesh,25,,2,side,mesh/m025/l02_side.bmp,640,640
mesh,25,,2,top,mesh/m025/l02_top.bmp,640,640
mesh,25,,3,hero,mesh/m025/l03_hero.bmp,640,640
mesh,25,,3,side,mesh/m025/l03_side.bmp,640,640
mesh,25,,3,top,mesh/m025/l03_top.bmp,640,640
mesh,25,,4,hero,mesh/m025/l04_hero.bmp,640,640
mesh,25,,4,side,mesh/m025/l04_side.bmp,640,640
mesh,25,,4,top,mesh/m025/l04_top.bmp,640,640
mesh,25,,5,hero,mesh/m025/l05_hero.bmp,640,640
mesh,25,,5,side,mesh/m025/l05_side.bmp,640,640
mesh,25,,5,top,mesh/m025/l05_top.bmp,640,640
mesh,25,,6,hero,mesh/m025/l06_hero.bmp,640,640
mesh,25,,6,side,mesh/m025/l06_side.bmp,640,640
mesh,25,,6,top,mesh/m025/l06_top.bmp,640,640
submesh,25,0,0,hero,submesh/m025_s00/l00_hero.bmp,640,640
submesh,25,0,1,hero,submesh/m025_s00/l01_hero.bmp,640,640
submesh,25,0,2,hero,submesh/m025_s00/l02_hero.bmp,640,640
submesh,25,0,3,hero,submesh/m025_s00/l03_hero.bmp,640,640
submesh,25,0,4,hero,submesh/m025_s00/l04_hero.bmp,640,640
submesh,25,0,5,hero,submesh/m025_s00/l05_hero.bmp,640,640
submesh,25,0,6,hero,submesh/m025_s00/l06_hero.bmp,640,640
mesh,26,,0,hero,mesh/m026/l00_hero.bmp,640,640
mesh,26,,0,side,mesh/m026/l00_side.bmp,640,640
mesh,26,,0,top,mesh/m026/l00_top.bmp,640,640
mesh,26,,1,hero,mesh/m026/l01_hero.bmp,640,640
mesh,26,,1,side,mesh/m026/l01_side.bmp,640,640
mesh,26,,1,top,mesh/m026/l01_top.bmp,640,640
mesh,26,,2,hero,mesh/m026/l02_hero.bmp,640,640
mesh,26,,2,side,mesh/m026/l02_side.bmp,640,640
mesh,26,,2,top,mesh/m026/l02_top.bmp,640,640
mesh,26,,3,hero,mesh/m026/l03_hero.bmp,640,640
mesh,26,,3,side,mesh/m026/l03_side.bmp,640,640
mesh,26,,3,top,mesh/m026/l03_top.bmp,640,640
mesh,26,,4,hero,mesh/m026/l04_hero.bmp,640,640
mesh,26,,4,side,mesh/m026/l04_side.bmp,640,640
mesh,26,,4,top,mesh/m026/l04_top.bmp,640,640
mesh,26,,5,hero,mesh/m026/l05_hero.bmp,640,640
mesh,26,,5,side,mesh/m026/l05_side.bmp,640,640
mesh,26,,5,top,mesh/m026/l05_top.bmp,640,640
mesh,26,,6,hero,mesh/m026/l06_hero.bmp,640,640
mesh,26,,6,side,mesh/m026/l06_side.bmp,640,640
mesh,26,,6,top,mesh/m026/l06_top.bmp,640,640
submesh,26,0,0,hero,submesh/m026_s00/l00_hero.bmp,640,640
submesh,26,0,1,hero,submesh/m026_s00/l01_hero.bmp,640,640
submesh,26,0,2,hero,submesh/m026_s00/l02_hero.bmp,640,640
submesh,26,0,3,hero,submesh/m026_s00/l03_hero.bmp,640,640
submesh,26,0,4,hero,submesh/m026_s00/l04_hero.bmp,640,640
submesh,26,0,5,hero,submesh/m026_s00/l05_hero.bmp,640,640
submesh,26,0,6,hero,submesh/m026_s00/l06_hero.bmp,640,640
mesh,27,,0,hero,mesh/m027/l00_hero.bmp,640,640
mesh,27,,0,side,mesh/m027/l00_side.bmp,640,640
mesh,27,,0,top,mesh/m027/l00_top.bmp,640,640
mesh,27,,1,hero,mesh/m027/l01_hero.bmp,640,640
mesh,27,,1,side,mesh/m027/l01_side.bmp,640,640
mesh,27,,1,top,mesh/m027/l01_top.bmp,640,640
mesh,27,,2,hero,mesh/m027/l02_hero.bmp,640,640
mesh,27,,2,side,mesh/m027/l02_side.bmp,640,640
mesh,27,,2,top,mesh/m027/l02_top.bmp,640,640
mesh,27,,3,hero,mesh/m027/l03_hero.bmp,640,640
mesh,27,,3,side,mesh/m027/l03_side.bmp,640,640
mesh,27,,3,top,mesh/m027/l03_top.bmp,640,640
mesh,27,,4,hero,mesh/m027/l04_hero.bmp,640,640
mesh,27,,4,side,mesh/m027/l04_side.bmp,640,640
mesh,27,,4,top,mesh/m027/l04_top.bmp,640,640
mesh,27,,5,hero,mesh/m027/l05_hero.bmp,640,640
mesh,27,,5,side,mesh/m027/l05_side.bmp,640,640
mesh,27,,5,top,mesh/m027/l05_top.bmp,640,640
mesh,27,,6,hero,mesh/m027/l06_hero.bmp,640,640
mesh,27,,6,side,mesh/m027/l06_side.bmp,640,640
mesh,27,,6,top,mesh/m027/l06_top.bmp,640,640
submesh,27,0,0,hero,submesh/m027_s00/l00_hero.bmp,640,640
submesh,27,0,1,hero,submesh/m027_s00/l01_hero.bmp,640,640
submesh,27,0,2,hero,submesh/m027_s00/l02_hero.bmp,640,640
submesh,27,0,3,hero,submesh/m027_s00/l03_hero.bmp,640,640
submesh,27,0,4,hero,submesh/m027_s00/l04_hero.bmp,640,640
submesh,27,0,5,hero,submesh/m027_s00/l05_hero.bmp,640,640
submesh,27,0,6,hero,submesh/m027_s00/l06_hero.bmp,640,640
mesh,28,,0,hero,mesh/m028/l00_hero.bmp,640,640
mesh,28,,0,side,mesh/m028/l00_side.bmp,640,640
mesh,28,,0,top,mesh/m028/l00_top.bmp,640,640
mesh,28,,1,hero,mesh/m028/l01_hero.bmp,640,640
mesh,28,,1,side,mesh/m028/l01_side.bmp,640,640
mesh,28,,1,top,mesh/m028/l01_top.bmp,640,640
mesh,28,,2,hero,mesh/m028/l02_hero.bmp,640,640
mesh,28,,2,side,mesh/m028/l02_side.bmp,640,640
mesh,28,,2,top,mesh/m028/l02_top.bmp,640,640
mesh,28,,3,hero,mesh/m028/l03_hero.bmp,640,640
mesh,28,,3,side,mesh/m028/l03_side.bmp,640,640
mesh,28,,3,top,mesh/m028/l03_top.bmp,640,640
mesh,28,,4,hero,mesh/m028/l04_hero.bmp,640,640
mesh,28,,4,side,mesh/m028/l04_side.bmp,640,640
mesh,28,,4,top,mesh/m028/l04_top.bmp,640,640
mesh,28,,5,hero,mesh/m028/l05_hero.bmp,640,640
mesh,28,,5,side,mesh/m028/l05_side.bmp,640,640
mesh,28,,5,top,mesh/m028/l05_top.bmp,640,640
mesh,28,,6,hero,mesh/m028/l06_hero.bmp,640,640
mesh,28,,6,side,mesh/m028/l06_side.bmp,640,640
mesh,28,,6,top,mesh/m028/l06_top.bmp,640,640
submesh,28,0,0,hero,submesh/m028_s00/l00_hero.bmp,640,640
submesh,28,0,1,hero,submesh/m028_s00/l01_hero.bmp,640,640
submesh,28,0,2,hero,submesh/m028_s00/l02_hero.bmp,640,640
submesh,28,0,3,hero,submesh/m028_s00/l03_hero.bmp,640,640
submesh,28,0,4,hero,submesh/m028_s00/l04_hero.bmp,640,640
submesh,28,0,5,hero,submesh/m028_s00/l05_hero.bmp,640,640
submesh,28,0,6,hero,submesh/m028_s00/l06_hero.bmp,640,640
mesh,29,,0,hero,mesh/m029/l00_hero.bmp,640,640
mesh,29,,0,side,mesh/m029/l00_side.bmp,640,640
mesh,29,,0,top,mesh/m029/l00_top.bmp,640,640
mesh,29,,1,hero,mesh/m029/l01_hero.bmp,640,640
mesh,29,,1,side,mesh/m029/l01_side.bmp,640,640
mesh,29,,1,top,mesh/m029/l01_top.bmp,640,640
mesh,29,,2,hero,mesh/m029/l02_hero.bmp,640,640
mesh,29,,2,side,mesh/m029/l02_side.bmp,640,640
mesh,29,,2,top,mesh/m029/l02_top.bmp,640,640
mesh,29,,3,hero,mesh/m029/l03_hero.bmp,640,640
mesh,29,,3,side,mesh/m029/l03_side.bmp,640,640
mesh,29,,3,top,mesh/m029/l03_top.bmp,640,640
mesh,29,,4,hero,mesh/m029/l04_hero.bmp,640,640
mesh,29,,4,side,mesh/m029/l04_side.bmp,640,640
mesh,29,,4,top,mesh/m029/l04_top.bmp,640,640
mesh,29,,5,hero,mesh/m029/l05_hero.bmp,640,640
mesh,29,,5,side,mesh/m029/l05_side.bmp,640,640
mesh,29,,5,top,mesh/m029/l05_top.bmp,640,640
mesh,29,,6,hero,mesh/m029/l06_hero.bmp,640,640
mesh,29,,6,side,mesh/m029/l06_side.bmp,640,640
mesh,29,,6,top,mesh/m029/l06_top.bmp,640,640
submesh,29,0,0,hero,submesh/m029_s00/l00_hero.bmp,640,640
submesh,29,0,1,hero,submesh/m029_s00/l01_hero.bmp,640,640
submesh,29,0,2,hero,submesh/m029_s00/l02_hero.bmp,640,640
submesh,29,0,3,hero,submesh/m029_s00/l03_hero.bmp,640,640
submesh,29,0,4,hero,submesh/m029_s00/l04_hero.bmp,640,640
submesh,29,0,5,hero,submesh/m029_s00/l05_hero.bmp,640,640
submesh,29,0,6,hero,submesh/m029_s00/l06_hero.bmp,640,640
mesh,30,,0,hero,mesh/m030/l00_hero.bmp,640,640
mesh,30,,0,side,mesh/m030/l00_side.bmp,640,640
mesh,30,,0,top,mesh/m030/l00_top.bmp,640,640
mesh,30,,1,hero,mesh/m030/l01_hero.bmp,640,640
mesh,30,,1,side,mesh/m030/l01_side.bmp,640,640
mesh,30,,1,top,mesh/m030/l01_top.bmp,640,640
mesh,30,,2,hero,mesh/m030/l02_hero.bmp,640,640
mesh,30,,2,side,mesh/m030/l02_side.bmp,640,640
mesh,30,,2,top,mesh/m030/l02_top.bmp,640,640
mesh,30,,3,hero,mesh/m030/l03_hero.bmp,640,640
mesh,30,,3,side,mesh/m030/l03_side.bmp,640,640
mesh,30,,3,top,mesh/m030/l03_top.bmp,640,640
mesh,30,,4,hero,mesh/m030/l04_hero.bmp,640,640
mesh,30,,4,side,mesh/m030/l04_side.bmp,640,640
mesh,30,,4,top,mesh/m030/l04_top.bmp,640,640
mesh,30,,5,hero,mesh/m030/l05_hero.bmp,640,640
mesh,30,,5,side,mesh/m030/l05_side.bmp,640,640
mesh,30,,5,top,mesh/m030/l05_top.bmp,640,640
mesh,30,,6,hero,mesh/m030/l06_hero.bmp,640,640
mesh,30,,6,side,mesh/m030/l06_side.bmp,640,640
mesh,30,,6,top,mesh/m030/l06_top.bmp,640,640
submesh,30,0,0,hero,submesh/m030_s00/l00_hero.bmp,640,640
submesh,30,0,1,hero,submesh/m030_s00/l01_hero.bmp,640,640
submesh,30,0,2,hero,submesh/m030_s00/l02_hero.bmp,640,640
submesh,30,0,3,hero,submesh/m030_s00/l03_hero.bmp,640,640
submesh,30,0,4,hero,submesh/m030_s00/l04_hero.bmp,640,640
submesh,30,0,5,hero,submesh/m030_s00/l05_hero.bmp,640,640
submesh,30,0,6,hero,submesh/m030_s00/l06_hero.bmp,640,640
mesh,31,,0,hero,mesh/m031/l00_hero.bmp,640,640
mesh,31,,0,side,mesh/m031/l00_side.bmp,640,640
mesh,31,,0,top,mesh/m031/l00_top.bmp,640,640
mesh,31,,1,hero,mesh/m031/l01_hero.bmp,640,640
mesh,31,,1,side,mesh/m031/l01_side.bmp,640,640
mesh,31,,1,top,mesh/m031/l01_top.bmp,640,640
mesh,31,,2,hero,mesh/m031/l02_hero.bmp,640,640
mesh,31,,2,side,mesh/m031/l02_side.bmp,640,640
mesh,31,,2,top,mesh/m031/l02_top.bmp,640,640
mesh,31,,3,hero,mesh/m031/l03_hero.bmp,640,640
mesh,31,,3,side,mesh/m031/l03_side.bmp,640,640
mesh,31,,3,top,mesh/m031/l03_top.bmp,640,640
mesh,31,,4,hero,mesh/m031/l04_hero.bmp,640,640
mesh,31,,4,side,mesh/m031/l04_side.bmp,640,640
mesh,31,,4,top,mesh/m031/l04_top.bmp,640,640
mesh,31,,5,hero,mesh/m031/l05_hero.bmp,640,640
mesh,31,,5,side,mesh/m031/l05_side.bmp,640,640
mesh,31,,5,top,mesh/m031/l05_top.bmp,640,640
mesh,31,,6,hero,mesh/m031/l06_hero.bmp,640,640
mesh,31,,6,side,mesh/m031/l06_side.bmp,640,640
mesh,31,,6,top,mesh/m031/l06_top.bmp,640,640
submesh,31,0,0,hero,submesh/m031_s00/l00_hero.bmp,640,640
submesh,31,0,1,hero,submesh/m031_s00/l01_hero.bmp,640,640
submesh,31,0,2,hero,submesh/m031_s00/l02_hero.bmp,640,640
submesh,31,0,3,hero,submesh/m031_s00/l03_hero.bmp,640,640
submesh,31,0,4,hero,submesh/m031_s00/l04_hero.bmp,640,640
submesh,31,0,5,hero,submesh/m031_s00/l05_hero.bmp,640,640
submesh,31,0,6,hero,submesh/m031_s00/l06_hero.bmp,640,640
mesh,32,,0,hero,mesh/m032/l00_hero.bmp,640,640
mesh,32,,0,side,mesh/m032/l00_side.bmp,640,640
mesh,32,,0,top,mesh/m032/l00_top.bmp,640,640
mesh,32,,1,hero,mesh/m032/l01_hero.bmp,640,640
mesh,32,,1,side,mesh/m032/l01_side.bmp,640,640
mesh,32,,1,top,mesh/m032/l01_top.bmp,640,640
mesh,32,,2,hero,mesh/m032/l02_hero.bmp,640,640
mesh,32,,2,side,mesh/m032/l02_side.bmp,640,640
mesh,32,,2,top,mesh/m032/l02_top.bmp,640,640
mesh,32,,3,hero,mesh/m032/l03_hero.bmp,640,640
mesh,32,,3,side,mesh/m032/l03_side.bmp,640,640
mesh,32,,3,top,mesh/m032/l03_top.bmp,640,640
mesh,32,,4,hero,mesh/m032/l04_hero.bmp,640,640
mesh,32,,4,side,mesh/m032/l04_side.bmp,640,640
mesh,32,,4,top,mesh/m032/l04_top.bmp,640,640
mesh,32,,5,hero,mesh/m032/l05_hero.bmp,640,640
mesh,32,,5,side,mesh/m032/l05_side.bmp,640,640
mesh,32,,5,top,mesh/m032/l05_top.bmp,640,640
mesh,32,,6,hero,mesh/m032/l06_hero.bmp,640,640
mesh,32,,6,side,mesh/m032/l06_side.bmp,640,640
mesh,32,,6,top,mesh/m032/l06_top.bmp,640,640
submesh,32,0,0,hero,submesh/m032_s00/l00_hero.bmp,640,640
submesh,32,0,1,hero,submesh/m032_s00/l01_hero.bmp,640,640
submesh,32,0,2,hero,submesh/m032_s00/l02_hero.bmp,640,640
submesh,32,0,3,hero,submesh/m032_s00/l03_hero.bmp,640,640
submesh,32,0,4,hero,submesh/m032_s00/l04_hero.bmp,640,640
submesh,32,0,5,hero,submesh/m032_s00/l05_hero.bmp,640,640
submesh,32,0,6,hero,submesh/m032_s00/l06_hero.bmp,640,640
mesh,33,,0,hero,mesh/m033/l00_hero.bmp,640,640
mesh,33,,0,side,mesh/m033/l00_side.bmp,640,640
mesh,33,,0,top,mesh/m033/l00_top.bmp,640,640
mesh,33,,1,hero,mesh/m033/l01_hero.bmp,640,640
mesh,33,,1,side,mesh/m033/l01_side.bmp,640,640
mesh,33,,1,top,mesh/m033/l01_top.bmp,640,640
mesh,33,,2,hero,mesh/m033/l02_hero.bmp,640,640
mesh,33,,2,side,mesh/m033/l02_side.bmp,640,640
mesh,33,,2,top,mesh/m033/l02_top.bmp,640,640
mesh,33,,3,hero,mesh/m033/l03_hero.bmp,640,640
mesh,33,,3,side,mesh/m033/l03_side.bmp,640,640
mesh,33,,3,top,mesh/m033/l03_top.bmp,640,640
mesh,33,,4,hero,mesh/m033/l04_hero.bmp,640,640
mesh,33,,4,side,mesh/m033/l04_side.bmp,640,640
mesh,33,,4,top,mesh/m033/l04_top.bmp,640,640
mesh,33,,5,hero,mesh/m033/l05_hero.bmp,640,640
mesh,33,,5,side,mesh/m033/l05_side.bmp,640,640
mesh,33,,5,top,mesh/m033/l05_top.bmp,640,640
mesh,33,,6,hero,mesh/m033/l06_hero.bmp,640,640
mesh,33,,6,side,mesh/m033/l06_side.bmp,640,640
mesh,33,,6,top,mesh/m033/l06_top.bmp,640,640
submesh,33,0,0,hero,submesh/m033_s00/l00_hero.bmp,640,640
submesh,33,0,1,hero,submesh/m033_s00/l01_hero.bmp,640,640
submesh,33,0,2,hero,submesh/m033_s00/l02_hero.bmp,640,640
submesh,33,0,3,hero,submesh/m033_s00/l03_hero.bmp,640,640
submesh,33,0,4,hero,submesh/m033_s00/l04_hero.bmp,640,640
submesh,33,0,5,hero,submesh/m033_s00/l05_hero.bmp,640,640
submesh,33,0,6,hero,submesh/m033_s00/l06_hero.bmp,640,640
mesh,34,,0,hero,mesh/m034/l00_hero.bmp,640,640
mesh,34,,0,side,mesh/m034/l00_side.bmp,640,640
mesh,34,,0,top,mesh/m034/l00_top.bmp,640,640
mesh,34,,1,hero,mesh/m034/l01_hero.bmp,640,640
mesh,34,,1,side,mesh/m034/l01_side.bmp,640,640
mesh,34,,1,top,mesh/m034/l01_top.bmp,640,640
mesh,34,,2,hero,mesh/m034/l02_hero.bmp,640,640
mesh,34,,2,side,mesh/m034/l02_side.bmp,640,640
mesh,34,,2,top,mesh/m034/l02_top.bmp,640,640
mesh,34,,3,hero,mesh/m034/l03_hero.bmp,640,640
mesh,34,,3,side,mesh/m034/l03_side.bmp,640,640
mesh,34,,3,top,mesh/m034/l03_top.bmp,640,640
mesh,34,,4,hero,mesh/m034/l04_hero.bmp,640,640
mesh,34,,4,side,mesh/m034/l04_side.bmp,640,640
mesh,34,,4,top,mesh/m034/l04_top.bmp,640,640
mesh,34,,5,hero,mesh/m034/l05_hero.bmp,640,640
mesh,34,,5,side,mesh/m034/l05_side.bmp,640,640
mesh,34,,5,top,mesh/m034/l05_top.bmp,640,640
mesh,34,,6,hero,mesh/m034/l06_hero.bmp,640,640
mesh,34,,6,side,mesh/m034/l06_side.bmp,640,640
mesh,34,,6,top,mesh/m034/l06_top.bmp,640,640
submesh,34,0,0,hero,submesh/m034_s00/l00_hero.bmp,640,640
submesh,34,0,1,hero,submesh/m034_s00/l01_hero.bmp,640,640
submesh,34,0,2,hero,submesh/m034_s00/l02_hero.bmp,640,640
submesh,34,0,3,hero,submesh/m034_s00/l03_hero.bmp,640,640
submesh,34,0,4,hero,submesh/m034_s00/l04_hero.bmp,640,640
submesh,34,0,5,hero,submesh/m034_s00/l05_hero.bmp,640,640
submesh,34,0,6,hero,submesh/m034_s00/l06_hero.bmp,640,640
mesh,35,,0,hero,mesh/m035/l00_hero.bmp,640,640
mesh,35,,0,side,mesh/m035/l00_side.bmp,640,640
mesh,35,,0,top,mesh/m035/l00_top.bmp,640,640
mesh,35,,1,hero,mesh/m035/l01_hero.bmp,640,640
mesh,35,,1,side,mesh/m035/l01_side.bmp,640,640
mesh,35,,1,top,mesh/m035/l01_top.bmp,640,640
mesh,35,,2,hero,mesh/m035/l02_hero.bmp,640,640
mesh,35,,2,side,mesh/m035/l02_side.bmp,640,640
mesh,35,,2,top,mesh/m035/l02_top.bmp,640,640
mesh,35,,3,hero,mesh/m035/l03_hero.bmp,640,640
mesh,35,,3,side,mesh/m035/l03_side.bmp,640,640
mesh,35,,3,top,mesh/m035/l03_top.bmp,640,640
mesh,35,,4,hero,mesh/m035/l04_hero.bmp,640,640
mesh,35,,4,side,mesh/m035/l04_side.bmp,640,640
mesh,35,,4,top,mesh/m035/l04_top.bmp,640,640
mesh,35,,5,hero,mesh/m035/l05_hero.bmp,640,640
mesh,35,,5,side,mesh/m035/l05_side.bmp,640,640
mesh,35,,5,top,mesh/m035/l05_top.bmp,640,640
mesh,35,,6,hero,mesh/m035/l06_hero.bmp,640,640
mesh,35,,6,side,mesh/m035/l06_side.bmp,640,640
mesh,35,,6,top,mesh/m035/l06_top.bmp,640,640
submesh,35,0,0,hero,submesh/m035_s00/l00_hero.bmp,640,640
submesh,35,0,1,hero,submesh/m035_s00/l01_hero.bmp,640,640
submesh,35,0,2,hero,submesh/m035_s00/l02_hero.bmp,640,640
submesh,35,0,3,hero,submesh/m035_s00/l03_hero.bmp,640,640
submesh,35,0,4,hero,submesh/m035_s00/l04_hero.bmp,640,640
submesh,35,0,5,hero,submesh/m035_s00/l05_hero.bmp,640,640
submesh,35,0,6,hero,submesh/m035_s00/l06_hero.bmp,640,640
mesh,36,,0,hero,mesh/m036/l00_hero.bmp,640,640
mesh,36,,0,side,mesh/m036/l00_side.bmp,640,640
mesh,36,,0,top,mesh/m036/l00_top.bmp,640,640
mesh,36,,1,hero,mesh/m036/l01_hero.bmp,640,640
mesh,36,,1,side,mesh/m036/l01_side.bmp,640,640
mesh,36,,1,top,mesh/m036/l01_top.bmp,640,640
mesh,36,,2,hero,mesh/m036/l02_hero.bmp,640,640
mesh,36,,2,side,mesh/m036/l02_side.bmp,640,640
mesh,36,,2,top,mesh/m036/l02_top.bmp,640,640
mesh,36,,3,hero,mesh/m036/l03_hero.bmp,640,640
mesh,36,,3,side,mesh/m036/l03_side.bmp,640,640
mesh,36,,3,top,mesh/m036/l03_top.bmp,640,640
mesh,36,,4,hero,mesh/m036/l04_hero.bmp,640,640
mesh,36,,4,side,mesh/m036/l04_side.bmp,640,640
mesh,36,,4,top,mesh/m036/l04_top.bmp,640,640
mesh,36,,5,hero,mesh/m036/l05_hero.bmp,640,640
mesh,36,,5,side,mesh/m036/l05_side.bmp,640,640
mesh,36,,5,top,mesh/m036/l05_top.bmp,640,640
mesh,36,,6,hero,mesh/m036/l06_hero.bmp,640,640
mesh,36,,6,side,mesh/m036/l06_side.bmp,640,640
mesh,36,,6,top,mesh/m036/l06_top.bmp,640,640
submesh,36,0,0,hero,submesh/m036_s00/l00_hero.bmp,640,640
submesh,36,0,1,hero,submesh/m036_s00/l01_hero.bmp,640,640
submesh,36,0,2,hero,submesh/m036_s00/l02_hero.bmp,640,640
submesh,36,0,3,hero,submesh/m036_s00/l03_hero.bmp,640,640
submesh,36,0,4,hero,submesh/m036_s00/l04_hero.bmp,640,640
submesh,36,0,5,hero,submesh/m036_s00/l05_hero.bmp,640,640
submesh,36,0,6,hero,submesh/m036_s00/l06_hero.bmp,640,640
mesh,37,,0,hero,mesh/m037/l00_hero.bmp,640,640
mesh,37,,0,side,mesh/m037/l00_side.bmp,640,640
mesh,37,,0,top,mesh/m037/l00_top.bmp,640,640
mesh,37,,1,hero,mesh/m037/l01_hero.bmp,640,640
mesh,37,,1,side,mesh/m037/l01_side.bmp,640,640
mesh,37,,1,top,mesh/m037/l01_top.bmp,640,640
mesh,37,,2,hero,mesh/m037/l02_hero.bmp,640,640
mesh,37,,2,side,mesh/m037/l02_side.bmp,640,640
mesh,37,,2,top,mesh/m037/l02_top.bmp,640,640
mesh,37,,3,hero,mesh/m037/l03_hero.bmp,640,640
mesh,37,,3,side,mesh/m037/l03_side.bmp,640,640
mesh,37,,3,top,mesh/m037/l03_top.bmp,640,640
mesh,37,,4,hero,mesh/m037/l04_hero.bmp,640,640
mesh,37,,4,side,mesh/m037/l04_side.bmp,640,640
mesh,37,,4,top,mesh/m037/l04_top.bmp,640,640
mesh,37,,5,hero,mesh/m037/l05_hero.bmp,640,640
mesh,37,,5,side,mesh/m037/l05_side.bmp,640,640
mesh,37,,5,top,mesh/m037/l05_top.bmp,640,640
mesh,37,,6,hero,mesh/m037/l06_hero.bmp,640,640
mesh,37,,6,side,mesh/m037/l06_side.bmp,640,640
mesh,37,,6,top,mesh/m037/l06_top.bmp,640,640
submesh,37,0,0,hero,submesh/m037_s00/l00_hero.bmp,640,640
submesh,37,0,1,hero,submesh/m037_s00/l01_hero.bmp,640,640
submesh,37,0,2,hero,submesh/m037_s00/l02_hero.bmp,640,640
submesh,37,0,3,hero,submesh/m037_s00/l03_hero.bmp,640,640
submesh,37,0,4,hero,submesh/m037_s00/l04_hero.bmp,640,640
submesh,37,0,5,hero,submesh/m037_s00/l05_hero.bmp,640,640
submesh,37,0,6,hero,submesh/m037_s00/l06_hero.bmp,640,640
mesh,38,,0,hero,mesh/m038/l00_hero.bmp,640,640
mesh,38,,0,side,mesh/m038/l00_side.bmp,640,640
mesh,38,,0,top,mesh/m038/l00_top.bmp,640,640
mesh,38,,1,hero,mesh/m038/l01_hero.bmp,640,640
mesh,38,,1,side,mesh/m038/l01_side.bmp,640,640
mesh,38,,1,top,mesh/m038/l01_top.bmp,640,640
mesh,38,,2,hero,mesh/m038/l02_hero.bmp,640,640
mesh,38,,2,side,mesh/m038/l02_side.bmp,640,640
mesh,38,,2,top,mesh/m038/l02_top.bmp,640,640
mesh,38,,3,hero,mesh/m038/l03_hero.bmp,640,640
mesh,38,,3,side,mesh/m038/l03_side.bmp,640,640
mesh,38,,3,top,mesh/m038/l03_top.bmp,640,640
mesh,38,,4,hero,mesh/m038/l04_hero.bmp,640,640
mesh,38,,4,side,mesh/m038/l04_side.bmp,640,640
mesh,38,,4,top,mesh/m038/l04_top.bmp,640,640
mesh,38,,5,hero,mesh/m038/l05_hero.bmp,640,640
mesh,38,,5,side,mesh/m038/l05_side.bmp,640,640
mesh,38,,5,top,mesh/m038/l05_top.bmp,640,640
mesh,38,,6,hero,mesh/m038/l06_hero.bmp,640,640
mesh,38,,6,side,mesh/m038/l06_side.bmp,640,640
mesh,38,,6,top,mesh/m038/l06_top.bmp,640,640
submesh,38,0,0,hero,submesh/m038_s00/l00_hero.bmp,640,640
submesh,38,0,1,hero,submesh/m038_s00/l01_hero.bmp,640,640
submesh,38,0,2,hero,submesh/m038_s00/l02_hero.bmp,640,640
submesh,38,0,3,hero,submesh/m038_s00/l03_hero.bmp,640,640
submesh,38,0,4,hero,submesh/m038_s00/l04_hero.bmp,640,640
submesh,38,0,5,hero,submesh/m038_s00/l05_hero.bmp,640,640
submesh,38,0,6,hero,submesh/m038_s00/l06_hero.bmp,640,640
mesh,39,,0,hero,mesh/m039/l00_hero.bmp,640,640
mesh,39,,0,side,mesh/m039/l00_side.bmp,640,640
mesh,39,,0,top,mesh/m039/l00_top.bmp,640,640
mesh,39,,1,hero,mesh/m039/l01_hero.bmp,640,640
mesh,39,,1,side,mesh/m039/l01_side.bmp,640,640
mesh,39,,1,top,mesh/m039/l01_top.bmp,640,640
mesh,39,,2,hero,mesh/m039/l02_hero.bmp,640,640
mesh,39,,2,side,mesh/m039/l02_side.bmp,640,640
mesh,39,,2,top,mesh/m039/l02_top.bmp,640,640
mesh,39,,3,hero,mesh/m039/l03_hero.bmp,640,640
mesh,39,,3,side,mesh/m039/l03_side.bmp,640,640
mesh,39,,3,top,mesh/m039/l03_top.bmp,640,640
mesh,39,,4,hero,mesh/m039/l04_hero.bmp,640,640
mesh,39,,4,side,mesh/m039/l04_side.bmp,640,640
mesh,39,,4,top,mesh/m039/l04_top.bmp,640,640
mesh,39,,5,hero,mesh/m039/l05_hero.bmp,640,640
mesh,39,,5,side,mesh/m039/l05_side.bmp,640,640
mesh,39,,5,top,mesh/m039/l05_top.bmp,640,640
mesh,39,,6,hero,mesh/m039/l06_hero.bmp,640,640
mesh,39,,6,side,mesh/m039/l06_side.bmp,640,640
mesh,39,,6,top,mesh/m039/l06_top.bmp,640,640
submesh,39,0,0,hero,submesh/m039_s00/l00_hero.bmp,640,640
submesh,39,0,1,hero,submesh/m039_s00/l01_hero.bmp,640,640
submesh,39,0,2,hero,submesh/m039_s00/l02_hero.bmp,640,640
submesh,39,0,3,hero,submesh/m039_s00/l03_hero.bmp,640,640
submesh,39,0,4,hero,submesh/m039_s00/l04_hero.bmp,640,640
submesh,39,0,5,hero,submesh/m039_s00/l05_hero.bmp,640,640
submesh,39,0,6,hero,submesh/m039_s00/l06_hero.bmp,640,640
mesh,40,,0,hero,mesh/m040/l00_hero.bmp,640,640
mesh,40,,0,side,mesh/m040/l00_side.bmp,640,640
mesh,40,,0,top,mesh/m040/l00_top.bmp,640,640
mesh,40,,1,hero,mesh/m040/l01_hero.bmp,640,640
mesh,40,,1,side,mesh/m040/l01_side.bmp,640,640
mesh,40,,1,top,mesh/m040/l01_top.bmp,640,640
mesh,40,,2,hero,mesh/m040/l02_hero.bmp,640,640
mesh,40,,2,side,mesh/m040/l02_side.bmp,640,640
mesh,40,,2,top,mesh/m040/l02_top.bmp,640,640
mesh,40,,3,hero,mesh/m040/l03_hero.bmp,640,640
mesh,40,,3,side,mesh/m040/l03_side.bmp,640,640
mesh,40,,3,top,mesh/m040/l03_top.bmp,640,640
mesh,40,,4,hero,mesh/m040/l04_hero.bmp,640,640
mesh,40,,4,side,mesh/m040/l04_side.bmp,640,640
mesh,40,,4,top,mesh/m040/l04_top.bmp,640,640
mesh,40,,5,hero,mesh/m040/l05_hero.bmp,640,640
mesh,40,,5,side,mesh/m040/l05_side.bmp,640,640
mesh,40,,5,top,mesh/m040/l05_top.bmp,640,640
mesh,40,,6,hero,mesh/m040/l06_hero.bmp,640,640
mesh,40,,6,side,mesh/m040/l06_side.bmp,640,640
mesh,40,,6,top,mesh/m040/l06_top.bmp,640,640
submesh,40,0,0,hero,submesh/m040_s00/l00_hero.bmp,640,640
submesh,40,0,1,hero,submesh/m040_s00/l01_hero.bmp,640,640
submesh,40,0,2,hero,submesh/m040_s00/l02_hero.bmp,640,640
submesh,40,0,3,hero,submesh/m040_s00/l03_hero.bmp,640,640
submesh,40,0,4,hero,submesh/m040_s00/l04_hero.bmp,640,640
submesh,40,0,5,hero,submesh/m040_s00/l05_hero.bmp,640,640
submesh,40,0,6,hero,submesh/m040_s00/l06_hero.bmp,640,640
mesh,41,,0,hero,mesh/m041/l00_hero.bmp,640,640
mesh,41,,0,side,mesh/m041/l00_side.bmp,640,640
mesh,41,,0,top,mesh/m041/l00_top.bmp,640,640
mesh,41,,1,hero,mesh/m041/l01_hero.bmp,640,640
mesh,41,,1,side,mesh/m041/l01_side.bmp,640,640
mesh,41,,1,top,mesh/m041/l01_top.bmp,640,640
mesh,41,,2,hero,mesh/m041/l02_hero.bmp,640,640
mesh,41,,2,side,mesh/m041/l02_side.bmp,640,640
mesh,41,,2,top,mesh/m041/l02_top.bmp,640,640
mesh,41,,3,hero,mesh/m041/l03_hero.bmp,640,640
mesh,41,,3,side,mesh/m041/l03_side.bmp,640,640
mesh,41,,3,top,mesh/m041/l03_top.bmp,640,640
mesh,41,,4,hero,mesh/m041/l04_hero.bmp,640,640
mesh,41,,4,side,mesh/m041/l04_side.bmp,640,640
mesh,41,,4,top,mesh/m041/l04_top.bmp,640,640
mesh,41,,5,hero,mesh/m041/l05_hero.bmp,640,640
mesh,41,,5,side,mesh/m041/l05_side.bmp,640,640
mesh,41,,5,top,mesh/m041/l05_top.bmp,640,640
mesh,41,,6,hero,mesh/m041/l06_hero.bmp,640,640
mesh,41,,6,side,mesh/m041/l06_side.bmp,640,640
mesh,41,,6,top,mesh/m041/l06_top.bmp,640,640
submesh,41,0,0,hero,submesh/m041_s00/l00_hero.bmp,640,640
submesh,41,0,1,hero,submesh/m041_s00/l01_hero.bmp,640,640
submesh,41,0,2,hero,submesh/m041_s00/l02_hero.bmp,640,640
submesh,41,0,3,hero,submesh/m041_s00/l03_hero.bmp,640,640
submesh,41,0,4,hero,submesh/m041_s00/l04_hero.bmp,640,640
submesh,41,0,5,hero,submesh/m041_s00/l05_hero.bmp,640,640
submesh,41,0,6,hero,submesh/m041_s00/l06_hero.bmp,640,640
mesh,42,,0,hero,mesh/m042/l00_hero.bmp,640,640
mesh,42,,0,side,mesh/m042/l00_side.bmp,640,640
mesh,42,,0,top,mesh/m042/l00_top.bmp,640,640
mesh,42,,1,hero,mesh/m042/l01_hero.bmp,640,640
mesh,42,,1,side,mesh/m042/l01_side.bmp,640,640
mesh,42,,1,top,mesh/m042/l01_top.bmp,640,640
mesh,42,,2,hero,mesh/m042/l02_hero.bmp,640,640
mesh,42,,2,side,mesh/m042/l02_side.bmp,640,640
mesh,42,,2,top,mesh/m042/l02_top.bmp,640,640
mesh,42,,3,hero,mesh/m042/l03_hero.bmp,640,640
mesh,42,,3,side,mesh/m042/l03_side.bmp,640,640
mesh,42,,3,top,mesh/m042/l03_top.bmp,640,640
mesh,42,,4,hero,mesh/m042/l04_hero.bmp,640,640
mesh,42,,4,side,mesh/m042/l04_side.bmp,640,640
mesh,42,,4,top,mesh/m042/l04_top.bmp,640,640
mesh,42,,5,hero,mesh/m042/l05_hero.bmp,640,640
mesh,42,,5,side,mesh/m042/l05_side.bmp,640,640
mesh,42,,5,top,mesh/m042/l05_top.bmp,640,640
mesh,42,,6,hero,mesh/m042/l06_hero.bmp,640,640
mesh,42,,6,side,mesh/m042/l06_side.bmp,640,640
mesh,42,,6,top,mesh/m042/l06_top.bmp,640,640
submesh,42,0,0,hero,submesh/m042_s00/l00_hero.bmp,640,640
submesh,42,0,1,hero,submesh/m042_s00/l01_hero.bmp,640,640
submesh,42,0,2,hero,submesh/m042_s00/l02_hero.bmp,640,640
submesh,42,0,3,hero,submesh/m042_s00/l03_hero.bmp,640,640
submesh,42,0,4,hero,submesh/m042_s00/l04_hero.bmp,640,640
submesh,42,0,5,hero,submesh/m042_s00/l05_hero.bmp,640,640
submesh,42,0,6,hero,submesh/m042_s00/l06_hero.bmp,640,640
mesh,43,,0,hero,mesh/m043/l00_hero.bmp,640,640
mesh,43,,0,side,mesh/m043/l00_side.bmp,640,640
mesh,43,,0,top,mesh/m043/l00_top.bmp,640,640
mesh,43,,1,hero,mesh/m043/l01_hero.bmp,640,640
mesh,43,,1,side,mesh/m043/l01_side.bmp,640,640
mesh,43,,1,top,mesh/m043/l01_top.bmp,640,640
mesh,43,,2,hero,mesh/m043/l02_hero.bmp,640,640
mesh,43,,2,side,mesh/m043/l02_side.bmp,640,640
mesh,43,,2,top,mesh/m043/l02_top.bmp,640,640
mesh,43,,3,hero,mesh/m043/l03_hero.bmp,640,640
mesh,43,,3,side,mesh/m043/l03_side.bmp,640,640
mesh,43,,3,top,mesh/m043/l03_top.bmp,640,640
mesh,43,,4,hero,mesh/m043/l04_hero.bmp,640,640
mesh,43,,4,side,mesh/m043/l04_side.bmp,640,640
mesh,43,,4,top,mesh/m043/l04_top.bmp,640,640
mesh,43,,5,hero,mesh/m043/l05_hero.bmp,640,640
mesh,43,,5,side,mesh/m043/l05_side.bmp,640,640
mesh,43,,5,top,mesh/m043/l05_top.bmp,640,640
mesh,43,,6,hero,mesh/m043/l06_hero.bmp,640,640
mesh,43,,6,side,mesh/m043/l06_side.bmp,640,640
mesh,43,,6,top,mesh/m043/l06_top.bmp,640,640
submesh,43,0,0,hero,submesh/m043_s00/l00_hero.bmp,640,640
submesh,43,0,1,hero,submesh/m043_s00/l01_hero.bmp,640,640
submesh,43,0,2,hero,submesh/m043_s00/l02_hero.bmp,640,640
submesh,43,0,3,hero,submesh/m043_s00/l03_hero.bmp,640,640
submesh,43,0,4,hero,submesh/m043_s00/l04_hero.bmp,640,640
submesh,43,0,5,hero,submesh/m043_s00/l05_hero.bmp,640,640
submesh,43,0,6,hero,submesh/m043_s00/l06_hero.bmp,640,640
mesh,44,,0,hero,mesh/m044/l00_hero.bmp,640,640
mesh,44,,0,side,mesh/m044/l00_side.bmp,640,640
mesh,44,,0,top,mesh/m044/l00_top.bmp,640,640
mesh,44,,1,hero,mesh/m044/l01_hero.bmp,640,640
mesh,44,,1,side,mesh/m044/l01_side.bmp,640,640
mesh,44,,1,top,mesh/m044/l01_top.bmp,640,640
mesh,44,,2,hero,mesh/m044/l02_hero.bmp,640,640
mesh,44,,2,side,mesh/m044/l02_side.bmp,640,640
mesh,44,,2,top,mesh/m044/l02_top.bmp,640,640
mesh,44,,3,hero,mesh/m044/l03_hero.bmp,640,640
mesh,44,,3,side,mesh/m044/l03_side.bmp,640,640
mesh,44,,3,top,mesh/m044/l03_top.bmp,640,640
mesh,44,,4,hero,mesh/m044/l04_hero.bmp,640,640
mesh,44,,4,side,mesh/m044/l04_side.bmp,640,640
mesh,44,,4,top,mesh/m044/l04_top.bmp,640,640
mesh,44,,5,hero,mesh/m044/l05_hero.bmp,640,640
mesh,44,,5,side,mesh/m044/l05_side.bmp,640,640
mesh,44,,5,top,mesh/m044/l05_top.bmp,640,640
mesh,44,,6,hero,mesh/m044/l06_hero.bmp,640,640
mesh,44,,6,side,mesh/m044/l06_side.bmp,640,640
mesh,44,,6,top,mesh/m044/l06_top.bmp,640,640
submesh,44,0,0,hero,submesh/m044_s00/l00_hero.bmp,640,640
submesh,44,0,1,hero,submesh/m044_s00/l01_hero.bmp,640,640
submesh,44,0,2,hero,submesh/m044_s00/l02_hero.bmp,640,640
submesh,44,0,3,hero,submesh/m044_s00/l03_hero.bmp,640,640
submesh,44,0,4,hero,submesh/m044_s00/l04_hero.bmp,640,640
submesh,44,0,5,hero,submesh/m044_s00/l05_hero.bmp,640,640
submesh,44,0,6,hero,submesh/m044_s00/l06_hero.bmp,640,640
mesh,45,,0,hero,mesh/m045/l00_hero.bmp,640,640
mesh,45,,0,side,mesh/m045/l00_side.bmp,640,640
mesh,45,,0,top,mesh/m045/l00_top.bmp,640,640
mesh,45,,1,hero,mesh/m045/l01_hero.bmp,640,640
mesh,45,,1,side,mesh/m045/l01_side.bmp,640,640
mesh,45,,1,top,mesh/m045/l01_top.bmp,640,640
mesh,45,,2,hero,mesh/m045/l02_hero.bmp,640,640
mesh,45,,2,side,mesh/m045/l02_side.bmp,640,640
mesh,45,,2,top,mesh/m045/l02_top.bmp,640,640
mesh,45,,3,hero,mesh/m045/l03_hero.bmp,640,640
mesh,45,,3,side,mesh/m045/l03_side.bmp,640,640
mesh,45,,3,top,mesh/m045/l03_top.bmp,640,640
mesh,45,,4,hero,mesh/m045/l04_hero.bmp,640,640
mesh,45,,4,side,mesh/m045/l04_side.bmp,640,640
mesh,45,,4,top,mesh/m045/l04_top.bmp,640,640
mesh,45,,5,hero,mesh/m045/l05_hero.bmp,640,640
mesh,45,,5,side,mesh/m045/l05_side.bmp,640,640
mesh,45,,5,top,mesh/m045/l05_top.bmp,640,640
mesh,45,,6,hero,mesh/m045/l06_hero.bmp,640,640
mesh,45,,6,side,mesh/m045/l06_side.bmp,640,640
mesh,45,,6,top,mesh/m045/l06_top.bmp,640,640
submesh,45,0,0,hero,submesh/m045_s00/l00_hero.bmp,640,640
submesh,45,0,1,hero,submesh/m045_s00/l01_hero.bmp,640,640
submesh,45,0,2,hero,submesh/m045_s00/l02_hero.bmp,640,640
submesh,45,0,3,hero,submesh/m045_s00/l03_hero.bmp,640,640
submesh,45,0,4,hero,submesh/m045_s00/l04_hero.bmp,640,640
submesh,45,0,5,hero,submesh/m045_s00/l05_hero.bmp,640,640
submesh,45,0,6,hero,submesh/m045_s00/l06_hero.bmp,640,640
mesh,46,,0,hero,mesh/m046/l00_hero.bmp,640,640
mesh,46,,0,side,mesh/m046/l00_side.bmp,640,640
mesh,46,,0,top,mesh/m046/l00_top.bmp,640,640
mesh,46,,1,hero,mesh/m046/l01_hero.bmp,640,640
mesh,46,,1,side,mesh/m046/l01_side.bmp,640,640
mesh,46,,1,top,mesh/m046/l01_top.bmp,640,640
mesh,46,,2,hero,mesh/m046/l02_hero.bmp,640,640
mesh,46,,2,side,mesh/m046/l02_side.bmp,640,640
mesh,46,,2,top,mesh/m046/l02_top.bmp,640,640
mesh,46,,3,hero,mesh/m046/l03_hero.bmp,640,640
mesh,46,,3,side,mesh/m046/l03_side.bmp,640,640
mesh,46,,3,top,mesh/m046/l03_top.bmp,640,640
mesh,46,,4,hero,mesh/m046/l04_hero.bmp,640,640
mesh,46,,4,side,mesh/m046/l04_side.bmp,640,640
mesh,46,,4,top,mesh/m046/l04_top.bmp,640,640
mesh,46,,5,hero,mesh/m046/l05_hero.bmp,640,640
mesh,46,,5,side,mesh/m046/l05_side.bmp,640,640
mesh,46,,5,top,mesh/m046/l05_top.bmp,640,640
mesh,46,,6,hero,mesh/m046/l06_hero.bmp,640,640
mesh,46,,6,side,mesh/m046/l06_side.bmp,640,640
mesh,46,,6,top,mesh/m046/l06_top.bmp,640,640
submesh,46,0,0,hero,submesh/m046_s00/l00_hero.bmp,640,640
submesh,46,0,1,hero,submesh/m046_s00/l01_hero.bmp,640,640
submesh,46,0,2,hero,submesh/m046_s00/l02_hero.bmp,640,640
submesh,46,0,3,hero,submesh/m046_s00/l03_hero.bmp,640,640
submesh,46,0,4,hero,submesh/m046_s00/l04_hero.bmp,640,640
submesh,46,0,5,hero,submesh/m046_s00/l05_hero.bmp,640,640
submesh,46,0,6,hero,submesh/m046_s00/l06_hero.bmp,640,640
mesh,47,,0,hero,mesh/m047/l00_hero.bmp,640,640
mesh,47,,0,side,mesh/m047/l00_side.bmp,640,640
mesh,47,,0,top,mesh/m047/l00_top.bmp,640,640
mesh,47,,1,hero,mesh/m047/l01_hero.bmp,640,640
mesh,47,,1,side,mesh/m047/l01_side.bmp,640,640
mesh,47,,1,top,mesh/m047/l01_top.bmp,640,640
mesh,47,,2,hero,mesh/m047/l02_hero.bmp,640,640
mesh,47,,2,side,mesh/m047/l02_side.bmp,640,640
mesh,47,,2,top,mesh/m047/l02_top.bmp,640,640
mesh,47,,3,hero,mesh/m047/l03_hero.bmp,640,640
mesh,47,,3,side,mesh/m047/l03_side.bmp,640,640
mesh,47,,3,top,mesh/m047/l03_top.bmp,640,640
mesh,47,,4,hero,mesh/m047/l04_hero.bmp,640,640
mesh,47,,4,side,mesh/m047/l04_side.bmp,640,640
mesh,47,,4,top,mesh/m047/l04_top.bmp,640,640
mesh,47,,5,hero,mesh/m047/l05_hero.bmp,640,640
mesh,47,,5,side,mesh/m047/l05_side.bmp,640,640
mesh,47,,5,top,mesh/m047/l05_top.bmp,640,640
mesh,47,,6,hero,mesh/m047/l06_hero.bmp,640,640
mesh,47,,6,side,mesh/m047/l06_side.bmp,640,640
mesh,47,,6,top,mesh/m047/l06_top.bmp,640,640
submesh,47,0,0,hero,submesh/m047_s00/l00_hero.bmp,640,640
submesh,47,0,1,hero,submesh/m047_s00/l01_hero.bmp,640,640
submesh,47,0,2,hero,submesh/m047_s00/l02_hero.bmp,640,640
submesh,47,0,3,hero,submesh/m047_s00/l03_hero.bmp,640,640
submesh,47,0,4,hero,submesh/m047_s00/l04_hero.bmp,640,640
submesh,47,0,5,hero,submesh/m047_s00/l05_hero.bmp,640,640
submesh,47,0,6,hero,submesh/m047_s00/l06_hero.bmp,640,640
mesh,48,,0,hero,mesh/m048/l00_hero.bmp,640,640
mesh,48,,0,side,mesh/m048/l00_side.bmp,640,640
mesh,48,,0,top,mesh/m048/l00_top.bmp,640,640
mesh,48,,1,hero,mesh/m048/l01_hero.bmp,640,640
mesh,48,,1,side,mesh/m048/l01_side.bmp,640,640
mesh,48,,1,top,mesh/m048/l01_top.bmp,640,640
mesh,48,,2,hero,mesh/m048/l02_hero.bmp,640,640
mesh,48,,2,side,mesh/m048/l02_side.bmp,640,640
mesh,48,,2,top,mesh/m048/l02_top.bmp,640,640
mesh,48,,3,hero,mesh/m048/l03_hero.bmp,640,640
mesh,48,,3,side,mesh/m048/l03_side.bmp,640,640
mesh,48,,3,top,mesh/m048/l03_top.bmp,640,640
mesh,48,,4,hero,mesh/m048/l04_hero.bmp,640,640
mesh,48,,4,side,mesh/m048/l04_side.bmp,640,640
mesh,48,,4,top,mesh/m048/l04_top.bmp,640,640
mesh,48,,5,hero,mesh/m048/l05_hero.bmp,640,640
mesh,48,,5,side,mesh/m048/l05_side.bmp,640,640
mesh,48,,5,top,mesh/m048/l05_top.bmp,640,640
mesh,48,,6,hero,mesh/m048/l06_hero.bmp,640,640
mesh,48,,6,side,mesh/m048/l06_side.bmp,640,640
mesh,48,,6,top,mesh/m048/l06_top.bmp,640,640
submesh,48,0,0,hero,submesh/m048_s00/l00_hero.bmp,640,640
submesh,48,0,1,hero,submesh/m048_s00/l01_hero.bmp,640,640
submesh,48,0,2,hero,submesh/m048_s00/l02_hero.bmp,640,640
submesh,48,0,3,hero,submesh/m048_s00/l03_hero.bmp,640,640
submesh,48,0,4,hero,submesh/m048_s00/l04_hero.bmp,640,640
submesh,48,0,5,hero,submesh/m048_s00/l05_hero.bmp,640,640
submesh,48,0,6,hero,submesh/m048_s00/l06_hero.bmp,640,640
mesh,49,,0,hero,mesh/m049/l00_hero.bmp,640,640
mesh,49,,0,side,mesh/m049/l00_side.bmp,640,640
mesh,49,,0,top,mesh/m049/l00_top.bmp,640,640
mesh,49,,1,hero,mesh/m049/l01_hero.bmp,640,640
mesh,49,,1,side,mesh/m049/l01_side.bmp,640,640
mesh,49,,1,top,mesh/m049/l01_top.bmp,640,640
mesh,49,,2,hero,mesh/m049/l02_hero.bmp,640,640
mesh,49,,2,side,mesh/m049/l02_side.bmp,640,640
mesh,49,,2,top,mesh/m049/l02_top.bmp,640,640
mesh,49,,3,hero,mesh/m049/l03_hero.bmp,640,640
mesh,49,,3,side,mesh/m049/l03_side.bmp,640,640
mesh,49,,3,top,mesh/m049/l03_top.bmp,640,640
mesh,49,,4,hero,mesh/m049/l04_hero.bmp,640,640
mesh,49,,4,side,mesh/m049/l04_side.bmp,640,640
mesh,49,,4,top,mesh/m049/l04_top.bmp,640,640
mesh,49,,5,hero,mesh/m049/l05_hero.bmp,640,640
mesh,49,,5,side,mesh/m049/l05_side.bmp,640,640
mesh,49,,5,top,mesh/m049/l05_top.bmp,640,640
mesh,49,,6,hero,mesh/m049/l06_hero.bmp,640,640
mesh,49,,6,side,mesh/m049/l06_side.bmp,640,640
mesh,49,,6,top,mesh/m049/l06_top.bmp,640,640
submesh,49,0,0,hero,submesh/m049_s00/l00_hero.bmp,640,640
submesh,49,0,1,hero,submesh/m049_s00/l01_hero.bmp,640,640
submesh,49,0,2,hero,submesh/m049_s00/l02_hero.bmp,640,640
submesh,49,0,3,hero,submesh/m049_s00/l03_hero.bmp,640,640
submesh,49,0,4,hero,submesh/m049_s00/l04_hero.bmp,640,640
submesh,49,0,5,hero,submesh/m049_s00/l05_hero.bmp,640,640
submesh,49,0,6,hero,submesh/m049_s00/l06_hero.bmp,640,640
mesh,50,,0,hero,mesh/m050/l00_hero.bmp,640,640
mesh,50,,0,side,mesh/m050/l00_side.bmp,640,640
mesh,50,,0,top,mesh/m050/l00_top.bmp,640,640
mesh,50,,1,hero,mesh/m050/l01_hero.bmp,640,640
mesh,50,,1,side,mesh/m050/l01_side.bmp,640,640
mesh,50,,1,top,mesh/m050/l01_top.bmp,640,640
mesh,50,,2,hero,mesh/m050/l02_hero.bmp,640,640
mesh,50,,2,side,mesh/m050/l02_side.bmp,640,640
mesh,50,,2,top,mesh/m050/l02_top.bmp,640,640
mesh,50,,3,hero,mesh/m050/l03_hero.bmp,640,640
mesh,50,,3,side,mesh/m050/l03_side.bmp,640,640
mesh,50,,3,top,mesh/m050/l03_top.bmp,640,640
mesh,50,,4,hero,mesh/m050/l04_hero.bmp,640,640
mesh,50,,4,side,mesh/m050/l04_side.bmp,640,640
mesh,50,,4,top,mesh/m050/l04_top.bmp,640,640
mesh,50,,5,hero,mesh/m050/l05_hero.bmp,640,640
mesh,50,,5,side,mesh/m050/l05_side.bmp,640,640
mesh,50,,5,top,mesh/m050/l05_top.bmp,640,640
mesh,50,,6,hero,mesh/m050/l06_hero.bmp,640,640
mesh,50,,6,side,mesh/m050/l06_side.bmp,640,640
mesh,50,,6,top,mesh/m050/l06_top.bmp,640,640
submesh,50,0,0,hero,submesh/m050_s00/l00_hero.bmp,640,640
submesh,50,0,1,hero,submesh/m050_s00/l01_hero.bmp,640,640
submesh,50,0,2,hero,submesh/m050_s00/l02_hero.bmp,640,640
submesh,50,0,3,hero,submesh/m050_s00/l03_hero.bmp,640,640
submesh,50,0,4,hero,submesh/m050_s00/l04_hero.bmp,640,640
submesh,50,0,5,hero,submesh/m050_s00/l05_hero.bmp,640,640
submesh,50,0,6,hero,submesh/m050_s00/l06_hero.bmp,640,640
mesh,51,,0,hero,mesh/m051/l00_hero.bmp,640,640
mesh,51,,0,side,mesh/m051/l00_side.bmp,640,640
mesh,51,,0,top,mesh/m051/l00_top.bmp,640,640
mesh,51,,1,hero,mesh/m051/l01_hero.bmp,640,640
mesh,51,,1,side,mesh/m051/l01_side.bmp,640,640
mesh,51,,1,top,mesh/m051/l01_top.bmp,640,640
mesh,51,,2,hero,mesh/m051/l02_hero.bmp,640,640
mesh,51,,2,side,mesh/m051/l02_side.bmp,640,640
mesh,51,,2,top,mesh/m051/l02_top.bmp,640,640
mesh,51,,3,hero,mesh/m051/l03_hero.bmp,640,640
mesh,51,,3,side,mesh/m051/l03_side.bmp,640,640
mesh,51,,3,top,mesh/m051/l03_top.bmp,640,640
mesh,51,,4,hero,mesh/m051/l04_hero.bmp,640,640
mesh,51,,4,side,mesh/m051/l04_side.bmp,640,640
mesh,51,,4,top,mesh/m051/l04_top.bmp,640,640
mesh,51,,5,hero,mesh/m051/l05_hero.bmp,640,640
mesh,51,,5,side,mesh/m051/l05_side.bmp,640,640
mesh,51,,5,top,mesh/m051/l05_top.bmp,640,640
mesh,51,,6,hero,mesh/m051/l06_hero.bmp,640,640
mesh,51,,6,side,mesh/m051/l06_side.bmp,640,640
mesh,51,,6,top,mesh/m051/l06_top.bmp,640,640
submesh,51,0,0,hero,submesh/m051_s00/l00_hero.bmp,640,640
submesh,51,0,1,hero,submesh/m051_s00/l01_hero.bmp,640,640
submesh,51,0,2,hero,submesh/m051_s00/l02_hero.bmp,640,640
submesh,51,0,3,hero,submesh/m051_s00/l03_hero.bmp,640,640
submesh,51,0,4,hero,submesh/m051_s00/l04_hero.bmp,640,640
submesh,51,0,5,hero,submesh/m051_s00/l05_hero.bmp,640,640
submesh,51,0,6,hero,submesh/m051_s00/l06_hero.bmp,640,640
mesh,52,,0,hero,mesh/m052/l00_hero.bmp,640,640
mesh,52,,0,side,mesh/m052/l00_side.bmp,640,640
mesh,52,,0,top,mesh/m052/l00_top.bmp,640,640
mesh,52,,1,hero,mesh/m052/l01_hero.bmp,640,640
mesh,52,,1,side,mesh/m052/l01_side.bmp,640,640
mesh,52,,1,top,mesh/m052/l01_top.bmp,640,640
mesh,52,,2,hero,mesh/m052/l02_hero.bmp,640,640
mesh,52,,2,side,mesh/m052/l02_side.bmp,640,640
mesh,52,,2,top,mesh/m052/l02_top.bmp,640,640
mesh,52,,3,hero,mesh/m052/l03_hero.bmp,640,640
mesh,52,,3,side,mesh/m052/l03_side.bmp,640,640
mesh,52,,3,top,mesh/m052/l03_top.bmp,640,640
mesh,52,,4,hero,mesh/m052/l04_hero.bmp,640,640
mesh,52,,4,side,mesh/m052/l04_side.bmp,640,640
mesh,52,,4,top,mesh/m052/l04_top.bmp,640,640
mesh,52,,5,hero,mesh/m052/l05_hero.bmp,640,640
mesh,52,,5,side,mesh/m052/l05_side.bmp,640,640
mesh,52,,5,top,mesh/m052/l05_top.bmp,640,640
mesh,52,,6,hero,mesh/m052/l06_hero.bmp,640,640
mesh,52,,6,side,mesh/m052/l06_side.bmp,640,640
mesh,52,,6,top,mesh/m052/l06_top.bmp,640,640
submesh,52,0,0,hero,submesh/m052_s00/l00_hero.bmp,640,640
submesh,52,0,1,hero,submesh/m052_s00/l01_hero.bmp,640,640
submesh,52,0,2,hero,submesh/m052_s00/l02_hero.bmp,640,640
submesh,52,0,3,hero,submesh/m052_s00/l03_hero.bmp,640,640
submesh,52,0,4,hero,submesh/m052_s00/l04_hero.bmp,640,640
submesh,52,0,5,hero,submesh/m052_s00/l05_hero.bmp,640,640
submesh,52,0,6,hero,submesh/m052_s00/l06_hero.bmp,640,640
mesh,53,,0,hero,mesh/m053/l00_hero.bmp,640,640
mesh,53,,0,side,mesh/m053/l00_side.bmp,640,640
mesh,53,,0,top,mesh/m053/l00_top.bmp,640,640
mesh,53,,1,hero,mesh/m053/l01_hero.bmp,640,640
mesh,53,,1,side,mesh/m053/l01_side.bmp,640,640
mesh,53,,1,top,mesh/m053/l01_top.bmp,640,640
mesh,53,,2,hero,mesh/m053/l02_hero.bmp,640,640
mesh,53,,2,side,mesh/m053/l02_side.bmp,640,640
mesh,53,,2,top,mesh/m053/l02_top.bmp,640,640
mesh,53,,3,hero,mesh/m053/l03_hero.bmp,640,640
mesh,53,,3,side,mesh/m053/l03_side.bmp,640,640
mesh,53,,3,top,mesh/m053/l03_top.bmp,640,640
mesh,53,,4,hero,mesh/m053/l04_hero.bmp,640,640
mesh,53,,4,side,mesh/m053/l04_side.bmp,640,640
mesh,53,,4,top,mesh/m053/l04_top.bmp,640,640
mesh,53,,5,hero,mesh/m053/l05_hero.bmp,640,640
mesh,53,,5,side,mesh/m053/l05_side.bmp,640,640
mesh,53,,5,top,mesh/m053/l05_top.bmp,640,640
mesh,53,,6,hero,mesh/m053/l06_hero.bmp,640,640
mesh,53,,6,side,mesh/m053/l06_side.bmp,640,640
mesh,53,,6,top,mesh/m053/l06_top.bmp,640,640
submesh,53,0,0,hero,submesh/m053_s00/l00_hero.bmp,640,640
submesh,53,0,1,hero,submesh/m053_s00/l01_hero.bmp,640,640
submesh,53,0,2,hero,submesh/m053_s00/l02_hero.bmp,640,640
submesh,53,0,3,hero,submesh/m053_s00/l03_hero.bmp,640,640
submesh,53,0,4,hero,submesh/m053_s00/l04_hero.bmp,640,640
submesh,53,0,5,hero,submesh/m053_s00/l05_hero.bmp,640,640
submesh,53,0,6,hero,submesh/m053_s00/l06_hero.bmp,640,640
mesh,54,,0,hero,mesh/m054/l00_hero.bmp,640,640
mesh,54,,0,side,mesh/m054/l00_side.bmp,640,640
mesh,54,,0,top,mesh/m054/l00_top.bmp,640,640
mesh,54,,1,hero,mesh/m054/l01_hero.bmp,640,640
mesh,54,,1,side,mesh/m054/l01_side.bmp,640,640
mesh,54,,1,top,mesh/m054/l01_top.bmp,640,640
mesh,54,,2,hero,mesh/m054/l02_hero.bmp,640,640
mesh,54,,2,side,mesh/m054/l02_side.bmp,640,640
mesh,54,,2,top,mesh/m054/l02_top.bmp,640,640
mesh,54,,3,hero,mesh/m054/l03_hero.bmp,640,640
mesh,54,,3,side,mesh/m054/l03_side.bmp,640,640
mesh,54,,3,top,mesh/m054/l03_top.bmp,640,640
mesh,54,,4,hero,mesh/m054/l04_hero.bmp,640,640
mesh,54,,4,side,mesh/m054/l04_side.bmp,640,640
mesh,54,,4,top,mesh/m054/l04_top.bmp,640,640
mesh,54,,5,hero,mesh/m054/l05_hero.bmp,640,640
mesh,54,,5,side,mesh/m054/l05_side.bmp,640,640
mesh,54,,5,top,mesh/m054/l05_top.bmp,640,640
mesh,54,,6,hero,mesh/m054/l06_hero.bmp,640,640
mesh,54,,6,side,mesh/m054/l06_side.bmp,640,640
mesh,54,,6,top,mesh/m054/l06_top.bmp,640,640
submesh,54,0,0,hero,submesh/m054_s00/l00_hero.bmp,640,640
submesh,54,0,1,hero,submesh/m054_s00/l01_hero.bmp,640,640
submesh,54,0,2,hero,submesh/m054_s00/l02_hero.bmp,640,640
submesh,54,0,3,hero,submesh/m054_s00/l03_hero.bmp,640,640
submesh,54,0,4,hero,submesh/m054_s00/l04_hero.bmp,640,640
submesh,54,0,5,hero,submesh/m054_s00/l05_hero.bmp,640,640
submesh,54,0,6,hero,submesh/m054_s00/l06_hero.bmp,640,640
mesh,55,,0,hero,mesh/m055/l00_hero.bmp,640,640
mesh,55,,0,side,mesh/m055/l00_side.bmp,640,640
mesh,55,,0,top,mesh/m055/l00_top.bmp,640,640
mesh,55,,1,hero,mesh/m055/l01_hero.bmp,640,640
mesh,55,,1,side,mesh/m055/l01_side.bmp,640,640
mesh,55,,1,top,mesh/m055/l01_top.bmp,640,640
mesh,55,,2,hero,mesh/m055/l02_hero.bmp,640,640
mesh,55,,2,side,mesh/m055/l02_side.bmp,640,640
mesh,55,,2,top,mesh/m055/l02_top.bmp,640,640
mesh,55,,3,hero,mesh/m055/l03_hero.bmp,640,640
mesh,55,,3,side,mesh/m055/l03_side.bmp,640,640
mesh,55,,3,top,mesh/m055/l03_top.bmp,640,640
mesh,55,,4,hero,mesh/m055/l04_hero.bmp,640,640
mesh,55,,4,side,mesh/m055/l04_side.bmp,640,640
mesh,55,,4,top,mesh/m055/l04_top.bmp,640,640
mesh,55,,5,hero,mesh/m055/l05_hero.bmp,640,640
mesh,55,,5,side,mesh/m055/l05_side.bmp,640,640
mesh,55,,5,top,mesh/m055/l05_top.bmp,640,640
mesh,55,,6,hero,mesh/m055/l06_hero.bmp,640,640
mesh,55,,6,side,mesh/m055/l06_side.bmp,640,640
mesh,55,,6,top,mesh/m055/l06_top.bmp,640,640
submesh,55,0,0,hero,submesh/m055_s00/l00_hero.bmp,640,640
submesh,55,0,1,hero,submesh/m055_s00/l01_hero.bmp,640,640
submesh,55,0,2,hero,submesh/m055_s00/l02_hero.bmp,640,640
submesh,55,0,3,hero,submesh/m055_s00/l03_hero.bmp,640,640
submesh,55,0,4,hero,submesh/m055_s00/l04_hero.bmp,640,640
submesh,55,0,5,hero,submesh/m055_s00/l05_hero.bmp,640,640
submesh,55,0,6,hero,submesh/m055_s00/l06_hero.bmp,640,640
mesh,56,,0,hero,mesh/m056/l00_hero.bmp,640,640
mesh,56,,0,side,mesh/m056/l00_side.bmp,640,640
mesh,56,,0,top,mesh/m056/l00_top.bmp,640,640
mesh,56,,1,hero,mesh/m056/l01_hero.bmp,640,640
mesh,56,,1,side,mesh/m056/l01_side.bmp,640,640
mesh,56,,1,top,mesh/m056/l01_top.bmp,640,640
mesh,56,,2,hero,mesh/m056/l02_hero.bmp,640,640
mesh,56,,2,side,mesh/m056/l02_side.bmp,640,640
mesh,56,,2,top,mesh/m056/l02_top.bmp,640,640
mesh,56,,3,hero,mesh/m056/l03_hero.bmp,640,640
mesh,56,,3,side,mesh/m056/l03_side.bmp,640,640
mesh,56,,3,top,mesh/m056/l03_top.bmp,640,640
mesh,56,,4,hero,mesh/m056/l04_hero.bmp,640,640
mesh,56,,4,side,mesh/m056/l04_side.bmp,640,640
mesh,56,,4,top,mesh/m056/l04_top.bmp,640,640
mesh,56,,5,hero,mesh/m056/l05_hero.bmp,640,640
mesh,56,,5,side,mesh/m056/l05_side.bmp,640,640
mesh,56,,5,top,mesh/m056/l05_top.bmp,640,640
mesh,56,,6,hero,mesh/m056/l06_hero.bmp,640,640
mesh,56,,6,side,mesh/m056/l06_side.bmp,640,640
mesh,56,,6,top,mesh/m056/l06_top.bmp,640,640
submesh,56,0,0,hero,submesh/m056_s00/l00_hero.bmp,640,640
submesh,56,0,1,hero,submesh/m056_s00/l01_hero.bmp,640,640
submesh,56,0,2,hero,submesh/m056_s00/l02_hero.bmp,640,640
submesh,56,0,3,hero,submesh/m056_s00/l03_hero.bmp,640,640
submesh,56,0,4,hero,submesh/m056_s00/l04_hero.bmp,640,640
submesh,56,0,5,hero,submesh/m056_s00/l05_hero.bmp,640,640
submesh,56,0,6,hero,submesh/m056_s00/l06_hero.bmp,640,640
mesh,57,,0,hero,mesh/m057/l00_hero.bmp,640,640
mesh,57,,0,side,mesh/m057/l00_side.bmp,640,640
mesh,57,,0,top,mesh/m057/l00_top.bmp,640,640
mesh,57,,1,hero,mesh/m057/l01_hero.bmp,640,640
mesh,57,,1,side,mesh/m057/l01_side.bmp,640,640
mesh,57,,1,top,mesh/m057/l01_top.bmp,640,640
mesh,57,,2,hero,mesh/m057/l02_hero.bmp,640,640
mesh,57,,2,side,mesh/m057/l02_side.bmp,640,640
mesh,57,,2,top,mesh/m057/l02_top.bmp,640,640
mesh,57,,3,hero,mesh/m057/l03_hero.bmp,640,640
mesh,57,,3,side,mesh/m057/l03_side.bmp,640,640
mesh,57,,3,top,mesh/m057/l03_top.bmp,640,640
mesh,57,,4,hero,mesh/m057/l04_hero.bmp,640,640
mesh,57,,4,side,mesh/m057/l04_side.bmp,640,640
mesh,57,,4,top,mesh/m057/l04_top.bmp,640,640
mesh,57,,5,hero,mesh/m057/l05_hero.bmp,640,640
mesh,57,,5,side,mesh/m057/l05_side.bmp,640,640
mesh,57,,5,top,mesh/m057/l05_top.bmp,640,640
mesh,57,,6,hero,mesh/m057/l06_hero.bmp,640,640
mesh,57,,6,side,mesh/m057/l06_side.bmp,640,640
mesh,57,,6,top,mesh/m057/l06_top.bmp,640,640
submesh,57,0,0,hero,submesh/m057_s00/l00_hero.bmp,640,640
submesh,57,0,1,hero,submesh/m057_s00/l01_hero.bmp,640,640
submesh,57,0,2,hero,submesh/m057_s00/l02_hero.bmp,640,640
submesh,57,0,3,hero,submesh/m057_s00/l03_hero.bmp,640,640
submesh,57,0,4,hero,submesh/m057_s00/l04_hero.bmp,640,640
submesh,57,0,5,hero,submesh/m057_s00/l05_hero.bmp,640,640
submesh,57,0,6,hero,submesh/m057_s00/l06_hero.bmp,640,640
mesh,58,,0,hero,mesh/m058/l00_hero.bmp,640,640
mesh,58,,0,side,mesh/m058/l00_side.bmp,640,640
mesh,58,,0,top,mesh/m058/l00_top.bmp,640,640
mesh,58,,1,hero,mesh/m058/l01_hero.bmp,640,640
mesh,58,,1,side,mesh/m058/l01_side.bmp,640,640
mesh,58,,1,top,mesh/m058/l01_top.bmp,640,640
mesh,58,,2,hero,mesh/m058/l02_hero.bmp,640,640
mesh,58,,2,side,mesh/m058/l02_side.bmp,640,640
mesh,58,,2,top,mesh/m058/l02_top.bmp,640,640
mesh,58,,3,hero,mesh/m058/l03_hero.bmp,640,640
mesh,58,,3,side,mesh/m058/l03_side.bmp,640,640
mesh,58,,3,top,mesh/m058/l03_top.bmp,640,640
mesh,58,,4,hero,mesh/m058/l04_hero.bmp,640,640
mesh,58,,4,side,mesh/m058/l04_side.bmp,640,640
mesh,58,,4,top,mesh/m058/l04_top.bmp,640,640
mesh,58,,5,hero,mesh/m058/l05_hero.bmp,640,640
mesh,58,,5,side,mesh/m058/l05_side.bmp,640,640
mesh,58,,5,top,mesh/m058/l05_top.bmp,640,640
mesh,58,,6,hero,mesh/m058/l06_hero.bmp,640,640
mesh,58,,6,side,mesh/m058/l06_side.bmp,640,640
mesh,58,,6,top,mesh/m058/l06_top.bmp,640,640
submesh,58,0,0,hero,submesh/m058_s00/l00_hero.bmp,640,640
submesh,58,0,1,hero,submesh/m058_s00/l01_hero.bmp,640,640
submesh,58,0,2,hero,submesh/m058_s00/l02_hero.bmp,640,640
submesh,58,0,3,hero,submesh/m058_s00/l03_hero.bmp,640,640
submesh,58,0,4,hero,submesh/m058_s00/l04_hero.bmp,640,640
submesh,58,0,5,hero,submesh/m058_s00/l05_hero.bmp,640,640
submesh,58,0,6,hero,submesh/m058_s00/l06_hero.bmp,640,640
mesh,59,,0,hero,mesh/m059/l00_hero.bmp,640,640
mesh,59,,0,side,mesh/m059/l00_side.bmp,640,640
mesh,59,,0,top,mesh/m059/l00_top.bmp,640,640
mesh,59,,1,hero,mesh/m059/l01_hero.bmp,640,640
mesh,59,,1,side,mesh/m059/l01_side.bmp,640,640
mesh,59,,1,top,mesh/m059/l01_top.bmp,640,640
mesh,59,,2,hero,mesh/m059/l02_hero.bmp,640,640
mesh,59,,2,side,mesh/m059/l02_side.bmp,640,640
mesh,59,,2,top,mesh/m059/l02_top.bmp,640,640
mesh,59,,3,hero,mesh/m059/l03_hero.bmp,640,640
mesh,59,,3,side,mesh/m059/l03_side.bmp,640,640
mesh,59,,3,top,mesh/m059/l03_top.bmp,640,640
mesh,59,,4,hero,mesh/m059/l04_hero.bmp,640,640
mesh,59,,4,side,mesh/m059/l04_side.bmp,640,640
mesh,59,,4,top,mesh/m059/l04_top.bmp,640,640
mesh,59,,5,hero,mesh/m059/l05_hero.bmp,640,640
mesh,59,,5,side,mesh/m059/l05_side.bmp,640,640
mesh,59,,5,top,mesh/m059/l05_top.bmp,640,640
mesh,59,,6,hero,mesh/m059/l06_hero.bmp,640,640
mesh,59,,6,side,mesh/m059/l06_side.bmp,640,640
mesh,59,,6,top,mesh/m059/l06_top.bmp,640,640
submesh,59,0,0,hero,submesh/m059_s00/l00_hero.bmp,640,640
submesh,59,0,1,hero,submesh/m059_s00/l01_hero.bmp,640,640
submesh,59,0,2,hero,submesh/m059_s00/l02_hero.bmp,640,640
submesh,59,0,3,hero,submesh/m059_s00/l03_hero.bmp,640,640
submesh,59,0,4,hero,submesh/m059_s00/l04_hero.bmp,640,640
submesh,59,0,5,hero,submesh/m059_s00/l05_hero.bmp,640,640
submesh,59,0,6,hero,submesh/m059_s00/l06_hero.bmp,640,640
mesh,60,,0,hero,mesh/m060/l00_hero.bmp,640,640
mesh,60,,0,side,mesh/m060/l00_side.bmp,640,640
mesh,60,,0,top,mesh/m060/l00_top.bmp,640,640
mesh,60,,1,hero,mesh/m060/l01_hero.bmp,640,640
mesh,60,,1,side,mesh/m060/l01_side.bmp,640,640
mesh,60,,1,top,mesh/m060/l01_top.bmp,640,640
mesh,60,,2,hero,mesh/m060/l02_hero.bmp,640,640
mesh,60,,2,side,mesh/m060/l02_side.bmp,640,640
mesh,60,,2,top,mesh/m060/l02_top.bmp,640,640
mesh,60,,3,hero,mesh/m060/l03_hero.bmp,640,640
mesh,60,,3,side,mesh/m060/l03_side.bmp,640,640
mesh,60,,3,top,mesh/m060/l03_top.bmp,640,640
mesh,60,,4,hero,mesh/m060/l04_hero.bmp,640,640
mesh,60,,4,side,mesh/m060/l04_side.bmp,640,640
mesh,60,,4,top,mesh/m060/l04_top.bmp,640,640
mesh,60,,5,hero,mesh/m060/l05_hero.bmp,640,640
mesh,60,,5,side,mesh/m060/l05_side.bmp,640,640
mesh,60,,5,top,mesh/m060/l05_top.bmp,640,640
mesh,60,,6,hero,mesh/m060/l06_hero.bmp,640,640
mesh,60,,6,side,mesh/m060/l06_side.bmp,640,640
mesh,60,,6,top,mesh/m060/l06_top.bmp,640,640
submesh,60,0,0,hero,submesh/m060_s00/l00_hero.bmp,640,640
submesh,60,0,1,hero,submesh/m060_s00/l01_hero.bmp,640,640
submesh,60,0,2,hero,submesh/m060_s00/l02_hero.bmp,640,640
submesh,60,0,3,hero,submesh/m060_s00/l03_hero.bmp,640,640
submesh,60,0,4,hero,submesh/m060_s00/l04_hero.bmp,640,640
submesh,60,0,5,hero,submesh/m060_s00/l05_hero.bmp,640,640
submesh,60,0,6,hero,submesh/m060_s00/l06_hero.bmp,640,640
mesh,61,,0,hero,mesh/m061/l00_hero.bmp,640,640
mesh,61,,0,side,mesh/m061/l00_side.bmp,640,640
mesh,61,,0,top,mesh/m061/l00_top.bmp,640,640
mesh,61,,1,hero,mesh/m061/l01_hero.bmp,640,640
mesh,61,,1,side,mesh/m061/l01_side.bmp,640,640
mesh,61,,1,top,mesh/m061/l01_top.bmp,640,640
mesh,61,,2,hero,mesh/m061/l02_hero.bmp,640,640
mesh,61,,2,side,mesh/m061/l02_side.bmp,640,640
mesh,61,,2,top,mesh/m061/l02_top.bmp,640,640
mesh,61,,3,hero,mesh/m061/l03_hero.bmp,640,640
mesh,61,,3,side,mesh/m061/l03_side.bmp,640,640
mesh,61,,3,top,mesh/m061/l03_top.bmp,640,640
mesh,61,,4,hero,mesh/m061/l04_hero.bmp,640,640
mesh,61,,4,side,mesh/m061/l04_side.bmp,640,640
mesh,61,,4,top,mesh/m061/l04_top.bmp,640,640
mesh,61,,5,hero,mesh/m061/l05_hero.bmp,640,640
mesh,61,,5,side,mesh/m061/l05_side.bmp,640,640
mesh,61,,5,top,mesh/m061/l05_top.bmp,640,640
mesh,61,,6,hero,mesh/m061/l06_hero.bmp,640,640
mesh,61,,6,side,mesh/m061/l06_side.bmp,640,640
mesh,61,,6,top,mesh/m061/l06_top.bmp,640,640
submesh,61,0,0,hero,submesh/m061_s00/l00_hero.bmp,640,640
submesh,61,0,1,hero,submesh/m061_s00/l01_hero.bmp,640,640
submesh,61,0,2,hero,submesh/m061_s00/l02_hero.bmp,640,640
submesh,61,0,3,hero,submesh/m061_s00/l03_hero.bmp,640,640
submesh,61,0,4,hero,submesh/m061_s00/l04_hero.bmp,640,640
submesh,61,0,5,hero,submesh/m061_s00/l05_hero.bmp,640,640
submesh,61,0,6,hero,submesh/m061_s00/l06_hero.bmp,640,640
mesh,62,,0,hero,mesh/m062/l00_hero.bmp,640,640
mesh,62,,0,side,mesh/m062/l00_side.bmp,640,640
mesh,62,,0,top,mesh/m062/l00_top.bmp,640,640
mesh,62,,1,hero,mesh/m062/l01_hero.bmp,640,640
mesh,62,,1,side,mesh/m062/l01_side.bmp,640,640
mesh,62,,1,top,mesh/m062/l01_top.bmp,640,640
mesh,62,,2,hero,mesh/m062/l02_hero.bmp,640,640
mesh,62,,2,side,mesh/m062/l02_side.bmp,640,640
mesh,62,,2,top,mesh/m062/l02_top.bmp,640,640
mesh,62,,3,hero,mesh/m062/l03_hero.bmp,640,640
mesh,62,,3,side,mesh/m062/l03_side.bmp,640,640
mesh,62,,3,top,mesh/m062/l03_top.bmp,640,640
mesh,62,,4,hero,mesh/m062/l04_hero.bmp,640,640
mesh,62,,4,side,mesh/m062/l04_side.bmp,640,640
mesh,62,,4,top,mesh/m062/l04_top.bmp,640,640
mesh,62,,5,hero,mesh/m062/l05_hero.bmp,640,640
mesh,62,,5,side,mesh/m062/l05_side.bmp,640,640
mesh,62,,5,top,mesh/m062/l05_top.bmp,640,640
mesh,62,,6,hero,mesh/m062/l06_hero.bmp,640,640
mesh,62,,6,side,mesh/m062/l06_side.bmp,640,640
mesh,62,,6,top,mesh/m062/l06_top.bmp,640,640
submesh,62,0,0,hero,submesh/m062_s00/l00_hero.bmp,640,640
submesh,62,0,1,hero,submesh/m062_s00/l01_hero.bmp,640,640
submesh,62,0,2,hero,submesh/m062_s00/l02_hero.bmp,640,640
submesh,62,0,3,hero,submesh/m062_s00/l03_hero.bmp,640,640
submesh,62,0,4,hero,submesh/m062_s00/l04_hero.bmp,640,640
submesh,62,0,5,hero,submesh/m062_s00/l05_hero.bmp,640,640
submesh,62,0,6,hero,submesh/m062_s00/l06_hero.bmp,640,640
mesh,63,,0,hero,mesh/m063/l00_hero.bmp,640,640
mesh,63,,0,side,mesh/m063/l00_side.bmp,640,640
mesh,63,,0,top,mesh/m063/l00_top.bmp,640,640
mesh,63,,1,hero,mesh/m063/l01_hero.bmp,640,640
mesh,63,,1,side,mesh/m063/l01_side.bmp,640,640
mesh,63,,1,top,mesh/m063/l01_top.bmp,640,640
mesh,63,,2,hero,mesh/m063/l02_hero.bmp,640,640
mesh,63,,2,side,mesh/m063/l02_side.bmp,640,640
mesh,63,,2,top,mesh/m063/l02_top.bmp,640,640
mesh,63,,3,hero,mesh/m063/l03_hero.bmp,640,640
mesh,63,,3,side,mesh/m063/l03_side.bmp,640,640
mesh,63,,3,top,mesh/m063/l03_top.bmp,640,640
mesh,63,,4,hero,mesh/m063/l04_hero.bmp,640,640
mesh,63,,4,side,mesh/m063/l04_side.bmp,640,640
mesh,63,,4,top,mesh/m063/l04_top.bmp,640,640
mesh,63,,5,hero,mesh/m063/l05_hero.bmp,640,640
mesh,63,,5,side,mesh/m063/l05_side.bmp,640,640
mesh,63,,5,top,mesh/m063/l05_top.bmp,640,640
mesh,63,,6,hero,mesh/m063/l06_hero.bmp,640,640
mesh,63,,6,side,mesh/m063/l06_side.bmp,640,640
mesh,63,,6,top,mesh/m063/l06_top.bmp,640,640
submesh,63,0,0,hero,submesh/m063_s00/l00_hero.bmp,640,640
submesh,63,0,1,hero,submesh/m063_s00/l01_hero.bmp,640,640
submesh,63,0,2,hero,submesh/m063_s00/l02_hero.bmp,640,640
submesh,63,0,3,hero,submesh/m063_s00/l03_hero.bmp,640,640
submesh,63,0,4,hero,submesh/m063_s00/l04_hero.bmp,640,640
submesh,63,0,5,hero,submesh/m063_s00/l05_hero.bmp,640,640
submesh,63,0,6,hero,submesh/m063_s00/l06_hero.bmp,640,640
mesh,64,,0,hero,mesh/m064/l00_hero.bmp,640,640
mesh,64,,0,side,mesh/m064/l00_side.bmp,640,640
mesh,64,,0,top,mesh/m064/l00_top.bmp,640,640
mesh,64,,1,hero,mesh/m064/l01_hero.bmp,640,640
mesh,64,,1,side,mesh/m064/l01_side.bmp,640,640
mesh,64,,1,top,mesh/m064/l01_top.bmp,640,640
mesh,64,,2,hero,mesh/m064/l02_hero.bmp,640,640
mesh,64,,2,side,mesh/m064/l02_side.bmp,640,640
mesh,64,,2,top,mesh/m064/l02_top.bmp,640,640
mesh,64,,3,hero,mesh/m064/l03_hero.bmp,640,640
mesh,64,,3,side,mesh/m064/l03_side.bmp,640,640
mesh,64,,3,top,mesh/m064/l03_top.bmp,640,640
mesh,64,,4,hero,mesh/m064/l04_hero.bmp,640,640
mesh,64,,4,side,mesh/m064/l04_side.bmp,640,640
mesh,64,,4,top,mesh/m064/l04_top.bmp,640,640
mesh,64,,5,hero,mesh/m064/l05_hero.bmp,640,640
mesh,64,,5,side,mesh/m064/l05_side.bmp,640,640
mesh,64,,5,top,mesh/m064/l05_top.bmp,640,640
mesh,64,,6,hero,mesh/m064/l06_hero.bmp,640,640
mesh,64,,6,side,mesh/m064/l06_side.bmp,640,640
mesh,64,,6,top,mesh/m064/l06_top.bmp,640,640
submesh,64,0,0,hero,submesh/m064_s00/l00_hero.bmp,640,640
submesh,64,0,1,hero,submesh/m064_s00/l01_hero.bmp,640,640
submesh,64,0,2,hero,submesh/m064_s00/l02_hero.bmp,640,640
submesh,64,0,3,hero,submesh/m064_s00/l03_hero.bmp,640,640
submesh,64,0,4,hero,submesh/m064_s00/l04_hero.bmp,640,640
submesh,64,0,5,hero,submesh/m064_s00/l05_hero.bmp,640,640
submesh,64,0,6,hero,submesh/m064_s00/l06_hero.bmp,640,640
mesh,65,,0,hero,mesh/m065/l00_hero.bmp,640,640
mesh,65,,0,side,mesh/m065/l00_side.bmp,640,640
mesh,65,,0,top,mesh/m065/l00_top.bmp,640,640
mesh,65,,1,hero,mesh/m065/l01_hero.bmp,640,640
mesh,65,,1,side,mesh/m065/l01_side.bmp,640,640
mesh,65,,1,top,mesh/m065/l01_top.bmp,640,640
mesh,65,,2,hero,mesh/m065/l02_hero.bmp,640,640
mesh,65,,2,side,mesh/m065/l02_side.bmp,640,640
mesh,65,,2,top,mesh/m065/l02_top.bmp,640,640
mesh,65,,3,hero,mesh/m065/l03_hero.bmp,640,640
mesh,65,,3,side,mesh/m065/l03_side.bmp,640,640
mesh,65,,3,top,mesh/m065/l03_top.bmp,640,640
mesh,65,,4,hero,mesh/m065/l04_hero.bmp,640,640
mesh,65,,4,side,mesh/m065/l04_side.bmp,640,640
mesh,65,,4,top,mesh/m065/l04_top.bmp,640,640
mesh,65,,5,hero,mesh/m065/l05_hero.bmp,640,640
mesh,65,,5,side,mesh/m065/l05_side.bmp,640,640
mesh,65,,5,top,mesh/m065/l05_top.bmp,640,640
mesh,65,,6,hero,mesh/m065/l06_hero.bmp,640,640
mesh,65,,6,side,mesh/m065/l06_side.bmp,640,640
mesh,65,,6,top,mesh/m065/l06_top.bmp,640,640
submesh,65,0,0,hero,submesh/m065_s00/l00_hero.bmp,640,640
submesh,65,0,1,hero,submesh/m065_s00/l01_hero.bmp,640,640
submesh,65,0,2,hero,submesh/m065_s00/l02_hero.bmp,640,640
submesh,65,0,3,hero,submesh/m065_s00/l03_hero.bmp,640,640
submesh,65,0,4,hero,submesh/m065_s00/l04_hero.bmp,640,640
submesh,65,0,5,hero,submesh/m065_s00/l05_hero.bmp,640,640
submesh,65,0,6,hero,submesh/m065_s00/l06_hero.bmp,640,640
mesh,66,,0,hero,mesh/m066/l00_hero.bmp,640,640
mesh,66,,0,side,mesh/m066/l00_side.bmp,640,640
mesh,66,,0,top,mesh/m066/l00_top.bmp,640,640
mesh,66,,1,hero,mesh/m066/l01_hero.bmp,640,640
mesh,66,,1,side,mesh/m066/l01_side.bmp,640,640
mesh,66,,1,top,mesh/m066/l01_top.bmp,640,640
mesh,66,,2,hero,mesh/m066/l02_hero.bmp,640,640
mesh,66,,2,side,mesh/m066/l02_side.bmp,640,640
mesh,66,,2,top,mesh/m066/l02_top.bmp,640,640
mesh,66,,3,hero,mesh/m066/l03_hero.bmp,640,640
mesh,66,,3,side,mesh/m066/l03_side.bmp,640,640
mesh,66,,3,top,mesh/m066/l03_top.bmp,640,640
mesh,66,,4,hero,mesh/m066/l04_hero.bmp,640,640
mesh,66,,4,side,mesh/m066/l04_side.bmp,640,640
mesh,66,,4,top,mesh/m066/l04_top.bmp,640,640
mesh,66,,5,hero,mesh/m066/l05_hero.bmp,640,640
mesh,66,,5,side,mesh/m066/l05_side.bmp,640,640
mesh,66,,5,top,mesh/m066/l05_top.bmp,640,640
mesh,66,,6,hero,mesh/m066/l06_hero.bmp,640,640
mesh,66,,6,side,mesh/m066/l06_side.bmp,640,640
mesh,66,,6,top,mesh/m066/l06_top.bmp,640,640
submesh,66,0,0,hero,submesh/m066_s00/l00_hero.bmp,640,640
submesh,66,0,1,hero,submesh/m066_s00/l01_hero.bmp,640,640
submesh,66,0,2,hero,submesh/m066_s00/l02_hero.bmp,640,640
submesh,66,0,3,hero,submesh/m066_s00/l03_hero.bmp,640,640
submesh,66,0,4,hero,submesh/m066_s00/l04_hero.bmp,640,640
submesh,66,0,5,hero,submesh/m066_s00/l05_hero.bmp,640,640
submesh,66,0,6,hero,submesh/m066_s00/l06_hero.bmp,640,640
mesh,67,,0,hero,mesh/m067/l00_hero.bmp,640,640
mesh,67,,0,side,mesh/m067/l00_side.bmp,640,640
mesh,67,,0,top,mesh/m067/l00_top.bmp,640,640
mesh,67,,1,hero,mesh/m067/l01_hero.bmp,640,640
mesh,67,,1,side,mesh/m067/l01_side.bmp,640,640
mesh,67,,1,top,mesh/m067/l01_top.bmp,640,640
mesh,67,,2,hero,mesh/m067/l02_hero.bmp,640,640
mesh,67,,2,side,mesh/m067/l02_side.bmp,640,640
mesh,67,,2,top,mesh/m067/l02_top.bmp,640,640
mesh,67,,3,hero,mesh/m067/l03_hero.bmp,640,640
mesh,67,,3,side,mesh/m067/l03_side.bmp,640,640
mesh,67,,3,top,mesh/m067/l03_top.bmp,640,640
mesh,67,,4,hero,mesh/m067/l04_hero.bmp,640,640
mesh,67,,4,side,mesh/m067/l04_side.bmp,640,640
mesh,67,,4,top,mesh/m067/l04_top.bmp,640,640
mesh,67,,5,hero,mesh/m067/l05_hero.bmp,640,640
mesh,67,,5,side,mesh/m067/l05_side.bmp,640,640
mesh,67,,5,top,mesh/m067/l05_top.bmp,640,640
mesh,67,,6,hero,mesh/m067/l06_hero.bmp,640,640
mesh,67,,6,side,mesh/m067/l06_side.bmp,640,640
mesh,67,,6,top,mesh/m067/l06_top.bmp,640,640
submesh,67,0,0,hero,submesh/m067_s00/l00_hero.bmp,640,640
submesh,67,0,1,hero,submesh/m067_s00/l01_hero.bmp,640,640
submesh,67,0,2,hero,submesh/m067_s00/l02_hero.bmp,640,640
submesh,67,0,3,hero,submesh/m067_s00/l03_hero.bmp,640,640
submesh,67,0,4,hero,submesh/m067_s00/l04_hero.bmp,640,640
submesh,67,0,5,hero,submesh/m067_s00/l05_hero.bmp,640,640
submesh,67,0,6,hero,submesh/m067_s00/l06_hero.bmp,640,640
mesh,68,,0,hero,mesh/m068/l00_hero.bmp,640,640
mesh,68,,0,side,mesh/m068/l00_side.bmp,640,640
mesh,68,,0,top,mesh/m068/l00_top.bmp,640,640
mesh,68,,1,hero,mesh/m068/l01_hero.bmp,640,640
mesh,68,,1,side,mesh/m068/l01_side.bmp,640,640
mesh,68,,1,top,mesh/m068/l01_top.bmp,640,640
mesh,68,,2,hero,mesh/m068/l02_hero.bmp,640,640
mesh,68,,2,side,mesh/m068/l02_side.bmp,640,640
mesh,68,,2,top,mesh/m068/l02_top.bmp,640,640
mesh,68,,3,hero,mesh/m068/l03_hero.bmp,640,640
mesh,68,,3,side,mesh/m068/l03_side.bmp,640,640
mesh,68,,3,top,mesh/m068/l03_top.bmp,640,640
mesh,68,,4,hero,mesh/m068/l04_hero.bmp,640,640
mesh,68,,4,side,mesh/m068/l04_side.bmp,640,640
mesh,68,,4,top,mesh/m068/l04_top.bmp,640,640
mesh,68,,5,hero,mesh/m068/l05_hero.bmp,640,640
mesh,68,,5,side,mesh/m068/l05_side.bmp,640,640
mesh,68,,5,top,mesh/m068/l05_top.bmp,640,640
mesh,68,,6,hero,mesh/m068/l06_hero.bmp,640,640
mesh,68,,6,side,mesh/m068/l06_side.bmp,640,640
mesh,68,,6,top,mesh/m068/l06_top.bmp,640,640
submesh,68,0,0,hero,submesh/m068_s00/l00_hero.bmp,640,640
submesh,68,0,1,hero,submesh/m068_s00/l01_hero.bmp,640,640
submesh,68,0,2,hero,submesh/m068_s00/l02_hero.bmp,640,640
submesh,68,0,3,hero,submesh/m068_s00/l03_hero.bmp,640,640
submesh,68,0,4,hero,submesh/m068_s00/l04_hero.bmp,640,640
submesh,68,0,5,hero,submesh/m068_s00/l05_hero.bmp,640,640
submesh,68,0,6,hero,submesh/m068_s00/l06_hero.bmp,640,640
mesh,69,,0,hero,mesh/m069/l00_hero.bmp,640,640
mesh,69,,0,side,mesh/m069/l00_side.bmp,640,640
mesh,69,,0,top,mesh/m069/l00_top.bmp,640,640
mesh,69,,1,hero,mesh/m069/l01_hero.bmp,640,640
mesh,69,,1,side,mesh/m069/l01_side.bmp,640,640
mesh,69,,1,top,mesh/m069/l01_top.bmp,640,640
mesh,69,,2,hero,mesh/m069/l02_hero.bmp,640,640
mesh,69,,2,side,mesh/m069/l02_side.bmp,640,640
mesh,69,,2,top,mesh/m069/l02_top.bmp,640,640
mesh,69,,3,hero,mesh/m069/l03_hero.bmp,640,640
mesh,69,,3,side,mesh/m069/l03_side.bmp,640,640
mesh,69,,3,top,mesh/m069/l03_top.bmp,640,640
mesh,69,,4,hero,mesh/m069/l04_hero.bmp,640,640
mesh,69,,4,side,mesh/m069/l04_side.bmp,640,640
mesh,69,,4,top,mesh/m069/l04_top.bmp,640,640
mesh,69,,5,hero,mesh/m069/l05_hero.bmp,640,640
mesh,69,,5,side,mesh/m069/l05_side.bmp,640,640
mesh,69,,5,top,mesh/m069/l05_top.bmp,640,640
mesh,69,,6,hero,mesh/m069/l06_hero.bmp,640,640
mesh,69,,6,side,mesh/m069/l06_side.bmp,640,640
mesh,69,,6,top,mesh/m069/l06_top.bmp,640,640
submesh,69,0,0,hero,submesh/m069_s00/l00_hero.bmp,640,640
submesh,69,0,1,hero,submesh/m069_s00/l01_hero.bmp,640,640
submesh,69,0,2,hero,submesh/m069_s00/l02_hero.bmp,640,640
submesh,69,0,3,hero,submesh/m069_s00/l03_hero.bmp,640,640
submesh,69,0,4,hero,submesh/m069_s00/l04_hero.bmp,640,640
submesh,69,0,5,hero,submesh/m069_s00/l05_hero.bmp,640,640
submesh,69,0,6,hero,submesh/m069_s00/l06_hero.bmp,640,640
mesh,70,,0,hero,mesh/m070/l00_hero.bmp,640,640
mesh,70,,0,side,mesh/m070/l00_side.bmp,640,640
mesh,70,,0,top,mesh/m070/l00_top.bmp,640,640
mesh,70,,1,hero,mesh/m070/l01_hero.bmp,640,640
mesh,70,,1,side,mesh/m070/l01_side.bmp,640,640
mesh,70,,1,top,mesh/m070/l01_top.bmp,640,640
mesh,70,,2,hero,mesh/m070/l02_hero.bmp,640,640
mesh,70,,2,side,mesh/m070/l02_side.bmp,640,640
mesh,70,,2,top,mesh/m070/l02_top.bmp,640,640
mesh,70,,3,hero,mesh/m070/l03_hero.bmp,640,640
mesh,70,,3,side,mesh/m070/l03_side.bmp,640,640
mesh,70,,3,top,mesh/m070/l03_top.bmp,640,640
mesh,70,,4,hero,mesh/m070/l04_hero.bmp,640,640
mesh,70,,4,side,mesh/m070/l04_side.bmp,640,640
mesh,70,,4,top,mesh/m070/l04_top.bmp,640,640
mesh,70,,5,hero,mesh/m070/l05_hero.bmp,640,640
mesh,70,,5,side,mesh/m070/l05_side.bmp,640,640
mesh,70,,5,top,mesh/m070/l05_top.bmp,640,640
mesh,70,,6,hero,mesh/m070/l06_hero.bmp,640,640
mesh,70,,6,side,mesh/m070/l06_side.bmp,640,640
mesh,70,,6,top,mesh/m070/l06_top.bmp,640,640
submesh,70,0,0,hero,submesh/m070_s00/l00_hero.bmp,640,640
submesh,70,0,1,hero,submesh/m070_s00/l01_hero.bmp,640,640
submesh,70,0,2,hero,submesh/m070_s00/l02_hero.bmp,640,640
submesh,70,0,3,hero,submesh/m070_s00/l03_hero.bmp,640,640
submesh,70,0,4,hero,submesh/m070_s00/l04_hero.bmp,640,640
submesh,70,0,5,hero,submesh/m070_s00/l05_hero.bmp,640,640
submesh,70,0,6,hero,submesh/m070_s00/l06_hero.bmp,640,640
mesh,71,,0,hero,mesh/m071/l00_hero.bmp,640,640
mesh,71,,0,side,mesh/m071/l00_side.bmp,640,640
mesh,71,,0,top,mesh/m071/l00_top.bmp,640,640
mesh,71,,1,hero,mesh/m071/l01_hero.bmp,640,640
mesh,71,,1,side,mesh/m071/l01_side.bmp,640,640
mesh,71,,1,top,mesh/m071/l01_top.bmp,640,640
mesh,71,,2,hero,mesh/m071/l02_hero.bmp,640,640
mesh,71,,2,side,mesh/m071/l02_side.bmp,640,640
mesh,71,,2,top,mesh/m071/l02_top.bmp,640,640
mesh,71,,3,hero,mesh/m071/l03_hero.bmp,640,640
mesh,71,,3,side,mesh/m071/l03_side.bmp,640,640
mesh,71,,3,top,mesh/m071/l03_top.bmp,640,640
mesh,71,,4,hero,mesh/m071/l04_hero.bmp,640,640
mesh,71,,4,side,mesh/m071/l04_side.bmp,640,640
mesh,71,,4,top,mesh/m071/l04_top.bmp,640,640
mesh,71,,5,hero,mesh/m071/l05_hero.bmp,640,640
mesh,71,,5,side,mesh/m071/l05_side.bmp,640,640
mesh,71,,5,top,mesh/m071/l05_top.bmp,640,640
mesh,71,,6,hero,mesh/m071/l06_hero.bmp,640,640
mesh,71,,6,side,mesh/m071/l06_side.bmp,640,640
mesh,71,,6,top,mesh/m071/l06_top.bmp,640,640
submesh,71,0,0,hero,submesh/m071_s00/l00_hero.bmp,640,640
submesh,71,0,1,hero,submesh/m071_s00/l01_hero.bmp,640,640
submesh,71,0,2,hero,submesh/m071_s00/l02_hero.bmp,640,640
submesh,71,0,3,hero,submesh/m071_s00/l03_hero.bmp,640,640
submesh,71,0,4,hero,submesh/m071_s00/l04_hero.bmp,640,640
submesh,71,0,5,hero,submesh/m071_s00/l05_hero.bmp,640,640
submesh,71,0,6,hero,submesh/m071_s00/l06_hero.bmp,640,640
mesh,72,,0,hero,mesh/m072/l00_hero.bmp,640,640
mesh,72,,0,side,mesh/m072/l00_side.bmp,640,640
mesh,72,,0,top,mesh/m072/l00_top.bmp,640,640
mesh,72,,1,hero,mesh/m072/l01_hero.bmp,640,640
mesh,72,,1,side,mesh/m072/l01_side.bmp,640,640
mesh,72,,1,top,mesh/m072/l01_top.bmp,640,640
mesh,72,,2,hero,mesh/m072/l02_hero.bmp,640,640
mesh,72,,2,side,mesh/m072/l02_side.bmp,640,640
mesh,72,,2,top,mesh/m072/l02_top.bmp,640,640
mesh,72,,3,hero,mesh/m072/l03_hero.bmp,640,640
mesh,72,,3,side,mesh/m072/l03_side.bmp,640,640
mesh,72,,3,top,mesh/m072/l03_top.bmp,640,640
mesh,72,,4,hero,mesh/m072/l04_hero.bmp,640,640
mesh,72,,4,side,mesh/m072/l04_side.bmp,640,640
mesh,72,,4,top,mesh/m072/l04_top.bmp,640,640
mesh,72,,5,hero,mesh/m072/l05_hero.bmp,640,640
mesh,72,,5,side,mesh/m072/l05_side.bmp,640,640
mesh,72,,5,top,mesh/m072/l05_top.bmp,640,640
mesh,72,,6,hero,mesh/m072/l06_hero.bmp,640,640
mesh,72,,6,side,mesh/m072/l06_side.bmp,640,640
mesh,72,,6,top,mesh/m072/l06_top.bmp,640,640
submesh,72,0,0,hero,submesh/m072_s00/l00_hero.bmp,640,640
submesh,72,0,1,hero,submesh/m072_s00/l01_hero.bmp,640,640
submesh,72,0,2,hero,submesh/m072_s00/l02_hero.bmp,640,640
submesh,72,0,3,hero,submesh/m072_s00/l03_hero.bmp,640,640
submesh,72,0,4,hero,submesh/m072_s00/l04_hero.bmp,640,640
submesh,72,0,5,hero,submesh/m072_s00/l05_hero.bmp,640,640
submesh,72,0,6,hero,submesh/m072_s00/l06_hero.bmp,640,640
mesh,73,,0,hero,mesh/m073/l00_hero.bmp,640,640
mesh,73,,0,side,mesh/m073/l00_side.bmp,640,640
mesh,73,,0,top,mesh/m073/l00_top.bmp,640,640
mesh,73,,1,hero,mesh/m073/l01_hero.bmp,640,640
mesh,73,,1,side,mesh/m073/l01_side.bmp,640,640
mesh,73,,1,top,mesh/m073/l01_top.bmp,640,640
mesh,73,,2,hero,mesh/m073/l02_hero.bmp,640,640
mesh,73,,2,side,mesh/m073/l02_side.bmp,640,640
mesh,73,,2,top,mesh/m073/l02_top.bmp,640,640
mesh,73,,3,hero,mesh/m073/l03_hero.bmp,640,640
mesh,73,,3,side,mesh/m073/l03_side.bmp,640,640
mesh,73,,3,top,mesh/m073/l03_top.bmp,640,640
mesh,73,,4,hero,mesh/m073/l04_hero.bmp,640,640
mesh,73,,4,side,mesh/m073/l04_side.bmp,640,640
mesh,73,,4,top,mesh/m073/l04_top.bmp,640,640
mesh,73,,5,hero,mesh/m073/l05_hero.bmp,640,640
mesh,73,,5,side,mesh/m073/l05_side.bmp,640,640
mesh,73,,5,top,mesh/m073/l05_top.bmp,640,640
mesh,73,,6,hero,mesh/m073/l06_hero.bmp,640,640
mesh,73,,6,side,mesh/m073/l06_side.bmp,640,640
mesh,73,,6,top,mesh/m073/l06_top.bmp,640,640
submesh,73,0,0,hero,submesh/m073_s00/l00_hero.bmp,640,640
submesh,73,0,1,hero,submesh/m073_s00/l01_hero.bmp,640,640
submesh,73,0,2,hero,submesh/m073_s00/l02_hero.bmp,640,640
submesh,73,0,3,hero,submesh/m073_s00/l03_hero.bmp,640,640
submesh,73,0,4,hero,submesh/m073_s00/l04_hero.bmp,640,640
submesh,73,0,5,hero,submesh/m073_s00/l05_hero.bmp,640,640
submesh,73,0,6,hero,submesh/m073_s00/l06_hero.bmp,640,640
mesh,74,,0,hero,mesh/m074/l00_hero.bmp,640,640
mesh,74,,0,side,mesh/m074/l00_side.bmp,640,640
mesh,74,,0,top,mesh/m074/l00_top.bmp,640,640
mesh,74,,1,hero,mesh/m074/l01_hero.bmp,640,640
mesh,74,,1,side,mesh/m074/l01_side.bmp,640,640
mesh,74,,1,top,mesh/m074/l01_top.bmp,640,640
mesh,74,,2,hero,mesh/m074/l02_hero.bmp,640,640
mesh,74,,2,side,mesh/m074/l02_side.bmp,640,640
mesh,74,,2,top,mesh/m074/l02_top.bmp,640,640
mesh,74,,3,hero,mesh/m074/l03_hero.bmp,640,640
mesh,74,,3,side,mesh/m074/l03_side.bmp,640,640
mesh,74,,3,top,mesh/m074/l03_top.bmp,640,640
mesh,74,,4,hero,mesh/m074/l04_hero.bmp,640,640
mesh,74,,4,side,mesh/m074/l04_side.bmp,640,640
mesh,74,,4,top,mesh/m074/l04_top.bmp,640,640
mesh,74,,5,hero,mesh/m074/l05_hero.bmp,640,640
mesh,74,,5,side,mesh/m074/l05_side.bmp,640,640
mesh,74,,5,top,mesh/m074/l05_top.bmp,640,640
mesh,74,,6,hero,mesh/m074/l06_hero.bmp,640,640
mesh,74,,6,side,mesh/m074/l06_side.bmp,640,640
mesh,74,,6,top,mesh/m074/l06_top.bmp,640,640
submesh,74,0,0,hero,submesh/m074_s00/l00_hero.bmp,640,640
submesh,74,0,1,hero,submesh/m074_s00/l01_hero.bmp,640,640
submesh,74,0,2,hero,submesh/m074_s00/l02_hero.bmp,640,640
submesh,74,0,3,hero,submesh/m074_s00/l03_hero.bmp,640,640
submesh,74,0,4,hero,submesh/m074_s00/l04_hero.bmp,640,640
submesh,74,0,5,hero,submesh/m074_s00/l05_hero.bmp,640,640
submesh,74,0,6,hero,submesh/m074_s00/l06_hero.bmp,640,640
mesh,75,,0,hero,mesh/m075/l00_hero.bmp,640,640
mesh,75,,0,side,mesh/m075/l00_side.bmp,640,640
mesh,75,,0,top,mesh/m075/l00_top.bmp,640,640
mesh,75,,1,hero,mesh/m075/l01_hero.bmp,640,640
mesh,75,,1,side,mesh/m075/l01_side.bmp,640,640
mesh,75,,1,top,mesh/m075/l01_top.bmp,640,640
mesh,75,,2,hero,mesh/m075/l02_hero.bmp,640,640
mesh,75,,2,side,mesh/m075/l02_side.bmp,640,640
mesh,75,,2,top,mesh/m075/l02_top.bmp,640,640
mesh,75,,3,hero,mesh/m075/l03_hero.bmp,640,640
mesh,75,,3,side,mesh/m075/l03_side.bmp,640,640
mesh,75,,3,top,mesh/m075/l03_top.bmp,640,640
mesh,75,,4,hero,mesh/m075/l04_hero.bmp,640,640
mesh,75,,4,side,mesh/m075/l04_side.bmp,640,640
mesh,75,,4,top,mesh/m075/l04_top.bmp,640,640
mesh,75,,5,hero,mesh/m075/l05_hero.bmp,640,640
mesh,75,,5,side,mesh/m075/l05_side.bmp,640,640
mesh,75,,5,top,mesh/m075/l05_top.bmp,640,640
mesh,75,,6,hero,mesh/m075/l06_hero.bmp,640,640
mesh,75,,6,side,mesh/m075/l06_side.bmp,640,640
mesh,75,,6,top,mesh/m075/l06_top.bmp,640,640
submesh,75,0,0,hero,submesh/m075_s00/l00_hero.bmp,640,640
submesh,75,0,1,hero,submesh/m075_s00/l01_hero.bmp,640,640
submesh,75,0,2,hero,submesh/m075_s00/l02_hero.bmp,640,640
submesh,75,0,3,hero,submesh/m075_s00/l03_hero.bmp,640,640
submesh,75,0,4,hero,submesh/m075_s00/l04_hero.bmp,640,640
submesh,75,0,5,hero,submesh/m075_s00/l05_hero.bmp,640,640
submesh,75,0,6,hero,submesh/m075_s00/l06_hero.bmp,640,640
mesh,76,,0,hero,mesh/m076/l00_hero.bmp,640,640
mesh,76,,0,side,mesh/m076/l00_side.bmp,640,640
mesh,76,,0,top,mesh/m076/l00_top.bmp,640,640
mesh,76,,1,hero,mesh/m076/l01_hero.bmp,640,640
mesh,76,,1,side,mesh/m076/l01_side.bmp,640,640
mesh,76,,1,top,mesh/m076/l01_top.bmp,640,640
mesh,76,,2,hero,mesh/m076/l02_hero.bmp,640,640
mesh,76,,2,side,mesh/m076/l02_side.bmp,640,640
mesh,76,,2,top,mesh/m076/l02_top.bmp,640,640
mesh,76,,3,hero,mesh/m076/l03_hero.bmp,640,640
mesh,76,,3,side,mesh/m076/l03_side.bmp,640,640
mesh,76,,3,top,mesh/m076/l03_top.bmp,640,640
mesh,76,,4,hero,mesh/m076/l04_hero.bmp,640,640
mesh,76,,4,side,mesh/m076/l04_side.bmp,640,640
mesh,76,,4,top,mesh/m076/l04_top.bmp,640,640
mesh,76,,5,hero,mesh/m076/l05_hero.bmp,640,640
mesh,76,,5,side,mesh/m076/l05_side.bmp,640,640
mesh,76,,5,top,mesh/m076/l05_top.bmp,640,640
mesh,76,,6,hero,mesh/m076/l06_hero.bmp,640,640
mesh,76,,6,side,mesh/m076/l06_side.bmp,640,640
mesh,76,,6,top,mesh/m076/l06_top.bmp,640,640
submesh,76,0,0,hero,submesh/m076_s00/l00_hero.bmp,640,640
submesh,76,0,1,hero,submesh/m076_s00/l01_hero.bmp,640,640
submesh,76,0,2,hero,submesh/m076_s00/l02_hero.bmp,640,640
submesh,76,0,3,hero,submesh/m076_s00/l03_hero.bmp,640,640
submesh,76,0,4,hero,submesh/m076_s00/l04_hero.bmp,640,640
submesh,76,0,5,hero,submesh/m076_s00/l05_hero.bmp,640,640
submesh,76,0,6,hero,submesh/m076_s00/l06_hero.bmp,640,640
mesh,77,,0,hero,mesh/m077/l00_hero.bmp,640,640
mesh,77,,0,side,mesh/m077/l00_side.bmp,640,640
mesh,77,,0,top,mesh/m077/l00_top.bmp,640,640
mesh,77,,1,hero,mesh/m077/l01_hero.bmp,640,640
mesh,77,,1,side,mesh/m077/l01_side.bmp,640,640
mesh,77,,1,top,mesh/m077/l01_top.bmp,640,640
mesh,77,,2,hero,mesh/m077/l02_hero.bmp,640,640
mesh,77,,2,side,mesh/m077/l02_side.bmp,640,640
mesh,77,,2,top,mesh/m077/l02_top.bmp,640,640
mesh,77,,3,hero,mesh/m077/l03_hero.bmp,640,640
mesh,77,,3,side,mesh/m077/l03_side.bmp,640,640
mesh,77,,3,top,mesh/m077/l03_top.bmp,640,640
mesh,77,,4,hero,mesh/m077/l04_hero.bmp,640,640
mesh,77,,4,side,mesh/m077/l04_side.bmp,640,640
mesh,77,,4,top,mesh/m077/l04_top.bmp,640,640
mesh,77,,5,hero,mesh/m077/l05_hero.bmp,640,640
mesh,77,,5,side,mesh/m077/l05_side.bmp,640,640
mesh,77,,5,top,mesh/m077/l05_top.bmp,640,640
mesh,77,,6,hero,mesh/m077/l06_hero.bmp,640,640
mesh,77,,6,side,mesh/m077/l06_side.bmp,640,640
mesh,77,,6,top,mesh/m077/l06_top.bmp,640,640
submesh,77,0,0,hero,submesh/m077_s00/l00_hero.bmp,640,640
submesh,77,0,1,hero,submesh/m077_s00/l01_hero.bmp,640,640
submesh,77,0,2,hero,submesh/m077_s00/l02_hero.bmp,640,640
submesh,77,0,3,hero,submesh/m077_s00/l03_hero.bmp,640,640
submesh,77,0,4,hero,submesh/m077_s00/l04_hero.bmp,640,640
submesh,77,0,5,hero,submesh/m077_s00/l05_hero.bmp,640,640
submesh,77,0,6,hero,submesh/m077_s00/l06_hero.bmp,640,640
mesh,78,,0,hero,mesh/m078/l00_hero.bmp,640,640
mesh,78,,0,side,mesh/m078/l00_side.bmp,640,640
mesh,78,,0,top,mesh/m078/l00_top.bmp,640,640
mesh,78,,1,hero,mesh/m078/l01_hero.bmp,640,640
mesh,78,,1,side,mesh/m078/l01_side.bmp,640,640
mesh,78,,1,top,mesh/m078/l01_top.bmp,640,640
mesh,78,,2,hero,mesh/m078/l02_hero.bmp,640,640
mesh,78,,2,side,mesh/m078/l02_side.bmp,640,640
mesh,78,,2,top,mesh/m078/l02_top.bmp,640,640
mesh,78,,3,hero,mesh/m078/l03_hero.bmp,640,640
mesh,78,,3,side,mesh/m078/l03_side.bmp,640,640
mesh,78,,3,top,mesh/m078/l03_top.bmp,640,640
mesh,78,,4,hero,mesh/m078/l04_hero.bmp,640,640
mesh,78,,4,side,mesh/m078/l04_side.bmp,640,640
mesh,78,,4,top,mesh/m078/l04_top.bmp,640,640
mesh,78,,5,hero,mesh/m078/l05_hero.bmp,640,640
mesh,78,,5,side,mesh/m078/l05_side.bmp,640,640
mesh,78,,5,top,mesh/m078/l05_top.bmp,640,640
mesh,78,,6,hero,mesh/m078/l06_hero.bmp,640,640
mesh,78,,6,side,mesh/m078/l06_side.bmp,640,640
mesh,78,,6,top,mesh/m078/l06_top.bmp,640,640
submesh,78,0,0,hero,submesh/m078_s00/l00_hero.bmp,640,640
submesh,78,0,1,hero,submesh/m078_s00/l01_hero.bmp,640,640
submesh,78,0,2,hero,submesh/m078_s00/l02_hero.bmp,640,640
submesh,78,0,3,hero,submesh/m078_s00/l03_hero.bmp,640,640
submesh,78,0,4,hero,submesh/m078_s00/l04_hero.bmp,640,640
submesh,78,0,5,hero,submesh/m078_s00/l05_hero.bmp,640,640
submesh,78,0,6,hero,submesh/m078_s00/l06_hero.bmp,640,640
mesh,79,,0,hero,mesh/m079/l00_hero.bmp,640,640
mesh,79,,0,side,mesh/m079/l00_side.bmp,640,640
mesh,79,,0,top,mesh/m079/l00_top.bmp,640,640
mesh,79,,1,hero,mesh/m079/l01_hero.bmp,640,640
mesh,79,,1,side,mesh/m079/l01_side.bmp,640,640
mesh,79,,1,top,mesh/m079/l01_top.bmp,640,640
mesh,79,,2,hero,mesh/m079/l02_hero.bmp,640,640
mesh,79,,2,side,mesh/m079/l02_side.bmp,640,640
mesh,79,,2,top,mesh/m079/l02_top.bmp,640,640
mesh,79,,3,hero,mesh/m079/l03_hero.bmp,640,640
mesh,79,,3,side,mesh/m079/l03_side.bmp,640,640
mesh,79,,3,top,mesh/m079/l03_top.bmp,640,640
mesh,79,,4,hero,mesh/m079/l04_hero.bmp,640,640
mesh,79,,4,side,mesh/m079/l04_side.bmp,640,640
mesh,79,,4,top,mesh/m079/l04_top.bmp,640,640
mesh,79,,5,hero,mesh/m079/l05_hero.bmp,640,640
mesh,79,,5,side,mesh/m079/l05_side.bmp,640,640
mesh,79,,5,top,mesh/m079/l05_top.bmp,640,640
mesh,79,,6,hero,mesh/m079/l06_hero.bmp,640,640
mesh,79,,6,side,mesh/m079/l06_side.bmp,640,640
mesh,79,,6,top,mesh/m079/l06_top.bmp,640,640
submesh,79,0,0,hero,submesh/m079_s00/l00_hero.bmp,640,640
submesh,79,0,1,hero,submesh/m079_s00/l01_hero.bmp,640,640
submesh,79,0,2,hero,submesh/m079_s00/l02_hero.bmp,640,640
submesh,79,0,3,hero,submesh/m079_s00/l03_hero.bmp,640,640
submesh,79,0,4,hero,submesh/m079_s00/l04_hero.bmp,640,640
submesh,79,0,5,hero,submesh/m079_s00/l05_hero.bmp,640,640
submesh,79,0,6,hero,submesh/m079_s00/l06_hero.bmp,640,640
mesh,80,,0,hero,mesh/m080/l00_hero.bmp,640,640
mesh,80,,0,side,mesh/m080/l00_side.bmp,640,640
mesh,80,,0,top,mesh/m080/l00_top.bmp,640,640
mesh,80,,1,hero,mesh/m080/l01_hero.bmp,640,640
mesh,80,,1,side,mesh/m080/l01_side.bmp,640,640
mesh,80,,1,top,mesh/m080/l01_top.bmp,640,640
mesh,80,,2,hero,mesh/m080/l02_hero.bmp,640,640
mesh,80,,2,side,mesh/m080/l02_side.bmp,640,640
mesh,80,,2,top,mesh/m080/l02_top.bmp,640,640
mesh,80,,3,hero,mesh/m080/l03_hero.bmp,640,640
mesh,80,,3,side,mesh/m080/l03_side.bmp,640,640
mesh,80,,3,top,mesh/m080/l03_top.bmp,640,640
mesh,80,,4,hero,mesh/m080/l04_hero.bmp,640,640
mesh,80,,4,side,mesh/m080/l04_side.bmp,640,640
mesh,80,,4,top,mesh/m080/l04_top.bmp,640,640
mesh,80,,5,hero,mesh/m080/l05_hero.bmp,640,640
mesh,80,,5,side,mesh/m080/l05_side.bmp,640,640
mesh,80,,5,top,mesh/m080/l05_top.bmp,640,640
mesh,80,,6,hero,mesh/m080/l06_hero.bmp,640,640
mesh,80,,6,side,mesh/m080/l06_side.bmp,640,640
mesh,80,,6,top,mesh/m080/l06_top.bmp,640,640
submesh,80,0,0,hero,submesh/m080_s00/l00_hero.bmp,640,640
submesh,80,0,1,hero,submesh/m080_s00/l01_hero.bmp,640,640
submesh,80,0,2,hero,submesh/m080_s00/l02_hero.bmp,640,640
submesh,80,0,3,hero,submesh/m080_s00/l03_hero.bmp,640,640
submesh,80,0,4,hero,submesh/m080_s00/l04_hero.bmp,640,640
submesh,80,0,5,hero,submesh/m080_s00/l05_hero.bmp,640,640
submesh,80,0,6,hero,submesh/m080_s00/l06_hero.bmp,640,640
mesh,81,,0,hero,mesh/m081/l00_hero.bmp,640,640
mesh,81,,0,side,mesh/m081/l00_side.bmp,640,640
mesh,81,,0,top,mesh/m081/l00_top.bmp,640,640
mesh,81,,1,hero,mesh/m081/l01_hero.bmp,640,640
mesh,81,,1,side,mesh/m081/l01_side.bmp,640,640
mesh,81,,1,top,mesh/m081/l01_top.bmp,640,640
mesh,81,,2,hero,mesh/m081/l02_hero.bmp,640,640
mesh,81,,2,side,mesh/m081/l02_side.bmp,640,640
mesh,81,,2,top,mesh/m081/l02_top.bmp,640,640
mesh,81,,3,hero,mesh/m081/l03_hero.bmp,640,640
mesh,81,,3,side,mesh/m081/l03_side.bmp,640,640
mesh,81,,3,top,mesh/m081/l03_top.bmp,640,640
mesh,81,,4,hero,mesh/m081/l04_hero.bmp,640,640
mesh,81,,4,side,mesh/m081/l04_side.bmp,640,640
mesh,81,,4,top,mesh/m081/l04_top.bmp,640,640
mesh,81,,5,hero,mesh/m081/l05_hero.bmp,640,640
mesh,81,,5,side,mesh/m081/l05_side.bmp,640,640
mesh,81,,5,top,mesh/m081/l05_top.bmp,640,640
mesh,81,,6,hero,mesh/m081/l06_hero.bmp,640,640
mesh,81,,6,side,mesh/m081/l06_side.bmp,640,640
mesh,81,,6,top,mesh/m081/l06_top.bmp,640,640
submesh,81,0,0,hero,submesh/m081_s00/l00_hero.bmp,640,640
submesh,81,0,1,hero,submesh/m081_s00/l01_hero.bmp,640,640
submesh,81,0,2,hero,submesh/m081_s00/l02_hero.bmp,640,640
submesh,81,0,3,hero,submesh/m081_s00/l03_hero.bmp,640,640
submesh,81,0,4,hero,submesh/m081_s00/l04_hero.bmp,640,640
submesh,81,0,5,hero,submesh/m081_s00/l05_hero.bmp,640,640
submesh,81,0,6,hero,submesh/m081_s00/l06_hero.bmp,640,640
mesh,82,,0,hero,mesh/m082/l00_hero.bmp,640,640
mesh,82,,0,side,mesh/m082/l00_side.bmp,640,640
mesh,82,,0,top,mesh/m082/l00_top.bmp,640,640
mesh,82,,1,hero,mesh/m082/l01_hero.bmp,640,640
mesh,82,,1,side,mesh/m082/l01_side.bmp,640,640
mesh,82,,1,top,mesh/m082/l01_top.bmp,640,640
mesh,82,,2,hero,mesh/m082/l02_hero.bmp,640,640
mesh,82,,2,side,mesh/m082/l02_side.bmp,640,640
mesh,82,,2,top,mesh/m082/l02_top.bmp,640,640
mesh,82,,3,hero,mesh/m082/l03_hero.bmp,640,640
mesh,82,,3,side,mesh/m082/l03_side.bmp,640,640
mesh,82,,3,top,mesh/m082/l03_top.bmp,640,640
mesh,82,,4,hero,mesh/m082/l04_hero.bmp,640,640
mesh,82,,4,side,mesh/m082/l04_side.bmp,640,640
mesh,82,,4,top,mesh/m082/l04_top.bmp,640,640
mesh,82,,5,hero,mesh/m082/l05_hero.bmp,640,640
mesh,82,,5,side,mesh/m082/l05_side.bmp,640,640
mesh,82,,5,top,mesh/m082/l05_top.bmp,640,640
mesh,82,,6,hero,mesh/m082/l06_hero.bmp,640,640
mesh,82,,6,side,mesh/m082/l06_side.bmp,640,640
mesh,82,,6,top,mesh/m082/l06_top.bmp,640,640
submesh,82,0,0,hero,submesh/m082_s00/l00_hero.bmp,640,640
submesh,82,0,1,hero,submesh/m082_s00/l01_hero.bmp,640,640
submesh,82,0,2,hero,submesh/m082_s00/l02_hero.bmp,640,640
submesh,82,0,3,hero,submesh/m082_s00/l03_hero.bmp,640,640
submesh,82,0,4,hero,submesh/m082_s00/l04_hero.bmp,640,640
submesh,82,0,5,hero,submesh/m082_s00/l05_hero.bmp,640,640
submesh,82,0,6,hero,submesh/m082_s00/l06_hero.bmp,640,640
mesh,83,,0,hero,mesh/m083/l00_hero.bmp,640,640
mesh,83,,0,side,mesh/m083/l00_side.bmp,640,640
mesh,83,,0,top,mesh/m083/l00_top.bmp,640,640
mesh,83,,1,hero,mesh/m083/l01_hero.bmp,640,640
mesh,83,,1,side,mesh/m083/l01_side.bmp,640,640
mesh,83,,1,top,mesh/m083/l01_top.bmp,640,640
mesh,83,,2,hero,mesh/m083/l02_hero.bmp,640,640
mesh,83,,2,side,mesh/m083/l02_side.bmp,640,640
mesh,83,,2,top,mesh/m083/l02_top.bmp,640,640
mesh,83,,3,hero,mesh/m083/l03_hero.bmp,640,640
mesh,83,,3,side,mesh/m083/l03_side.bmp,640,640
mesh,83,,3,top,mesh/m083/l03_top.bmp,640,640
mesh,83,,4,hero,mesh/m083/l04_hero.bmp,640,640
mesh,83,,4,side,mesh/m083/l04_side.bmp,640,640
mesh,83,,4,top,mesh/m083/l04_top.bmp,640,640
mesh,83,,5,hero,mesh/m083/l05_hero.bmp,640,640
mesh,83,,5,side,mesh/m083/l05_side.bmp,640,640
mesh,83,,5,top,mesh/m083/l05_top.bmp,640,640
mesh,83,,6,hero,mesh/m083/l06_hero.bmp,640,640
mesh,83,,6,side,mesh/m083/l06_side.bmp,640,640
mesh,83,,6,top,mesh/m083/l06_top.bmp,640,640
submesh,83,0,0,hero,submesh/m083_s00/l00_hero.bmp,640,640
submesh,83,0,1,hero,submesh/m083_s00/l01_hero.bmp,640,640
submesh,83,0,2,hero,submesh/m083_s00/l02_hero.bmp,640,640
submesh,83,0,3,hero,submesh/m083_s00/l03_hero.bmp,640,640
submesh,83,0,4,hero,submesh/m083_s00/l04_hero.bmp,640,640
submesh,83,0,5,hero,submesh/m083_s00/l05_hero.bmp,640,640
submesh,83,0,6,hero,submesh/m083_s00/l06_hero.bmp,640,640
mesh,84,,0,hero,mesh/m084/l00_hero.bmp,640,640
mesh,84,,0,side,mesh/m084/l00_side.bmp,640,640
mesh,84,,0,top,mesh/m084/l00_top.bmp,640,640
mesh,84,,1,hero,mesh/m084/l01_hero.bmp,640,640
mesh,84,,1,side,mesh/m084/l01_side.bmp,640,640
mesh,84,,1,top,mesh/m084/l01_top.bmp,640,640
mesh,84,,2,hero,mesh/m084/l02_hero.bmp,640,640
mesh,84,,2,side,mesh/m084/l02_side.bmp,640,640
mesh,84,,2,top,mesh/m084/l02_top.bmp,640,640
mesh,84,,3,hero,mesh/m084/l03_hero.bmp,640,640
mesh,84,,3,side,mesh/m084/l03_side.bmp,640,640
mesh,84,,3,top,mesh/m084/l03_top.bmp,640,640
mesh,84,,4,hero,mesh/m084/l04_hero.bmp,640,640
mesh,84,,4,side,mesh/m084/l04_side.bmp,640,640
mesh,84,,4,top,mesh/m084/l04_top.bmp,640,640
mesh,84,,5,hero,mesh/m084/l05_hero.bmp,640,640
mesh,84,,5,side,mesh/m084/l05_side.bmp,640,640
mesh,84,,5,top,mesh/m084/l05_top.bmp,640,640
mesh,84,,6,hero,mesh/m084/l06_hero.bmp,640,640
mesh,84,,6,side,mesh/m084/l06_side.bmp,640,640
mesh,84,,6,top,mesh/m084/l06_top.bmp,640,640
submesh,84,0,0,hero,submesh/m084_s00/l00_hero.bmp,640,640
submesh,84,0,1,hero,submesh/m084_s00/l01_hero.bmp,640,640
submesh,84,0,2,hero,submesh/m084_s00/l02_hero.bmp,640,640
submesh,84,0,3,hero,submesh/m084_s00/l03_hero.bmp,640,640
submesh,84,0,4,hero,submesh/m084_s00/l04_hero.bmp,640,640
submesh,84,0,5,hero,submesh/m084_s00/l05_hero.bmp,640,640
submesh,84,0,6,hero,submesh/m084_s00/l06_hero.bmp,640,640
mesh,85,,0,hero,mesh/m085/l00_hero.bmp,640,640
mesh,85,,0,side,mesh/m085/l00_side.bmp,640,640
mesh,85,,0,top,mesh/m085/l00_top.bmp,640,640
mesh,85,,1,hero,mesh/m085/l01_hero.bmp,640,640
mesh,85,,1,side,mesh/m085/l01_side.bmp,640,640
mesh,85,,1,top,mesh/m085/l01_top.bmp,640,640
mesh,85,,2,hero,mesh/m085/l02_hero.bmp,640,640
mesh,85,,2,side,mesh/m085/l02_side.bmp,640,640
mesh,85,,2,top,mesh/m085/l02_top.bmp,640,640
mesh,85,,3,hero,mesh/m085/l03_hero.bmp,640,640
mesh,85,,3,side,mesh/m085/l03_side.bmp,640,640
mesh,85,,3,top,mesh/m085/l03_top.bmp,640,640
mesh,85,,4,hero,mesh/m085/l04_hero.bmp,640,640
mesh,85,,4,side,mesh/m085/l04_side.bmp,640,640
mesh,85,,4,top,mesh/m085/l04_top.bmp,640,640
mesh,85,,5,hero,mesh/m085/l05_hero.bmp,640,640
mesh,85,,5,side,mesh/m085/l05_side.bmp,640,640
mesh,85,,5,top,mesh/m085/l05_top.bmp,640,640
mesh,85,,6,hero,mesh/m085/l06_hero.bmp,640,640
mesh,85,,6,side,mesh/m085/l06_side.bmp,640,640
mesh,85,,6,top,mesh/m085/l06_top.bmp,640,640
submesh,85,0,0,hero,submesh/m085_s00/l00_hero.bmp,640,640
submesh,85,0,1,hero,submesh/m085_s00/l01_hero.bmp,640,640
submesh,85,0,2,hero,submesh/m085_s00/l02_hero.bmp,640,640
submesh,85,0,3,hero,submesh/m085_s00/l03_hero.bmp,640,640
submesh,85,0,4,hero,submesh/m085_s00/l04_hero.bmp,640,640
submesh,85,0,5,hero,submesh/m085_s00/l05_hero.bmp,640,640
submesh,85,0,6,hero,submesh/m085_s00/l06_hero.bmp,640,640
mesh,86,,0,hero,mesh/m086/l00_hero.bmp,640,640
mesh,86,,0,side,mesh/m086/l00_side.bmp,640,640
mesh,86,,0,top,mesh/m086/l00_top.bmp,640,640
mesh,86,,1,hero,mesh/m086/l01_hero.bmp,640,640
mesh,86,,1,side,mesh/m086/l01_side.bmp,640,640
mesh,86,,1,top,mesh/m086/l01_top.bmp,640,640
mesh,86,,2,hero,mesh/m086/l02_hero.bmp,640,640
mesh,86,,2,side,mesh/m086/l02_side.bmp,640,640
mesh,86,,2,top,mesh/m086/l02_top.bmp,640,640
mesh,86,,3,hero,mesh/m086/l03_hero.bmp,640,640
mesh,86,,3,side,mesh/m086/l03_side.bmp,640,640
mesh,86,,3,top,mesh/m086/l03_top.bmp,640,640
mesh,86,,4,hero,mesh/m086/l04_hero.bmp,640,640
mesh,86,,4,side,mesh/m086/l04_side.bmp,640,640
mesh,86,,4,top,mesh/m086/l04_top.bmp,640,640
mesh,86,,5,hero,mesh/m086/l05_hero.bmp,640,640
mesh,86,,5,side,mesh/m086/l05_side.bmp,640,640
mesh,86,,5,top,mesh/m086/l05_top.bmp,640,640
mesh,86,,6,hero,mesh/m086/l06_hero.bmp,640,640
mesh,86,,6,side,mesh/m086/l06_side.bmp,640,640
mesh,86,,6,top,mesh/m086/l06_top.bmp,640,640
submesh,86,0,0,hero,submesh/m086_s00/l00_hero.bmp,640,640
submesh,86,0,1,hero,submesh/m086_s00/l01_hero.bmp,640,640
submesh,86,0,2,hero,submesh/m086_s00/l02_hero.bmp,640,640
submesh,86,0,3,hero,submesh/m086_s00/l03_hero.bmp,640,640
submesh,86,0,4,hero,submesh/m086_s00/l04_hero.bmp,640,640
submesh,86,0,5,hero,submesh/m086_s00/l05_hero.bmp,640,640
submesh,86,0,6,hero,submesh/m086_s00/l06_hero.bmp,640,640
mesh,87,,0,hero,mesh/m087/l00_hero.bmp,640,640
mesh,87,,0,side,mesh/m087/l00_side.bmp,640,640
mesh,87,,0,top,mesh/m087/l00_top.bmp,640,640
mesh,87,,1,hero,mesh/m087/l01_hero.bmp,640,640
mesh,87,,1,side,mesh/m087/l01_side.bmp,640,640
mesh,87,,1,top,mesh/m087/l01_top.bmp,640,640
mesh,87,,2,hero,mesh/m087/l02_hero.bmp,640,640
mesh,87,,2,side,mesh/m087/l02_side.bmp,640,640
mesh,87,,2,top,mesh/m087/l02_top.bmp,640,640
mesh,87,,3,hero,mesh/m087/l03_hero.bmp,640,640
mesh,87,,3,side,mesh/m087/l03_side.bmp,640,640
mesh,87,,3,top,mesh/m087/l03_top.bmp,640,640
mesh,87,,4,hero,mesh/m087/l04_hero.bmp,640,640
mesh,87,,4,side,mesh/m087/l04_side.bmp,640,640
mesh,87,,4,top,mesh/m087/l04_top.bmp,640,640
mesh,87,,5,hero,mesh/m087/l05_hero.bmp,640,640
mesh,87,,5,side,mesh/m087/l05_side.bmp,640,640
mesh,87,,5,top,mesh/m087/l05_top.bmp,640,640
mesh,87,,6,hero,mesh/m087/l06_hero.bmp,640,640
mesh,87,,6,side,mesh/m087/l06_side.bmp,640,640
mesh,87,,6,top,mesh/m087/l06_top.bmp,640,640
submesh,87,0,0,hero,submesh/m087_s00/l00_hero.bmp,640,640
submesh,87,0,1,hero,submesh/m087_s00/l01_hero.bmp,640,640
submesh,87,0,2,hero,submesh/m087_s00/l02_hero.bmp,640,640
submesh,87,0,3,hero,submesh/m087_s00/l03_hero.bmp,640,640
submesh,87,0,4,hero,submesh/m087_s00/l04_hero.bmp,640,640
submesh,87,0,5,hero,submesh/m087_s00/l05_hero.bmp,640,640
submesh,87,0,6,hero,submesh/m087_s00/l06_hero.bmp,640,640
mesh,88,,0,hero,mesh/m088/l00_hero.bmp,640,640
mesh,88,,0,side,mesh/m088/l00_side.bmp,640,640
mesh,88,,0,top,mesh/m088/l00_top.bmp,640,640
mesh,88,,1,hero,mesh/m088/l01_hero.bmp,640,640
mesh,88,,1,side,mesh/m088/l01_side.bmp,640,640
mesh,88,,1,top,mesh/m088/l01_top.bmp,640,640
mesh,88,,2,hero,mesh/m088/l02_hero.bmp,640,640
mesh,88,,2,side,mesh/m088/l02_side.bmp,640,640
mesh,88,,2,top,mesh/m088/l02_top.bmp,640,640
mesh,88,,3,hero,mesh/m088/l03_hero.bmp,640,640
mesh,88,,3,side,mesh/m088/l03_side.bmp,640,640
mesh,88,,3,top,mesh/m088/l03_top.bmp,640,640
mesh,88,,4,hero,mesh/m088/l04_hero.bmp,640,640
mesh,88,,4,side,mesh/m088/l04_side.bmp,640,640
mesh,88,,4,top,mesh/m088/l04_top.bmp,640,640
mesh,88,,5,hero,mesh/m088/l05_hero.bmp,640,640
mesh,88,,5,side,mesh/m088/l05_side.bmp,640,640
mesh,88,,5,top,mesh/m088/l05_top.bmp,640,640
mesh,88,,6,hero,mesh/m088/l06_hero.bmp,640,640
mesh,88,,6,side,mesh/m088/l06_side.bmp,640,640
mesh,88,,6,top,mesh/m088/l06_top.bmp,640,640
submesh,88,0,0,hero,submesh/m088_s00/l00_hero.bmp,640,640
submesh,88,0,1,hero,submesh/m088_s00/l01_hero.bmp,640,640
submesh,88,0,2,hero,submesh/m088_s00/l02_hero.bmp,640,640
submesh,88,0,3,hero,submesh/m088_s00/l03_hero.bmp,640,640
submesh,88,0,4,hero,submesh/m088_s00/l04_hero.bmp,640,640
submesh,88,0,5,hero,submesh/m088_s00/l05_hero.bmp,640,640
submesh,88,0,6,hero,submesh/m088_s00/l06_hero.bmp,640,640
mesh,89,,0,hero,mesh/m089/l00_hero.bmp,640,640
mesh,89,,0,side,mesh/m089/l00_side.bmp,640,640
mesh,89,,0,top,mesh/m089/l00_top.bmp,640,640
mesh,89,,1,hero,mesh/m089/l01_hero.bmp,640,640
mesh,89,,1,side,mesh/m089/l01_side.bmp,640,640
mesh,89,,1,top,mesh/m089/l01_top.bmp,640,640
mesh,89,,2,hero,mesh/m089/l02_hero.bmp,640,640
mesh,89,,2,side,mesh/m089/l02_side.bmp,640,640
mesh,89,,2,top,mesh/m089/l02_top.bmp,640,640
mesh,89,,3,hero,mesh/m089/l03_hero.bmp,640,640
mesh,89,,3,side,mesh/m089/l03_side.bmp,640,640
mesh,89,,3,top,mesh/m089/l03_top.bmp,640,640
mesh,89,,4,hero,mesh/m089/l04_hero.bmp,640,640
mesh,89,,4,side,mesh/m089/l04_side.bmp,640,640
mesh,89,,4,top,mesh/m089/l04_top.bmp,640,640
mesh,89,,5,hero,mesh/m089/l05_hero.bmp,640,640
mesh,89,,5,side,mesh/m089/l05_side.bmp,640,640
mesh,89,,5,top,mesh/m089/l05_top.bmp,640,640
mesh,89,,6,hero,mesh/m089/l06_hero.bmp,640,640
mesh,89,,6,side,mesh/m089/l06_side.bmp,640,640
mesh,89,,6,top,mesh/m089/l06_top.bmp,640,640
submesh,89,0,0,hero,submesh/m089_s00/l00_hero.bmp,640,640
submesh,89,0,1,hero,submesh/m089_s00/l01_hero.bmp,640,640
submesh,89,0,2,hero,submesh/m089_s00/l02_hero.bmp,640,640
submesh,89,0,3,hero,submesh/m089_s00/l03_hero.bmp,640,640
submesh,89,0,4,hero,submesh/m089_s00/l04_hero.bmp,640,640
submesh,89,0,5,hero,submesh/m089_s00/l05_hero.bmp,640,640
submesh,89,0,6,hero,submesh/m089_s00/l06_hero.bmp,640,640
mesh,90,,0,hero,mesh/m090/l00_hero.bmp,640,640
mesh,90,,0,side,mesh/m090/l00_side.bmp,640,640
mesh,90,,0,top,mesh/m090/l00_top.bmp,640,640
mesh,90,,1,hero,mesh/m090/l01_hero.bmp,640,640
mesh,90,,1,side,mesh/m090/l01_side.bmp,640,640
mesh,90,,1,top,mesh/m090/l01_top.bmp,640,640
mesh,90,,2,hero,mesh/m090/l02_hero.bmp,640,640
mesh,90,,2,side,mesh/m090/l02_side.bmp,640,640
mesh,90,,2,top,mesh/m090/l02_top.bmp,640,640
mesh,90,,3,hero,mesh/m090/l03_hero.bmp,640,640
mesh,90,,3,side,mesh/m090/l03_side.bmp,640,640
mesh,90,,3,top,mesh/m090/l03_top.bmp,640,640
mesh,90,,4,hero,mesh/m090/l04_hero.bmp,640,640
mesh,90,,4,side,mesh/m090/l04_side.bmp,640,640
mesh,90,,4,top,mesh/m090/l04_top.bmp,640,640
mesh,90,,5,hero,mesh/m090/l05_hero.bmp,640,640
mesh,90,,5,side,mesh/m090/l05_side.bmp,640,640
mesh,90,,5,top,mesh/m090/l05_top.bmp,640,640
mesh,90,,6,hero,mesh/m090/l06_hero.bmp,640,640
mesh,90,,6,side,mesh/m090/l06_side.bmp,640,640
mesh,90,,6,top,mesh/m090/l06_top.bmp,640,640
submesh,90,0,0,hero,submesh/m090_s00/l00_hero.bmp,640,640
submesh,90,0,1,hero,submesh/m090_s00/l01_hero.bmp,640,640
submesh,90,0,2,hero,submesh/m090_s00/l02_hero.bmp,640,640
submesh,90,0,3,hero,submesh/m090_s00/l03_hero.bmp,640,640
submesh,90,0,4,hero,submesh/m090_s00/l04_hero.bmp,640,640
submesh,90,0,5,hero,submesh/m090_s00/l05_hero.bmp,640,640
submesh,90,0,6,hero,submesh/m090_s00/l06_hero.bmp,640,640
mesh,91,,0,hero,mesh/m091/l00_hero.bmp,640,640
mesh,91,,0,side,mesh/m091/l00_side.bmp,640,640
mesh,91,,0,top,mesh/m091/l00_top.bmp,640,640
mesh,91,,1,hero,mesh/m091/l01_hero.bmp,640,640
mesh,91,,1,side,mesh/m091/l01_side.bmp,640,640
mesh,91,,1,top,mesh/m091/l01_top.bmp,640,640
mesh,91,,2,hero,mesh/m091/l02_hero.bmp,640,640
mesh,91,,2,side,mesh/m091/l02_side.bmp,640,640
mesh,91,,2,top,mesh/m091/l02_top.bmp,640,640
mesh,91,,3,hero,mesh/m091/l03_hero.bmp,640,640
mesh,91,,3,side,mesh/m091/l03_side.bmp,640,640
mesh,91,,3,top,mesh/m091/l03_top.bmp,640,640
mesh,91,,4,hero,mesh/m091/l04_hero.bmp,640,640
mesh,91,,4,side,mesh/m091/l04_side.bmp,640,640
mesh,91,,4,top,mesh/m091/l04_top.bmp,640,640
mesh,91,,5,hero,mesh/m091/l05_hero.bmp,640,640
mesh,91,,5,side,mesh/m091/l05_side.bmp,640,640
mesh,91,,5,top,mesh/m091/l05_top.bmp,640,640
mesh,91,,6,hero,mesh/m091/l06_hero.bmp,640,640
mesh,91,,6,side,mesh/m091/l06_side.bmp,640,640
mesh,91,,6,top,mesh/m091/l06_top.bmp,640,640
submesh,91,0,0,hero,submesh/m091_s00/l00_hero.bmp,640,640
submesh,91,0,1,hero,submesh/m091_s00/l01_hero.bmp,640,640
submesh,91,0,2,hero,submesh/m091_s00/l02_hero.bmp,640,640
submesh,91,0,3,hero,submesh/m091_s00/l03_hero.bmp,640,640
submesh,91,0,4,hero,submesh/m091_s00/l04_hero.bmp,640,640
submesh,91,0,5,hero,submesh/m091_s00/l05_hero.bmp,640,640
submesh,91,0,6,hero,submesh/m091_s00/l06_hero.bmp,640,640
mesh,92,,0,hero,mesh/m092/l00_hero.bmp,640,640
mesh,92,,0,side,mesh/m092/l00_side.bmp,640,640
mesh,92,,0,top,mesh/m092/l00_top.bmp,640,640
mesh,92,,1,hero,mesh/m092/l01_hero.bmp,640,640
mesh,92,,1,side,mesh/m092/l01_side.bmp,640,640
mesh,92,,1,top,mesh/m092/l01_top.bmp,640,640
mesh,92,,2,hero,mesh/m092/l02_hero.bmp,640,640
mesh,92,,2,side,mesh/m092/l02_side.bmp,640,640
mesh,92,,2,top,mesh/m092/l02_top.bmp,640,640
mesh,92,,3,hero,mesh/m092/l03_hero.bmp,640,640
mesh,92,,3,side,mesh/m092/l03_side.bmp,640,640
mesh,92,,3,top,mesh/m092/l03_top.bmp,640,640
mesh,92,,4,hero,mesh/m092/l04_hero.bmp,640,640
mesh,92,,4,side,mesh/m092/l04_side.bmp,640,640
mesh,92,,4,top,mesh/m092/l04_top.bmp,640,640
mesh,92,,5,hero,mesh/m092/l05_hero.bmp,640,640
mesh,92,,5,side,mesh/m092/l05_side.bmp,640,640
mesh,92,,5,top,mesh/m092/l05_top.bmp,640,640
mesh,92,,6,hero,mesh/m092/l06_hero.bmp,640,640
mesh,92,,6,side,mesh/m092/l06_side.bmp,640,640
mesh,92,,6,top,mesh/m092/l06_top.bmp,640,640
submesh,92,0,0,hero,submesh/m092_s00/l00_hero.bmp,640,640
submesh,92,0,1,hero,submesh/m092_s00/l01_hero.bmp,640,640
submesh,92,0,2,hero,submesh/m092_s00/l02_hero.bmp,640,640
submesh,92,0,3,hero,submesh/m092_s00/l03_hero.bmp,640,640
submesh,92,0,4,hero,submesh/m092_s00/l04_hero.bmp,640,640
submesh,92,0,5,hero,submesh/m092_s00/l05_hero.bmp,640,640
submesh,92,0,6,hero,submesh/m092_s00/l06_hero.bmp,640,640
mesh,93,,0,hero,mesh/m093/l00_hero.bmp,640,640
mesh,93,,0,side,mesh/m093/l00_side.bmp,640,640
mesh,93,,0,top,mesh/m093/l00_top.bmp,640,640
mesh,93,,1,hero,mesh/m093/l01_hero.bmp,640,640
mesh,93,,1,side,mesh/m093/l01_side.bmp,640,640
mesh,93,,1,top,mesh/m093/l01_top.bmp,640,640
mesh,93,,2,hero,mesh/m093/l02_hero.bmp,640,640
mesh,93,,2,side,mesh/m093/l02_side.bmp,640,640
mesh,93,,2,top,mesh/m093/l02_top.bmp,640,640
mesh,93,,3,hero,mesh/m093/l03_hero.bmp,640,640
mesh,93,,3,side,mesh/m093/l03_side.bmp,640,640
mesh,93,,3,top,mesh/m093/l03_top.bmp,640,640
mesh,93,,4,hero,mesh/m093/l04_hero.bmp,640,640
mesh,93,,4,side,mesh/m093/l04_side.bmp,640,640
mesh,93,,4,top,mesh/m093/l04_top.bmp,640,640
mesh,93,,5,hero,mesh/m093/l05_hero.bmp,640,640
mesh,93,,5,side,mesh/m093/l05_side.bmp,640,640
mesh,93,,5,top,mesh/m093/l05_top.bmp,640,640
mesh,93,,6,hero,mesh/m093/l06_hero.bmp,640,640
mesh,93,,6,side,mesh/m093/l06_side.bmp,640,640
mesh,93,,6,top,mesh/m093/l06_top.bmp,640,640
submesh,93,0,0,hero,submesh/m093_s00/l00_hero.bmp,640,640
submesh,93,0,1,hero,submesh/m093_s00/l01_hero.bmp,640,640
submesh,93,0,2,hero,submesh/m093_s00/l02_hero.bmp,640,640
submesh,93,0,3,hero,submesh/m093_s00/l03_hero.bmp,640,640
submesh,93,0,4,hero,submesh/m093_s00/l04_hero.bmp,640,640
submesh,93,0,5,hero,submesh/m093_s00/l05_hero.bmp,640,640
submesh,93,0,6,hero,submesh/m093_s00/l06_hero.bmp,640,640
mesh,94,,0,hero,mesh/m094/l00_hero.bmp,640,640
mesh,94,,0,side,mesh/m094/l00_side.bmp,640,640
mesh,94,,0,top,mesh/m094/l00_top.bmp,640,640
mesh,94,,1,hero,mesh/m094/l01_hero.bmp,640,640
mesh,94,,1,side,mesh/m094/l01_side.bmp,640,640
mesh,94,,1,top,mesh/m094/l01_top.bmp,640,640
mesh,94,,2,hero,mesh/m094/l02_hero.bmp,640,640
mesh,94,,2,side,mesh/m094/l02_side.bmp,640,640
mesh,94,,2,top,mesh/m094/l02_top.bmp,640,640
mesh,94,,3,hero,mesh/m094/l03_hero.bmp,640,640
mesh,94,,3,side,mesh/m094/l03_side.bmp,640,640
mesh,94,,3,top,mesh/m094/l03_top.bmp,640,640
mesh,94,,4,hero,mesh/m094/l04_hero.bmp,640,640
mesh,94,,4,side,mesh/m094/l04_side.bmp,640,640
mesh,94,,4,top,mesh/m094/l04_top.bmp,640,640
mesh,94,,5,hero,mesh/m094/l05_hero.bmp,640,640
mesh,94,,5,side,mesh/m094/l05_side.bmp,640,640
mesh,94,,5,top,mesh/m094/l05_top.bmp,640,640
mesh,94,,6,hero,mesh/m094/l06_hero.bmp,640,640
mesh,94,,6,side,mesh/m094/l06_side.bmp,640,640
mesh,94,,6,top,mesh/m094/l06_top.bmp,640,640
submesh,94,0,0,hero,submesh/m094_s00/l00_hero.bmp,640,640
submesh,94,0,1,hero,submesh/m094_s00/l01_hero.bmp,640,640
submesh,94,0,2,hero,submesh/m094_s00/l02_hero.bmp,640,640
submesh,94,0,3,hero,submesh/m094_s00/l03_hero.bmp,640,640
submesh,94,0,4,hero,submesh/m094_s00/l04_hero.bmp,640,640
submesh,94,0,5,hero,submesh/m094_s00/l05_hero.bmp,640,640
submesh,94,0,6,hero,submesh/m094_s00/l06_hero.bmp,640,640
mesh,95,,0,hero,mesh/m095/l00_hero.bmp,640,640
mesh,95,,0,side,mesh/m095/l00_side.bmp,640,640
mesh,95,,0,top,mesh/m095/l00_top.bmp,640,640
mesh,95,,1,hero,mesh/m095/l01_hero.bmp,640,640
mesh,95,,1,side,mesh/m095/l01_side.bmp,640,640
mesh,95,,1,top,mesh/m095/l01_top.bmp,640,640
mesh,95,,2,hero,mesh/m095/l02_hero.bmp,640,640
mesh,95,,2,side,mesh/m095/l02_side.bmp,640,640
mesh,95,,2,top,mesh/m095/l02_top.bmp,640,640
mesh,95,,3,hero,mesh/m095/l03_hero.bmp,640,640
mesh,95,,3,side,mesh/m095/l03_side.bmp,640,640
mesh,95,,3,top,mesh/m095/l03_top.bmp,640,640
mesh,95,,4,hero,mesh/m095/l04_hero.bmp,640,640
mesh,95,,4,side,mesh/m095/l04_side.bmp,640,640
mesh,95,,4,top,mesh/m095/l04_top.bmp,640,640
mesh,95,,5,hero,mesh/m095/l05_hero.bmp,640,640
mesh,95,,5,side,mesh/m095/l05_side.bmp,640,640
mesh,95,,5,top,mesh/m095/l05_top.bmp,640,640
mesh,95,,6,hero,mesh/m095/l06_hero.bmp,640,640
mesh,95,,6,side,mesh/m095/l06_side.bmp,640,640
mesh,95,,6,top,mesh/m095/l06_top.bmp,640,640
submesh,95,0,0,hero,submesh/m095_s00/l00_hero.bmp,640,640
submesh,95,0,1,hero,submesh/m095_s00/l01_hero.bmp,640,640
submesh,95,0,2,hero,submesh/m095_s00/l02_hero.bmp,640,640
submesh,95,0,3,hero,submesh/m095_s00/l03_hero.bmp,640,640
submesh,95,0,4,hero,submesh/m095_s00/l04_hero.bmp,640,640
submesh,95,0,5,hero,submesh/m095_s00/l05_hero.bmp,640,640
submesh,95,0,6,hero,submesh/m095_s00/l06_hero.bmp,640,640
mesh,96,,0,hero,mesh/m096/l00_hero.bmp,640,640
mesh,96,,0,side,mesh/m096/l00_side.bmp,640,640
mesh,96,,0,top,mesh/m096/l00_top.bmp,640,640
mesh,96,,1,hero,mesh/m096/l01_hero.bmp,640,640
mesh,96,,1,side,mesh/m096/l01_side.bmp,640,640
mesh,96,,1,top,mesh/m096/l01_top.bmp,640,640
mesh,96,,2,hero,mesh/m096/l02_hero.bmp,640,640
mesh,96,,2,side,mesh/m096/l02_side.bmp,640,640
mesh,96,,2,top,mesh/m096/l02_top.bmp,640,640
mesh,96,,3,hero,mesh/m096/l03_hero.bmp,640,640
mesh,96,,3,side,mesh/m096/l03_side.bmp,640,640
mesh,96,,3,top,mesh/m096/l03_top.bmp,640,640
mesh,96,,4,hero,mesh/m096/l04_hero.bmp,640,640
mesh,96,,4,side,mesh/m096/l04_side.bmp,640,640
mesh,96,,4,top,mesh/m096/l04_top.bmp,640,640
mesh,96,,5,hero,mesh/m096/l05_hero.bmp,640,640
mesh,96,,5,side,mesh/m096/l05_side.bmp,640,640
mesh,96,,5,top,mesh/m096/l05_top.bmp,640,640
mesh,96,,6,hero,mesh/m096/l06_hero.bmp,640,640
mesh,96,,6,side,mesh/m096/l06_side.bmp,640,640
mesh,96,,6,top,mesh/m096/l06_top.bmp,640,640
submesh,96,0,0,hero,submesh/m096_s00/l00_hero.bmp,640,640
submesh,96,0,1,hero,submesh/m096_s00/l01_hero.bmp,640,640
submesh,96,0,2,hero,submesh/m096_s00/l02_hero.bmp,640,640
submesh,96,0,3,hero,submesh/m096_s00/l03_hero.bmp,640,640
submesh,96,0,4,hero,submesh/m096_s00/l04_hero.bmp,640,640
submesh,96,0,5,hero,submesh/m096_s00/l05_hero.bmp,640,640
submesh,96,0,6,hero,submesh/m096_s00/l06_hero.bmp,640,640
mesh,97,,0,hero,mesh/m097/l00_hero.bmp,640,640
mesh,97,,0,side,mesh/m097/l00_side.bmp,640,640
mesh,97,,0,top,mesh/m097/l00_top.bmp,640,640
mesh,97,,1,hero,mesh/m097/l01_hero.bmp,640,640
mesh,97,,1,side,mesh/m097/l01_side.bmp,640,640
mesh,97,,1,top,mesh/m097/l01_top.bmp,640,640
mesh,97,,2,hero,mesh/m097/l02_hero.bmp,640,640
mesh,97,,2,side,mesh/m097/l02_side.bmp,640,640
mesh,97,,2,top,mesh/m097/l02_top.bmp,640,640
mesh,97,,3,hero,mesh/m097/l03_hero.bmp,640,640
mesh,97,,3,side,mesh/m097/l03_side.bmp,640,640
mesh,97,,3,top,mesh/m097/l03_top.bmp,640,640
mesh,97,,4,hero,mesh/m097/l04_hero.bmp,640,640
mesh,97,,4,side,mesh/m097/l04_side.bmp,640,640
mesh,97,,4,top,mesh/m097/l04_top.bmp,640,640
mesh,97,,5,hero,mesh/m097/l05_hero.bmp,640,640
mesh,97,,5,side,mesh/m097/l05_side.bmp,640,640
mesh,97,,5,top,mesh/m097/l05_top.bmp,640,640
mesh,97,,6,hero,mesh/m097/l06_hero.bmp,640,640
mesh,97,,6,side,mesh/m097/l06_side.bmp,640,640
mesh,97,,6,top,mesh/m097/l06_top.bmp,640,640
submesh,97,0,0,hero,submesh/m097_s00/l00_hero.bmp,640,640
submesh,97,0,1,hero,submesh/m097_s00/l01_hero.bmp,640,640
submesh,97,0,2,hero,submesh/m097_s00/l02_hero.bmp,640,640
submesh,97,0,3,hero,submesh/m097_s00/l03_hero.bmp,640,640
submesh,97,0,4,hero,submesh/m097_s00/l04_hero.bmp,640,640
submesh,97,0,5,hero,submesh/m097_s00/l05_hero.bmp,640,640
submesh,97,0,6,hero,submesh/m097_s00/l06_hero.bmp,640,640
mesh,98,,0,hero,mesh/m098/l00_hero.bmp,640,640
mesh,98,,0,side,mesh/m098/l00_side.bmp,640,640
mesh,98,,0,top,mesh/m098/l00_top.bmp,640,640
mesh,98,,1,hero,mesh/m098/l01_hero.bmp,640,640
mesh,98,,1,side,mesh/m098/l01_side.bmp,640,640
mesh,98,,1,top,mesh/m098/l01_top.bmp,640,640
mesh,98,,2,hero,mesh/m098/l02_hero.bmp,640,640
mesh,98,,2,side,mesh/m098/l02_side.bmp,640,640
mesh,98,,2,top,mesh/m098/l02_top.bmp,640,640
mesh,98,,3,hero,mesh/m098/l03_hero.bmp,640,640
mesh,98,,3,side,mesh/m098/l03_side.bmp,640,640
mesh,98,,3,top,mesh/m098/l03_top.bmp,640,640
mesh,98,,4,hero,mesh/m098/l04_hero.bmp,640,640
mesh,98,,4,side,mesh/m098/l04_side.bmp,640,640
mesh,98,,4,top,mesh/m098/l04_top.bmp,640,640
mesh,98,,5,hero,mesh/m098/l05_hero.bmp,640,640
mesh,98,,5,side,mesh/m098/l05_side.bmp,640,640
mesh,98,,5,top,mesh/m098/l05_top.bmp,640,640
mesh,98,,6,hero,mesh/m098/l06_hero.bmp,640,640
mesh,98,,6,side,mesh/m098/l06_side.bmp,640,640
mesh,98,,6,top,mesh/m098/l06_top.bmp,640,640
submesh,98,0,0,hero,submesh/m098_s00/l00_hero.bmp,640,640
submesh,98,0,1,hero,submesh/m098_s00/l01_hero.bmp,640,640
submesh,98,0,2,hero,submesh/m098_s00/l02_hero.bmp,640,640
submesh,98,0,3,hero,submesh/m098_s00/l03_hero.bmp,640,640
submesh,98,0,4,hero,submesh/m098_s00/l04_hero.bmp,640,640
submesh,98,0,5,hero,submesh/m098_s00/l05_hero.bmp,640,640
submesh,98,0,6,hero,submesh/m098_s00/l06_hero.bmp,640,640
mesh,99,,0,hero,mesh/m099/l00_hero.bmp,640,640
mesh,99,,0,side,mesh/m099/l00_side.bmp,640,640
mesh,99,,0,top,mesh/m099/l00_top.bmp,640,640
mesh,99,,1,hero,mesh/m099/l01_hero.bmp,640,640
mesh,99,,1,side,mesh/m099/l01_side.bmp,640,640
mesh,99,,1,top,mesh/m099/l01_top.bmp,640,640
mesh,99,,2,hero,mesh/m099/l02_hero.bmp,640,640
mesh,99,,2,side,mesh/m099/l02_side.bmp,640,640
mesh,99,,2,top,mesh/m099/l02_top.bmp,640,640
mesh,99,,3,hero,mesh/m099/l03_hero.bmp,640,640
mesh,99,,3,side,mesh/m099/l03_side.bmp,640,640
mesh,99,,3,top,mesh/m099/l03_top.bmp,640,640
mesh,99,,4,hero,mesh/m099/l04_hero.bmp,640,640
mesh,99,,4,side,mesh/m099/l04_side.bmp,640,640
mesh,99,,4,top,mesh/m099/l04_top.bmp,640,640
mesh,99,,5,hero,mesh/m099/l05_hero.bmp,640,640
mesh,99,,5,side,mesh/m099/l05_side.bmp,640,640
mesh,99,,5,top,mesh/m099/l05_top.bmp,640,640
mesh,99,,6,hero,mesh/m099/l06_hero.bmp,640,640
mesh,99,,6,side,mesh/m099/l06_side.bmp,640,640
mesh,99,,6,top,mesh/m099/l06_top.bmp,640,640
submesh,99,0,0,hero,submesh/m099_s00/l00_hero.bmp,640,640
submesh,99,0,1,hero,submesh/m099_s00/l01_hero.bmp,640,640
submesh,99,0,2,hero,submesh/m099_s00/l02_hero.bmp,640,640
submesh,99,0,3,hero,submesh/m099_s00/l03_hero.bmp,640,640
submesh,99,0,4,hero,submesh/m099_s00/l04_hero.bmp,640,640
submesh,99,0,5,hero,submesh/m099_s00/l05_hero.bmp,640,640
submesh,99,0,6,hero,submesh/m099_s00/l06_hero.bmp,640,640
mesh,100,,0,hero,mesh/m100/l00_hero.bmp,640,640
mesh,100,,0,side,mesh/m100/l00_side.bmp,640,640
mesh,100,,0,top,mesh/m100/l00_top.bmp,640,640
mesh,100,,1,hero,mesh/m100/l01_hero.bmp,640,640
mesh,100,,1,side,mesh/m100/l01_side.bmp,640,640
mesh,100,,1,top,mesh/m100/l01_top.bmp,640,640
mesh,100,,2,hero,mesh/m100/l02_hero.bmp,640,640
mesh,100,,2,side,mesh/m100/l02_side.bmp,640,640
mesh,100,,2,top,mesh/m100/l02_top.bmp,640,640
mesh,100,,3,hero,mesh/m100/l03_hero.bmp,640,640
mesh,100,,3,side,mesh/m100/l03_side.bmp,640,640
mesh,100,,3,top,mesh/m100/l03_top.bmp,640,640
mesh,100,,4,hero,mesh/m100/l04_hero.bmp,640,640
mesh,100,,4,side,mesh/m100/l04_side.bmp,640,640
mesh,100,,4,top,mesh/m100/l04_top.bmp,640,640
mesh,100,,5,hero,mesh/m100/l05_hero.bmp,640,640
mesh,100,,5,side,mesh/m100/l05_side.bmp,640,640
mesh,100,,5,top,mesh/m100/l05_top.bmp,640,640
mesh,100,,6,hero,mesh/m100/l06_hero.bmp,640,640
mesh,100,,6,side,mesh/m100/l06_side.bmp,640,640
mesh,100,,6,top,mesh/m100/l06_top.bmp,640,640
submesh,100,0,0,hero,submesh/m100_s00/l00_hero.bmp,640,640
submesh,100,0,1,hero,submesh/m100_s00/l01_hero.bmp,640,640
submesh,100,0,2,hero,submesh/m100_s00/l02_hero.bmp,640,640
submesh,100,0,3,hero,submesh/m100_s00/l03_hero.bmp,640,640
submesh,100,0,4,hero,submesh/m100_s00/l04_hero.bmp,640,640
submesh,100,0,5,hero,submesh/m100_s00/l05_hero.bmp,640,640
submesh,100,0,6,hero,submesh/m100_s00/l06_hero.bmp,640,640
mesh,101,,0,hero,mesh/m101/l00_hero.bmp,640,640
mesh,101,,0,side,mesh/m101/l00_side.bmp,640,640
mesh,101,,0,top,mesh/m101/l00_top.bmp,640,640
mesh,101,,1,hero,mesh/m101/l01_hero.bmp,640,640
mesh,101,,1,side,mesh/m101/l01_side.bmp,640,640
mesh,101,,1,top,mesh/m101/l01_top.bmp,640,640
mesh,101,,2,hero,mesh/m101/l02_hero.bmp,640,640
mesh,101,,2,side,mesh/m101/l02_side.bmp,640,640
mesh,101,,2,top,mesh/m101/l02_top.bmp,640,640
mesh,101,,3,hero,mesh/m101/l03_hero.bmp,640,640
mesh,101,,3,side,mesh/m101/l03_side.bmp,640,640
mesh,101,,3,top,mesh/m101/l03_top.bmp,640,640
mesh,101,,4,hero,mesh/m101/l04_hero.bmp,640,640
mesh,101,,4,side,mesh/m101/l04_side.bmp,640,640
mesh,101,,4,top,mesh/m101/l04_top.bmp,640,640
mesh,101,,5,hero,mesh/m101/l05_hero.bmp,640,640
mesh,101,,5,side,mesh/m101/l05_side.bmp,640,640
mesh,101,,5,top,mesh/m101/l05_top.bmp,640,640
mesh,101,,6,hero,mesh/m101/l06_hero.bmp,640,640
mesh,101,,6,side,mesh/m101/l06_side.bmp,640,640
mesh,101,,6,top,mesh/m101/l06_top.bmp,640,640
submesh,101,0,0,hero,submesh/m101_s00/l00_hero.bmp,640,640
submesh,101,0,1,hero,submesh/m101_s00/l01_hero.bmp,640,640
submesh,101,0,2,hero,submesh/m101_s00/l02_hero.bmp,640,640
submesh,101,0,3,hero,submesh/m101_s00/l03_hero.bmp,640,640
submesh,101,0,4,hero,submesh/m101_s00/l04_hero.bmp,640,640
submesh,101,0,5,hero,submesh/m101_s00/l05_hero.bmp,640,640
submesh,101,0,6,hero,submesh/m101_s00/l06_hero.bmp,640,640
mesh,102,,0,hero,mesh/m102/l00_hero.bmp,640,640
mesh,102,,0,side,mesh/m102/l00_side.bmp,640,640
mesh,102,,0,top,mesh/m102/l00_top.bmp,640,640
mesh,102,,1,hero,mesh/m102/l01_hero.bmp,640,640
mesh,102,,1,side,mesh/m102/l01_side.bmp,640,640
mesh,102,,1,top,mesh/m102/l01_top.bmp,640,640
mesh,102,,2,hero,mesh/m102/l02_hero.bmp,640,640
mesh,102,,2,side,mesh/m102/l02_side.bmp,640,640
mesh,102,,2,top,mesh/m102/l02_top.bmp,640,640
mesh,102,,3,hero,mesh/m102/l03_hero.bmp,640,640
mesh,102,,3,side,mesh/m102/l03_side.bmp,640,640
mesh,102,,3,top,mesh/m102/l03_top.bmp,640,640
mesh,102,,4,hero,mesh/m102/l04_hero.bmp,640,640
mesh,102,,4,side,mesh/m102/l04_side.bmp,640,640
mesh,102,,4,top,mesh/m102/l04_top.bmp,640,640
mesh,102,,5,hero,mesh/m102/l05_hero.bmp,640,640
mesh,102,,5,side,mesh/m102/l05_side.bmp,640,640
mesh,102,,5,top,mesh/m102/l05_top.bmp,640,640
mesh,102,,6,hero,mesh/m102/l06_hero.bmp,640,640
mesh,102,,6,side,mesh/m102/l06_side.bmp,640,640
mesh,102,,6,top,mesh/m102/l06_top.bmp,640,640
submesh,102,0,0,hero,submesh/m102_s00/l00_hero.bmp,640,640
submesh,102,0,1,hero,submesh/m102_s00/l01_hero.bmp,640,640
submesh,102,0,2,hero,submesh/m102_s00/l02_hero.bmp,640,640
submesh,102,0,3,hero,submesh/m102_s00/l03_hero.bmp,640,640
submesh,102,0,4,hero,submesh/m102_s00/l04_hero.bmp,640,640
submesh,102,0,5,hero,submesh/m102_s00/l05_hero.bmp,640,640
submesh,102,0,6,hero,submesh/m102_s00/l06_hero.bmp,640,640
mesh,103,,0,hero,mesh/m103/l00_hero.bmp,640,640
mesh,103,,0,side,mesh/m103/l00_side.bmp,640,640
mesh,103,,0,top,mesh/m103/l00_top.bmp,640,640
mesh,103,,1,hero,mesh/m103/l01_hero.bmp,640,640
mesh,103,,1,side,mesh/m103/l01_side.bmp,640,640
mesh,103,,1,top,mesh/m103/l01_top.bmp,640,640
mesh,103,,2,hero,mesh/m103/l02_hero.bmp,640,640
mesh,103,,2,side,mesh/m103/l02_side.bmp,640,640
mesh,103,,2,top,mesh/m103/l02_top.bmp,640,640
mesh,103,,3,hero,mesh/m103/l03_hero.bmp,640,640
mesh,103,,3,side,mesh/m103/l03_side.bmp,640,640
mesh,103,,3,top,mesh/m103/l03_top.bmp,640,640
mesh,103,,4,hero,mesh/m103/l04_hero.bmp,640,640
mesh,103,,4,side,mesh/m103/l04_side.bmp,640,640
mesh,103,,4,top,mesh/m103/l04_top.bmp,640,640
mesh,103,,5,hero,mesh/m103/l05_hero.bmp,640,640
mesh,103,,5,side,mesh/m103/l05_side.bmp,640,640
mesh,103,,5,top,mesh/m103/l05_top.bmp,640,640
mesh,103,,6,hero,mesh/m103/l06_hero.bmp,640,640
mesh,103,,6,side,mesh/m103/l06_side.bmp,640,640
mesh,103,,6,top,mesh/m103/l06_top.bmp,640,640
submesh,103,0,0,hero,submesh/m103_s00/l00_hero.bmp,640,640
submesh,103,0,1,hero,submesh/m103_s00/l01_hero.bmp,640,640
submesh,103,0,2,hero,submesh/m103_s00/l02_hero.bmp,640,640
submesh,103,0,3,hero,submesh/m103_s00/l03_hero.bmp,640,640
submesh,103,0,4,hero,submesh/m103_s00/l04_hero.bmp,640,640
submesh,103,0,5,hero,submesh/m103_s00/l05_hero.bmp,640,640
submesh,103,0,6,hero,submesh/m103_s00/l06_hero.bmp,640,640
mesh,104,,0,hero,mesh/m104/l00_hero.bmp,640,640
mesh,104,,0,side,mesh/m104/l00_side.bmp,640,640
mesh,104,,0,top,mesh/m104/l00_top.bmp,640,640
mesh,104,,1,hero,mesh/m104/l01_hero.bmp,640,640
mesh,104,,1,side,mesh/m104/l01_side.bmp,640,640
mesh,104,,1,top,mesh/m104/l01_top.bmp,640,640
mesh,104,,2,hero,mesh/m104/l02_hero.bmp,640,640
mesh,104,,2,side,mesh/m104/l02_side.bmp,640,640
mesh,104,,2,top,mesh/m104/l02_top.bmp,640,640
mesh,104,,3,hero,mesh/m104/l03_hero.bmp,640,640
mesh,104,,3,side,mesh/m104/l03_side.bmp,640,640
mesh,104,,3,top,mesh/m104/l03_top.bmp,640,640
mesh,104,,4,hero,mesh/m104/l04_hero.bmp,640,640
mesh,104,,4,side,mesh/m104/l04_side.bmp,640,640
mesh,104,,4,top,mesh/m104/l04_top.bmp,640,640
mesh,104,,5,hero,mesh/m104/l05_hero.bmp,640,640
mesh,104,,5,side,mesh/m104/l05_side.bmp,640,640
mesh,104,,5,top,mesh/m104/l05_top.bmp,640,640
mesh,104,,6,hero,mesh/m104/l06_hero.bmp,640,640
mesh,104,,6,side,mesh/m104/l06_side.bmp,640,640
mesh,104,,6,top,mesh/m104/l06_top.bmp,640,640
submesh,104,0,0,hero,submesh/m104_s00/l00_hero.bmp,640,640
submesh,104,0,1,hero,submesh/m104_s00/l01_hero.bmp,640,640
submesh,104,0,2,hero,submesh/m104_s00/l02_hero.bmp,640,640
submesh,104,0,3,hero,submesh/m104_s00/l03_hero.bmp,640,640
submesh,104,0,4,hero,submesh/m104_s00/l04_hero.bmp,640,640
submesh,104,0,5,hero,submesh/m104_s00/l05_hero.bmp,640,640
submesh,104,0,6,hero,submesh/m104_s00/l06_hero.bmp,640,640
mesh,105,,0,hero,mesh/m105/l00_hero.bmp,640,640
mesh,105,,0,side,mesh/m105/l00_side.bmp,640,640
mesh,105,,0,top,mesh/m105/l00_top.bmp,640,640
mesh,105,,1,hero,mesh/m105/l01_hero.bmp,640,640
mesh,105,,1,side,mesh/m105/l01_side.bmp,640,640
mesh,105,,1,top,mesh/m105/l01_top.bmp,640,640
mesh,105,,2,hero,mesh/m105/l02_hero.bmp,640,640
mesh,105,,2,side,mesh/m105/l02_side.bmp,640,640
mesh,105,,2,top,mesh/m105/l02_top.bmp,640,640
mesh,105,,3,hero,mesh/m105/l03_hero.bmp,640,640
mesh,105,,3,side,mesh/m105/l03_side.bmp,640,640
mesh,105,,3,top,mesh/m105/l03_top.bmp,640,640
mesh,105,,4,hero,mesh/m105/l04_hero.bmp,640,640
mesh,105,,4,side,mesh/m105/l04_side.bmp,640,640
mesh,105,,4,top,mesh/m105/l04_top.bmp,640,640
mesh,105,,5,hero,mesh/m105/l05_hero.bmp,640,640
mesh,105,,5,side,mesh/m105/l05_side.bmp,640,640
mesh,105,,5,top,mesh/m105/l05_top.bmp,640,640
mesh,105,,6,hero,mesh/m105/l06_hero.bmp,640,640
mesh,105,,6,side,mesh/m105/l06_side.bmp,640,640
mesh,105,,6,top,mesh/m105/l06_top.bmp,640,640
submesh,105,0,0,hero,submesh/m105_s00/l00_hero.bmp,640,640
submesh,105,0,1,hero,submesh/m105_s00/l01_hero.bmp,640,640
submesh,105,0,2,hero,submesh/m105_s00/l02_hero.bmp,640,640
submesh,105,0,3,hero,submesh/m105_s00/l03_hero.bmp,640,640
submesh,105,0,4,hero,submesh/m105_s00/l04_hero.bmp,640,640
submesh,105,0,5,hero,submesh/m105_s00/l05_hero.bmp,640,640
submesh,105,0,6,hero,submesh/m105_s00/l06_hero.bmp,640,640
mesh,106,,0,hero,mesh/m106/l00_hero.bmp,640,640
mesh,106,,0,side,mesh/m106/l00_side.bmp,640,640
mesh,106,,0,top,mesh/m106/l00_top.bmp,640,640
mesh,106,,1,hero,mesh/m106/l01_hero.bmp,640,640
mesh,106,,1,side,mesh/m106/l01_side.bmp,640,640
mesh,106,,1,top,mesh/m106/l01_top.bmp,640,640
mesh,106,,2,hero,mesh/m106/l02_hero.bmp,640,640
mesh,106,,2,side,mesh/m106/l02_side.bmp,640,640
mesh,106,,2,top,mesh/m106/l02_top.bmp,640,640
mesh,106,,3,hero,mesh/m106/l03_hero.bmp,640,640
mesh,106,,3,side,mesh/m106/l03_side.bmp,640,640
mesh,106,,3,top,mesh/m106/l03_top.bmp,640,640
mesh,106,,4,hero,mesh/m106/l04_hero.bmp,640,640
mesh,106,,4,side,mesh/m106/l04_side.bmp,640,640
mesh,106,,4,top,mesh/m106/l04_top.bmp,640,640
mesh,106,,5,hero,mesh/m106/l05_hero.bmp,640,640
mesh,106,,5,side,mesh/m106/l05_side.bmp,640,640
mesh,106,,5,top,mesh/m106/l05_top.bmp,640,640
mesh,106,,6,hero,mesh/m106/l06_hero.bmp,640,640
mesh,106,,6,side,mesh/m106/l06_side.bmp,640,640
mesh,106,,6,top,mesh/m106/l06_top.bmp,640,640
submesh,106,0,0,hero,submesh/m106_s00/l00_hero.bmp,640,640
submesh,106,0,1,hero,submesh/m106_s00/l01_hero.bmp,640,640
submesh,106,0,2,hero,submesh/m106_s00/l02_hero.bmp,640,640
submesh,106,0,3,hero,submesh/m106_s00/l03_hero.bmp,640,640
submesh,106,0,4,hero,submesh/m106_s00/l04_hero.bmp,640,640
submesh,106,0,5,hero,submesh/m106_s00/l05_hero.bmp,640,640
submesh,106,0,6,hero,submesh/m106_s00/l06_hero.bmp,640,640
mesh,107,,0,hero,mesh/m107/l00_hero.bmp,640,640
mesh,107,,0,side,mesh/m107/l00_side.bmp,640,640
mesh,107,,0,top,mesh/m107/l00_top.bmp,640,640
mesh,107,,1,hero,mesh/m107/l01_hero.bmp,640,640
mesh,107,,1,side,mesh/m107/l01_side.bmp,640,640
mesh,107,,1,top,mesh/m107/l01_top.bmp,640,640
mesh,107,,2,hero,mesh/m107/l02_hero.bmp,640,640
mesh,107,,2,side,mesh/m107/l02_side.bmp,640,640
mesh,107,,2,top,mesh/m107/l02_top.bmp,640,640
mesh,107,,3,hero,mesh/m107/l03_hero.bmp,640,640
mesh,107,,3,side,mesh/m107/l03_side.bmp,640,640
mesh,107,,3,top,mesh/m107/l03_top.bmp,640,640
mesh,107,,4,hero,mesh/m107/l04_hero.bmp,640,640
mesh,107,,4,side,mesh/m107/l04_side.bmp,640,640
mesh,107,,4,top,mesh/m107/l04_top.bmp,640,640
mesh,107,,5,hero,mesh/m107/l05_hero.bmp,640,640
mesh,107,,5,side,mesh/m107/l05_side.bmp,640,640
mesh,107,,5,top,mesh/m107/l05_top.bmp,640,640
mesh,107,,6,hero,mesh/m107/l06_hero.bmp,640,640
mesh,107,,6,side,mesh/m107/l06_side.bmp,640,640
mesh,107,,6,top,mesh/m107/l06_top.bmp,640,640
submesh,107,0,0,hero,submesh/m107_s00/l00_hero.bmp,640,640
submesh,107,0,1,hero,submesh/m107_s00/l01_hero.bmp,640,640
submesh,107,0,2,hero,submesh/m107_s00/l02_hero.bmp,640,640
submesh,107,0,3,hero,submesh/m107_s00/l03_hero.bmp,640,640
submesh,107,0,4,hero,submesh/m107_s00/l04_hero.bmp,640,640
submesh,107,0,5,hero,submesh/m107_s00/l05_hero.bmp,640,640
submesh,107,0,6,hero,submesh/m107_s00/l06_hero.bmp,640,640
mesh,108,,0,hero,mesh/m108/l00_hero.bmp,640,640
mesh,108,,0,side,mesh/m108/l00_side.bmp,640,640
mesh,108,,0,top,mesh/m108/l00_top.bmp,640,640
mesh,108,,1,hero,mesh/m108/l01_hero.bmp,640,640
mesh,108,,1,side,mesh/m108/l01_side.bmp,640,640
mesh,108,,1,top,mesh/m108/l01_top.bmp,640,640
mesh,108,,2,hero,mesh/m108/l02_hero.bmp,640,640
mesh,108,,2,side,mesh/m108/l02_side.bmp,640,640
mesh,108,,2,top,mesh/m108/l02_top.bmp,640,640
mesh,108,,3,hero,mesh/m108/l03_hero.bmp,640,640
mesh,108,,3,side,mesh/m108/l03_side.bmp,640,640
mesh,108,,3,top,mesh/m108/l03_top.bmp,640,640
mesh,108,,4,hero,mesh/m108/l04_hero.bmp,640,640
mesh,108,,4,side,mesh/m108/l04_side.bmp,640,640
mesh,108,,4,top,mesh/m108/l04_top.bmp,640,640
mesh,108,,5,hero,mesh/m108/l05_hero.bmp,640,640
mesh,108,,5,side,mesh/m108/l05_side.bmp,640,640
mesh,108,,5,top,mesh/m108/l05_top.bmp,640,640
mesh,108,,6,hero,mesh/m108/l06_hero.bmp,640,640
mesh,108,,6,side,mesh/m108/l06_side.bmp,640,640
mesh,108,,6,top,mesh/m108/l06_top.bmp,640,640
submesh,108,0,0,hero,submesh/m108_s00/l00_hero.bmp,640,640
submesh,108,0,1,hero,submesh/m108_s00/l01_hero.bmp,640,640
submesh,108,0,2,hero,submesh/m108_s00/l02_hero.bmp,640,640
submesh,108,0,3,hero,submesh/m108_s00/l03_hero.bmp,640,640
submesh,108,0,4,hero,submesh/m108_s00/l04_hero.bmp,640,640
submesh,108,0,5,hero,submesh/m108_s00/l05_hero.bmp,640,640
submesh,108,0,6,hero,submesh/m108_s00/l06_hero.bmp,640,640
mesh,109,,0,hero,mesh/m109/l00_hero.bmp,640,640
mesh,109,,0,side,mesh/m109/l00_side.bmp,640,640
mesh,109,,0,top,mesh/m109/l00_top.bmp,640,640
mesh,109,,1,hero,mesh/m109/l01_hero.bmp,640,640
mesh,109,,1,side,mesh/m109/l01_side.bmp,640,640
mesh,109,,1,top,mesh/m109/l01_top.bmp,640,640
mesh,109,,2,hero,mesh/m109/l02_hero.bmp,640,640
mesh,109,,2,side,mesh/m109/l02_side.bmp,640,640
mesh,109,,2,top,mesh/m109/l02_top.bmp,640,640
mesh,109,,3,hero,mesh/m109/l03_hero.bmp,640,640
mesh,109,,3,side,mesh/m109/l03_side.bmp,640,640
mesh,109,,3,top,mesh/m109/l03_top.bmp,640,640
mesh,109,,4,hero,mesh/m109/l04_hero.bmp,640,640
mesh,109,,4,side,mesh/m109/l04_side.bmp,640,640
mesh,109,,4,top,mesh/m109/l04_top.bmp,640,640
mesh,109,,5,hero,mesh/m109/l05_hero.bmp,640,640
mesh,109,,5,side,mesh/m109/l05_side.bmp,640,640
mesh,109,,5,top,mesh/m109/l05_top.bmp,640,640
mesh,109,,6,hero,mesh/m109/l06_hero.bmp,640,640
mesh,109,,6,side,mesh/m109/l06_side.bmp,640,640
mesh,109,,6,top,mesh/m109/l06_top.bmp,640,640
submesh,109,0,0,hero,submesh/m109_s00/l00_hero.bmp,640,640
submesh,109,0,1,hero,submesh/m109_s00/l01_hero.bmp,640,640
submesh,109,0,2,hero,submesh/m109_s00/l02_hero.bmp,640,640
submesh,109,0,3,hero,submesh/m109_s00/l03_hero.bmp,640,640
submesh,109,0,4,hero,submesh/m109_s00/l04_hero.bmp,640,640
submesh,109,0,5,hero,submesh/m109_s00/l05_hero.bmp,640,640
submesh,109,0,6,hero,submesh/m109_s00/l06_hero.bmp,640,640
mesh,110,,0,hero,mesh/m110/l00_hero.bmp,640,640
mesh,110,,0,side,mesh/m110/l00_side.bmp,640,640
mesh,110,,0,top,mesh/m110/l00_top.bmp,640,640
mesh,110,,1,hero,mesh/m110/l01_hero.bmp,640,640
mesh,110,,1,side,mesh/m110/l01_side.bmp,640,640
mesh,110,,1,top,mesh/m110/l01_top.bmp,640,640
mesh,110,,2,hero,mesh/m110/l02_hero.bmp,640,640
mesh,110,,2,side,mesh/m110/l02_side.bmp,640,640
mesh,110,,2,top,mesh/m110/l02_top.bmp,640,640
mesh,110,,3,hero,mesh/m110/l03_hero.bmp,640,640
mesh,110,,3,side,mesh/m110/l03_side.bmp,640,640
mesh,110,,3,top,mesh/m110/l03_top.bmp,640,640
mesh,110,,4,hero,mesh/m110/l04_hero.bmp,640,640
mesh,110,,4,side,mesh/m110/l04_side.bmp,640,640
mesh,110,,4,top,mesh/m110/l04_top.bmp,640,640
mesh,110,,5,hero,mesh/m110/l05_hero.bmp,640,640
mesh,110,,5,side,mesh/m110/l05_side.bmp,640,640
mesh,110,,5,top,mesh/m110/l05_top.bmp,640,640
mesh,110,,6,hero,mesh/m110/l06_hero.bmp,640,640
mesh,110,,6,side,mesh/m110/l06_side.bmp,640,640
mesh,110,,6,top,mesh/m110/l06_top.bmp,640,640
submesh,110,0,0,hero,submesh/m110_s00/l00_hero.bmp,640,640
submesh,110,0,1,hero,submesh/m110_s00/l01_hero.bmp,640,640
submesh,110,0,2,hero,submesh/m110_s00/l02_hero.bmp,640,640
submesh,110,0,3,hero,submesh/m110_s00/l03_hero.bmp,640,640
submesh,110,0,4,hero,submesh/m110_s00/l04_hero.bmp,640,640
submesh,110,0,5,hero,submesh/m110_s00/l05_hero.bmp,640,640
submesh,110,0,6,hero,submesh/m110_s00/l06_hero.bmp,640,640
mesh,111,,0,hero,mesh/m111/l00_hero.bmp,640,640
mesh,111,,0,side,mesh/m111/l00_side.bmp,640,640
mesh,111,,0,top,mesh/m111/l00_top.bmp,640,640
mesh,111,,1,hero,mesh/m111/l01_hero.bmp,640,640
mesh,111,,1,side,mesh/m111/l01_side.bmp,640,640
mesh,111,,1,top,mesh/m111/l01_top.bmp,640,640
mesh,111,,2,hero,mesh/m111/l02_hero.bmp,640,640
mesh,111,,2,side,mesh/m111/l02_side.bmp,640,640
mesh,111,,2,top,mesh/m111/l02_top.bmp,640,640
mesh,111,,3,hero,mesh/m111/l03_hero.bmp,640,640
mesh,111,,3,side,mesh/m111/l03_side.bmp,640,640
mesh,111,,3,top,mesh/m111/l03_top.bmp,640,640
mesh,111,,4,hero,mesh/m111/l04_hero.bmp,640,640
mesh,111,,4,side,mesh/m111/l04_side.bmp,640,640
mesh,111,,4,top,mesh/m111/l04_top.bmp,640,640
mesh,111,,5,hero,mesh/m111/l05_hero.bmp,640,640
mesh,111,,5,side,mesh/m111/l05_side.bmp,640,640
mesh,111,,5,top,mesh/m111/l05_top.bmp,640,640
mesh,111,,6,hero,mesh/m111/l06_hero.bmp,640,640
mesh,111,,6,side,mesh/m111/l06_side.bmp,640,640
mesh,111,,6,top,mesh/m111/l06_top.bmp,640,640
submesh,111,0,0,hero,submesh/m111_s00/l00_hero.bmp,640,640
submesh,111,0,1,hero,submesh/m111_s00/l01_hero.bmp,640,640
submesh,111,0,2,hero,submesh/m111_s00/l02_hero.bmp,640,640
submesh,111,0,3,hero,submesh/m111_s00/l03_hero.bmp,640,640
submesh,111,0,4,hero,submesh/m111_s00/l04_hero.bmp,640,640
submesh,111,0,5,hero,submesh/m111_s00/l05_hero.bmp,640,640
submesh,111,0,6,hero,submesh/m111_s00/l06_hero.bmp,640,640
mesh,112,,0,hero,mesh/m112/l00_hero.bmp,640,640
mesh,112,,0,side,mesh/m112/l00_side.bmp,640,640
mesh,112,,0,top,mesh/m112/l00_top.bmp,640,640
mesh,112,,1,hero,mesh/m112/l01_hero.bmp,640,640
mesh,112,,1,side,mesh/m112/l01_side.bmp,640,640
mesh,112,,1,top,mesh/m112/l01_top.bmp,640,640
mesh,112,,2,hero,mesh/m112/l02_hero.bmp,640,640
mesh,112,,2,side,mesh/m112/l02_side.bmp,640,640
mesh,112,,2,top,mesh/m112/l02_top.bmp,640,640
mesh,112,,3,hero,mesh/m112/l03_hero.bmp,640,640
mesh,112,,3,side,mesh/m112/l03_side.bmp,640,640
mesh,112,,3,top,mesh/m112/l03_top.bmp,640,640
mesh,112,,4,hero,mesh/m112/l04_hero.bmp,640,640
mesh,112,,4,side,mesh/m112/l04_side.bmp,640,640
mesh,112,,4,top,mesh/m112/l04_top.bmp,640,640
mesh,112,,5,hero,mesh/m112/l05_hero.bmp,640,640
mesh,112,,5,side,mesh/m112/l05_side.bmp,640,640
mesh,112,,5,top,mesh/m112/l05_top.bmp,640,640
mesh,112,,6,hero,mesh/m112/l06_hero.bmp,640,640
mesh,112,,6,side,mesh/m112/l06_side.bmp,640,640
mesh,112,,6,top,mesh/m112/l06_top.bmp,640,640
submesh,112,0,0,hero,submesh/m112_s00/l00_hero.bmp,640,640
submesh,112,0,1,hero,submesh/m112_s00/l01_hero.bmp,640,640
submesh,112,0,2,hero,submesh/m112_s00/l02_hero.bmp,640,640
submesh,112,0,3,hero,submesh/m112_s00/l03_hero.bmp,640,640
submesh,112,0,4,hero,submesh/m112_s00/l04_hero.bmp,640,640
submesh,112,0,5,hero,submesh/m112_s00/l05_hero.bmp,640,640
submesh,112,0,6,hero,submesh/m112_s00/l06_hero.bmp,640,640
mesh,113,,0,hero,mesh/m113/l00_hero.bmp,640,640
mesh,113,,0,side,mesh/m113/l00_side.bmp,640,640
mesh,113,,0,top,mesh/m113/l00_top.bmp,640,640
mesh,113,,1,hero,mesh/m113/l01_hero.bmp,640,640
mesh,113,,1,side,mesh/m113/l01_side.bmp,640,640
mesh,113,,1,top,mesh/m113/l01_top.bmp,640,640
mesh,113,,2,hero,mesh/m113/l02_hero.bmp,640,640
mesh,113,,2,side,mesh/m113/l02_side.bmp,640,640
mesh,113,,2,top,mesh/m113/l02_top.bmp,640,640
mesh,113,,3,hero,mesh/m113/l03_hero.bmp,640,640
mesh,113,,3,side,mesh/m113/l03_side.bmp,640,640
mesh,113,,3,top,mesh/m113/l03_top.bmp,640,640
mesh,113,,4,hero,mesh/m113/l04_hero.bmp,640,640
mesh,113,,4,side,mesh/m113/l04_side.bmp,640,640
mesh,113,,4,top,mesh/m113/l04_top.bmp,640,640
mesh,113,,5,hero,mesh/m113/l05_hero.bmp,640,640
mesh,113,,5,side,mesh/m113/l05_side.bmp,640,640
mesh,113,,5,top,mesh/m113/l05_top.bmp,640,640
mesh,113,,6,hero,mesh/m113/l06_hero.bmp,640,640
mesh,113,,6,side,mesh/m113/l06_side.bmp,640,640
mesh,113,,6,top,mesh/m113/l06_top.bmp,640,640
submesh,113,0,0,hero,submesh/m113_s00/l00_hero.bmp,640,640
submesh,113,0,1,hero,submesh/m113_s00/l01_hero.bmp,640,640
submesh,113,0,2,hero,submesh/m113_s00/l02_hero.bmp,640,640
submesh,113,0,3,hero,submesh/m113_s00/l03_hero.bmp,640,640
submesh,113,0,4,hero,submesh/m113_s00/l04_hero.bmp,640,640
submesh,113,0,5,hero,submesh/m113_s00/l05_hero.bmp,640,640
submesh,113,0,6,hero,submesh/m113_s00/l06_hero.bmp,640,640
mesh,114,,0,hero,mesh/m114/l00_hero.bmp,640,640
mesh,114,,0,side,mesh/m114/l00_side.bmp,640,640
mesh,114,,0,top,mesh/m114/l00_top.bmp,640,640
mesh,114,,1,hero,mesh/m114/l01_hero.bmp,640,640
mesh,114,,1,side,mesh/m114/l01_side.bmp,640,640
mesh,114,,1,top,mesh/m114/l01_top.bmp,640,640
mesh,114,,2,hero,mesh/m114/l02_hero.bmp,640,640
mesh,114,,2,side,mesh/m114/l02_side.bmp,640,640
mesh,114,,2,top,mesh/m114/l02_top.bmp,640,640
mesh,114,,3,hero,mesh/m114/l03_hero.bmp,640,640
mesh,114,,3,side,mesh/m114/l03_side.bmp,640,640
mesh,114,,3,top,mesh/m114/l03_top.bmp,640,640
mesh,114,,4,hero,mesh/m114/l04_hero.bmp,640,640
mesh,114,,4,side,mesh/m114/l04_side.bmp,640,640
mesh,114,,4,top,mesh/m114/l04_top.bmp,640,640
mesh,114,,5,hero,mesh/m114/l05_hero.bmp,640,640
mesh,114,,5,side,mesh/m114/l05_side.bmp,640,640
mesh,114,,5,top,mesh/m114/l05_top.bmp,640,640
mesh,114,,6,hero,mesh/m114/l06_hero.bmp,640,640
mesh,114,,6,side,mesh/m114/l06_side.bmp,640,640
mesh,114,,6,top,mesh/m114/l06_top.bmp,640,640
submesh,114,0,0,hero,submesh/m114_s00/l00_hero.bmp,640,640
submesh,114,0,1,hero,submesh/m114_s00/l01_hero.bmp,640,640
submesh,114,0,2,hero,submesh/m114_s00/l02_hero.bmp,640,640
submesh,114,0,3,hero,submesh/m114_s00/l03_hero.bmp,640,640
submesh,114,0,4,hero,submesh/m114_s00/l04_hero.bmp,640,640
submesh,114,0,5,hero,submesh/m114_s00/l05_hero.bmp,640,640
submesh,114,0,6,hero,submesh/m114_s00/l06_hero.bmp,640,640
mesh,115,,0,hero,mesh/m115/l00_hero.bmp,640,640
mesh,115,,0,side,mesh/m115/l00_side.bmp,640,640
mesh,115,,0,top,mesh/m115/l00_top.bmp,640,640
mesh,115,,1,hero,mesh/m115/l01_hero.bmp,640,640
mesh,115,,1,side,mesh/m115/l01_side.bmp,640,640
mesh,115,,1,top,mesh/m115/l01_top.bmp,640,640
mesh,115,,2,hero,mesh/m115/l02_hero.bmp,640,640
mesh,115,,2,side,mesh/m115/l02_side.bmp,640,640
mesh,115,,2,top,mesh/m115/l02_top.bmp,640,640
mesh,115,,3,hero,mesh/m115/l03_hero.bmp,640,640
mesh,115,,3,side,mesh/m115/l03_side.bmp,640,640
mesh,115,,3,top,mesh/m115/l03_top.bmp,640,640
mesh,115,,4,hero,mesh/m115/l04_hero.bmp,640,640
mesh,115,,4,side,mesh/m115/l04_side.bmp,640,640
mesh,115,,4,top,mesh/m115/l04_top.bmp,640,640
mesh,115,,5,hero,mesh/m115/l05_hero.bmp,640,640
mesh,115,,5,side,mesh/m115/l05_side.bmp,640,640
mesh,115,,5,top,mesh/m115/l05_top.bmp,640,640
mesh,115,,6,hero,mesh/m115/l06_hero.bmp,640,640
mesh,115,,6,side,mesh/m115/l06_side.bmp,640,640
mesh,115,,6,top,mesh/m115/l06_top.bmp,640,640
submesh,115,0,0,hero,submesh/m115_s00/l00_hero.bmp,640,640
submesh,115,0,1,hero,submesh/m115_s00/l01_hero.bmp,640,640
submesh,115,0,2,hero,submesh/m115_s00/l02_hero.bmp,640,640
submesh,115,0,3,hero,submesh/m115_s00/l03_hero.bmp,640,640
submesh,115,0,4,hero,submesh/m115_s00/l04_hero.bmp,640,640
submesh,115,0,5,hero,submesh/m115_s00/l05_hero.bmp,640,640
submesh,115,0,6,hero,submesh/m115_s00/l06_hero.bmp,640,640
mesh,116,,0,hero,mesh/m116/l00_hero.bmp,640,640
mesh,116,,0,side,mesh/m116/l00_side.bmp,640,640
mesh,116,,0,top,mesh/m116/l00_top.bmp,640,640
mesh,116,,1,hero,mesh/m116/l01_hero.bmp,640,640
mesh,116,,1,side,mesh/m116/l01_side.bmp,640,640
mesh,116,,1,top,mesh/m116/l01_top.bmp,640,640
mesh,116,,2,hero,mesh/m116/l02_hero.bmp,640,640
mesh,116,,2,side,mesh/m116/l02_side.bmp,640,640
mesh,116,,2,top,mesh/m116/l02_top.bmp,640,640
mesh,116,,3,hero,mesh/m116/l03_hero.bmp,640,640
mesh,116,,3,side,mesh/m116/l03_side.bmp,640,640
mesh,116,,3,top,mesh/m116/l03_top.bmp,640,640
mesh,116,,4,hero,mesh/m116/l04_hero.bmp,640,640
mesh,116,,4,side,mesh/m116/l04_side.bmp,640,640
mesh,116,,4,top,mesh/m116/l04_top.bmp,640,640
mesh,116,,5,hero,mesh/m116/l05_hero.bmp,640,640
mesh,116,,5,side,mesh/m116/l05_side.bmp,640,640
mesh,116,,5,top,mesh/m116/l05_top.bmp,640,640
mesh,116,,6,hero,mesh/m116/l06_hero.bmp,640,640
mesh,116,,6,side,mesh/m116/l06_side.bmp,640,640
mesh,116,,6,top,mesh/m116/l06_top.bmp,640,640
submesh,116,0,0,hero,submesh/m116_s00/l00_hero.bmp,640,640
submesh,116,0,1,hero,submesh/m116_s00/l01_hero.bmp,640,640
submesh,116,0,2,hero,submesh/m116_s00/l02_hero.bmp,640,640
submesh,116,0,3,hero,submesh/m116_s00/l03_hero.bmp,640,640
submesh,116,0,4,hero,submesh/m116_s00/l04_hero.bmp,640,640
submesh,116,0,5,hero,submesh/m116_s00/l05_hero.bmp,640,640
submesh,116,0,6,hero,submesh/m116_s00/l06_hero.bmp,640,640
mesh,117,,0,hero,mesh/m117/l00_hero.bmp,640,640
mesh,117,,0,side,mesh/m117/l00_side.bmp,640,640
mesh,117,,0,top,mesh/m117/l00_top.bmp,640,640
mesh,117,,1,hero,mesh/m117/l01_hero.bmp,640,640
mesh,117,,1,side,mesh/m117/l01_side.bmp,640,640
mesh,117,,1,top,mesh/m117/l01_top.bmp,640,640
mesh,117,,2,hero,mesh/m117/l02_hero.bmp,640,640
mesh,117,,2,side,mesh/m117/l02_side.bmp,640,640
mesh,117,,2,top,mesh/m117/l02_top.bmp,640,640
mesh,117,,3,hero,mesh/m117/l03_hero.bmp,640,640
mesh,117,,3,side,mesh/m117/l03_side.bmp,640,640
mesh,117,,3,top,mesh/m117/l03_top.bmp,640,640
mesh,117,,4,hero,mesh/m117/l04_hero.bmp,640,640
mesh,117,,4,side,mesh/m117/l04_side.bmp,640,640
mesh,117,,4,top,mesh/m117/l04_top.bmp,640,640
mesh,117,,5,hero,mesh/m117/l05_hero.bmp,640,640
mesh,117,,5,side,mesh/m117/l05_side.bmp,640,640
mesh,117,,5,top,mesh/m117/l05_top.bmp,640,640
mesh,117,,6,hero,mesh/m117/l06_hero.bmp,640,640
mesh,117,,6,side,mesh/m117/l06_side.bmp,640,640
mesh,117,,6,top,mesh/m117/l06_top.bmp,640,640
submesh,117,0,0,hero,submesh/m117_s00/l00_hero.bmp,640,640
submesh,117,0,1,hero,submesh/m117_s00/l01_hero.bmp,640,640
submesh,117,0,2,hero,submesh/m117_s00/l02_hero.bmp,640,640
submesh,117,0,3,hero,submesh/m117_s00/l03_hero.bmp,640,640
submesh,117,0,4,hero,submesh/m117_s00/l04_hero.bmp,640,640
submesh,117,0,5,hero,submesh/m117_s00/l05_hero.bmp,640,640
submesh,117,0,6,hero,submesh/m117_s00/l06_hero.bmp,640,640
mesh,118,,0,hero,mesh/m118/l00_hero.bmp,640,640
mesh,118,,0,side,mesh/m118/l00_side.bmp,640,640
mesh,118,,0,top,mesh/m118/l00_top.bmp,640,640
mesh,118,,1,hero,mesh/m118/l01_hero.bmp,640,640
mesh,118,,1,side,mesh/m118/l01_side.bmp,640,640
mesh,118,,1,top,mesh/m118/l01_top.bmp,640,640
mesh,118,,2,hero,mesh/m118/l02_hero.bmp,640,640
mesh,118,,2,side,mesh/m118/l02_side.bmp,640,640
mesh,118,,2,top,mesh/m118/l02_top.bmp,640,640
mesh,118,,3,hero,mesh/m118/l03_hero.bmp,640,640
mesh,118,,3,side,mesh/m118/l03_side.bmp,640,640
mesh,118,,3,top,mesh/m118/l03_top.bmp,640,640
mesh,118,,4,hero,mesh/m118/l04_hero.bmp,640,640
mesh,118,,4,side,mesh/m118/l04_side.bmp,640,640
mesh,118,,4,top,mesh/m118/l04_top.bmp,640,640
mesh,118,,5,hero,mesh/m118/l05_hero.bmp,640,640
mesh,118,,5,side,mesh/m118/l05_side.bmp,640,640
mesh,118,,5,top,mesh/m118/l05_top.bmp,640,640
mesh,118,,6,hero,mesh/m118/l06_hero.bmp,640,640
mesh,118,,6,side,mesh/m118/l06_side.bmp,640,640
mesh,118,,6,top,mesh/m118/l06_top.bmp,640,640
submesh,118,0,0,hero,submesh/m118_s00/l00_hero.bmp,640,640
submesh,118,0,1,hero,submesh/m118_s00/l01_hero.bmp,640,640
submesh,118,0,2,hero,submesh/m118_s00/l02_hero.bmp,640,640
submesh,118,0,3,hero,submesh/m118_s00/l03_hero.bmp,640,640
submesh,118,0,4,hero,submesh/m118_s00/l04_hero.bmp,640,640
submesh,118,0,5,hero,submesh/m118_s00/l05_hero.bmp,640,640
submesh,118,0,6,hero,submesh/m118_s00/l06_hero.bmp,640,640
mesh,119,,0,hero,mesh/m119/l00_hero.bmp,640,640
mesh,119,,0,side,mesh/m119/l00_side.bmp,640,640
mesh,119,,0,top,mesh/m119/l00_top.bmp,640,640
mesh,119,,1,hero,mesh/m119/l01_hero.bmp,640,640
mesh,119,,1,side,mesh/m119/l01_side.bmp,640,640
mesh,119,,1,top,mesh/m119/l01_top.bmp,640,640
mesh,119,,2,hero,mesh/m119/l02_hero.bmp,640,640
mesh,119,,2,side,mesh/m119/l02_side.bmp,640,640
mesh,119,,2,top,mesh/m119/l02_top.bmp,640,640
mesh,119,,3,hero,mesh/m119/l03_hero.bmp,640,640
mesh,119,,3,side,mesh/m119/l03_side.bmp,640,640
mesh,119,,3,top,mesh/m119/l03_top.bmp,640,640
mesh,119,,4,hero,mesh/m119/l04_hero.bmp,640,640
mesh,119,,4,side,mesh/m119/l04_side.bmp,640,640
mesh,119,,4,top,mesh/m119/l04_top.bmp,640,640
mesh,119,,5,hero,mesh/m119/l05_hero.bmp,640,640
mesh,119,,5,side,mesh/m119/l05_side.bmp,640,640
mesh,119,,5,top,mesh/m119/l05_top.bmp,640,640
mesh,119,,6,hero,mesh/m119/l06_hero.bmp,640,640
mesh,119,,6,side,mesh/m119/l06_side.bmp,640,640
mesh,119,,6,top,mesh/m119/l06_top.bmp,640,640
submesh,119,0,0,hero,submesh/m119_s00/l00_hero.bmp,640,640
submesh,119,0,1,hero,submesh/m119_s00/l01_hero.bmp,640,640
submesh,119,0,2,hero,submesh/m119_s00/l02_hero.bmp,640,640
submesh,119,0,3,hero,submesh/m119_s00/l03_hero.bmp,640,640
submesh,119,0,4,hero,submesh/m119_s00/l04_hero.bmp,640,640
submesh,119,0,5,hero,submesh/m119_s00/l05_hero.bmp,640,640
submesh,119,0,6,hero,submesh/m119_s00/l06_hero.bmp,640,640
mesh,120,,0,hero,mesh/m120/l00_hero.bmp,640,640
mesh,120,,0,side,mesh/m120/l00_side.bmp,640,640
mesh,120,,0,top,mesh/m120/l00_top.bmp,640,640
mesh,120,,1,hero,mesh/m120/l01_hero.bmp,640,640
mesh,120,,1,side,mesh/m120/l01_side.bmp,640,640
mesh,120,,1,top,mesh/m120/l01_top.bmp,640,640
mesh,120,,2,hero,mesh/m120/l02_hero.bmp,640,640
mesh,120,,2,side,mesh/m120/l02_side.bmp,640,640
mesh,120,,2,top,mesh/m120/l02_top.bmp,640,640
mesh,120,,3,hero,mesh/m120/l03_hero.bmp,640,640
mesh,120,,3,side,mesh/m120/l03_side.bmp,640,640
mesh,120,,3,top,mesh/m120/l03_top.bmp,640,640
mesh,120,,4,hero,mesh/m120/l04_hero.bmp,640,640
mesh,120,,4,side,mesh/m120/l04_side.bmp,640,640
mesh,120,,4,top,mesh/m120/l04_top.bmp,640,640
mesh,120,,5,hero,mesh/m120/l05_hero.bmp,640,640
mesh,120,,5,side,mesh/m120/l05_side.bmp,640,640
mesh,120,,5,top,mesh/m120/l05_top.bmp,640,640
mesh,120,,6,hero,mesh/m120/l06_hero.bmp,640,640
mesh,120,,6,side,mesh/m120/l06_side.bmp,640,640
mesh,120,,6,top,mesh/m120/l06_top.bmp,640,640
submesh,120,0,0,hero,submesh/m120_s00/l00_hero.bmp,640,640
submesh,120,0,1,hero,submesh/m120_s00/l01_hero.bmp,640,640
submesh,120,0,2,hero,submesh/m120_s00/l02_hero.bmp,640,640
submesh,120,0,3,hero,submesh/m120_s00/l03_hero.bmp,640,640
submesh,120,0,4,hero,submesh/m120_s00/l04_hero.bmp,640,640
submesh,120,0,5,hero,submesh/m120_s00/l05_hero.bmp,640,640
submesh,120,0,6,hero,submesh/m120_s00/l06_hero.bmp,640,640
mesh,121,,0,hero,mesh/m121/l00_hero.bmp,640,640
mesh,121,,0,side,mesh/m121/l00_side.bmp,640,640
mesh,121,,0,top,mesh/m121/l00_top.bmp,640,640
mesh,121,,1,hero,mesh/m121/l01_hero.bmp,640,640
mesh,121,,1,side,mesh/m121/l01_side.bmp,640,640
mesh,121,,1,top,mesh/m121/l01_top.bmp,640,640
mesh,121,,2,hero,mesh/m121/l02_hero.bmp,640,640
mesh,121,,2,side,mesh/m121/l02_side.bmp,640,640
mesh,121,,2,top,mesh/m121/l02_top.bmp,640,640
mesh,121,,3,hero,mesh/m121/l03_hero.bmp,640,640
mesh,121,,3,side,mesh/m121/l03_side.bmp,640,640
mesh,121,,3,top,mesh/m121/l03_top.bmp,640,640
mesh,121,,4,hero,mesh/m121/l04_hero.bmp,640,640
mesh,121,,4,side,mesh/m121/l04_side.bmp,640,640
mesh,121,,4,top,mesh/m121/l04_top.bmp,640,640
mesh,121,,5,hero,mesh/m121/l05_hero.bmp,640,640
mesh,121,,5,side,mesh/m121/l05_side.bmp,640,640
mesh,121,,5,top,mesh/m121/l05_top.bmp,640,640
mesh,121,,6,hero,mesh/m121/l06_hero.bmp,640,640
mesh,121,,6,side,mesh/m121/l06_side.bmp,640,640
mesh,121,,6,top,mesh/m121/l06_top.bmp,640,640
submesh,121,0,0,hero,submesh/m121_s00/l00_hero.bmp,640,640
submesh,121,0,1,hero,submesh/m121_s00/l01_hero.bmp,640,640
submesh,121,0,2,hero,submesh/m121_s00/l02_hero.bmp,640,640
submesh,121,0,3,hero,submesh/m121_s00/l03_hero.bmp,640,640
submesh,121,0,4,hero,submesh/m121_s00/l04_hero.bmp,640,640
submesh,121,0,5,hero,submesh/m121_s00/l05_hero.bmp,640,640
submesh,121,0,6,hero,submesh/m121_s00/l06_hero.bmp,640,640
mesh,122,,0,hero,mesh/m122/l00_hero.bmp,640,640
mesh,122,,0,side,mesh/m122/l00_side.bmp,640,640
mesh,122,,0,top,mesh/m122/l00_top.bmp,640,640
mesh,122,,1,hero,mesh/m122/l01_hero.bmp,640,640
mesh,122,,1,side,mesh/m122/l01_side.bmp,640,640
mesh,122,,1,top,mesh/m122/l01_top.bmp,640,640
mesh,122,,2,hero,mesh/m122/l02_hero.bmp,640,640
mesh,122,,2,side,mesh/m122/l02_side.bmp,640,640
mesh,122,,2,top,mesh/m122/l02_top.bmp,640,640
mesh,122,,3,hero,mesh/m122/l03_hero.bmp,640,640
mesh,122,,3,side,mesh/m122/l03_side.bmp,640,640
mesh,122,,3,top,mesh/m122/l03_top.bmp,640,640
mesh,122,,4,hero,mesh/m122/l04_hero.bmp,640,640
mesh,122,,4,side,mesh/m122/l04_side.bmp,640,640
mesh,122,,4,top,mesh/m122/l04_top.bmp,640,640
mesh,122,,5,hero,mesh/m122/l05_hero.bmp,640,640
mesh,122,,5,side,mesh/m122/l05_side.bmp,640,640
mesh,122,,5,top,mesh/m122/l05_top.bmp,640,640
mesh,122,,6,hero,mesh/m122/l06_hero.bmp,640,640
mesh,122,,6,side,mesh/m122/l06_side.bmp,640,640
mesh,122,,6,top,mesh/m122/l06_top.bmp,640,640
submesh,122,0,0,hero,submesh/m122_s00/l00_hero.bmp,640,640
submesh,122,0,1,hero,submesh/m122_s00/l01_hero.bmp,640,640
submesh,122,0,2,hero,submesh/m122_s00/l02_hero.bmp,640,640
submesh,122,0,3,hero,submesh/m122_s00/l03_hero.bmp,640,640
submesh,122,0,4,hero,submesh/m122_s00/l04_hero.bmp,640,640
submesh,122,0,5,hero,submesh/m122_s00/l05_hero.bmp,640,640
submesh,122,0,6,hero,submesh/m122_s00/l06_hero.bmp,640,640
mesh,123,,0,hero,mesh/m123/l00_hero.bmp,640,640
mesh,123,,0,side,mesh/m123/l00_side.bmp,640,640
mesh,123,,0,top,mesh/m123/l00_top.bmp,640,640
mesh,123,,1,hero,mesh/m123/l01_hero.bmp,640,640
mesh,123,,1,side,mesh/m123/l01_side.bmp,640,640
mesh,123,,1,top,mesh/m123/l01_top.bmp,640,640
mesh,123,,2,hero,mesh/m123/l02_hero.bmp,640,640
mesh,123,,2,side,mesh/m123/l02_side.bmp,640,640
mesh,123,,2,top,mesh/m123/l02_top.bmp,640,640
mesh,123,,3,hero,mesh/m123/l03_hero.bmp,640,640
mesh,123,,3,side,mesh/m123/l03_side.bmp,640,640
mesh,123,,3,top,mesh/m123/l03_top.bmp,640,640
mesh,123,,4,hero,mesh/m123/l04_hero.bmp,640,640
mesh,123,,4,side,mesh/m123/l04_side.bmp,640,640
mesh,123,,4,top,mesh/m123/l04_top.bmp,640,640
mesh,123,,5,hero,mesh/m123/l05_hero.bmp,640,640
mesh,123,,5,side,mesh/m123/l05_side.bmp,640,640
mesh,123,,5,top,mesh/m123/l05_top.bmp,640,640
mesh,123,,6,hero,mesh/m123/l06_hero.bmp,640,640
mesh,123,,6,side,mesh/m123/l06_side.bmp,640,640
mesh,123,,6,top,mesh/m123/l06_top.bmp,640,640
submesh,123,0,0,hero,submesh/m123_s00/l00_hero.bmp,640,640
submesh,123,0,1,hero,submesh/m123_s00/l01_hero.bmp,640,640
submesh,123,0,2,hero,submesh/m123_s00/l02_hero.bmp,640,640
submesh,123,0,3,hero,submesh/m123_s00/l03_hero.bmp,640,640
submesh,123,0,4,hero,submesh/m123_s00/l04_hero.bmp,640,640
submesh,123,0,5,hero,submesh/m123_s00/l05_hero.bmp,640,640
submesh,123,0,6,hero,submesh/m123_s00/l06_hero.bmp,640,640
mesh,124,,0,hero,mesh/m124/l00_hero.bmp,640,640
mesh,124,,0,side,mesh/m124/l00_side.bmp,640,640
mesh,124,,0,top,mesh/m124/l00_top.bmp,640,640
mesh,124,,1,hero,mesh/m124/l01_hero.bmp,640,640
mesh,124,,1,side,mesh/m124/l01_side.bmp,640,640
mesh,124,,1,top,mesh/m124/l01_top.bmp,640,640
mesh,124,,2,hero,mesh/m124/l02_hero.bmp,640,640
mesh,124,,2,side,mesh/m124/l02_side.bmp,640,640
mesh,124,,2,top,mesh/m124/l02_top.bmp,640,640
mesh,124,,3,hero,mesh/m124/l03_hero.bmp,640,640
mesh,124,,3,side,mesh/m124/l03_side.bmp,640,640
mesh,124,,3,top,mesh/m124/l03_top.bmp,640,640
mesh,124,,4,hero,mesh/m124/l04_hero.bmp,640,640
mesh,124,,4,side,mesh/m124/l04_side.bmp,640,640
mesh,124,,4,top,mesh/m124/l04_top.bmp,640,640
mesh,124,,5,hero,mesh/m124/l05_hero.bmp,640,640
mesh,124,,5,side,mesh/m124/l05_side.bmp,640,640
mesh,124,,5,top,mesh/m124/l05_top.bmp,640,640
mesh,124,,6,hero,mesh/m124/l06_hero.bmp,640,640
mesh,124,,6,side,mesh/m124/l06_side.bmp,640,640
mesh,124,,6,top,mesh/m124/l06_top.bmp,640,640
submesh,124,0,0,hero,submesh/m124_s00/l00_hero.bmp,640,640
submesh,124,0,1,hero,submesh/m124_s00/l01_hero.bmp,640,640
submesh,124,0,2,hero,submesh/m124_s00/l02_hero.bmp,640,640
submesh,124,0,3,hero,submesh/m124_s00/l03_hero.bmp,640,640
submesh,124,0,4,hero,submesh/m124_s00/l04_hero.bmp,640,640
submesh,124,0,5,hero,submesh/m124_s00/l05_hero.bmp,640,640
submesh,124,0,6,hero,submesh/m124_s00/l06_hero.bmp,640,640
mesh,125,,0,hero,mesh/m125/l00_hero.bmp,640,640
mesh,125,,0,side,mesh/m125/l00_side.bmp,640,640
mesh,125,,0,top,mesh/m125/l00_top.bmp,640,640
mesh,125,,1,hero,mesh/m125/l01_hero.bmp,640,640
mesh,125,,1,side,mesh/m125/l01_side.bmp,640,640
mesh,125,,1,top,mesh/m125/l01_top.bmp,640,640
mesh,125,,2,hero,mesh/m125/l02_hero.bmp,640,640
mesh,125,,2,side,mesh/m125/l02_side.bmp,640,640
mesh,125,,2,top,mesh/m125/l02_top.bmp,640,640
mesh,125,,3,hero,mesh/m125/l03_hero.bmp,640,640
mesh,125,,3,side,mesh/m125/l03_side.bmp,640,640
mesh,125,,3,top,mesh/m125/l03_top.bmp,640,640
mesh,125,,4,hero,mesh/m125/l04_hero.bmp,640,640
mesh,125,,4,side,mesh/m125/l04_side.bmp,640,640
mesh,125,,4,top,mesh/m125/l04_top.bmp,640,640
mesh,125,,5,hero,mesh/m125/l05_hero.bmp,640,640
mesh,125,,5,side,mesh/m125/l05_side.bmp,640,640
mesh,125,,5,top,mesh/m125/l05_top.bmp,640,640
mesh,125,,6,hero,mesh/m125/l06_hero.bmp,640,640
mesh,125,,6,side,mesh/m125/l06_side.bmp,640,640
mesh,125,,6,top,mesh/m125/l06_top.bmp,640,640
submesh,125,0,0,hero,submesh/m125_s00/l00_hero.bmp,640,640
submesh,125,0,1,hero,submesh/m125_s00/l01_hero.bmp,640,640
submesh,125,0,2,hero,submesh/m125_s00/l02_hero.bmp,640,640
submesh,125,0,3,hero,submesh/m125_s00/l03_hero.bmp,640,640
submesh,125,0,4,hero,submesh/m125_s00/l04_hero.bmp,640,640
submesh,125,0,5,hero,submesh/m125_s00/l05_hero.bmp,640,640
submesh,125,0,6,hero,submesh/m125_s00/l06_hero.bmp,640,640
mesh,126,,0,hero,mesh/m126/l00_hero.bmp,640,640
mesh,126,,0,side,mesh/m126/l00_side.bmp,640,640
mesh,126,,0,top,mesh/m126/l00_top.bmp,640,640
mesh,126,,1,hero,mesh/m126/l01_hero.bmp,640,640
mesh,126,,1,side,mesh/m126/l01_side.bmp,640,640
mesh,126,,1,top,mesh/m126/l01_top.bmp,640,640
mesh,126,,2,hero,mesh/m126/l02_hero.bmp,640,640
mesh,126,,2,side,mesh/m126/l02_side.bmp,640,640
mesh,126,,2,top,mesh/m126/l02_top.bmp,640,640
mesh,126,,3,hero,mesh/m126/l03_hero.bmp,640,640
mesh,126,,3,side,mesh/m126/l03_side.bmp,640,640
mesh,126,,3,top,mesh/m126/l03_top.bmp,640,640
mesh,126,,4,hero,mesh/m126/l04_hero.bmp,640,640
mesh,126,,4,side,mesh/m126/l04_side.bmp,640,640
mesh,126,,4,top,mesh/m126/l04_top.bmp,640,640
mesh,126,,5,hero,mesh/m126/l05_hero.bmp,640,640
mesh,126,,5,side,mesh/m126/l05_side.bmp,640,640
mesh,126,,5,top,mesh/m126/l05_top.bmp,640,640
mesh,126,,6,hero,mesh/m126/l06_hero.bmp,640,640
mesh,126,,6,side,mesh/m126/l06_side.bmp,640,640
mesh,126,,6,top,mesh/m126/l06_top.bmp,640,640
submesh,126,0,0,hero,submesh/m126_s00/l00_hero.bmp,640,640
submesh,126,0,1,hero,submesh/m126_s00/l01_hero.bmp,640,640
submesh,126,0,2,hero,submesh/m126_s00/l02_hero.bmp,640,640
submesh,126,0,3,hero,submesh/m126_s00/l03_hero.bmp,640,640
submesh,126,0,4,hero,submesh/m126_s00/l04_hero.bmp,640,640
submesh,126,0,5,hero,submesh/m126_s00/l05_hero.bmp,640,640
submesh,126,0,6,hero,submesh/m126_s00/l06_hero.bmp,640,640
mesh,127,,0,hero,mesh/m127/l00_hero.bmp,640,640
mesh,127,,0,side,mesh/m127/l00_side.bmp,640,640
mesh,127,,0,top,mesh/m127/l00_top.bmp,640,640
mesh,127,,1,hero,mesh/m127/l01_hero.bmp,640,640
mesh,127,,1,side,mesh/m127/l01_side.bmp,640,640
mesh,127,,1,top,mesh/m127/l01_top.bmp,640,640
mesh,127,,2,hero,mesh/m127/l02_hero.bmp,640,640
mesh,127,,2,side,mesh/m127/l02_side.bmp,640,640
mesh,127,,2,top,mesh/m127/l02_top.bmp,640,640
mesh,127,,3,hero,mesh/m127/l03_hero.bmp,640,640
mesh,127,,3,side,mesh/m127/l03_side.bmp,640,640
mesh,127,,3,top,mesh/m127/l03_top.bmp,640,640
mesh,127,,4,hero,mesh/m127/l04_hero.bmp,640,640
mesh,127,,4,side,mesh/m127/l04_side.bmp,640,640
mesh,127,,4,top,mesh/m127/l04_top.bmp,640,640
mesh,127,,5,hero,mesh/m127/l05_hero.bmp,640,640
mesh,127,,5,side,mesh/m127/l05_side.bmp,640,640
mesh,127,,5,top,mesh/m127/l05_top.bmp,640,640
mesh,127,,6,hero,mesh/m127/l06_hero.bmp,640,640
mesh,127,,6,side,mesh/m127/l06_side.bmp,640,640
mesh,127,,6,top,mesh/m127/l06_top.bmp,640,640
submesh,127,0,0,hero,submesh/m127_s00/l00_hero.bmp,640,640
submesh,127,0,1,hero,submesh/m127_s00/l01_hero.bmp,640,640
submesh,127,0,2,hero,submesh/m127_s00/l02_hero.bmp,640,640
submesh,127,0,3,hero,submesh/m127_s00/l03_hero.bmp,640,640
submesh,127,0,4,hero,submesh/m127_s00/l04_hero.bmp,640,640
submesh,127,0,5,hero,submesh/m127_s00/l05_hero.bmp,640,640
submesh,127,0,6,hero,submesh/m127_s00/l06_hero.bmp,640,640
mesh,128,,0,hero,mesh/m128/l00_hero.bmp,640,640
mesh,128,,0,side,mesh/m128/l00_side.bmp,640,640
mesh,128,,0,top,mesh/m128/l00_top.bmp,640,640
mesh,128,,1,hero,mesh/m128/l01_hero.bmp,640,640
mesh,128,,1,side,mesh/m128/l01_side.bmp,640,640
mesh,128,,1,top,mesh/m128/l01_top.bmp,640,640
mesh,128,,2,hero,mesh/m128/l02_hero.bmp,640,640
mesh,128,,2,side,mesh/m128/l02_side.bmp,640,640
mesh,128,,2,top,mesh/m128/l02_top.bmp,640,640
mesh,128,,3,hero,mesh/m128/l03_hero.bmp,640,640
mesh,128,,3,side,mesh/m128/l03_side.bmp,640,640
mesh,128,,3,top,mesh/m128/l03_top.bmp,640,640
mesh,128,,4,hero,mesh/m128/l04_hero.bmp,640,640
mesh,128,,4,side,mesh/m128/l04_side.bmp,640,640
mesh,128,,4,top,mesh/m128/l04_top.bmp,640,640
mesh,128,,5,hero,mesh/m128/l05_hero.bmp,640,640
mesh,128,,5,side,mesh/m128/l05_side.bmp,640,640
mesh,128,,5,top,mesh/m128/l05_top.bmp,640,640
mesh,128,,6,hero,mesh/m128/l06_hero.bmp,640,640
mesh,128,,6,side,mesh/m128/l06_side.bmp,640,640
mesh,128,,6,top,mesh/m128/l06_top.bmp,640,640
submesh,128,0,0,hero,submesh/m128_s00/l00_hero.bmp,640,640
submesh,128,0,1,hero,submesh/m128_s00/l01_hero.bmp,640,640
submesh,128,0,2,hero,submesh/m128_s00/l02_hero.bmp,640,640
submesh,128,0,3,hero,submesh/m128_s00/l03_hero.bmp,640,640
submesh,128,0,4,hero,submesh/m128_s00/l04_hero.bmp,640,640
submesh,128,0,5,hero,submesh/m128_s00/l05_hero.bmp,640,640
submesh,128,0,6,hero,submesh/m128_s00/l06_hero.bmp,640,640
mesh,129,,0,hero,mesh/m129/l00_hero.bmp,640,640
mesh,129,,0,side,mesh/m129/l00_side.bmp,640,640
mesh,129,,0,top,mesh/m129/l00_top.bmp,640,640
mesh,129,,1,hero,mesh/m129/l01_hero.bmp,640,640
mesh,129,,1,side,mesh/m129/l01_side.bmp,640,640
mesh,129,,1,top,mesh/m129/l01_top.bmp,640,640
mesh,129,,2,hero,mesh/m129/l02_hero.bmp,640,640
mesh,129,,2,side,mesh/m129/l02_side.bmp,640,640
mesh,129,,2,top,mesh/m129/l02_top.bmp,640,640
mesh,129,,3,hero,mesh/m129/l03_hero.bmp,640,640
mesh,129,,3,side,mesh/m129/l03_side.bmp,640,640
mesh,129,,3,top,mesh/m129/l03_top.bmp,640,640
mesh,129,,4,hero,mesh/m129/l04_hero.bmp,640,640
mesh,129,,4,side,mesh/m129/l04_side.bmp,640,640
mesh,129,,4,top,mesh/m129/l04_top.bmp,640,640
mesh,129,,5,hero,mesh/m129/l05_hero.bmp,640,640
mesh,129,,5,side,mesh/m129/l05_side.bmp,640,640
mesh,129,,5,top,mesh/m129/l05_top.bmp,640,640
mesh,129,,6,hero,mesh/m129/l06_hero.bmp,640,640
mesh,129,,6,side,mesh/m129/l06_side.bmp,640,640
mesh,129,,6,top,mesh/m129/l06_top.bmp,640,640
submesh,129,0,0,hero,submesh/m129_s00/l00_hero.bmp,640,640
submesh,129,0,1,hero,submesh/m129_s00/l01_hero.bmp,640,640
submesh,129,0,2,hero,submesh/m129_s00/l02_hero.bmp,640,640
submesh,129,0,3,hero,submesh/m129_s00/l03_hero.bmp,640,640
submesh,129,0,4,hero,submesh/m129_s00/l04_hero.bmp,640,640
submesh,129,0,5,hero,submesh/m129_s00/l05_hero.bmp,640,640
submesh,129,0,6,hero,submesh/m129_s00/l06_hero.bmp,640,640
mesh,130,,0,hero,mesh/m130/l00_hero.bmp,640,640
mesh,130,,0,side,mesh/m130/l00_side.bmp,640,640
mesh,130,,0,top,mesh/m130/l00_top.bmp,640,640
mesh,130,,1,hero,mesh/m130/l01_hero.bmp,640,640
mesh,130,,1,side,mesh/m130/l01_side.bmp,640,640
mesh,130,,1,top,mesh/m130/l01_top.bmp,640,640
mesh,130,,2,hero,mesh/m130/l02_hero.bmp,640,640
mesh,130,,2,side,mesh/m130/l02_side.bmp,640,640
mesh,130,,2,top,mesh/m130/l02_top.bmp,640,640
mesh,130,,3,hero,mesh/m130/l03_hero.bmp,640,640
mesh,130,,3,side,mesh/m130/l03_side.bmp,640,640
mesh,130,,3,top,mesh/m130/l03_top.bmp,640,640
mesh,130,,4,hero,mesh/m130/l04_hero.bmp,640,640
mesh,130,,4,side,mesh/m130/l04_side.bmp,640,640
mesh,130,,4,top,mesh/m130/l04_top.bmp,640,640
mesh,130,,5,hero,mesh/m130/l05_hero.bmp,640,640
mesh,130,,5,side,mesh/m130/l05_side.bmp,640,640
mesh,130,,5,top,mesh/m130/l05_top.bmp,640,640
mesh,130,,6,hero,mesh/m130/l06_hero.bmp,640,640
mesh,130,,6,side,mesh/m130/l06_side.bmp,640,640
mesh,130,,6,top,mesh/m130/l06_top.bmp,640,640
submesh,130,0,0,hero,submesh/m130_s00/l00_hero.bmp,640,640
submesh,130,0,1,hero,submesh/m130_s00/l01_hero.bmp,640,640
submesh,130,0,2,hero,submesh/m130_s00/l02_hero.bmp,640,640
submesh,130,0,3,hero,submesh/m130_s00/l03_hero.bmp,640,640
submesh,130,0,4,hero,submesh/m130_s00/l04_hero.bmp,640,640
submesh,130,0,5,hero,submesh/m130_s00/l05_hero.bmp,640,640
submesh,130,0,6,hero,submesh/m130_s00/l06_hero.bmp,640,640
mesh,131,,0,hero,mesh/m131/l00_hero.bmp,640,640
mesh,131,,0,side,mesh/m131/l00_side.bmp,640,640
mesh,131,,0,top,mesh/m131/l00_top.bmp,640,640
mesh,131,,1,hero,mesh/m131/l01_hero.bmp,640,640
mesh,131,,1,side,mesh/m131/l01_side.bmp,640,640
mesh,131,,1,top,mesh/m131/l01_top.bmp,640,640
mesh,131,,2,hero,mesh/m131/l02_hero.bmp,640,640
mesh,131,,2,side,mesh/m131/l02_side.bmp,640,640
mesh,131,,2,top,mesh/m131/l02_top.bmp,640,640
mesh,131,,3,hero,mesh/m131/l03_hero.bmp,640,640
mesh,131,,3,side,mesh/m131/l03_side.bmp,640,640
mesh,131,,3,top,mesh/m131/l03_top.bmp,640,640
mesh,131,,4,hero,mesh/m131/l04_hero.bmp,640,640
mesh,131,,4,side,mesh/m131/l04_side.bmp,640,640
mesh,131,,4,top,mesh/m131/l04_top.bmp,640,640
mesh,131,,5,hero,mesh/m131/l05_hero.bmp,640,640
mesh,131,,5,side,mesh/m131/l05_side.bmp,640,640
mesh,131,,5,top,mesh/m131/l05_top.bmp,640,640
mesh,131,,6,hero,mesh/m131/l06_hero.bmp,640,640
mesh,131,,6,side,mesh/m131/l06_side.bmp,640,640
mesh,131,,6,top,mesh/m131/l06_top.bmp,640,640
submesh,131,0,0,hero,submesh/m131_s00/l00_hero.bmp,640,640
submesh,131,0,1,hero,submesh/m131_s00/l01_hero.bmp,640,640
submesh,131,0,2,hero,submesh/m131_s00/l02_hero.bmp,640,640
submesh,131,0,3,hero,submesh/m131_s00/l03_hero.bmp,640,640
submesh,131,0,4,hero,submesh/m131_s00/l04_hero.bmp,640,640
submesh,131,0,5,hero,submesh/m131_s00/l05_hero.bmp,640,640
submesh,131,0,6,hero,submesh/m131_s00/l06_hero.bmp,640,640
mesh,132,,0,hero,mesh/m132/l00_hero.bmp,640,640
mesh,132,,0,side,mesh/m132/l00_side.bmp,640,640
mesh,132,,0,top,mesh/m132/l00_top.bmp,640,640
mesh,132,,1,hero,mesh/m132/l01_hero.bmp,640,640
mesh,132,,1,side,mesh/m132/l01_side.bmp,640,640
mesh,132,,1,top,mesh/m132/l01_top.bmp,640,640
mesh,132,,2,hero,mesh/m132/l02_hero.bmp,640,640
mesh,132,,2,side,mesh/m132/l02_side.bmp,640,640
mesh,132,,2,top,mesh/m132/l02_top.bmp,640,640
mesh,132,,3,hero,mesh/m132/l03_hero.bmp,640,640
mesh,132,,3,side,mesh/m132/l03_side.bmp,640,640
mesh,132,,3,top,mesh/m132/l03_top.bmp,640,640
mesh,132,,4,hero,mesh/m132/l04_hero.bmp,640,640
mesh,132,,4,side,mesh/m132/l04_side.bmp,640,640
mesh,132,,4,top,mesh/m132/l04_top.bmp,640,640
mesh,132,,5,hero,mesh/m132/l05_hero.bmp,640,640
mesh,132,,5,side,mesh/m132/l05_side.bmp,640,640
mesh,132,,5,top,mesh/m132/l05_top.bmp,640,640
mesh,132,,6,hero,mesh/m132/l06_hero.bmp,640,640
mesh,132,,6,side,mesh/m132/l06_side.bmp,640,640
mesh,132,,6,top,mesh/m132/l06_top.bmp,640,640
submesh,132,0,0,hero,submesh/m132_s00/l00_hero.bmp,640,640
submesh,132,0,1,hero,submesh/m132_s00/l01_hero.bmp,640,640
submesh,132,0,2,hero,submesh/m132_s00/l02_hero.bmp,640,640
submesh,132,0,3,hero,submesh/m132_s00/l03_hero.bmp,640,640
submesh,132,0,4,hero,submesh/m132_s00/l04_hero.bmp,640,640
submesh,132,0,5,hero,submesh/m132_s00/l05_hero.bmp,640,640
submesh,132,0,6,hero,submesh/m132_s00/l06_hero.bmp,640,640
mesh,133,,0,hero,mesh/m133/l00_hero.bmp,640,640
mesh,133,,0,side,mesh/m133/l00_side.bmp,640,640
mesh,133,,0,top,mesh/m133/l00_top.bmp,640,640
mesh,133,,1,hero,mesh/m133/l01_hero.bmp,640,640
mesh,133,,1,side,mesh/m133/l01_side.bmp,640,640
mesh,133,,1,top,mesh/m133/l01_top.bmp,640,640
mesh,133,,2,hero,mesh/m133/l02_hero.bmp,640,640
mesh,133,,2,side,mesh/m133/l02_side.bmp,640,640
mesh,133,,2,top,mesh/m133/l02_top.bmp,640,640
mesh,133,,3,hero,mesh/m133/l03_hero.bmp,640,640
mesh,133,,3,side,mesh/m133/l03_side.bmp,640,640
mesh,133,,3,top,mesh/m133/l03_top.bmp,640,640
mesh,133,,4,hero,mesh/m133/l04_hero.bmp,640,640
mesh,133,,4,side,mesh/m133/l04_side.bmp,640,640
mesh,133,,4,top,mesh/m133/l04_top.bmp,640,640
mesh,133,,5,hero,mesh/m133/l05_hero.bmp,640,640
mesh,133,,5,side,mesh/m133/l05_side.bmp,640,640
mesh,133,,5,top,mesh/m133/l05_top.bmp,640,640
mesh,133,,6,hero,mesh/m133/l06_hero.bmp,640,640
mesh,133,,6,side,mesh/m133/l06_side.bmp,640,640
mesh,133,,6,top,mesh/m133/l06_top.bmp,640,640
submesh,133,0,0,hero,submesh/m133_s00/l00_hero.bmp,640,640
submesh,133,0,1,hero,submesh/m133_s00/l01_hero.bmp,640,640
submesh,133,0,2,hero,submesh/m133_s00/l02_hero.bmp,640,640
submesh,133,0,3,hero,submesh/m133_s00/l03_hero.bmp,640,640
submesh,133,0,4,hero,submesh/m133_s00/l04_hero.bmp,640,640
submesh,133,0,5,hero,submesh/m133_s00/l05_hero.bmp,640,640
submesh,133,0,6,hero,submesh/m133_s00/l06_hero.bmp,640,640
mesh,134,,0,hero,mesh/m134/l00_hero.bmp,640,640
mesh,134,,0,side,mesh/m134/l00_side.bmp,640,640
mesh,134,,0,top,mesh/m134/l00_top.bmp,640,640
mesh,134,,1,hero,mesh/m134/l01_hero.bmp,640,640
mesh,134,,1,side,mesh/m134/l01_side.bmp,640,640
mesh,134,,1,top,mesh/m134/l01_top.bmp,640,640
mesh,134,,2,hero,mesh/m134/l02_hero.bmp,640,640
mesh,134,,2,side,mesh/m134/l02_side.bmp,640,640
mesh,134,,2,top,mesh/m134/l02_top.bmp,640,640
mesh,134,,3,hero,mesh/m134/l03_hero.bmp,640,640
mesh,134,,3,side,mesh/m134/l03_side.bmp,640,640
mesh,134,,3,top,mesh/m134/l03_top.bmp,640,640
mesh,134,,4,hero,mesh/m134/l04_hero.bmp,640,640
mesh,134,,4,side,mesh/m134/l04_side.bmp,640,640
mesh,134,,4,top,mesh/m134/l04_top.bmp,640,640
mesh,134,,5,hero,mesh/m134/l05_hero.bmp,640,640
mesh,134,,5,side,mesh/m134/l05_side.bmp,640,640
mesh,134,,5,top,mesh/m134/l05_top.bmp,640,640
mesh,134,,6,hero,mesh/m134/l06_hero.bmp,640,640
mesh,134,,6,side,mesh/m134/l06_side.bmp,640,640
mesh,134,,6,top,mesh/m134/l06_top.bmp,640,640
submesh,134,0,0,hero,submesh/m134_s00/l00_hero.bmp,640,640
submesh,134,0,1,hero,submesh/m134_s00/l01_hero.bmp,640,640
submesh,134,0,2,hero,submesh/m134_s00/l02_hero.bmp,640,640
submesh,134,0,3,hero,submesh/m134_s00/l03_hero.bmp,640,640
submesh,134,0,4,hero,submesh/m134_s00/l04_hero.bmp,640,640
submesh,134,0,5,hero,submesh/m134_s00/l05_hero.bmp,640,640
submesh,134,0,6,hero,submesh/m134_s00/l06_hero.bmp,640,640
submesh,134,1,0,hero,submesh/m134_s01/l00_hero.bmp,640,640
submesh,134,1,1,hero,submesh/m134_s01/l01_hero.bmp,640,640
submesh,134,1,2,hero,submesh/m134_s01/l02_hero.bmp,640,640
submesh,134,1,3,hero,submesh/m134_s01/l03_hero.bmp,640,640
submesh,134,1,4,hero,submesh/m134_s01/l04_hero.bmp,640,640
submesh,134,1,5,hero,submesh/m134_s01/l05_hero.bmp,640,640
submesh,134,1,6,hero,submesh/m134_s01/l06_hero.bmp,640,640
submesh,134,2,0,hero,submesh/m134_s02/l00_hero.bmp,640,640
submesh,134,2,1,hero,submesh/m134_s02/l01_hero.bmp,640,640
submesh,134,2,2,hero,submesh/m134_s02/l02_hero.bmp,640,640
submesh,134,2,3,hero,submesh/m134_s02/l03_hero.bmp,640,640
submesh,134,2,4,hero,submesh/m134_s02/l04_hero.bmp,640,640
submesh,134,2,5,hero,submesh/m134_s02/l05_hero.bmp,640,640
submesh,134,2,6,hero,submesh/m134_s02/l06_hero.bmp,640,640
submesh,134,3,0,hero,submesh/m134_s03/l00_hero.bmp,640,640
submesh,134,3,1,hero,submesh/m134_s03/l01_hero.bmp,640,640
submesh,134,3,2,hero,submesh/m134_s03/l02_hero.bmp,640,640
submesh,134,3,3,hero,submesh/m134_s03/l03_hero.bmp,640,640
submesh,134,3,4,hero,submesh/m134_s03/l04_hero.bmp,640,640
submesh,134,3,5,hero,submesh/m134_s03/l05_hero.bmp,640,640
submesh,134,3,6,hero,submesh/m134_s03/l06_hero.bmp,640,640
submesh,134,4,0,hero,submesh/m134_s04/l00_hero.bmp,640,640
submesh,134,4,1,hero,submesh/m134_s04/l01_hero.bmp,640,640
submesh,134,4,2,hero,submesh/m134_s04/l02_hero.bmp,640,640
submesh,134,4,3,hero,submesh/m134_s04/l03_hero.bmp,640,640
submesh,134,4,4,hero,submesh/m134_s04/l04_hero.bmp,640,640
submesh,134,4,5,hero,submesh/m134_s04/l05_hero.bmp,640,640
submesh,134,4,6,hero,submesh/m134_s04/l06_hero.bmp,640,640
submesh,134,5,0,hero,submesh/m134_s05/l00_hero.bmp,640,640
submesh,134,5,1,hero,submesh/m134_s05/l01_hero.bmp,640,640
submesh,134,5,2,hero,submesh/m134_s05/l02_hero.bmp,640,640
submesh,134,5,3,hero,submesh/m134_s05/l03_hero.bmp,640,640
submesh,134,5,4,hero,submesh/m134_s05/l04_hero.bmp,640,640
submesh,134,5,5,hero,submesh/m134_s05/l05_hero.bmp,640,640
submesh,134,5,6,hero,submesh/m134_s05/l06_hero.bmp,640,640
submesh,134,6,0,hero,submesh/m134_s06/l00_hero.bmp,640,640
submesh,134,6,1,hero,submesh/m134_s06/l01_hero.bmp,640,640
submesh,134,6,2,hero,submesh/m134_s06/l02_hero.bmp,640,640
submesh,134,6,3,hero,submesh/m134_s06/l03_hero.bmp,640,640
submesh,134,6,4,hero,submesh/m134_s06/l04_hero.bmp,640,640
submesh,134,6,5,hero,submesh/m134_s06/l05_hero.bmp,640,640
submesh,134,6,6,hero,submesh/m134_s06/l06_hero.bmp,640,640
submesh,134,7,0,hero,submesh/m134_s07/l00_hero.bmp,640,640
submesh,134,7,1,hero,submesh/m134_s07/l01_hero.bmp,640,640
submesh,134,7,2,hero,submesh/m134_s07/l02_hero.bmp,640,640
submesh,134,7,3,hero,submesh/m134_s07/l03_hero.bmp,640,640
submesh,134,7,4,hero,submesh/m134_s07/l04_hero.bmp,640,640
submesh,134,7,5,hero,submesh/m134_s07/l05_hero.bmp,640,640
submesh,134,7,6,hero,submesh/m134_s07/l06_hero.bmp,640,640
submesh,134,8,0,hero,submesh/m134_s08/l00_hero.bmp,640,640
submesh,134,8,1,hero,submesh/m134_s08/l01_hero.bmp,640,640
submesh,134,8,2,hero,submesh/m134_s08/l02_hero.bmp,640,640
submesh,134,8,3,hero,submesh/m134_s08/l03_hero.bmp,640,640
submesh,134,8,4,hero,submesh/m134_s08/l04_hero.bmp,640,640
submesh,134,8,5,hero,submesh/m134_s08/l05_hero.bmp,640,640
submesh,134,8,6,hero,submesh/m134_s08/l06_hero.bmp,640,640
submesh,134,9,0,hero,submesh/m134_s09/l00_hero.bmp,640,640
submesh,134,9,1,hero,submesh/m134_s09/l01_hero.bmp,640,640
submesh,134,9,2,hero,submesh/m134_s09/l02_hero.bmp,640,640
submesh,134,9,3,hero,submesh/m134_s09/l03_hero.bmp,640,640
submesh,134,9,4,hero,submesh/m134_s09/l04_hero.bmp,640,640
submesh,134,9,5,hero,submesh/m134_s09/l05_hero.bmp,640,640
submesh,134,9,6,hero,submesh/m134_s09/l06_hero.bmp,640,640
submesh,134,10,0,hero,submesh/m134_s10/l00_hero.bmp,640,640
submesh,134,10,1,hero,submesh/m134_s10/l01_hero.bmp,640,640
submesh,134,10,2,hero,submesh/m134_s10/l02_hero.bmp,640,640
submesh,134,10,3,hero,submesh/m134_s10/l03_hero.bmp,640,640
submesh,134,10,4,hero,submesh/m134_s10/l04_hero.bmp,640,640
submesh,134,10,5,hero,submesh/m134_s10/l05_hero.bmp,640,640
submesh,134,10,6,hero,submesh/m134_s10/l06_hero.bmp,640,640
submesh,134,11,0,hero,submesh/m134_s11/l00_hero.bmp,640,640
submesh,134,11,1,hero,submesh/m134_s11/l01_hero.bmp,640,640
submesh,134,11,2,hero,submesh/m134_s11/l02_hero.bmp,640,640
submesh,134,11,3,hero,submesh/m134_s11/l03_hero.bmp,640,640
submesh,134,11,4,hero,submesh/m134_s11/l04_hero.bmp,640,640
submesh,134,11,5,hero,submesh/m134_s11/l05_hero.bmp,640,640
submesh,134,11,6,hero,submesh/m134_s11/l06_hero.bmp,640,640
submesh,134,12,0,hero,submesh/m134_s12/l00_hero.bmp,640,640
submesh,134,12,1,hero,submesh/m134_s12/l01_hero.bmp,640,640
submesh,134,12,2,hero,submesh/m134_s12/l02_hero.bmp,640,640
submesh,134,12,3,hero,submesh/m134_s12/l03_hero.bmp,640,640
submesh,134,12,4,hero,submesh/m134_s12/l04_hero.bmp,640,640
submesh,134,12,5,hero,submesh/m134_s12/l05_hero.bmp,640,640
submesh,134,12,6,hero,submesh/m134_s12/l06_hero.bmp,640,640
submesh,134,13,0,hero,submesh/m134_s13/l00_hero.bmp,640,640
submesh,134,13,1,hero,submesh/m134_s13/l01_hero.bmp,640,640
submesh,134,13,2,hero,submesh/m134_s13/l02_hero.bmp,640,640
submesh,134,13,3,hero,submesh/m134_s13/l03_hero.bmp,640,640
submesh,134,13,4,hero,submesh/m134_s13/l04_hero.bmp,640,640
submesh,134,13,5,hero,submesh/m134_s13/l05_hero.bmp,640,640
submesh,134,13,6,hero,submesh/m134_s13/l06_hero.bmp,640,640
submesh,134,14,0,hero,submesh/m134_s14/l00_hero.bmp,640,640
submesh,134,14,1,hero,submesh/m134_s14/l01_hero.bmp,640,640
submesh,134,14,2,hero,submesh/m134_s14/l02_hero.bmp,640,640
submesh,134,14,3,hero,submesh/m134_s14/l03_hero.bmp,640,640
submesh,134,14,4,hero,submesh/m134_s14/l04_hero.bmp,640,640
submesh,134,14,5,hero,submesh/m134_s14/l05_hero.bmp,640,640
submesh,134,14,6,hero,submesh/m134_s14/l06_hero.bmp,640,640
submesh,134,15,0,hero,submesh/m134_s15/l00_hero.bmp,640,640
submesh,134,15,1,hero,submesh/m134_s15/l01_hero.bmp,640,640
submesh,134,15,2,hero,submesh/m134_s15/l02_hero.bmp,640,640
submesh,134,15,3,hero,submesh/m134_s15/l03_hero.bmp,640,640
submesh,134,15,4,hero,submesh/m134_s15/l04_hero.bmp,640,640
submesh,134,15,5,hero,submesh/m134_s15/l05_hero.bmp,640,640
submesh,134,15,6,hero,submesh/m134_s15/l06_hero.bmp,640,640
submesh,134,16,0,hero,submesh/m134_s16/l00_hero.bmp,640,640
submesh,134,16,1,hero,submesh/m134_s16/l01_hero.bmp,640,640
submesh,134,16,2,hero,submesh/m134_s16/l02_hero.bmp,640,640
submesh,134,16,3,hero,submesh/m134_s16/l03_hero.bmp,640,640
submesh,134,16,4,hero,submesh/m134_s16/l04_hero.bmp,640,640
submesh,134,16,5,hero,submesh/m134_s16/l05_hero.bmp,640,640
submesh,134,16,6,hero,submesh/m134_s16/l06_hero.bmp,640,640
submesh,134,17,0,hero,submesh/m134_s17/l00_hero.bmp,640,640
submesh,134,17,1,hero,submesh/m134_s17/l01_hero.bmp,640,640
submesh,134,17,2,hero,submesh/m134_s17/l02_hero.bmp,640,640
submesh,134,17,3,hero,submesh/m134_s17/l03_hero.bmp,640,640
submesh,134,17,4,hero,submesh/m134_s17/l04_hero.bmp,640,640
submesh,134,17,5,hero,submesh/m134_s17/l05_hero.bmp,640,640
submesh,134,17,6,hero,submesh/m134_s17/l06_hero.bmp,640,640
submesh,134,18,0,hero,submesh/m134_s18/l00_hero.bmp,640,640
submesh,134,18,1,hero,submesh/m134_s18/l01_hero.bmp,640,640
submesh,134,18,2,hero,submesh/m134_s18/l02_hero.bmp,640,640
submesh,134,18,3,hero,submesh/m134_s18/l03_hero.bmp,640,640
submesh,134,18,4,hero,submesh/m134_s18/l04_hero.bmp,640,640
submesh,134,18,5,hero,submesh/m134_s18/l05_hero.bmp,640,640
submesh,134,18,6,hero,submesh/m134_s18/l06_hero.bmp,640,640
mesh,135,,0,hero,mesh/m135/l00_hero.bmp,640,640
mesh,135,,0,side,mesh/m135/l00_side.bmp,640,640
mesh,135,,0,top,mesh/m135/l00_top.bmp,640,640
mesh,135,,1,hero,mesh/m135/l01_hero.bmp,640,640
mesh,135,,1,side,mesh/m135/l01_side.bmp,640,640
mesh,135,,1,top,mesh/m135/l01_top.bmp,640,640
mesh,135,,2,hero,mesh/m135/l02_hero.bmp,640,640
mesh,135,,2,side,mesh/m135/l02_side.bmp,640,640
mesh,135,,2,top,mesh/m135/l02_top.bmp,640,640
mesh,135,,3,hero,mesh/m135/l03_hero.bmp,640,640
mesh,135,,3,side,mesh/m135/l03_side.bmp,640,640
mesh,135,,3,top,mesh/m135/l03_top.bmp,640,640
mesh,135,,4,hero,mesh/m135/l04_hero.bmp,640,640
mesh,135,,4,side,mesh/m135/l04_side.bmp,640,640
mesh,135,,4,top,mesh/m135/l04_top.bmp,640,640
mesh,135,,5,hero,mesh/m135/l05_hero.bmp,640,640
mesh,135,,5,side,mesh/m135/l05_side.bmp,640,640
mesh,135,,5,top,mesh/m135/l05_top.bmp,640,640
mesh,135,,6,hero,mesh/m135/l06_hero.bmp,640,640
mesh,135,,6,side,mesh/m135/l06_side.bmp,640,640
mesh,135,,6,top,mesh/m135/l06_top.bmp,640,640
submesh,135,0,0,hero,submesh/m135_s00/l00_hero.bmp,640,640
submesh,135,0,1,hero,submesh/m135_s00/l01_hero.bmp,640,640
submesh,135,0,2,hero,submesh/m135_s00/l02_hero.bmp,640,640
submesh,135,0,3,hero,submesh/m135_s00/l03_hero.bmp,640,640
submesh,135,0,4,hero,submesh/m135_s00/l04_hero.bmp,640,640
submesh,135,0,5,hero,submesh/m135_s00/l05_hero.bmp,640,640
submesh,135,0,6,hero,submesh/m135_s00/l06_hero.bmp,640,640
submesh,135,1,0,hero,submesh/m135_s01/l00_hero.bmp,640,640
submesh,135,1,1,hero,submesh/m135_s01/l01_hero.bmp,640,640
submesh,135,1,2,hero,submesh/m135_s01/l02_hero.bmp,640,640
submesh,135,1,3,hero,submesh/m135_s01/l03_hero.bmp,640,640
submesh,135,1,4,hero,submesh/m135_s01/l04_hero.bmp,640,640
submesh,135,1,5,hero,submesh/m135_s01/l05_hero.bmp,640,640
submesh,135,1,6,hero,submesh/m135_s01/l06_hero.bmp,640,640
submesh,135,2,0,hero,submesh/m135_s02/l00_hero.bmp,640,640
submesh,135,2,1,hero,submesh/m135_s02/l01_hero.bmp,640,640
submesh,135,2,2,hero,submesh/m135_s02/l02_hero.bmp,640,640
submesh,135,2,3,hero,submesh/m135_s02/l03_hero.bmp,640,640
submesh,135,2,4,hero,submesh/m135_s02/l04_hero.bmp,640,640
submesh,135,2,5,hero,submesh/m135_s02/l05_hero.bmp,640,640
submesh,135,2,6,hero,submesh/m135_s02/l06_hero.bmp,640,640
mesh,136,,0,hero,mesh/m136/l00_hero.bmp,640,640
mesh,136,,0,side,mesh/m136/l00_side.bmp,640,640
mesh,136,,0,top,mesh/m136/l00_top.bmp,640,640
mesh,136,,1,hero,mesh/m136/l01_hero.bmp,640,640
mesh,136,,1,side,mesh/m136/l01_side.bmp,640,640
mesh,136,,1,top,mesh/m136/l01_top.bmp,640,640
mesh,136,,2,hero,mesh/m136/l02_hero.bmp,640,640
mesh,136,,2,side,mesh/m136/l02_side.bmp,640,640
mesh,136,,2,top,mesh/m136/l02_top.bmp,640,640
mesh,136,,3,hero,mesh/m136/l03_hero.bmp,640,640
mesh,136,,3,side,mesh/m136/l03_side.bmp,640,640
mesh,136,,3,top,mesh/m136/l03_top.bmp,640,640
mesh,136,,4,hero,mesh/m136/l04_hero.bmp,640,640
mesh,136,,4,side,mesh/m136/l04_side.bmp,640,640
mesh,136,,4,top,mesh/m136/l04_top.bmp,640,640
mesh,136,,5,hero,mesh/m136/l05_hero.bmp,640,640
mesh,136,,5,side,mesh/m136/l05_side.bmp,640,640
mesh,136,,5,top,mesh/m136/l05_top.bmp,640,640
mesh,136,,6,hero,mesh/m136/l06_hero.bmp,640,640
mesh,136,,6,side,mesh/m136/l06_side.bmp,640,640
mesh,136,,6,top,mesh/m136/l06_top.bmp,640,640
submesh,136,0,0,hero,submesh/m136_s00/l00_hero.bmp,640,640
submesh,136,0,1,hero,submesh/m136_s00/l01_hero.bmp,640,640
submesh,136,0,2,hero,submesh/m136_s00/l02_hero.bmp,640,640
submesh,136,0,3,hero,submesh/m136_s00/l03_hero.bmp,640,640
submesh,136,0,4,hero,submesh/m136_s00/l04_hero.bmp,640,640
submesh,136,0,5,hero,submesh/m136_s00/l05_hero.bmp,640,640
submesh,136,0,6,hero,submesh/m136_s00/l06_hero.bmp,640,640
