sample,gpu_forward_ms,ia_vertices,ia_primitives,vs_invocations,ps_invocations,visible_instances,active_mesh_lods,logical_indices,list_r32_bytes,list_r16_bytes
0,24.5596,420994533,140331511,234436786,43416301,722037,136,420994533,1683978132,841989066
1,24.0817,420994533,140331511,234436786,43304733,722037,136,420994533,1683978132,841989066
2,24.5786,420994533,140331511,234436786,43428312,722037,136,420994533,1683978132,841989066
3,24.3611,420994533,140331511,234436786,43356843,722037,136,420994533,1683978132,841989066
4,24.4669,420994533,140331511,234436786,43976349,722037,136,420994533,1683978132,841989066
5,24.5433,420994533,140331511,234436786,43291841,722037,136,420994533,1683978132,841989066
6,23.9389,420994533,140331511,234436786,43459656,722037,136,420994533,1683978132,841989066
7,24.0068,420994533,140331511,234436786,43280272,722037,136,420994533,1683978132,841989066
8,23.8583,420994533,140331511,234436786,43462817,722037,136,420994533,1683978132,841989066
9,24.0181,420994533,140331511,234436786,43358377,722037,136,420994533,1683978132,841989066
10,23.7647,420994533,140331511,234436786,43800583,722037,136,420994533,1683978132,841989066
11,24.1613,420994533,140331511,234436786,43847695,722037,136,420994533,1683978132,841989066
12,23.8656,420994533,140331511,234436786,43448072,722037,136,420994533,1683978132,841989066
13,24.0243,420994533,140331511,234436786,43234069,722037,136,420994533,1683978132,841989066
14,23.7983,420994533,140331511,234436786,43290795,722037,136,420994533,1683978132,841989066
15,24.0245,420994533,140331511,234436786,43291270,722037,136,420994533,1683978132,841989066
16,23.7387,420994533,140331511,234436786,43301576,722037,136,420994533,1683978132,841989066
17,24.042,420994533,140331511,234436786,43293897,722037,136,420994533,1683978132,841989066
18,23.7432,420994533,140331511,234436786,43440670,722037,136,420994533,1683978132,841989066
19,24.0157,420994533,140331511,234436786,43324112,722037,136,420994533,1683978132,841989066
20,23.8508,420994533,140331511,234436786,43312775,722037,136,420994533,1683978132,841989066
21,24.0698,420994533,140331511,234436786,43328719,722037,136,420994533,1683978132,841989066
22,23.8772,420994533,140331511,234436786,44049363,722037,136,420994533,1683978132,841989066
23,24.0313,420994533,140331511,234436786,43249351,722037,136,420994533,1683978132,841989066
24,23.7391,420994533,140331511,234436786,43347710,722037,136,420994533,1683978132,841989066
25,24.0957,420994533,140331511,234436786,43330545,722037,136,420994533,1683978132,841989066
26,23.8165,420994533,140331511,234436786,43377384,722037,136,420994533,1683978132,841989066
27,24.0432,420994533,140331511,234436786,43350393,722037,136,420994533,1683978132,841989066
28,23.8994,420994533,140331511,234436786,43439499,722037,136,420994533,1683978132,841989066
29,24.0712,420994533,140331511,234436786,43326014,722037,136,420994533,1683978132,841989066
30,23.8944,420994533,140331511,234436786,43465817,722037,136,420994533,1683978132,841989066
31,24.0525,420994533,140331511,234436786,43430825,722037,136,420994533,1683978132,841989066
32,23.8251,420994533,140331511,234436786,43844592,722037,136,420994533,1683978132,841989066
33,24.0545,420994533,140331511,234436786,43293537,722037,136,420994533,1683978132,841989066
34,23.9599,420994533,140331511,234436786,43375195,722037,136,420994533,1683978132,841989066
35,24.0616,420994533,140331511,234436786,43425108,722037,136,420994533,1683978132,841989066
36,23.9458,420994533,140331511,234436786,43901603,722037,136,420994533,1683978132,841989066
37,24.1224,420994533,140331511,234436786,43854798,722037,136,420994533,1683978132,841989066
38,23.8818,420994533,140331511,234436786,43314496,722037,136,420994533,1683978132,841989066
39,23.977,420994533,140331511,234436786,43268876,722037,136,420994533,1683978132,841989066
40,24.0319,420994533,140331511,234436786,43302555,722037,136,420994533,1683978132,841989066
41,24.051,420994533,140331511,234436786,43485547,722037,136,420994533,1683978132,841989066
42,23.7565,420994533,140331511,234436786,43470697,722037,136,420994533,1683978132,841989066
43,24.041,420994533,140331511,234436786,43336439,722037,136,420994533,1683978132,841989066
44,23.882,420994533,140331511,234436786,43330092,722037,136,420994533,1683978132,841989066
45,24.1708,420994533,140331511,234436786,43353413,722037,136,420994533,1683978132,841989066
46,23.8836,420994533,140331511,234436786,43828052,722037,136,420994533,1683978132,841989066
47,24.1794,420994533,140331511,234436786,43853434,722037,136,420994533,1683978132,841989066
48,23.7544,420994533,140331511,234436786,43346832,722037,136,420994533,1683978132,841989066
49,23.9084,420994533,140331511,234436786,43308979,722037,136,420994533,1683978132,841989066
50,23.7768,420994533,140331511,234436786,43812783,722037,136,420994533,1683978132,841989066
51,24.1876,420994533,140331511,234436786,43883150,722037,136,420994533,1683978132,841989066
52,23.8141,420994533,140331511,234436786,43352627,722037,136,420994533,1683978132,841989066
53,24.0615,420994533,140331511,234436786,43263141,722037,136,420994533,1683978132,841989066
54,23.7497,420994533,140331511,234436786,43346035,722037,136,420994533,1683978132,841989066
55,24.0606,420994533,140331511,234436786,44304708,722037,136,420994533,1683978132,841989066
56,23.7581,420994533,140331511,234436786,43325637,722037,136,420994533,1683978132,841989066
57,24.0853,420994533,140331511,234436786,43340241,722037,136,420994533,1683978132,841989066
58,23.8745,420994533,140331511,234436786,43336578,722037,136,420994533,1683978132,841989066
59,23.959,420994533,140331511,234436786,43446924,722037,136,420994533,1683978132,841989066
60,23.8939,420994533,140331511,234436786,43327117,722037,136,420994533,1683978132,841989066
61,23.7629,420994533,140331511,234436786,43264238,722037,136,420994533,1683978132,841989066
62,24.0219,420994533,140331511,234436786,43352557,722037,136,420994533,1683978132,841989066
63,23.9865,420994533,140331511,234436786,43283518,722037,136,420994533,1683978132,841989066
64,24.0777,420994533,140331511,234436786,43309723,722037,136,420994533,1683978132,841989066
65,23.9864,420994533,140331511,234436786,43296141,722037,136,420994533,1683978132,841989066
66,23.9683,420994533,140331511,234436786,43813040,722037,136,420994533,1683978132,841989066
67,23.9738,420994533,140331511,234436786,43322267,722037,136,420994533,1683978132,841989066
68,23.9465,420994533,140331511,234436786,43343053,722037,136,420994533,1683978132,841989066
69,23.787,420994533,140331511,234436786,43337837,722037,136,420994533,1683978132,841989066
70,24.0351,420994533,140331511,234436786,43863447,722037,136,420994533,1683978132,841989066
71,23.7645,420994533,140331511,234436786,43430755,722037,136,420994533,1683978132,841989066
72,24.0728,420994533,140331511,234436786,43293771,722037,136,420994533,1683978132,841989066
73,23.956,420994533,140331511,234436786,43324611,722037,136,420994533,1683978132,841989066
74,23.955,420994533,140331511,234436786,43314892,722037,136,420994533,1683978132,841989066
75,23.9787,420994533,140331511,234436786,43272499,722037,136,420994533,1683978132,841989066
76,24.0048,420994533,140331511,234436786,43964875,722037,136,420994533,1683978132,841989066
77,24.0709,420994533,140331511,234436786,43279897,722037,136,420994533,1683978132,841989066
78,24.1028,420994533,140331511,234436786,43823913,722037,136,420994533,1683978132,841989066
79,24.1141,420994533,140331511,234436786,43472144,722037,136,420994533,1683978132,841989066
80,23.9166,420994533,140331511,234436786,43317468,722037,136,420994533,1683978132,841989066
81,23.878,420994533,140331511,234436786,43290810,722037,136,420994533,1683978132,841989066
82,23.9916,420994533,140331511,234436786,43366324,722037,136,420994533,1683978132,841989066
83,23.9988,420994533,140331511,234436786,43999900,722037,136,420994533,1683978132,841989066
84,23.9633,420994533,140331511,234436786,43814997,722037,136,420994533,1683978132,841989066
85,23.9629,420994533,140331511,234436786,43337877,722037,136,420994533,1683978132,841989066
86,23.9817,420994533,140331511,234436786,43825606,722037,136,420994533,1683978132,841989066
87,23.7836,420994533,140331511,234436786,43344218,722037,136,420994533,1683978132,841989066
88,23.9364,420994533,140331511,234436786,43279582,722037,136,420994533,1683978132,841989066
89,23.7535,420994533,140331511,234436786,43300426,722037,136,420994533,1683978132,841989066
90,23.9439,420994533,140331511,234436786,43315687,722037,136,420994533,1683978132,841989066
91,24.1788,420994533,140331511,234436786,43307881,722037,136,420994533,1683978132,841989066
92,23.8867,420994533,140331511,234436786,43867397,722037,136,420994533,1683978132,841989066
93,23.9833,420994533,140331511,234436786,43255387,722037,136,420994533,1683978132,841989066
94,23.9796,420994533,140331511,234436786,43422471,722037,136,420994533,1683978132,841989066
95,24.1445,420994533,140331511,234436786,43470457,722037,136,420994533,1683978132,841989066
96,23.8992,420994533,140331511,234436786,43453307,722037,136,420994533,1683978132,841989066
97,24.1767,420994533,140331511,234436786,43362234,722037,136,420994533,1683978132,841989066
98,23.8966,420994533,140331511,234436786,43456900,722037,136,420994533,1683978132,841989066
99,24.0848,420994533,140331511,234436786,43339261,722037,136,420994533,1683978132,841989066
100,24.0408,420994533,140331511,234436786,43841269,722037,136,420994533,1683978132,841989066
101,23.99,420994533,140331511,234436786,43345892,722037,136,420994533,1683978132,841989066
102,24.0194,420994533,140331511,234436786,43453344,722037,136,420994533,1683978132,841989066
103,23.9741,420994533,140331511,234436786,43322291,722037,136,420994533,1683978132,841989066
104,23.9587,420994533,140331511,234436786,43328084,722037,136,420994533,1683978132,841989066
105,23.7804,420994533,140331511,234436786,43310312,722037,136,420994533,1683978132,841989066
106,24.0351,420994533,140331511,234436786,43821194,722037,136,420994533,1683978132,841989066
107,23.976,420994533,140331511,234436786,43302972,722037,136,420994533,1683978132,841989066
108,23.9515,420994533,140331511,234436786,43287275,722037,136,420994533,1683978132,841989066
109,23.9667,420994533,140331511,234436786,43481278,722037,136,420994533,1683978132,841989066
110,23.9872,420994533,140331511,234436786,43406555,722037,136,420994533,1683978132,841989066
111,23.9747,420994533,140331511,234436786,43341094,722037,136,420994533,1683978132,841989066
112,23.9833,420994533,140331511,234436786,43964327,722037,136,420994533,1683978132,841989066
113,23.7813,420994533,140331511,234436786,43277053,722037,136,420994533,1683978132,841989066
114,23.9826,420994533,140331511,234436786,43867852,722037,136,420994533,1683978132,841989066
115,23.767,420994533,140331511,234436786,43435669,722037,136,420994533,1683978132,841989066
116,24.0204,420994533,140331511,234436786,43305548,722037,136,420994533,1683978132,841989066
117,23.7754,420994533,140331511,234436786,43259481,722037,136,420994533,1683978132,841989066
118,23.9147,420994533,140331511,234436786,43980889,722037,136,420994533,1683978132,841989066
119,23.8124,420994533,140331511,234436786,43297160,722037,136,420994533,1683978132,841989066
120,24.0326,420994533,140331511,234436786,43264550,722037,136,420994533,1683978132,841989066
121,24.0496,420994533,140331511,234436786,43330046,722037,136,420994533,1683978132,841989066
122,23.7666,420994533,140331511,234436786,43474311,722037,136,420994533,1683978132,841989066
123,23.9662,420994533,140331511,234436786,43408210,722037,136,420994533,1683978132,841989066
124,23.9116,420994533,140331511,234436786,43850754,722037,136,420994533,1683978132,841989066
125,23.7473,420994533,140331511,234436786,43404751,722037,136,420994533,1683978132,841989066
126,24.0352,420994533,140331511,234436786,43521075,722037,136,420994533,1683978132,841989066
127,23.7618,420994533,140331511,234436786,43474555,722037,136,420994533,1683978132,841989066
128,24.072,420994533,140331511,234436786,43429668,722037,136,420994533,1683978132,841989066
129,24.0666,420994533,140331511,234436786,43387914,722037,136,420994533,1683978132,841989066
130,23.8754,420994533,140331511,234436786,43313328,722037,136,420994533,1683978132,841989066
131,24.1128,420994533,140331511,234436786,43309116,722037,136,420994533,1683978132,841989066
132,23.9679,420994533,140331511,234436786,43780856,722037,136,420994533,1683978132,841989066
133,23.7924,420994533,140331511,234436786,43305987,722037,136,420994533,1683978132,841989066
134,23.9789,420994533,140331511,234436786,43463769,722037,136,420994533,1683978132,841989066
135,23.9568,420994533,140331511,234436786,43327905,722037,136,420994533,1683978132,841989066
136,24.0919,420994533,140331511,234436786,43828637,722037,136,420994533,1683978132,841989066
137,24.0735,420994533,140331511,234436786,43829291,722037,136,420994533,1683978132,841989066
138,23.8807,420994533,140331511,234436786,43437048,722037,136,420994533,1683978132,841989066
139,24.1051,420994533,140331511,234436786,43316547,722037,136,420994533,1683978132,841989066
140,23.9827,420994533,140331511,234436786,43808964,722037,136,420994533,1683978132,841989066
141,24.2084,420994533,140331511,234436786,43396839,722037,136,420994533,1683978132,841989066
142,23.9619,420994533,140331511,234436786,43857056,722037,136,420994533,1683978132,841989066
143,24.1725,420994533,140331511,234436786,43281233,722037,136,420994533,1683978132,841989066
144,23.9523,420994533,140331511,234436786,43854258,722037,136,420994533,1683978132,841989066
145,24.0412,420994533,140331511,234436786,43246296,722037,136,420994533,1683978132,841989066
146,23.9357,420994533,140331511,234436786,43283744,722037,136,420994533,1683978132,841989066
147,24.0448,420994533,140331511,234436786,43344811,722037,136,420994533,1683978132,841989066
148,23.8149,420994533,140331511,234436786,43336867,722037,136,420994533,1683978132,841989066
149,24.0473,420994533,140331511,234436786,43458029,722037,136,420994533,1683978132,841989066
150,23.9403,420994533,140331511,234436786,43313149,722037,136,420994533,1683978132,841989066
151,24.1803,420994533,140331511,234436786,43464476,722037,136,420994533,1683978132,841989066
152,23.8211,420994533,140331511,234436786,43817975,722037,136,420994533,1683978132,841989066
153,24.1577,420994533,140331511,234436786,43322594,722037,136,420994533,1683978132,841989066
154,23.7537,420994533,140331511,234436786,43375939,722037,136,420994533,1683978132,841989066
155,24.1756,420994533,140331511,234436786,43259970,722037,136,420994533,1683978132,841989066
156,23.8688,420994533,140331511,234436786,43360352,722037,136,420994533,1683978132,841989066
157,24.0874,420994533,140331511,234436786,43274595,722037,136,420994533,1683978132,841989066
158,23.8673,420994533,140331511,234436786,43305333,722037,136,420994533,1683978132,841989066
159,24.1637,420994533,140331511,234436786,43329944,722037,136,420994533,1683978132,841989066
160,23.7468,420994533,140331511,234436786,43332899,722037,136,420994533,1683978132,841989066
161,24.1807,420994533,140331511,234436786,43314337,722037,136,420994533,1683978132,841989066
162,23.7546,420994533,140331511,234436786,43299666,722037,136,420994533,1683978132,841989066
163,24.0813,420994533,140331511,234436786,43328610,722037,136,420994533,1683978132,841989066
164,23.807,420994533,140331511,234436786,43636046,722037,136,420994533,1683978132,841989066
165,24.174,420994533,140331511,234436786,43350794,722037,136,420994533,1683978132,841989066
166,23.93,420994533,140331511,234436786,43299131,722037,136,420994533,1683978132,841989066
167,24.1876,420994533,140331511,234436786,43284761,722037,136,420994533,1683978132,841989066
168,23.8958,420994533,140331511,234436786,43448692,722037,136,420994533,1683978132,841989066
169,24.2673,420994533,140331511,234436786,43311778,722037,136,420994533,1683978132,841989066
170,23.777,420994533,140331511,234436786,43434399,722037,136,420994533,1683978132,841989066
171,24.187,420994533,140331511,234436786,43234769,722037,136,420994533,1683978132,841989066
172,23.8697,420994533,140331511,234436786,43314360,722037,136,420994533,1683978132,841989066
173,24.1684,420994533,140331511,234436786,43353139,722037,136,420994533,1683978132,841989066
174,23.8894,420994533,140331511,234436786,43822514,722037,136,420994533,1683978132,841989066
175,24.1943,420994533,140331511,234436786,43313444,722037,136,420994533,1683978132,841989066
176,23.8816,420994533,140331511,234436786,43317725,722037,136,420994533,1683978132,841989066
177,24.1801,420994533,140331511,234436786,43286790,722037,136,420994533,1683978132,841989066
178,23.7616,420994533,140331511,234436786,43286377,722037,136,420994533,1683978132,841989066
179,24.1832,420994533,140331511,234436786,43296520,722037,136,420994533,1683978132,841989066
180,23.8798,420994533,140331511,234436786,43290984,722037,136,420994533,1683978132,841989066
181,24.076,420994533,140331511,234436786,43323790,722037,136,420994533,1683978132,841989066
182,23.8735,420994533,140331511,234436786,43269527,722037,136,420994533,1683978132,841989066
183,24.1799,420994533,140331511,234436786,43336478,722037,136,420994533,1683978132,841989066
184,23.7675,420994533,140331511,234436786,43792521,722037,136,420994533,1683978132,841989066
185,24.1684,420994533,140331511,234436786,43335907,722037,136,420994533,1683978132,841989066
186,23.9299,420994533,140331511,234436786,43326995,722037,136,420994533,1683978132,841989066
187,24.05,420994533,140331511,234436786,43274971,722037,136,420994533,1683978132,841989066
188,23.9042,420994533,140331511,234436786,43890423,722037,136,420994533,1683978132,841989066
189,24.166,420994533,140331511,234436786,43350811,722037,136,420994533,1683978132,841989066
190,23.8954,420994533,140331511,234436786,43841138,722037,136,420994533,1683978132,841989066
191,24.1763,420994533,140331511,234436786,43240525,722037,136,420994533,1683978132,841989066
192,23.7755,420994533,140331511,234436786,43459394,722037,136,420994533,1683978132,841989066
193,24.1426,420994533,140331511,234436786,43428670,722037,136,420994533,1683978132,841989066
194,23.8939,420994533,140331511,234436786,43457123,722037,136,420994533,1683978132,841989066
195,24.0408,420994533,140331511,234436786,43279834,722037,136,420994533,1683978132,841989066
196,23.8147,420994533,140331511,234436786,43959301,722037,136,420994533,1683978132,841989066
197,24.0589,420994533,140331511,234436786,43449112,722037,136,420994533,1683978132,841989066
198,23.776,420994533,140331511,234436786,43824038,722037,136,420994533,1683978132,841989066
199,24.1716,420994533,140331511,234436786,43380378,722037,136,420994533,1683978132,841989066
200,23.8218,420994533,140331511,234436786,43841930,722037,136,420994533,1683978132,841989066
201,24.247,420994533,140331511,234436786,43868965,722037,136,420994533,1683978132,841989066
202,23.9444,420994533,140331511,234436786,43288809,722037,136,420994533,1683978132,841989066
203,23.9856,420994533,140331511,234436786,43266006,722037,136,420994533,1683978132,841989066
204,23.8747,420994533,140331511,234436786,43332081,722037,136,420994533,1683978132,841989066
205,24.0474,420994533,140331511,234436786,43311461,722037,136,420994533,1683978132,841989066
206,24.0352,420994533,140331511,234436786,43509551,722037,136,420994533,1683978132,841989066
207,24.171,420994533,140331511,234436786,43488098,722037,136,420994533,1683978132,841989066
208,23.892,420994533,140331511,234436786,43821754,722037,136,420994533,1683978132,841989066
209,24.0579,420994533,140331511,234436786,43268309,722037,136,420994533,1683978132,841989066
210,23.9803,420994533,140331511,234436786,44183256,722037,136,420994533,1683978132,841989066
211,24.2057,420994533,140331511,234436786,43806127,722037,136,420994533,1683978132,841989066
212,23.7822,420994533,140331511,234436786,43841701,722037,136,420994533,1683978132,841989066
213,24.0525,420994533,140331511,234436786,43341466,722037,136,420994533,1683978132,841989066
214,23.8902,420994533,140331511,234436786,43767167,722037,136,420994533,1683978132,841989066
215,24.0381,420994533,140331511,234436786,43463394,722037,136,420994533,1683978132,841989066
216,23.9331,420994533,140331511,234436786,43333465,722037,136,420994533,1683978132,841989066
217,24.0634,420994533,140331511,234436786,43821006,722037,136,420994533,1683978132,841989066
218,23.8879,420994533,140331511,234436786,43481836,722037,136,420994533,1683978132,841989066
219,24.0547,420994533,140331511,234436786,43290697,722037,136,420994533,1683978132,841989066
220,23.9424,420994533,140331511,234436786,43310396,722037,136,420994533,1683978132,841989066
221,24.0666,420994533,140331511,234436786,43428782,722037,136,420994533,1683978132,841989066
222,23.8269,420994533,140331511,234436786,43852327,722037,136,420994533,1683978132,841989066
223,24.0672,420994533,140331511,234436786,43281746,722037,136,420994533,1683978132,841989066
224,23.9495,420994533,140331511,234436786,43769112,722037,136,420994533,1683978132,841989066
225,24.0637,420994533,140331511,234436786,43343936,722037,136,420994533,1683978132,841989066
226,23.9658,420994533,140331511,234436786,43959481,722037,136,420994533,1683978132,841989066
227,24.1833,420994533,140331511,234436786,43439452,722037,136,420994533,1683978132,841989066
228,23.8736,420994533,140331511,234436786,43312985,722037,136,420994533,1683978132,841989066
229,24.0574,420994533,140331511,234436786,43376524,722037,136,420994533,1683978132,841989066
230,23.9428,420994533,140331511,234436786,43296805,722037,136,420994533,1683978132,841989066
231,24.1653,420994533,140331511,234436786,43298952,722037,136,420994533,1683978132,841989066
232,23.9758,420994533,140331511,234436786,43935840,722037,136,420994533,1683978132,841989066
233,24.122,420994533,140331511,234436786,43466015,722037,136,420994533,1683978132,841989066
234,23.7493,420994533,140331511,234436786,43279090,722037,136,420994533,1683978132,841989066
235,24.0433,420994533,140331511,234436786,43308408,722037,136,420994533,1683978132,841989066
236,23.8713,420994533,140331511,234436786,43326926,722037,136,420994533,1683978132,841989066
237,24.0538,420994533,140331511,234436786,43374049,722037,136,420994533,1683978132,841989066
238,23.8966,420994533,140331511,234436786,43449293,722037,136,420994533,1683978132,841989066
239,24.1017,420994533,140331511,234436786,43435848,722037,136,420994533,1683978132,841989066
240,23.9725,420994533,140331511,234436786,43787601,722037,136,420994533,1683978132,841989066
241,24.0713,420994533,140331511,234436786,43322939,722037,136,420994533,1683978132,841989066
242,23.945,420994533,140331511,234436786,43269406,722037,136,420994533,1683978132,841989066
243,24.062,420994533,140331511,234436786,43318821,722037,136,420994533,1683978132,841989066
244,23.88,420994533,140331511,234436786,43744998,722037,136,420994533,1683978132,841989066
245,24.1184,420994533,140331511,234436786,43849311,722037,136,420994533,1683978132,841989066
246,24.0761,420994533,140331511,234436786,43321582,722037,136,420994533,1683978132,841989066
247,24.0584,420994533,140331511,234436786,43313067,722037,136,420994533,1683978132,841989066
248,23.8092,420994533,140331511,234436786,43304535,722037,136,420994533,1683978132,841989066
249,24.1557,420994533,140331511,234436786,43317208,722037,136,420994533,1683978132,841989066
250,23.9316,420994533,140331511,234436786,43406135,722037,136,420994533,1683978132,841989066
251,24.0284,420994533,140331511,234436786,43841942,722037,136,420994533,1683978132,841989066
252,23.9149,420994533,140331511,234436786,43837085,722037,136,420994533,1683978132,841989066
253,24.2041,420994533,140331511,234436786,43299054,722037,136,420994533,1683978132,841989066
254,23.7801,420994533,140331511,234436786,43840611,722037,136,420994533,1683978132,841989066
255,24.1486,420994533,140331511,234436786,43294084,722037,136,420994533,1683978132,841989066
256,23.7599,420994533,140331511,234436786,43358289,722037,136,420994533,1683978132,841989066
257,24.0937,420994533,140331511,234436786,43342945,722037,136,420994533,1683978132,841989066
258,23.7641,420994533,140331511,234436786,43369231,722037,136,420994533,1683978132,841989066
259,24.1741,420994533,140331511,234436786,43287137,722037,136,420994533,1683978132,841989066
260,23.9619,420994533,140331511,234436786,43372608,722037,136,420994533,1683978132,841989066
261,24.0729,420994533,140331511,234436786,43450622,722037,136,420994533,1683978132,841989066
262,23.8796,420994533,140331511,234436786,43276436,722037,136,420994533,1683978132,841989066
263,24.0747,420994533,140331511,234436786,43823802,722037,136,420994533,1683978132,841989066
264,23.9083,420994533,140331511,234436786,43855918,722037,136,420994533,1683978132,841989066
265,24.0503,420994533,140331511,234436786,43303587,722037,136,420994533,1683978132,841989066
266,23.8439,420994533,140331511,234436786,43301347,722037,136,420994533,1683978132,841989066
267,24.1844,420994533,140331511,234436786,43299874,722037,136,420994533,1683978132,841989066
268,23.8502,420994533,140331511,234436786,43835192,722037,136,420994533,1683978132,841989066
269,24.1903,420994533,140331511,234436786,43302764,722037,136,420994533,1683978132,841989066
270,23.7723,420994533,140331511,234436786,43846022,722037,136,420994533,1683978132,841989066
271,24.1999,420994533,140331511,234436786,43823172,722037,136,420994533,1683978132,841989066
272,23.9184,420994533,140331511,234436786,43447834,722037,136,420994533,1683978132,841989066
273,23.9471,420994533,140331511,234436786,43130898,722037,136,420994533,1683978132,841989066
274,23.9024,420994533,140331511,234436786,43349800,722037,136,420994533,1683978132,841989066
275,24.1068,420994533,140331511,234436786,43347663,722037,136,420994533,1683978132,841989066
276,23.9524,420994533,140331511,234436786,43287544,722037,136,420994533,1683978132,841989066
277,24.0769,420994533,140331511,234436786,43469415,722037,136,420994533,1683978132,841989066
278,23.907,420994533,140331511,234436786,43853723,722037,136,420994533,1683978132,841989066
279,24.0419,420994533,140331511,234436786,43266110,722037,136,420994533,1683978132,841989066
280,23.9353,420994533,140331511,234436786,43824324,722037,136,420994533,1683978132,841989066
281,24.1864,420994533,140331511,234436786,43317567,722037,136,420994533,1683978132,841989066
282,23.7762,420994533,140331511,234436786,43795136,722037,136,420994533,1683978132,841989066
283,24.0569,420994533,140331511,234436786,43344719,722037,136,420994533,1683978132,841989066
284,23.8978,420994533,140331511,234436786,43476009,722037,136,420994533,1683978132,841989066
285,24.1869,420994533,140331511,234436786,43283255,722037,136,420994533,1683978132,841989066
286,23.8957,420994533,140331511,234436786,43459132,722037,136,420994533,1683978132,841989066
287,24.0592,420994533,140331511,234436786,43274823,722037,136,420994533,1683978132,841989066
288,23.7561,420994533,140331511,234436786,43293955,722037,136,420994533,1683978132,841989066
289,24.1707,420994533,140331511,234436786,43366536,722037,136,420994533,1683978132,841989066
290,23.9016,420994533,140331511,234436786,43824820,722037,136,420994533,1683978132,841989066
291,24.0477,420994533,140331511,234436786,43342211,722037,136,420994533,1683978132,841989066
292,24.0028,420994533,140331511,234436786,43300554,722037,136,420994533,1683978132,841989066
293,24.0532,420994533,140331511,234436786,43262166,722037,136,420994533,1683978132,841989066
294,23.9169,420994533,140331511,234436786,43980501,722037,136,420994533,1683978132,841989066
295,24.0472,420994533,140331511,234436786,43291245,722037,136,420994533,1683978132,841989066
296,23.8936,420994533,140331511,234436786,43807571,722037,136,420994533,1683978132,841989066
297,24.2145,420994533,140331511,234436786,43295674,722037,136,420994533,1683978132,841989066
298,23.9001,420994533,140331511,234436786,43828936,722037,136,420994533,1683978132,841989066
299,24.0708,420994533,140331511,234436786,43305734,722037,136,420994533,1683978132,841989066
300,23.898,420994533,140331511,234436786,43835106,722037,136,420994533,1683978132,841989066
301,24.3371,420994533,140331511,234436786,43301329,722037,136,420994533,1683978132,841989066
302,23.7705,420994533,140331511,234436786,43424339,722037,136,420994533,1683978132,841989066
303,24.0628,420994533,140331511,234436786,43385843,722037,136,420994533,1683978132,841989066
304,23.8988,420994533,140331511,234436786,43794414,722037,136,420994533,1683978132,841989066
305,24.1758,420994533,140331511,234436786,43305165,722037,136,420994533,1683978132,841989066
306,23.8838,420994533,140331511,234436786,43360718,722037,136,420994533,1683978132,841989066
307,24.1911,420994533,140331511,234436786,43270393,722037,136,420994533,1683978132,841989066
308,23.8651,420994533,140331511,234436786,43306535,722037,136,420994533,1683978132,841989066
309,24.1253,420994533,140331511,234436786,43118608,722037,136,420994533,1683978132,841989066
310,23.8436,420994533,140331511,234436786,43432358,722037,136,420994533,1683978132,841989066
311,24.1844,420994533,140331511,234436786,43290466,722037,136,420994533,1683978132,841989066
312,23.7682,420994533,140331511,234436786,43852392,722037,136,420994533,1683978132,841989066
313,24.1691,420994533,140331511,234436786,43332947,722037,136,420994533,1683978132,841989066
314,23.749,420994533,140331511,234436786,43314124,722037,136,420994533,1683978132,841989066
315,24.0609,420994533,140331511,234436786,43828524,722037,136,420994533,1683978132,841989066
316,23.8878,420994533,140331511,234436786,43463044,722037,136,420994533,1683978132,841989066
317,24.1905,420994533,140331511,234436786,43292509,722037,136,420994533,1683978132,841989066
318,23.7839,420994533,140331511,234436786,43880492,722037,136,420994533,1683978132,841989066
319,24.2064,420994533,140331511,234436786,43405410,722037,136,420994533,1683978132,841989066
320,23.7558,420994533,140331511,234436786,43326703,722037,136,420994533,1683978132,841989066
321,24.2001,420994533,140331511,234436786,43332417,722037,136,420994533,1683978132,841989066
322,23.7706,420994533,140331511,234436786,43271839,722037,136,420994533,1683978132,841989066
323,24.1194,420994533,140331511,234436786,43854275,722037,136,420994533,1683978132,841989066
324,23.7719,420994533,140331511,234436786,43416708,722037,136,420994533,1683978132,841989066
325,24.0499,420994533,140331511,234436786,43337812,722037,136,420994533,1683978132,841989066
326,23.7511,420994533,140331511,234436786,43358578,722037,136,420994533,1683978132,841989066
327,24.1284,420994533,140331511,234436786,43278796,722037,136,420994533,1683978132,841989066
328,23.7745,420994533,140331511,234436786,43816347,722037,136,420994533,1683978132,841989066
329,24.1753,420994533,140331511,234436786,43304288,722037,136,420994533,1683978132,841989066
330,23.7669,420994533,140331511,234436786,43826153,722037,136,420994533,1683978132,841989066
331,24.0468,420994533,140331511,234436786,43272476,722037,136,420994533,1683978132,841989066
332,23.9524,420994533,140331511,234436786,43842923,722037,136,420994533,1683978132,841989066
333,24.1689,420994533,140331511,234436786,43409158,722037,136,420994533,1683978132,841989066
334,23.8786,420994533,140331511,234436786,43300695,722037,136,420994533,1683978132,841989066
335,24.0765,420994533,140331511,234436786,43343092,722037,136,420994533,1683978132,841989066
336,23.7515,420994533,140331511,234436786,43397305,722037,136,420994533,1683978132,841989066
337,24.0549,420994533,140331511,234436786,43308462,722037,136,420994533,1683978132,841989066
338,23.7541,420994533,140331511,234436786,43348554,722037,136,420994533,1683978132,841989066
339,24.0781,420994533,140331511,234436786,43896080,722037,136,420994533,1683978132,841989066
340,23.8769,420994533,140331511,234436786,43297634,722037,136,420994533,1683978132,841989066
341,24.0662,420994533,140331511,234436786,43368177,722037,136,420994533,1683978132,841989066
342,23.8776,420994533,140331511,234436786,43335395,722037,136,420994533,1683978132,841989066
343,23.9835,420994533,140331511,234436786,43425464,722037,136,420994533,1683978132,841989066
344,23.9481,420994533,140331511,234436786,43850154,722037,136,420994533,1683978132,841989066
345,23.9052,420994533,140331511,234436786,43330050,722037,136,420994533,1683978132,841989066
346,23.9383,420994533,140331511,234436786,43323115,722037,136,420994533,1683978132,841989066
347,24.0487,420994533,140331511,234436786,43304339,722037,136,420994533,1683978132,841989066
348,23.9193,420994533,140331511,234436786,44045176,722037,136,420994533,1683978132,841989066
349,24.0381,420994533,140331511,234436786,43270568,722037,136,420994533,1683978132,841989066
350,23.8314,420994533,140331511,234436786,43855080,722037,136,420994533,1683978132,841989066
351,24.0649,420994533,140331511,234436786,43286282,722037,136,420994533,1683978132,841989066
352,24.0103,420994533,140331511,234436786,43873340,722037,136,420994533,1683978132,841989066
353,24.1765,420994533,140331511,234436786,43322447,722037,136,420994533,1683978132,841989066
354,23.9204,420994533,140331511,234436786,43453369,722037,136,420994533,1683978132,841989066
355,24.2145,420994533,140331511,234436786,44033061,722037,136,420994533,1683978132,841989066
356,23.8958,420994533,140331511,234436786,43849298,722037,136,420994533,1683978132,841989066
357,24.0669,420994533,140331511,234436786,43346318,722037,136,420994533,1683978132,841989066
358,23.9028,420994533,140331511,234436786,43826008,722037,136,420994533,1683978132,841989066
359,24.1876,420994533,140331511,234436786,43325443,722037,136,420994533,1683978132,841989066
360,23.8858,420994533,140331511,234436786,43313784,722037,136,420994533,1683978132,841989066
361,24.2282,420994533,140331511,234436786,43277024,722037,136,420994533,1683978132,841989066
362,23.7846,420994533,140331511,234436786,43362939,722037,136,420994533,1683978132,841989066
363,24.132,420994533,140331511,234436786,43435737,722037,136,420994533,1683978132,841989066
364,23.9608,420994533,140331511,234436786,43839467,722037,136,420994533,1683978132,841989066
365,24.1004,420994533,140331511,234436786,43311441,722037,136,420994533,1683978132,841989066
366,23.966,420994533,140331511,234436786,43372422,722037,136,420994533,1683978132,841989066
367,24.2325,420994533,140331511,234436786,43323089,722037,136,420994533,1683978132,841989066
368,23.9692,420994533,140331511,234436786,43870973,722037,136,420994533,1683978132,841989066
369,24.2242,420994533,140331511,234436786,43302961,722037,136,420994533,1683978132,841989066
370,23.9225,420994533,140331511,234436786,43894618,722037,136,420994533,1683978132,841989066
371,24.1141,420994533,140331511,234436786,43327539,722037,136,420994533,1683978132,841989066
372,23.8334,420994533,140331511,234436786,43803436,722037,136,420994533,1683978132,841989066
373,24.135,420994533,140331511,234436786,43273409,722037,136,420994533,1683978132,841989066
374,23.8507,420994533,140331511,234436786,43440503,722037,136,420994533,1683978132,841989066
375,24.2295,420994533,140331511,234436786,43279408,722037,136,420994533,1683978132,841989066
376,23.9411,420994533,140331511,234436786,43360478,722037,136,420994533,1683978132,841989066
377,24.1384,420994533,140331511,234436786,43419249,722037,136,420994533,1683978132,841989066
378,23.7952,420994533,140331511,234436786,43362005,722037,136,420994533,1683978132,841989066
379,24.1988,420994533,140331511,234436786,43257944,722037,136,420994533,1683978132,841989066
380,23.8842,420994533,140331511,234436786,43271455,722037,136,420994533,1683978132,841989066
381,24.2262,420994533,140331511,234436786,43453175,722037,136,420994533,1683978132,841989066
382,23.8709,420994533,140331511,234436786,43331542,722037,136,420994533,1683978132,841989066
383,24.1803,420994533,140331511,234436786,43257772,722037,136,420994533,1683978132,841989066
384,23.761,420994533,140331511,234436786,43513340,722037,136,420994533,1683978132,841989066
385,24.16,420994533,140331511,234436786,43311930,722037,136,420994533,1683978132,841989066
386,23.8984,420994533,140331511,234436786,43866533,722037,136,420994533,1683978132,841989066
387,24.2938,420994533,140331511,234436786,43299510,722037,136,420994533,1683978132,841989066
388,23.8912,420994533,140331511,234436786,43418552,722037,136,420994533,1683978132,841989066
389,24.1841,420994533,140331511,234436786,43333960,722037,136,420994533,1683978132,841989066
390,23.7865,420994533,140331511,234436786,43306445,722037,136,420994533,1683978132,841989066
391,24.2865,420994533,140331511,234436786,43279359,722037,136,420994533,1683978132,841989066
392,23.8247,420994533,140331511,234436786,43327715,722037,136,420994533,1683978132,841989066
393,24.2483,420994533,140331511,234436786,43340537,722037,136,420994533,1683978132,841989066
394,23.7422,420994533,140331511,234436786,43304925,722037,136,420994533,1683978132,841989066
395,24.3237,420994533,140331511,234436786,43484953,722037,136,420994533,1683978132,841989066
396,23.919,420994533,140331511,234436786,44037845,722037,136,420994533,1683978132,841989066
397,24.1881,420994533,140331511,234436786,43428593,722037,136,420994533,1683978132,841989066
398,23.9665,420994533,140331511,234436786,43490103,722037,136,420994533,1683978132,841989066
399,24.3601,420994533,140331511,234436786,43251070,722037,136,420994533,1683978132,841989066
400,23.8685,420994533,140331511,234436786,43840719,722037,136,420994533,1683978132,841989066
401,24.3136,420994533,140331511,234436786,43324231,722037,136,420994533,1683978132,841989066
402,23.9654,420994533,140331511,234436786,43305960,722037,136,420994533,1683978132,841989066
403,24.2148,420994533,140331511,234436786,43453981,722037,136,420994533,1683978132,841989066
404,23.8437,420994533,140331511,234436786,43836656,722037,136,420994533,1683978132,841989066
405,24.3311,420994533,140331511,234436786,43416950,722037,136,420994533,1683978132,841989066
406,23.9611,420994533,140331511,234436786,43814996,722037,136,420994533,1683978132,841989066
407,24.02,420994533,140331511,234436786,43296453,722037,136,420994533,1683978132,841989066
408,24.2432,420994533,140331511,234436786,43437271,722037,136,420994533,1683978132,841989066
409,23.8524,420994533,140331511,234436786,43796023,722037,136,420994533,1683978132,841989066
410,24.2641,420994533,140331511,234436786,43457766,722037,136,420994533,1683978132,841989066
411,24.0105,420994533,140331511,234436786,43296501,722037,136,420994533,1683978132,841989066
412,24.2359,420994533,140331511,234436786,43298529,722037,136,420994533,1683978132,841989066
413,24.0157,420994533,140331511,234436786,43849456,722037,136,420994533,1683978132,841989066
414,24.1058,420994533,140331511,234436786,43273677,722037,136,420994533,1683978132,841989066
415,24.0019,420994533,140331511,234436786,43353568,722037,136,420994533,1683978132,841989066
416,24.2306,420994533,140331511,234436786,43312890,722037,136,420994533,1683978132,841989066
417,23.8422,420994533,140331511,234436786,43328896,722037,136,420994533,1683978132,841989066
418,24.1165,420994533,140331511,234436786,43467242,722037,136,420994533,1683978132,841989066
419,23.906,420994533,140331511,234436786,44363912,722037,136,420994533,1683978132,841989066
420,24.2522,420994533,140331511,234436786,43345955,722037,136,420994533,1683978132,841989066
421,23.8917,420994533,140331511,234436786,43458596,722037,136,420994533,1683978132,841989066
422,24.2604,420994533,140331511,234436786,43859211,722037,136,420994533,1683978132,841989066
423,23.942,420994533,140331511,234436786,43316473,722037,136,420994533,1683978132,841989066
424,24.2367,420994533,140331511,234436786,43290736,722037,136,420994533,1683978132,841989066
425,24.0148,420994533,140331511,234436786,43271615,722037,136,420994533,1683978132,841989066
426,24.2381,420994533,140331511,234436786,43311736,722037,136,420994533,1683978132,841989066
427,23.8058,420994533,140331511,234436786,43271780,722037,136,420994533,1683978132,841989066
428,24.245,420994533,140331511,234436786,43860355,722037,136,420994533,1683978132,841989066
429,23.8744,420994533,140331511,234436786,43313283,722037,136,420994533,1683978132,841989066
430,24.249,420994533,140331511,234436786,43797091,722037,136,420994533,1683978132,841989066
431,23.8292,420994533,140331511,234436786,43312435,722037,136,420994533,1683978132,841989066
432,24.3703,420994533,140331511,234436786,43301815,722037,136,420994533,1683978132,841989066
433,23.8969,420994533,140331511,234436786,43281140,722037,136,420994533,1683978132,841989066
434,24.2754,420994533,140331511,234436786,43839521,722037,136,420994533,1683978132,841989066
435,23.9462,420994533,140331511,234436786,43432210,722037,136,420994533,1683978132,841989066
436,24.1623,420994533,140331511,234436786,43833049,722037,136,420994533,1683978132,841989066
437,23.8427,420994533,140331511,234436786,43335720,722037,136,420994533,1683978132,841989066
438,24.3756,420994533,140331511,234436786,43281233,722037,136,420994533,1683978132,841989066
439,23.8238,420994533,140331511,234436786,43271086,722037,136,420994533,1683978132,841989066
440,24.2634,420994533,140331511,234436786,43276675,722037,136,420994533,1683978132,841989066
441,23.8378,420994533,140331511,234436786,43271143,722037,136,420994533,1683978132,841989066
442,24.1102,420994533,140331511,234436786,43284382,722037,136,420994533,1683978132,841989066
443,23.9273,420994533,140331511,234436786,43479975,722037,136,420994533,1683978132,841989066
444,24.2457,420994533,140331511,234436786,43824298,722037,136,420994533,1683978132,841989066
445,23.9538,420994533,140331511,234436786,43456227,722037,136,420994533,1683978132,841989066
446,24.0043,420994533,140331511,234436786,44006557,722037,136,420994533,1683978132,841989066
447,24.1054,420994533,140331511,234436786,43329825,722037,136,420994533,1683978132,841989066
448,23.9395,420994533,140331511,234436786,43343889,722037,136,420994533,1683978132,841989066
449,24.0437,420994533,140331511,234436786,43843024,722037,136,420994533,1683978132,841989066
450,24.107,420994533,140331511,234436786,43829499,722037,136,420994533,1683978132,841989066
451,24.0227,420994533,140331511,234436786,43322249,722037,136,420994533,1683978132,841989066
452,24.124,420994533,140331511,234436786,43960583,722037,136,420994533,1683978132,841989066
453,24.0596,420994533,140331511,234436786,43290860,722037,136,420994533,1683978132,841989066
454,24.1551,420994533,140331511,234436786,43875968,722037,136,420994533,1683978132,841989066
455,23.8402,420994533,140331511,234436786,43874369,722037,136,420994533,1683978132,841989066
456,23.8536,420994533,140331511,234436786,43815561,722037,136,420994533,1683978132,841989066
457,24.1679,420994533,140331511,234436786,44051052,722037,136,420994533,1683978132,841989066
458,24.035,420994533,140331511,234436786,43931938,722037,136,420994533,1683978132,841989066
459,24.1017,420994533,140331511,234436786,43300617,722037,136,420994533,1683978132,841989066
460,23.9478,420994533,140331511,234436786,43335509,722037,136,420994533,1683978132,841989066
461,24.2589,420994533,140331511,234436786,43287766,722037,136,420994533,1683978132,841989066
462,23.9527,420994533,140331511,234436786,43426316,722037,136,420994533,1683978132,841989066
463,24.1384,420994533,140331511,234436786,43281957,722037,136,420994533,1683978132,841989066
464,23.9552,420994533,140331511,234436786,43837159,722037,136,420994533,1683978132,841989066
465,24.2458,420994533,140331511,234436786,43446392,722037,136,420994533,1683978132,841989066
466,23.9067,420994533,140331511,234436786,43342217,722037,136,420994533,1683978132,841989066
467,24.1264,420994533,140331511,234436786,43258157,722037,136,420994533,1683978132,841989066
468,23.8384,420994533,140331511,234436786,43815222,722037,136,420994533,1683978132,841989066
469,24.1179,420994533,140331511,234436786,43266614,722037,136,420994533,1683978132,841989066
470,23.8359,420994533,140331511,234436786,43825463,722037,136,420994533,1683978132,841989066
471,24.1122,420994533,140331511,234436786,43363383,722037,136,420994533,1683978132,841989066
472,24.0094,420994533,140331511,234436786,43821070,722037,136,420994533,1683978132,841989066
473,24.1147,420994533,140331511,234436786,43321043,722037,136,420994533,1683978132,841989066
474,23.9308,420994533,140331511,234436786,43341676,722037,136,420994533,1683978132,841989066
475,24.2252,420994533,140331511,234436786,43348078,722037,136,420994533,1683978132,841989066
476,23.8174,420994533,140331511,234436786,43296596,722037,136,420994533,1683978132,841989066
477,24.1401,420994533,140331511,234436786,43320226,722037,136,420994533,1683978132,841989066
478,23.8917,420994533,140331511,234436786,43892060,722037,136,420994533,1683978132,841989066
479,24.1311,420994533,140331511,234436786,43323747,722037,136,420994533,1683978132,841989066
480,23.8509,420994533,140331511,234436786,43994473,722037,136,420994533,1683978132,841989066
481,24.2055,420994533,140331511,234436786,43291662,722037,136,420994533,1683978132,841989066
482,23.9474,420994533,140331511,234436786,43301244,722037,136,420994533,1683978132,841989066
483,24.0359,420994533,140331511,234436786,43474534,722037,136,420994533,1683978132,841989066
484,24.0232,420994533,140331511,234436786,43356235,722037,136,420994533,1683978132,841989066
485,24.0328,420994533,140331511,234436786,43480946,722037,136,420994533,1683978132,841989066
486,23.9917,420994533,140331511,234436786,43954089,722037,136,420994533,1683978132,841989066
487,24.1122,420994533,140331511,234436786,43371840,722037,136,420994533,1683978132,841989066
488,23.9456,420994533,140331511,234436786,43306554,722037,136,420994533,1683978132,841989066
489,24.2274,420994533,140331511,234436786,43287619,722037,136,420994533,1683978132,841989066
490,23.9406,420994533,140331511,234436786,43290361,722037,136,420994533,1683978132,841989066
491,24.0396,420994533,140331511,234436786,43287750,722037,136,420994533,1683978132,841989066
492,23.9839,420994533,140331511,234436786,43473916,722037,136,420994533,1683978132,841989066
493,24.1027,420994533,140331511,234436786,43322008,722037,136,420994533,1683978132,841989066
494,23.9386,420994533,140331511,234436786,43294060,722037,136,420994533,1683978132,841989066
495,24.1571,420994533,140331511,234436786,43268007,722037,136,420994533,1683978132,841989066
496,23.9524,420994533,140331511,234436786,43347505,722037,136,420994533,1683978132,841989066
497,24.1308,420994533,140331511,234436786,43278361,722037,136,420994533,1683978132,841989066
498,23.9797,420994533,140331511,234436786,43988957,722037,136,420994533,1683978132,841989066
499,24.2538,420994533,140331511,234436786,43331023,722037,136,420994533,1683978132,841989066
500,23.9618,420994533,140331511,234436786,43876000,722037,136,420994533,1683978132,841989066
501,24.1536,420994533,140331511,234436786,43342440,722037,136,420994533,1683978132,841989066
502,23.9621,420994533,140331511,234436786,43469113,722037,136,420994533,1683978132,841989066
503,24.2539,420994533,140331511,234436786,43303108,722037,136,420994533,1683978132,841989066
504,23.9493,420994533,140331511,234436786,43308369,722037,136,420994533,1683978132,841989066
505,24.1095,420994533,140331511,234436786,43300651,722037,136,420994533,1683978132,841989066
506,23.9382,420994533,140331511,234436786,43286245,722037,136,420994533,1683978132,841989066
507,24.239,420994533,140331511,234436786,43346317,722037,136,420994533,1683978132,841989066
508,23.9063,420994533,140331511,234436786,43838735,722037,136,420994533,1683978132,841989066
509,24.1223,420994533,140331511,234436786,43302462,722037,136,420994533,1683978132,841989066
510,23.8694,420994533,140331511,234436786,43994490,722037,136,420994533,1683978132,841989066
511,24.2203,420994533,140331511,234436786,43303137,722037,136,420994533,1683978132,841989066
512,23.8445,420994533,140331511,234436786,43450872,722037,136,420994533,1683978132,841989066
513,24.2456,420994533,140331511,234436786,43285170,722037,136,420994533,1683978132,841989066
514,23.9681,420994533,140331511,234436786,43493794,722037,136,420994533,1683978132,841989066
515,24.2596,420994533,140331511,234436786,43445695,722037,136,420994533,1683978132,841989066
516,23.9719,420994533,140331511,234436786,43820982,722037,136,420994533,1683978132,841989066
517,24.2484,420994533,140331511,234436786,43452020,722037,136,420994533,1683978132,841989066
518,24.009,420994533,140331511,234436786,43325861,722037,136,420994533,1683978132,841989066
519,24.3644,420994533,140331511,234436786,43472978,722037,136,420994533,1683978132,841989066
520,23.9116,420994533,140331511,234436786,43777859,722037,136,420994533,1683978132,841989066
521,24.2307,420994533,140331511,234436786,43309118,722037,136,420994533,1683978132,841989066
522,23.9691,420994533,140331511,234436786,43775240,722037,136,420994533,1683978132,841989066
523,24.2448,420994533,140331511,234436786,43343709,722037,136,420994533,1683978132,841989066
524,23.9388,420994533,140331511,234436786,43337900,722037,136,420994533,1683978132,841989066
525,24.3337,420994533,140331511,234436786,43777747,722037,136,420994533,1683978132,841989066
526,23.9535,420994533,140331511,234436786,43831813,722037,136,420994533,1683978132,841989066
527,24.2636,420994533,140331511,234436786,43426002,722037,136,420994533,1683978132,841989066
528,23.9552,420994533,140331511,234436786,43342813,722037,136,420994533,1683978132,841989066
529,23.9738,420994533,140331511,234436786,43308905,722037,136,420994533,1683978132,841989066
530,23.9191,420994533,140331511,234436786,43966405,722037,136,420994533,1683978132,841989066
531,24.0737,420994533,140331511,234436786,43245044,722037,136,420994533,1683978132,841989066
532,24.1348,420994533,140331511,234436786,43311528,722037,136,420994533,1683978132,841989066
533,23.9065,420994533,140331511,234436786,43321826,722037,136,420994533,1683978132,841989066
534,24.2437,420994533,140331511,234436786,43286434,722037,136,420994533,1683978132,841989066
535,23.8924,420994533,140331511,234436786,43490247,722037,136,420994533,1683978132,841989066
536,24.2749,420994533,140331511,234436786,43851197,722037,136,420994533,1683978132,841989066
537,24.018,420994533,140331511,234436786,43343634,722037,136,420994533,1683978132,841989066
538,24.055,420994533,140331511,234436786,43814251,722037,136,420994533,1683978132,841989066
539,24.1793,420994533,140331511,234436786,43264220,722037,136,420994533,1683978132,841989066
540,24.181,420994533,140331511,234436786,43343596,722037,136,420994533,1683978132,841989066
541,24.1057,420994533,140331511,234436786,43284167,722037,136,420994533,1683978132,841989066
542,24.3871,420994533,140331511,234436786,43334913,722037,136,420994533,1683978132,841989066
543,23.965,420994533,140331511,234436786,43272662,722037,136,420994533,1683978132,841989066
544,24.2577,420994533,140331511,234436786,43285602,722037,136,420994533,1683978132,841989066
545,23.9441,420994533,140331511,234436786,43364448,722037,136,420994533,1683978132,841989066
546,24.1439,420994533,140331511,234436786,43829234,722037,136,420994533,1683978132,841989066
547,23.9676,420994533,140331511,234436786,43247517,722037,136,420994533,1683978132,841989066
548,24.1651,420994533,140331511,234436786,43796396,722037,136,420994533,1683978132,841989066
549,23.9147,420994533,140331511,234436786,43257171,722037,136,420994533,1683978132,841989066
550,24.2471,420994533,140331511,234436786,43292075,722037,136,420994533,1683978132,841989066
551,23.9636,420994533,140331511,234436786,43312887,722037,136,420994533,1683978132,841989066
552,24.2501,420994533,140331511,234436786,43350801,722037,136,420994533,1683978132,841989066
553,23.8107,420994533,140331511,234436786,43296604,722037,136,420994533,1683978132,841989066
554,24.1211,420994533,140331511,234436786,43310404,722037,136,420994533,1683978132,841989066
555,23.9418,420994533,140331511,234436786,43345692,722037,136,420994533,1683978132,841989066
556,24.2998,420994533,140331511,234436786,43463004,722037,136,420994533,1683978132,841989066
557,23.9028,420994533,140331511,234436786,43350217,722037,136,420994533,1683978132,841989066
558,24.3931,420994533,140331511,234436786,43272114,722037,136,420994533,1683978132,841989066
559,23.826,420994533,140331511,234436786,43350463,722037,136,420994533,1683978132,841989066
560,24.2743,420994533,140331511,234436786,43837526,722037,136,420994533,1683978132,841989066
561,23.9676,420994533,140331511,234436786,43245074,722037,136,420994533,1683978132,841989066
562,24.2208,420994533,140331511,234436786,43257498,722037,136,420994533,1683978132,841989066
563,23.8387,420994533,140331511,234436786,43317339,722037,136,420994533,1683978132,841989066
564,24.1397,420994533,140331511,234436786,43440576,722037,136,420994533,1683978132,841989066
565,23.9232,420994533,140331511,234436786,43319091,722037,136,420994533,1683978132,841989066
566,24.244,420994533,140331511,234436786,43375192,722037,136,420994533,1683978132,841989066
567,23.9094,420994533,140331511,234436786,43824542,722037,136,420994533,1683978132,841989066
568,24.2045,420994533,140331511,234436786,43315977,722037,136,420994533,1683978132,841989066
569,23.8273,420994533,140331511,234436786,43484851,722037,136,420994533,1683978132,841989066
570,24.2775,420994533,140331511,234436786,43424707,722037,136,420994533,1683978132,841989066
571,23.9403,420994533,140331511,234436786,43331500,722037,136,420994533,1683978132,841989066
572,24.3953,420994533,140331511,234436786,43930864,722037,136,420994533,1683978132,841989066
573,23.8334,420994533,140331511,234436786,43320422,722037,136,420994533,1683978132,841989066
574,24.3836,420994533,140331511,234436786,43274545,722037,136,420994533,1683978132,841989066
575,23.8427,420994533,140331511,234436786,43856257,722037,136,420994533,1683978132,841989066
576,24.442,420994533,140331511,234436786,43280569,722037,136,420994533,1683978132,841989066
577,23.9868,420994533,140331511,234436786,43257750,722037,136,420994533,1683978132,841989066
578,24.3775,420994533,140331511,234436786,43411442,722037,136,420994533,1683978132,841989066
579,23.956,420994533,140331511,234436786,43296299,722037,136,420994533,1683978132,841989066
580,24.0951,420994533,140331511,234436786,43374622,722037,136,420994533,1683978132,841989066
581,24.1683,420994533,140331511,234436786,43300766,722037,136,420994533,1683978132,841989066
582,23.9584,420994533,140331511,234436786,43425954,722037,136,420994533,1683978132,841989066
583,24.2532,420994533,140331511,234436786,43299198,722037,136,420994533,1683978132,841989066
584,23.9587,420994533,140331511,234436786,43835147,722037,136,420994533,1683978132,841989066
585,24.1231,420994533,140331511,234436786,43317839,722037,136,420994533,1683978132,841989066
586,23.8435,420994533,140331511,234436786,43834555,722037,136,420994533,1683978132,841989066
587,24.1276,420994533,140331511,234436786,43297857,722037,136,420994533,1683978132,841989066
588,23.968,420994533,140331511,234436786,43310574,722037,136,420994533,1683978132,841989066
589,24.1154,420994533,140331511,234436786,43449840,722037,136,420994533,1683978132,841989066
590,23.9824,420994533,140331511,234436786,43388308,722037,136,420994533,1683978132,841989066
591,24.1378,420994533,140331511,234436786,43299938,722037,136,420994533,1683978132,841989066
592,23.8342,420994533,140331511,234436786,43306674,722037,136,420994533,1683978132,841989066
593,24.1444,420994533,140331511,234436786,43325292,722037,136,420994533,1683978132,841989066
594,23.9655,420994533,140331511,234436786,43814470,722037,136,420994533,1683978132,841989066
595,24.1265,420994533,140331511,234436786,43298458,722037,136,420994533,1683978132,841989066
596,23.8586,420994533,140331511,234436786,43307906,722037,136,420994533,1683978132,841989066
597,24.2644,420994533,140331511,234436786,43519519,722037,136,420994533,1683978132,841989066
598,23.958,420994533,140331511,234436786,43447667,722037,136,420994533,1683978132,841989066
599,24.2868,420994533,140331511,234436786,43301405,722037,136,420994533,1683978132,841989066
600,23.9784,420994533,140331511,234436786,43826529,722037,136,420994533,1683978132,841989066
601,24.1406,420994533,140331511,234436786,43310846,722037,136,420994533,1683978132,841989066
602,23.987,420994533,140331511,234436786,43880053,722037,136,420994533,1683978132,841989066
603,24.1187,420994533,140331511,234436786,43323508,722037,136,420994533,1683978132,841989066
604,23.9609,420994533,140331511,234436786,43462856,722037,136,420994533,1683978132,841989066
605,24.2416,420994533,140331511,234436786,43338410,722037,136,420994533,1683978132,841989066
606,23.832,420994533,140331511,234436786,43328124,722037,136,420994533,1683978132,841989066
607,24.1208,420994533,140331511,234436786,43269217,722037,136,420994533,1683978132,841989066
608,23.8404,420994533,140331511,234436786,43440057,722037,136,420994533,1683978132,841989066
609,24.2403,420994533,140331511,234436786,43333716,722037,136,420994533,1683978132,841989066
610,23.8748,420994533,140331511,234436786,43813187,722037,136,420994533,1683978132,841989066
611,24.1864,420994533,140331511,234436786,43302282,722037,136,420994533,1683978132,841989066
612,23.8797,420994533,140331511,234436786,43265284,722037,136,420994533,1683978132,841989066
613,24.1571,420994533,140331511,234436786,43313909,722037,136,420994533,1683978132,841989066
614,23.9622,420994533,140331511,234436786,43829699,722037,136,420994533,1683978132,841989066
615,24.1194,420994533,140331511,234436786,43464720,722037,136,420994533,1683978132,841989066
616,23.8356,420994533,140331511,234436786,43311846,722037,136,420994533,1683978132,841989066
617,24.1446,420994533,140331511,234436786,43847786,722037,136,420994533,1683978132,841989066
618,23.8303,420994533,140331511,234436786,43344738,722037,136,420994533,1683978132,841989066
619,24.0395,420994533,140331511,234436786,43333250,722037,136,420994533,1683978132,841989066
620,24.0867,420994533,140331511,234436786,43338464,722037,136,420994533,1683978132,841989066
621,24.2635,420994533,140331511,234436786,43325787,722037,136,420994533,1683978132,841989066
622,23.8957,420994533,140331511,234436786,43825861,722037,136,420994533,1683978132,841989066
623,24.2581,420994533,140331511,234436786,43285504,722037,136,420994533,1683978132,841989066
624,23.8887,420994533,140331511,234436786,43348646,722037,136,420994533,1683978132,841989066
625,24.1489,420994533,140331511,234436786,43347063,722037,136,420994533,1683978132,841989066
626,23.9982,420994533,140331511,234436786,43334631,722037,136,420994533,1683978132,841989066
627,24.2491,420994533,140331511,234436786,43325673,722037,136,420994533,1683978132,841989066
628,23.8264,420994533,140331511,234436786,43321123,722037,136,420994533,1683978132,841989066
629,24.1138,420994533,140331511,234436786,43336036,722037,136,420994533,1683978132,841989066
630,24.0251,420994533,140331511,234436786,43449613,722037,136,420994533,1683978132,841989066
631,24.2164,420994533,140331511,234436786,43277180,722037,136,420994533,1683978132,841989066
632,23.837,420994533,140331511,234436786,43468420,722037,136,420994533,1683978132,841989066
633,24.1044,420994533,140331511,234436786,43319514,722037,136,420994533,1683978132,841989066
634,23.9628,420994533,140331511,234436786,43430262,722037,136,420994533,1683978132,841989066
635,24.2519,420994533,140331511,234436786,43308717,722037,136,420994533,1683978132,841989066
636,23.8459,420994533,140331511,234436786,43391755,722037,136,420994533,1683978132,841989066
637,24.244,420994533,140331511,234436786,43344999,722037,136,420994533,1683978132,841989066
638,23.9599,420994533,140331511,234436786,43334099,722037,136,420994533,1683978132,841989066
639,24.1153,420994533,140331511,234436786,43316901,722037,136,420994533,1683978132,841989066
640,23.8982,420994533,140331511,234436786,43288026,722037,136,420994533,1683978132,841989066
641,24.2513,420994533,140331511,234436786,43339347,722037,136,420994533,1683978132,841989066
642,23.9831,420994533,140331511,234436786,43952327,722037,136,420994533,1683978132,841989066
643,24.1295,420994533,140331511,234436786,43315194,722037,136,420994533,1683978132,841989066
644,23.8458,420994533,140331511,234436786,43784377,722037,136,420994533,1683978132,841989066
645,24.2513,420994533,140331511,234436786,43326492,722037,136,420994533,1683978132,841989066
646,23.965,420994533,140331511,234436786,43513995,722037,136,420994533,1683978132,841989066
647,24.2524,420994533,140331511,234436786,43340360,722037,136,420994533,1683978132,841989066
648,23.9604,420994533,140331511,234436786,43460472,722037,136,420994533,1683978132,841989066
649,24.1489,420994533,140331511,234436786,43294644,722037,136,420994533,1683978132,841989066
650,23.9533,420994533,140331511,234436786,43345885,722037,136,420994533,1683978132,841989066
651,24.2374,420994533,140331511,234436786,43337023,722037,136,420994533,1683978132,841989066
652,23.8635,420994533,140331511,234436786,43932476,722037,136,420994533,1683978132,841989066
653,24.2482,420994533,140331511,234436786,43320480,722037,136,420994533,1683978132,841989066
654,23.815,420994533,140331511,234436786,43352026,722037,136,420994533,1683978132,841989066
655,24.336,420994533,140331511,234436786,43856572,722037,136,420994533,1683978132,841989066
656,23.9497,420994533,140331511,234436786,43330188,722037,136,420994533,1683978132,841989066
657,24.244,420994533,140331511,234436786,43386792,722037,136,420994533,1683978132,841989066
658,23.9597,420994533,140331511,234436786,43816988,722037,136,420994533,1683978132,841989066
659,24.3708,420994533,140331511,234436786,43322534,722037,136,420994533,1683978132,841989066
660,23.8356,420994533,140331511,234436786,43309169,722037,136,420994533,1683978132,841989066
661,24.3334,420994533,140331511,234436786,43843004,722037,136,420994533,1683978132,841989066
662,23.989,420994533,140331511,234436786,43936057,722037,136,420994533,1683978132,841989066
663,24.3721,420994533,140331511,234436786,43343689,722037,136,420994533,1683978132,841989066
664,23.9589,420994533,140331511,234436786,43300953,722037,136,420994533,1683978132,841989066
665,24.3638,420994533,140331511,234436786,43469085,722037,136,420994533,1683978132,841989066
666,23.9632,420994533,140331511,234436786,43300636,722037,136,420994533,1683978132,841989066
667,24.387,420994533,140331511,234436786,43908382,722037,136,420994533,1683978132,841989066
668,23.9328,420994533,140331511,234436786,43972665,722037,136,420994533,1683978132,841989066
669,24.1961,420994533,140331511,234436786,43313288,722037,136,420994533,1683978132,841989066
670,23.8358,420994533,140331511,234436786,43331806,722037,136,420994533,1683978132,841989066
671,24.0878,420994533,140331511,234436786,43284140,722037,136,420994533,1683978132,841989066
672,24.2679,420994533,140331511,234436786,43822671,722037,136,420994533,1683978132,841989066
673,23.9533,420994533,140331511,234436786,43290727,722037,136,420994533,1683978132,841989066
674,24.265,420994533,140331511,234436786,43956513,722037,136,420994533,1683978132,841989066
675,23.9929,420994533,140331511,234436786,43941133,722037,136,420994533,1683978132,841989066
676,24.1389,420994533,140331511,234436786,43425369,722037,136,420994533,1683978132,841989066
677,23.9493,420994533,140331511,234436786,43368279,722037,136,420994533,1683978132,841989066
678,24.2823,420994533,140331511,234436786,43325653,722037,136,420994533,1683978132,841989066
679,23.8218,420994533,140331511,234436786,43337755,722037,136,420994533,1683978132,841989066
680,24.1531,420994533,140331511,234436786,43868087,722037,136,420994533,1683978132,841989066
681,23.9394,420994533,140331511,234436786,43289085,722037,136,420994533,1683978132,841989066
682,24.1345,420994533,140331511,234436786,43828159,722037,136,420994533,1683978132,841989066
683,23.9581,420994533,140331511,234436786,43327926,722037,136,420994533,1683978132,841989066
684,24.2704,420994533,140331511,234436786,43266380,722037,136,420994533,1683978132,841989066
685,23.9648,420994533,140331511,234436786,43335782,722037,136,420994533,1683978132,841989066
686,24.1391,420994533,140331511,234436786,43850740,722037,136,420994533,1683978132,841989066
687,23.9387,420994533,140331511,234436786,43357146,722037,136,420994533,1683978132,841989066
688,24.2535,420994533,140331511,234436786,43294594,722037,136,420994533,1683978132,841989066
689,23.8996,420994533,140331511,234436786,43394293,722037,136,420994533,1683978132,841989066
690,24.2762,420994533,140331511,234436786,43928272,722037,136,420994533,1683978132,841989066
691,23.8601,420994533,140331511,234436786,43361568,722037,136,420994533,1683978132,841989066
692,24.3846,420994533,140331511,234436786,43458633,722037,136,420994533,1683978132,841989066
693,23.9357,420994533,140331511,234436786,43294534,722037,136,420994533,1683978132,841989066
694,24.3841,420994533,140331511,234436786,43470065,722037,136,420994533,1683978132,841989066
695,23.9689,420994533,140331511,234436786,43293087,722037,136,420994533,1683978132,841989066
696,24.4005,420994533,140331511,234436786,43486246,722037,136,420994533,1683978132,841989066
697,23.8159,420994533,140331511,234436786,43316673,722037,136,420994533,1683978132,841989066
698,24.3726,420994533,140331511,234436786,43352270,722037,136,420994533,1683978132,841989066
699,23.9969,420994533,140331511,234436786,43493870,722037,136,420994533,1683978132,841989066
700,24.3954,420994533,140331511,234436786,43343845,722037,136,420994533,1683978132,841989066
701,23.9689,420994533,140331511,234436786,43388805,722037,136,420994533,1683978132,841989066
702,24.1085,420994533,140331511,234436786,43334600,722037,136,420994533,1683978132,841989066
703,24.1666,420994533,140331511,234436786,43295377,722037,136,420994533,1683978132,841989066
704,24.1259,420994533,140331511,234436786,43424469,722037,136,420994533,1683978132,841989066
705,24.198,420994533,140331511,234436786,43965744,722037,136,420994533,1683978132,841989066
706,24.1914,420994533,140331511,234436786,43959741,722037,136,420994533,1683978132,841989066
707,24.0589,420994533,140331511,234436786,43815696,722037,136,420994533,1683978132,841989066
708,24.0691,420994533,140331511,234436786,43457997,722037,136,420994533,1683978132,841989066
709,24.244,420994533,140331511,234436786,43314202,722037,136,420994533,1683978132,841989066
710,24.0497,420994533,140331511,234436786,43909328,722037,136,420994533,1683978132,841989066
711,24.2699,420994533,140331511,234436786,43300199,722037,136,420994533,1683978132,841989066
712,23.8296,420994533,140331511,234436786,43320237,722037,136,420994533,1683978132,841989066
713,24.2952,420994533,140331511,234436786,43439283,722037,136,420994533,1683978132,841989066
714,23.9764,420994533,140331511,234436786,43821759,722037,136,420994533,1683978132,841989066
715,24.1189,420994533,140331511,234436786,43249378,722037,136,420994533,1683978132,841989066
716,23.9643,420994533,140331511,234436786,43351955,722037,136,420994533,1683978132,841989066
717,24.2573,420994533,140331511,234436786,43851343,722037,136,420994533,1683978132,841989066
718,23.9538,420994533,140331511,234436786,43323384,722037,136,420994533,1683978132,841989066
719,24.2516,420994533,140331511,234436786,43290210,722037,136,420994533,1683978132,841989066
720,23.9492,420994533,140331511,234436786,43381556,722037,136,420994533,1683978132,841989066
721,24.2484,420994533,140331511,234436786,43339898,722037,136,420994533,1683978132,841989066
722,23.9634,420994533,140331511,234436786,43787483,722037,136,420994533,1683978132,841989066
723,24.1505,420994533,140331511,234436786,43314018,722037,136,420994533,1683978132,841989066
724,24.0105,420994533,140331511,234436786,43297220,722037,136,420994533,1683978132,841989066
725,24.1129,420994533,140331511,234436786,43306978,722037,136,420994533,1683978132,841989066
726,23.9708,420994533,140331511,234436786,43283315,722037,136,420994533,1683978132,841989066
727,24.2375,420994533,140331511,234436786,43352561,722037,136,420994533,1683978132,841989066
728,23.8166,420994533,140331511,234436786,43291831,722037,136,420994533,1683978132,841989066
729,24.3148,420994533,140331511,234436786,43319433,722037,136,420994533,1683978132,841989066
730,23.9446,420994533,140331511,234436786,43325298,722037,136,420994533,1683978132,841989066
731,24.2521,420994533,140331511,234436786,43339798,722037,136,420994533,1683978132,841989066
732,23.8569,420994533,140331511,234436786,43301543,722037,136,420994533,1683978132,841989066
733,24.2506,420994533,140331511,234436786,43331385,722037,136,420994533,1683978132,841989066
734,23.8405,420994533,140331511,234436786,43838425,722037,136,420994533,1683978132,841989066
735,24.3771,420994533,140331511,234436786,43871982,722037,136,420994533,1683978132,841989066
736,23.9718,420994533,140331511,234436786,43884112,722037,136,420994533,1683978132,841989066
737,24.3856,420994533,140331511,234436786,43331839,722037,136,420994533,1683978132,841989066
738,23.8291,420994533,140331511,234436786,43299844,722037,136,420994533,1683978132,841989066
739,24.3777,420994533,140331511,234436786,43259670,722037,136,420994533,1683978132,841989066
740,23.9939,420994533,140331511,234436786,43827547,722037,136,420994533,1683978132,841989066
741,24.0118,420994533,140331511,234436786,43328253,722037,136,420994533,1683978132,841989066
742,24.123,420994533,140331511,234436786,43444215,722037,136,420994533,1683978132,841989066
743,23.941,420994533,140331511,234436786,43336269,722037,136,420994533,1683978132,841989066
744,24.1229,420994533,140331511,234436786,43301424,722037,136,420994533,1683978132,841989066
745,23.9603,420994533,140331511,234436786,43230976,722037,136,420994533,1683978132,841989066
746,24.1431,420994533,140331511,234436786,43447071,722037,136,420994533,1683978132,841989066
747,23.9426,420994533,140331511,234436786,43334975,722037,136,420994533,1683978132,841989066
748,24.0825,420994533,140331511,234436786,43822485,722037,136,420994533,1683978132,841989066
749,24.1037,420994533,140331511,234436786,43363332,722037,136,420994533,1683978132,841989066
750,24.1554,420994533,140331511,234436786,43364554,722037,136,420994533,1683978132,841989066
751,23.8948,420994533,140331511,234436786,43292186,722037,136,420994533,1683978132,841989066
752,24.2656,420994533,140331511,234436786,43835117,722037,136,420994533,1683978132,841989066
753,23.9397,420994533,140331511,234436786,43322911,722037,136,420994533,1683978132,841989066
754,24.2719,420994533,140331511,234436786,43323009,722037,136,420994533,1683978132,841989066
755,23.8808,420994533,140331511,234436786,43357856,722037,136,420994533,1683978132,841989066
756,24.0374,420994533,140331511,234436786,43440736,722037,136,420994533,1683978132,841989066
757,24.0181,420994533,140331511,234436786,43308944,722037,136,420994533,1683978132,841989066
758,24.0561,420994533,140331511,234436786,43328924,722037,136,420994533,1683978132,841989066
759,24.0214,420994533,140331511,234436786,43844170,722037,136,420994533,1683978132,841989066
760,24.0562,420994533,140331511,234436786,43336441,722037,136,420994533,1683978132,841989066
761,24.053,420994533,140331511,234436786,43323299,722037,136,420994533,1683978132,841989066
762,24.0594,420994533,140331511,234436786,43951181,722037,136,420994533,1683978132,841989066
763,24.0525,420994533,140331511,234436786,43275025,722037,136,420994533,1683978132,841989066
764,24.0396,420994533,140331511,234436786,43311446,722037,136,420994533,1683978132,841989066
765,24.185,420994533,140331511,234436786,43331142,722037,136,420994533,1683978132,841989066
766,24.0402,420994533,140331511,234436786,43483894,722037,136,420994533,1683978132,841989066
767,24.0474,420994533,140331511,234436786,43300258,722037,136,420994533,1683978132,841989066
768,24.0484,420994533,140331511,234436786,43322825,722037,136,420994533,1683978132,841989066
769,24.1127,420994533,140331511,234436786,43320490,722037,136,420994533,1683978132,841989066
770,24.0753,420994533,140331511,234436786,44274018,722037,136,420994533,1683978132,841989066
771,23.9452,420994533,140331511,234436786,43143455,722037,136,420994533,1683978132,841989066
772,24.0488,420994533,140331511,234436786,43345751,722037,136,420994533,1683978132,841989066
773,24.1367,420994533,140331511,234436786,43320412,722037,136,420994533,1683978132,841989066
774,24.11,420994533,140331511,234436786,43429082,722037,136,420994533,1683978132,841989066
775,23.9675,420994533,140331511,234436786,43456800,722037,136,420994533,1683978132,841989066
776,24.1525,420994533,140331511,234436786,43796080,722037,136,420994533,1683978132,841989066
777,24.039,420994533,140331511,234436786,43968871,722037,136,420994533,1683978132,841989066
778,24.1439,420994533,140331511,234436786,43483068,722037,136,420994533,1683978132,841989066
779,23.9948,420994533,140331511,234436786,43459179,722037,136,420994533,1683978132,841989066
780,24.1156,420994533,140331511,234436786,43340722,722037,136,420994533,1683978132,841989066
781,24.1855,420994533,140331511,234436786,43289023,722037,136,420994533,1683978132,841989066
782,24.0447,420994533,140331511,234436786,43310912,722037,136,420994533,1683978132,841989066
783,24.0104,420994533,140331511,234436786,43287546,722037,136,420994533,1683978132,841989066
784,24.1176,420994533,140331511,234436786,43300637,722037,136,420994533,1683978132,841989066
785,23.9359,420994533,140331511,234436786,43291909,722037,136,420994533,1683978132,841989066
786,24.1447,420994533,140331511,234436786,43879296,722037,136,420994533,1683978132,841989066
787,23.8731,420994533,140331511,234436786,43426800,722037,136,420994533,1683978132,841989066
788,24.2632,420994533,140331511,234436786,43461217,722037,136,420994533,1683978132,841989066
789,24.0104,420994533,140331511,234436786,43323644,722037,136,420994533,1683978132,841989066
790,24.2283,420994533,140331511,234436786,43336187,722037,136,420994533,1683978132,841989066
791,23.9579,420994533,140331511,234436786,43271613,722037,136,420994533,1683978132,841989066
792,24.3042,420994533,140331511,234436786,43440455,722037,136,420994533,1683978132,841989066
793,23.9444,420994533,140331511,234436786,43361120,722037,136,420994533,1683978132,841989066
794,24.1305,420994533,140331511,234436786,43401431,722037,136,420994533,1683978132,841989066
795,23.9423,420994533,140331511,234436786,43371742,722037,136,420994533,1683978132,841989066
796,24.4094,420994533,140331511,234436786,44034351,722037,136,420994533,1683978132,841989066
797,23.941,420994533,140331511,234436786,43296749,722037,136,420994533,1683978132,841989066
798,24.3383,420994533,140331511,234436786,43346132,722037,136,420994533,1683978132,841989066
799,23.8261,420994533,140331511,234436786,43302080,722037,136,420994533,1683978132,841989066
800,24.1774,420994533,140331511,234436786,43289663,722037,136,420994533,1683978132,841989066
801,23.9355,420994533,140331511,234436786,43334886,722037,136,420994533,1683978132,841989066
802,24.353,420994533,140331511,234436786,43311061,722037,136,420994533,1683978132,841989066
803,23.8118,420994533,140331511,234436786,43277535,722037,136,420994533,1683978132,841989066
804,24.3724,420994533,140331511,234436786,43798469,722037,136,420994533,1683978132,841989066
805,23.8792,420994533,140331511,234436786,43994112,722037,136,420994533,1683978132,841989066
806,24.2765,420994533,140331511,234436786,43838430,722037,136,420994533,1683978132,841989066
807,23.8436,420994533,140331511,234436786,43864162,722037,136,420994533,1683978132,841989066
808,24.2415,420994533,140331511,234436786,43337765,722037,136,420994533,1683978132,841989066
809,23.9982,420994533,140331511,234436786,43257212,722037,136,420994533,1683978132,841989066
810,24.3772,420994533,140331511,234436786,43819187,722037,136,420994533,1683978132,841989066
811,24.0438,420994533,140331511,234436786,43296145,722037,136,420994533,1683978132,841989066
812,23.9408,420994533,140331511,234436786,43324613,722037,136,420994533,1683978132,841989066
813,24.0333,420994533,140331511,234436786,43334802,722037,136,420994533,1683978132,841989066
814,24.0946,420994533,140331511,234436786,43245809,722037,136,420994533,1683978132,841989066
815,24.1929,420994533,140331511,234436786,43398817,722037,136,420994533,1683978132,841989066
816,24.1727,420994533,140331511,234436786,43848801,722037,136,420994533,1683978132,841989066
817,24.1197,420994533,140331511,234436786,43301559,722037,136,420994533,1683978132,841989066
818,24.0189,420994533,140331511,234436786,43321804,722037,136,420994533,1683978132,841989066
819,24.182,420994533,140331511,234436786,43257667,722037,136,420994533,1683978132,841989066
820,23.9793,420994533,140331511,234436786,43792383,722037,136,420994533,1683978132,841989066
821,24.2679,420994533,140331511,234436786,43334383,722037,136,420994533,1683978132,841989066
822,24.0307,420994533,140331511,234436786,43794935,722037,136,420994533,1683978132,841989066
823,24.2378,420994533,140331511,234436786,43319562,722037,136,420994533,1683978132,841989066
824,23.9573,420994533,140331511,234436786,43313820,722037,136,420994533,1683978132,841989066
825,24.2412,420994533,140331511,234436786,43305328,722037,136,420994533,1683978132,841989066
826,23.9699,420994533,140331511,234436786,43486748,722037,136,420994533,1683978132,841989066
827,24.2509,420994533,140331511,234436786,43276890,722037,136,420994533,1683978132,841989066
828,23.9511,420994533,140331511,234436786,43330812,722037,136,420994533,1683978132,841989066
829,24.1462,420994533,140331511,234436786,43289887,722037,136,420994533,1683978132,841989066
830,23.8188,420994533,140331511,234436786,43308238,722037,136,420994533,1683978132,841989066
831,24.2418,420994533,140331511,234436786,43268679,722037,136,420994533,1683978132,841989066
832,23.859,420994533,140331511,234436786,43459826,722037,136,420994533,1683978132,841989066
833,24.2544,420994533,140331511,234436786,43344000,722037,136,420994533,1683978132,841989066
834,23.8682,420994533,140331511,234436786,43962317,722037,136,420994533,1683978132,841989066
835,24.1993,420994533,140331511,234436786,43296571,722037,136,420994533,1683978132,841989066
836,23.8277,420994533,140331511,234436786,43418784,722037,136,420994533,1683978132,841989066
837,24.3832,420994533,140331511,234436786,43317377,722037,136,420994533,1683978132,841989066
838,23.8321,420994533,140331511,234436786,43331712,722037,136,420994533,1683978132,841989066
839,24.2932,420994533,140331511,234436786,43353526,722037,136,420994533,1683978132,841989066
840,23.8476,420994533,140331511,234436786,43950346,722037,136,420994533,1683978132,841989066
841,24.2972,420994533,140331511,234436786,43325925,722037,136,420994533,1683978132,841989066
842,23.929,420994533,140331511,234436786,43434368,722037,136,420994533,1683978132,841989066
843,24.3909,420994533,140331511,234436786,44353939,722037,136,420994533,1683978132,841989066
844,23.9668,420994533,140331511,234436786,43854068,722037,136,420994533,1683978132,841989066
845,24.2716,420994533,140331511,234436786,43281411,722037,136,420994533,1683978132,841989066
846,23.9604,420994533,140331511,234436786,43863083,722037,136,420994533,1683978132,841989066
847,24.2576,420994533,140331511,234436786,43386997,722037,136,420994533,1683978132,841989066
848,23.9356,420994533,140331511,234436786,43325950,722037,136,420994533,1683978132,841989066
849,24.3879,420994533,140331511,234436786,43380585,722037,136,420994533,1683978132,841989066
850,23.8369,420994533,140331511,234436786,43449172,722037,136,420994533,1683978132,841989066
851,24.2589,420994533,140331511,234436786,43272035,722037,136,420994533,1683978132,841989066
852,23.8552,420994533,140331511,234436786,43861151,722037,136,420994533,1683978132,841989066
853,24.2803,420994533,140331511,234436786,43452338,722037,136,420994533,1683978132,841989066
854,23.9751,420994533,140331511,234436786,43842467,722037,136,420994533,1683978132,841989066
855,24.2114,420994533,140331511,234436786,43284089,722037,136,420994533,1683978132,841989066
856,23.839,420994533,140331511,234436786,43324522,722037,136,420994533,1683978132,841989066
857,24.1492,420994533,140331511,234436786,43323951,722037,136,420994533,1683978132,841989066
858,23.9325,420994533,140331511,234436786,43981186,722037,136,420994533,1683978132,841989066
859,24.2649,420994533,140331511,234436786,43319315,722037,136,420994533,1683978132,841989066
860,23.8424,420994533,140331511,234436786,43309120,722037,136,420994533,1683978132,841989066
861,24.1452,420994533,140331511,234436786,43434994,722037,136,420994533,1683978132,841989066
862,23.8374,420994533,140331511,234436786,43282252,722037,136,420994533,1683978132,841989066
863,24.3914,420994533,140331511,234436786,43443021,722037,136,420994533,1683978132,841989066
864,23.9782,420994533,140331511,234436786,43861997,722037,136,420994533,1683978132,841989066
865,23.9559,420994533,140331511,234436786,43288929,722037,136,420994533,1683978132,841989066
866,24.1307,420994533,140331511,234436786,43834497,722037,136,420994533,1683978132,841989066
867,23.9689,420994533,140331511,234436786,43285964,722037,136,420994533,1683978132,841989066
868,24.2706,420994533,140331511,234436786,43800870,722037,136,420994533,1683978132,841989066
869,24.0031,420994533,140331511,234436786,43354563,722037,136,420994533,1683978132,841989066
870,24.2562,420994533,140331511,234436786,43361493,722037,136,420994533,1683978132,841989066
871,23.9717,420994533,140331511,234436786,43858065,722037,136,420994533,1683978132,841989066
872,24.1445,420994533,140331511,234436786,43867033,722037,136,420994533,1683978132,841989066
873,23.9986,420994533,140331511,234436786,43452298,722037,136,420994533,1683978132,841989066
874,24.2711,420994533,140331511,234436786,43429582,722037,136,420994533,1683978132,841989066
875,23.8604,420994533,140331511,234436786,43439850,722037,136,420994533,1683978132,841989066
876,24.25,420994533,140331511,234436786,43430556,722037,136,420994533,1683978132,841989066
877,23.832,420994533,140331511,234436786,43299219,722037,136,420994533,1683978132,841989066
878,24.2703,420994533,140331511,234436786,43452957,722037,136,420994533,1683978132,841989066
879,23.9042,420994533,140331511,234436786,43331408,722037,136,420994533,1683978132,841989066
880,24.1467,420994533,140331511,234436786,43688461,722037,136,420994533,1683978132,841989066
881,23.966,420994533,140331511,234436786,43300713,722037,136,420994533,1683978132,841989066
882,24.1477,420994533,140331511,234436786,44331266,722037,136,420994533,1683978132,841989066
883,23.8321,420994533,140331511,234436786,43367155,722037,136,420994533,1683978132,841989066
884,24.2459,420994533,140331511,234436786,43339261,722037,136,420994533,1683978132,841989066
885,23.8278,420994533,140331511,234436786,43326832,722037,136,420994533,1683978132,841989066
886,24.2532,420994533,140331511,234436786,43333017,722037,136,420994533,1683978132,841989066
887,23.8599,420994533,140331511,234436786,43458582,722037,136,420994533,1683978132,841989066
888,24.1475,420994533,140331511,234436786,43812135,722037,136,420994533,1683978132,841989066
889,23.9409,420994533,140331511,234436786,43343019,722037,136,420994533,1683978132,841989066
890,24.2558,420994533,140331511,234436786,43318727,722037,136,420994533,1683978132,841989066
891,23.8388,420994533,140331511,234436786,43426899,722037,136,420994533,1683978132,841989066
892,24.1474,420994533,140331511,234436786,43991200,722037,136,420994533,1683978132,841989066
893,23.8668,420994533,140331511,234436786,43423466,722037,136,420994533,1683978132,841989066
894,24.2309,420994533,140331511,234436786,43853536,722037,136,420994533,1683978132,841989066
895,23.9469,420994533,140331511,234436786,43300028,722037,136,420994533,1683978132,841989066
896,24.1281,420994533,140331511,234436786,43938394,722037,136,420994533,1683978132,841989066
897,23.8128,420994533,140331511,234436786,43310064,722037,136,420994533,1683978132,841989066
898,24.2654,420994533,140331511,234436786,43332155,722037,136,420994533,1683978132,841989066
899,23.8359,420994533,140331511,234436786,43323757,722037,136,420994533,1683978132,841989066
900,24.2574,420994533,140331511,234436786,43342653,722037,136,420994533,1683978132,841989066
901,23.8186,420994533,140331511,234436786,43323509,722037,136,420994533,1683978132,841989066
902,24.2135,420994533,140331511,234436786,43833961,722037,136,420994533,1683978132,841989066
903,23.8387,420994533,140331511,234436786,43337811,722037,136,420994533,1683978132,841989066
904,24.1351,420994533,140331511,234436786,43788592,722037,136,420994533,1683978132,841989066
905,23.9173,420994533,140331511,234436786,43320846,722037,136,420994533,1683978132,841989066
906,24.2508,420994533,140331511,234436786,43300275,722037,136,420994533,1683978132,841989066
907,23.9413,420994533,140331511,234436786,43353203,722037,136,420994533,1683978132,841989066
908,24.2246,420994533,140331511,234436786,43813740,722037,136,420994533,1683978132,841989066
909,23.8641,420994533,140331511,234436786,43928210,722037,136,420994533,1683978132,841989066
910,24.1421,420994533,140331511,234436786,43806847,722037,136,420994533,1683978132,841989066
911,23.8281,420994533,140331511,234436786,43277390,722037,136,420994533,1683978132,841989066
912,24.2763,420994533,140331511,234436786,43858067,722037,136,420994533,1683978132,841989066
913,23.8514,420994533,140331511,234436786,43251283,722037,136,420994533,1683978132,841989066
914,24.1329,420994533,140331511,234436786,43490485,722037,136,420994533,1683978132,841989066
915,23.9622,420994533,140331511,234436786,43367439,722037,136,420994533,1683978132,841989066
916,24.2936,420994533,140331511,234436786,43984620,722037,136,420994533,1683978132,841989066
917,23.9606,420994533,140331511,234436786,43443017,722037,136,420994533,1683978132,841989066
918,24.2589,420994533,140331511,234436786,43400875,722037,136,420994533,1683978132,841989066
919,24.0152,420994533,140331511,234436786,43193221,722037,136,420994533,1683978132,841989066
920,24.1331,420994533,140331511,234436786,43425096,722037,136,420994533,1683978132,841989066
921,23.9694,420994533,140331511,234436786,43360189,722037,136,420994533,1683978132,841989066
922,24.41,420994533,140331511,234436786,43923918,722037,136,420994533,1683978132,841989066
923,24.0079,420994533,140331511,234436786,43255146,722037,136,420994533,1683978132,841989066
924,24.1236,420994533,140331511,234436786,43322501,722037,136,420994533,1683978132,841989066
925,23.8184,420994533,140331511,234436786,43375703,722037,136,420994533,1683978132,841989066
926,24.4008,420994533,140331511,234436786,43962940,722037,136,420994533,1683978132,841989066
927,23.9395,420994533,140331511,234436786,43321744,722037,136,420994533,1683978132,841989066
928,24.3876,420994533,140331511,234436786,43896610,722037,136,420994533,1683978132,841989066
929,23.8973,420994533,140331511,234436786,43310911,722037,136,420994533,1683978132,841989066
930,24.2504,420994533,140331511,234436786,43353839,722037,136,420994533,1683978132,841989066
931,23.9472,420994533,140331511,234436786,43322512,722037,136,420994533,1683978132,841989066
932,24.2903,420994533,140331511,234436786,43837932,722037,136,420994533,1683978132,841989066
933,23.8452,420994533,140331511,234436786,43446615,722037,136,420994533,1683978132,841989066
934,24.3923,420994533,140331511,234436786,43454915,722037,136,420994533,1683978132,841989066
935,23.8722,420994533,140331511,234436786,43296060,722037,136,420994533,1683978132,841989066
936,24.398,420994533,140331511,234436786,43959998,722037,136,420994533,1683978132,841989066
937,23.9865,420994533,140331511,234436786,43309629,722037,136,420994533,1683978132,841989066
938,24.2849,420994533,140331511,234436786,43440357,722037,136,420994533,1683978132,841989066
939,23.9635,420994533,140331511,234436786,43381029,722037,136,420994533,1683978132,841989066
940,24.3352,420994533,140331511,234436786,43823023,722037,136,420994533,1683978132,841989066
941,23.9795,420994533,140331511,234436786,43311269,722037,136,420994533,1683978132,841989066
942,23.8934,420994533,140331511,234436786,43285236,722037,136,420994533,1683978132,841989066
943,24.1683,420994533,140331511,234436786,43304045,722037,136,420994533,1683978132,841989066
944,24.103,420994533,140331511,234436786,43304743,722037,136,420994533,1683978132,841989066
945,24.2287,420994533,140331511,234436786,43170314,722037,136,420994533,1683978132,841989066
946,24.0194,420994533,140331511,234436786,43840642,722037,136,420994533,1683978132,841989066
947,24.1244,420994533,140331511,234436786,43495976,722037,136,420994533,1683978132,841989066
948,24.0189,420994533,140331511,234436786,43790852,722037,136,420994533,1683978132,841989066
949,24.0642,420994533,140331511,234436786,43812162,722037,136,420994533,1683978132,841989066
950,23.9721,420994533,140331511,234436786,43835137,722037,136,420994533,1683978132,841989066
951,24.1488,420994533,140331511,234436786,43323314,722037,136,420994533,1683978132,841989066
952,23.9435,420994533,140331511,234436786,43798355,722037,136,420994533,1683978132,841989066
953,24.1182,420994533,140331511,234436786,43308537,722037,136,420994533,1683978132,841989066
954,23.8322,420994533,140331511,234436786,43335171,722037,136,420994533,1683978132,841989066
955,24.1653,420994533,140331511,234436786,43292000,722037,136,420994533,1683978132,841989066
956,24.1148,420994533,140331511,234436786,43327496,722037,136,420994533,1683978132,841989066
957,24.1285,420994533,140331511,234436786,43329378,722037,136,420994533,1683978132,841989066
958,23.9584,420994533,140331511,234436786,43301942,722037,136,420994533,1683978132,841989066
959,24.2288,420994533,140331511,234436786,43321534,722037,136,420994533,1683978132,841989066
960,24.1928,420994533,140331511,234436786,43271466,722037,136,420994533,1683978132,841989066
961,24.323,420994533,140331511,234436786,43342442,722037,136,420994533,1683978132,841989066
962,23.8769,420994533,140331511,234436786,43451288,722037,136,420994533,1683978132,841989066
963,24.207,420994533,140331511,234436786,43478855,722037,136,420994533,1683978132,841989066
964,24.0185,420994533,140331511,234436786,43425509,722037,136,420994533,1683978132,841989066
965,24.2641,420994533,140331511,234436786,43328057,722037,136,420994533,1683978132,841989066
966,23.9427,420994533,140331511,234436786,43378719,722037,136,420994533,1683978132,841989066
967,24.1338,420994533,140331511,234436786,43296142,722037,136,420994533,1683978132,841989066
968,23.9684,420994533,140331511,234436786,43828505,722037,136,420994533,1683978132,841989066
969,24.2579,420994533,140331511,234436786,43428425,722037,136,420994533,1683978132,841989066
970,23.8285,420994533,140331511,234436786,43322187,722037,136,420994533,1683978132,841989066
971,24.2603,420994533,140331511,234436786,43314671,722037,136,420994533,1683978132,841989066
972,23.8201,420994533,140331511,234436786,43342255,722037,136,420994533,1683978132,841989066
973,24.1346,420994533,140331511,234436786,43315529,722037,136,420994533,1683978132,841989066
974,23.9759,420994533,140331511,234436786,43813231,722037,136,420994533,1683978132,841989066
975,24.2361,420994533,140331511,234436786,43465098,722037,136,420994533,1683978132,841989066
976,23.845,420994533,140331511,234436786,43793170,722037,136,420994533,1683978132,841989066
977,24.1257,420994533,140331511,234436786,43331673,722037,136,420994533,1683978132,841989066
978,23.8303,420994533,140331511,234436786,43842195,722037,136,420994533,1683978132,841989066
979,24.2521,420994533,140331511,234436786,43322013,722037,136,420994533,1683978132,841989066
980,23.819,420994533,140331511,234436786,43355018,722037,136,420994533,1683978132,841989066
981,24.3892,420994533,140331511,234436786,43286524,722037,136,420994533,1683978132,841989066
982,23.8264,420994533,140331511,234436786,43829139,722037,136,420994533,1683978132,841989066
983,24.2899,420994533,140331511,234436786,43825271,722037,136,420994533,1683978132,841989066
984,23.8406,420994533,140331511,234436786,43866391,722037,136,420994533,1683978132,841989066
985,24.2313,420994533,140331511,234436786,43335316,722037,136,420994533,1683978132,841989066
986,23.868,420994533,140331511,234436786,43967242,722037,136,420994533,1683978132,841989066
987,24.2844,420994533,140331511,234436786,43279928,722037,136,420994533,1683978132,841989066
988,23.8107,420994533,140331511,234436786,43262645,722037,136,420994533,1683978132,841989066
989,24.3463,420994533,140331511,234436786,43313152,722037,136,420994533,1683978132,841989066
990,23.8442,420994533,140331511,234436786,43839340,722037,136,420994533,1683978132,841989066
991,24.3683,420994533,140331511,234436786,43260331,722037,136,420994533,1683978132,841989066
992,23.979,420994533,140331511,234436786,43500983,722037,136,420994533,1683978132,841989066
993,24.3213,420994533,140331511,234436786,43331286,722037,136,420994533,1683978132,841989066
994,24.0622,420994533,140331511,234436786,43936845,722037,136,420994533,1683978132,841989066
995,24.4481,420994533,140331511,234436786,43346853,722037,136,420994533,1683978132,841989066
996,23.9949,420994533,140331511,234436786,43841896,722037,136,420994533,1683978132,841989066
997,23.9377,420994533,140331511,234436786,43340327,722037,136,420994533,1683978132,841989066
998,24.0387,420994533,140331511,234436786,43320959,722037,136,420994533,1683978132,841989066
999,23.9604,420994533,140331511,234436786,43459716,722037,136,420994533,1683978132,841989066
1000,24.1911,420994533,140331511,234436786,43838247,722037,136,420994533,1683978132,841989066
1001,24.1428,420994533,140331511,234436786,43336140,722037,136,420994533,1683978132,841989066
1002,24.2212,420994533,140331511,234436786,43120548,722037,136,420994533,1683978132,841989066
1003,24.0033,420994533,140331511,234436786,43302960,722037,136,420994533,1683978132,841989066
1004,24.2485,420994533,140331511,234436786,43283796,722037,136,420994533,1683978132,841989066
1005,23.9604,420994533,140331511,234436786,43296347,722037,136,420994533,1683978132,841989066
1006,24.1476,420994533,140331511,234436786,43927606,722037,136,420994533,1683978132,841989066
1007,23.9697,420994533,140331511,234436786,43311583,722037,136,420994533,1683978132,841989066
1008,24.1249,420994533,140331511,234436786,43307522,722037,136,420994533,1683978132,841989066
1009,23.8896,420994533,140331511,234436786,43338395,722037,136,420994533,1683978132,841989066
1010,24.1173,420994533,140331511,234436786,43338523,722037,136,420994533,1683978132,841989066
1011,23.9676,420994533,140331511,234436786,43322454,722037,136,420994533,1683978132,841989066
1012,24.1628,420994533,140331511,234436786,43833545,722037,136,420994533,1683978132,841989066
1013,23.9532,420994533,140331511,234436786,43371250,722037,136,420994533,1683978132,841989066
1014,24.1372,420994533,140331511,234436786,43310682,722037,136,420994533,1683978132,841989066
1015,24.07,420994533,140331511,234436786,43305681,722037,136,420994533,1683978132,841989066
1016,24.2048,420994533,140331511,234436786,43433869,722037,136,420994533,1683978132,841989066
1017,23.9692,420994533,140331511,234436786,43431931,722037,136,420994533,1683978132,841989066
1018,24.2789,420994533,140331511,234436786,43948334,722037,136,420994533,1683978132,841989066
1019,24.0232,420994533,140331511,234436786,43311448,722037,136,420994533,1683978132,841989066
1020,24.3495,420994533,140331511,234436786,43946368,722037,136,420994533,1683978132,841989066
1021,23.8265,420994533,140331511,234436786,43308248,722037,136,420994533,1683978132,841989066
1022,24.2134,420994533,140331511,234436786,43306044,722037,136,420994533,1683978132,841989066
1023,23.823,420994533,140331511,234436786,43323844,722037,136,420994533,1683978132,841989066
1024,24.2716,420994533,140331511,234436786,43913701,722037,136,420994533,1683978132,841989066
1025,23.8436,420994533,140331511,234436786,43298281,722037,136,420994533,1683978132,841989066
1026,24.1415,420994533,140331511,234436786,43367575,722037,136,420994533,1683978132,841989066
1027,23.8462,420994533,140331511,234436786,43449390,722037,136,420994533,1683978132,841989066
1028,24.319,420994533,140331511,234436786,43418024,722037,136,420994533,1683978132,841989066
1029,23.8112,420994533,140331511,234436786,43323947,722037,136,420994533,1683978132,841989066
1030,24.1208,420994533,140331511,234436786,43255085,722037,136,420994533,1683978132,841989066
1031,23.8441,420994533,140331511,234436786,43326044,722037,136,420994533,1683978132,841989066
1032,24.141,420994533,140331511,234436786,43782010,722037,136,420994533,1683978132,841989066
1033,23.9474,420994533,140331511,234436786,43351868,722037,136,420994533,1683978132,841989066
1034,24.1336,420994533,140331511,234436786,43336326,722037,136,420994533,1683978132,841989066
1035,23.9931,420994533,140331511,234436786,43919062,722037,136,420994533,1683978132,841989066
1036,24.1347,420994533,140331511,234436786,43340754,722037,136,420994533,1683978132,841989066
1037,23.8422,420994533,140331511,234436786,43306704,722037,136,420994533,1683978132,841989066
1038,24.1968,420994533,140331511,234436786,43334350,722037,136,420994533,1683978132,841989066
1039,23.8644,420994533,140331511,234436786,43493311,722037,136,420994533,1683978132,841989066
1040,24.2435,420994533,140331511,234436786,43339618,722037,136,420994533,1683978132,841989066
1041,23.8915,420994533,140331511,234436786,43321648,722037,136,420994533,1683978132,841989066
1042,24.1438,420994533,140331511,234436786,43842556,722037,136,420994533,1683978132,841989066
1043,23.9588,420994533,140331511,234436786,43286754,722037,136,420994533,1683978132,841989066
1044,24.2751,420994533,140331511,234436786,43814753,722037,136,420994533,1683978132,841989066
1045,23.8205,420994533,140331511,234436786,43291741,722037,136,420994533,1683978132,841989066
1046,24.1144,420994533,140331511,234436786,43352290,722037,136,420994533,1683978132,841989066
1047,23.8263,420994533,140331511,234436786,43336234,722037,136,420994533,1683978132,841989066
1048,24.2727,420994533,140331511,234436786,43981445,722037,136,420994533,1683978132,841989066
1049,23.9529,420994533,140331511,234436786,43366444,722037,136,420994533,1683978132,841989066
1050,24.1299,420994533,140331511,234436786,43441476,722037,136,420994533,1683978132,841989066
1051,23.9388,420994533,140331511,234436786,43312419,722037,136,420994533,1683978132,841989066
1052,24.1215,420994533,140331511,234436786,43318818,722037,136,420994533,1683978132,841989066
1053,23.9737,420994533,140331511,234436786,43268431,722037,136,420994533,1683978132,841989066
1054,24.2624,420994533,140331511,234436786,43290289,722037,136,420994533,1683978132,841989066
1055,23.8782,420994533,140331511,234436786,43992966,722037,136,420994533,1683978132,841989066
1056,24.1971,420994533,140331511,234436786,43864823,722037,136,420994533,1683978132,841989066
1057,23.8305,420994533,140331511,234436786,43345655,722037,136,420994533,1683978132,841989066
1058,24.2653,420994533,140331511,234436786,43331617,722037,136,420994533,1683978132,841989066
1059,23.8224,420994533,140331511,234436786,43313790,722037,136,420994533,1683978132,841989066
1060,24.2744,420994533,140331511,234436786,43319860,722037,136,420994533,1683978132,841989066
1061,23.9388,420994533,140331511,234436786,43286826,722037,136,420994533,1683978132,841989066
1062,24.2613,420994533,140331511,234436786,43808854,722037,136,420994533,1683978132,841989066
1063,23.8369,420994533,140331511,234436786,43818688,722037,136,420994533,1683978132,841989066
1064,24.3925,420994533,140331511,234436786,43817545,722037,136,420994533,1683978132,841989066
1065,23.8575,420994533,140331511,234436786,43506097,722037,136,420994533,1683978132,841989066
1066,24.3939,420994533,140331511,234436786,43450556,722037,136,420994533,1683978132,841989066
1067,23.987,420994533,140331511,234436786,43249984,722037,136,420994533,1683978132,841989066
1068,24.3165,420994533,140331511,234436786,43420523,722037,136,420994533,1683978132,841989066
1069,23.9706,420994533,140331511,234436786,43301961,722037,136,420994533,1683978132,841989066
1070,24.1268,420994533,140331511,234436786,43797158,722037,136,420994533,1683978132,841989066
1071,24.1626,420994533,140331511,234436786,43319109,722037,136,420994533,1683978132,841989066
1072,23.9513,420994533,140331511,234436786,43308390,722037,136,420994533,1683978132,841989066
1073,24.0454,420994533,140331511,234436786,43288820,722037,136,420994533,1683978132,841989066
1074,23.9426,420994533,140331511,234436786,43343090,722037,136,420994533,1683978132,841989066
1075,24.2495,420994533,140331511,234436786,43322575,722037,136,420994533,1683978132,841989066
1076,23.9722,420994533,140331511,234436786,43356904,722037,136,420994533,1683978132,841989066
1077,24.1165,420994533,140331511,234436786,43296584,722037,136,420994533,1683978132,841989066
1078,24.0296,420994533,140331511,234436786,43827173,722037,136,420994533,1683978132,841989066
1079,24.1175,420994533,140331511,234436786,43285910,722037,136,420994533,1683978132,841989066
1080,24.1551,420994533,140331511,234436786,43841174,722037,136,420994533,1683978132,841989066
1081,24.161,420994533,140331511,234436786,43296914,722037,136,420994533,1683978132,841989066
1082,24.0847,420994533,140331511,234436786,43308591,722037,136,420994533,1683978132,841989066
1083,24.1242,420994533,140331511,234436786,43256826,722037,136,420994533,1683978132,841989066
1084,23.9138,420994533,140331511,234436786,43793591,722037,136,420994533,1683978132,841989066
1085,24.1612,420994533,140331511,234436786,43328406,722037,136,420994533,1683978132,841989066
1086,24.009,420994533,140331511,234436786,43319652,722037,136,420994533,1683978132,841989066
1087,24.127,420994533,140331511,234436786,43317487,722037,136,420994533,1683978132,841989066
1088,24.0215,420994533,140331511,234436786,43777895,722037,136,420994533,1683978132,841989066
1089,24.1592,420994533,140331511,234436786,43330741,722037,136,420994533,1683978132,841989066
1090,23.967,420994533,140331511,234436786,43848392,722037,136,420994533,1683978132,841989066
1091,24.1487,420994533,140331511,234436786,43450421,722037,136,420994533,1683978132,841989066
1092,23.9601,420994533,140331511,234436786,43335539,722037,136,420994533,1683978132,841989066
1093,24.275,420994533,140331511,234436786,43835458,722037,136,420994533,1683978132,841989066
1094,23.8356,420994533,140331511,234436786,43340180,722037,136,420994533,1683978132,841989066
1095,24.2532,420994533,140331511,234436786,43331924,722037,136,420994533,1683978132,841989066
1096,23.9608,420994533,140331511,234436786,43329426,722037,136,420994533,1683978132,841989066
1097,24.1462,420994533,140331511,234436786,43502470,722037,136,420994533,1683978132,841989066
1098,23.8168,420994533,140331511,234436786,43334658,722037,136,420994533,1683978132,841989066
1099,24.1381,420994533,140331511,234436786,43333061,722037,136,420994533,1683978132,841989066
1100,23.83,420994533,140331511,234436786,43331619,722037,136,420994533,1683978132,841989066
1101,24.27,420994533,140331511,234436786,43249007,722037,136,420994533,1683978132,841989066
1102,23.9461,420994533,140331511,234436786,43326106,722037,136,420994533,1683978132,841989066
1103,24.2673,420994533,140331511,234436786,43304794,722037,136,420994533,1683978132,841989066
1104,23.9715,420994533,140331511,234436786,43446360,722037,136,420994533,1683978132,841989066
1105,24.1225,420994533,140331511,234436786,43338728,722037,136,420994533,1683978132,841989066
1106,23.9489,420994533,140331511,234436786,43291161,722037,136,420994533,1683978132,841989066
1107,24.2371,420994533,140331511,234436786,43321448,722037,136,420994533,1683978132,841989066
1108,23.9686,420994533,140331511,234436786,43813891,722037,136,420994533,1683978132,841989066
1109,24.4017,420994533,140331511,234436786,43313965,722037,136,420994533,1683978132,841989066
1110,23.8367,420994533,140331511,234436786,43798998,722037,136,420994533,1683978132,841989066
1111,24.3387,420994533,140331511,234436786,43294946,722037,136,420994533,1683978132,841989066
1112,23.9639,420994533,140331511,234436786,43327862,722037,136,420994533,1683978132,841989066
1113,24.1086,420994533,140331511,234436786,43284772,722037,136,420994533,1683978132,841989066
1114,24.2679,420994533,140331511,234436786,43796971,722037,136,420994533,1683978132,841989066
1115,24.0296,420994533,140331511,234436786,43457729,722037,136,420994533,1683978132,841989066
1116,24.2543,420994533,140331511,234436786,43328536,722037,136,420994533,1683978132,841989066
1117,23.8279,420994533,140331511,234436786,43302409,722037,136,420994533,1683978132,841989066
1118,24.2604,420994533,140331511,234436786,43262375,722037,136,420994533,1683978132,841989066
1119,24.0377,420994533,140331511,234436786,43235727,722037,136,420994533,1683978132,841989066
1120,24.254,420994533,140331511,234436786,43795557,722037,136,420994533,1683978132,841989066
1121,24.0364,420994533,140331511,234436786,43255808,722037,136,420994533,1683978132,841989066
1122,24.2663,420994533,140331511,234436786,43276546,722037,136,420994533,1683978132,841989066
1123,23.8069,420994533,140331511,234436786,43321695,722037,136,420994533,1683978132,841989066
1124,24.1657,420994533,140331511,234436786,43841831,722037,136,420994533,1683978132,841989066
1125,23.9212,420994533,140331511,234436786,43280548,722037,136,420994533,1683978132,841989066
1126,24.1756,420994533,140331511,234436786,43992915,722037,136,420994533,1683978132,841989066
1127,24.0103,420994533,140331511,234436786,43298221,722037,136,420994533,1683978132,841989066
1128,24.1545,420994533,140331511,234436786,43833366,722037,136,420994533,1683978132,841989066
1129,23.9579,420994533,140331511,234436786,43349893,722037,136,420994533,1683978132,841989066
1130,24.2683,420994533,140331511,234436786,43804572,722037,136,420994533,1683978132,841989066
1131,23.8254,420994533,140331511,234436786,43294188,722037,136,420994533,1683978132,841989066
1132,24.2487,420994533,140331511,234436786,43240537,722037,136,420994533,1683978132,841989066
1133,23.8359,420994533,140331511,234436786,43447736,722037,136,420994533,1683978132,841989066
1134,24.3831,420994533,140331511,234436786,43342434,722037,136,420994533,1683978132,841989066
1135,23.9981,420994533,140331511,234436786,43998931,722037,136,420994533,1683978132,841989066
1136,24.3533,420994533,140331511,234436786,43654277,722037,136,420994533,1683978132,841989066
1137,23.8673,420994533,140331511,234436786,43943500,722037,136,420994533,1683978132,841989066
1138,24.2733,420994533,140331511,234436786,43860543,722037,136,420994533,1683978132,841989066
1139,23.8226,420994533,140331511,234436786,43345672,722037,136,420994533,1683978132,841989066
1140,24.2637,420994533,140331511,234436786,43844534,722037,136,420994533,1683978132,841989066
1141,23.9429,420994533,140331511,234436786,43343960,722037,136,420994533,1683978132,841989066
1142,24.3877,420994533,140331511,234436786,43408551,722037,136,420994533,1683978132,841989066
1143,23.9552,420994533,140331511,234436786,43325830,722037,136,420994533,1683978132,841989066
1144,24.3328,420994533,140331511,234436786,43813146,722037,136,420994533,1683978132,841989066
1145,23.9075,420994533,140331511,234436786,43455063,722037,136,420994533,1683978132,841989066
1146,24.3284,420994533,140331511,234436786,43367970,722037,136,420994533,1683978132,841989066
1147,23.9612,420994533,140331511,234436786,43318936,722037,136,420994533,1683978132,841989066
1148,24.3334,420994533,140331511,234436786,43253640,722037,136,420994533,1683978132,841989066
1149,23.8316,420994533,140331511,234436786,43411352,722037,136,420994533,1683978132,841989066
1150,23.9639,420994533,140331511,234436786,43791058,722037,136,420994533,1683978132,841989066
1151,24.2356,420994533,140331511,234436786,43346572,722037,136,420994533,1683978132,841989066
1152,23.8284,420994533,140331511,234436786,43280334,722037,136,420994533,1683978132,841989066
1153,24.0484,420994533,140331511,234436786,43295250,722037,136,420994533,1683978132,841989066
1154,24.1138,420994533,140331511,234436786,43827892,722037,136,420994533,1683978132,841989066
1155,24.1251,420994533,140331511,234436786,43280901,722037,136,420994533,1683978132,841989066
1156,24.0412,420994533,140331511,234436786,44005922,722037,136,420994533,1683978132,841989066
1157,24.1412,420994533,140331511,234436786,43257674,722037,136,420994533,1683978132,841989066
1158,23.9818,420994533,140331511,234436786,43345137,722037,136,420994533,1683978132,841989066
1159,24.2493,420994533,140331511,234436786,43446800,722037,136,420994533,1683978132,841989066
1160,23.9423,420994533,140331511,234436786,43330149,722037,136,420994533,1683978132,841989066
1161,24.2638,420994533,140331511,234436786,43354086,722037,136,420994533,1683978132,841989066
1162,23.9571,420994533,140331511,234436786,43457408,722037,136,420994533,1683978132,841989066
1163,24.2451,420994533,140331511,234436786,43352648,722037,136,420994533,1683978132,841989066
1164,23.8484,420994533,140331511,234436786,43812185,722037,136,420994533,1683978132,841989066
1165,24.1276,420994533,140331511,234436786,43318315,722037,136,420994533,1683978132,841989066
1166,23.8432,420994533,140331511,234436786,43297522,722037,136,420994533,1683978132,841989066
1167,24.1269,420994533,140331511,234436786,43295858,722037,136,420994533,1683978132,841989066
1168,23.8367,420994533,140331511,234436786,43361512,722037,136,420994533,1683978132,841989066
1169,24.1405,420994533,140331511,234436786,43453659,722037,136,420994533,1683978132,841989066
1170,23.8351,420994533,140331511,234436786,43832720,722037,136,420994533,1683978132,841989066
1171,24.1436,420994533,140331511,234436786,43851719,722037,136,420994533,1683978132,841989066
1172,23.855,420994533,140331511,234436786,43464507,722037,136,420994533,1683978132,841989066
1173,24.1628,420994533,140331511,234436786,43307164,722037,136,420994533,1683978132,841989066
1174,23.8268,420994533,140331511,234436786,43402337,722037,136,420994533,1683978132,841989066
1175,24.2454,420994533,140331511,234436786,43294287,722037,136,420994533,1683978132,841989066
1176,23.868,420994533,140331511,234436786,43924593,722037,136,420994533,1683978132,841989066
1177,24.0663,420994533,140331511,234436786,43298394,722037,136,420994533,1683978132,841989066
1178,24.034,420994533,140331511,234436786,43371004,722037,136,420994533,1683978132,841989066
1179,24.1309,420994533,140331511,234436786,43308154,722037,136,420994533,1683978132,841989066
1180,23.8964,420994533,140331511,234436786,43351097,722037,136,420994533,1683978132,841989066
1181,24.1456,420994533,140331511,234436786,43432345,722037,136,420994533,1683978132,841989066
1182,23.9498,420994533,140331511,234436786,43336492,722037,136,420994533,1683978132,841989066
1183,24.2541,420994533,140331511,234436786,43311113,722037,136,420994533,1683978132,841989066
1184,23.9679,420994533,140331511,234436786,43473980,722037,136,420994533,1683978132,841989066
1185,24.036,420994533,140331511,234436786,43268897,722037,136,420994533,1683978132,841989066
1186,24.0304,420994533,140331511,234436786,43849789,722037,136,420994533,1683978132,841989066
1187,24.1656,420994533,140331511,234436786,43333851,722037,136,420994533,1683978132,841989066
1188,23.9821,420994533,140331511,234436786,43310749,722037,136,420994533,1683978132,841989066
1189,24.1377,420994533,140331511,234436786,43314774,722037,136,420994533,1683978132,841989066
1190,23.9046,420994533,140331511,234436786,43871208,722037,136,420994533,1683978132,841989066
1191,24.1477,420994533,140331511,234436786,43219398,722037,136,420994533,1683978132,841989066
1192,23.9892,420994533,140331511,234436786,43469176,722037,136,420994533,1683978132,841989066
1193,24.1322,420994533,140331511,234436786,43308875,722037,136,420994533,1683978132,841989066
1194,23.9649,420994533,140331511,234436786,43293465,722037,136,420994533,1683978132,841989066
1195,24.1544,420994533,140331511,234436786,43309375,722037,136,420994533,1683978132,841989066
1196,23.9454,420994533,140331511,234436786,43292524,722037,136,420994533,1683978132,841989066
1197,24.2953,420994533,140331511,234436786,43803221,722037,136,420994533,1683978132,841989066
1198,23.8478,420994533,140331511,234436786,43412068,722037,136,420994533,1683978132,841989066
1199,24.2462,420994533,140331511,234436786,43342094,722037,136,420994533,1683978132,841989066
1200,24.0855,420994533,140331511,234436786,43319768,722037,136,420994533,1683978132,841989066
1201,24.2528,420994533,140331511,234436786,43358566,722037,136,420994533,1683978132,841989066
1202,23.8176,420994533,140331511,234436786,43366763,722037,136,420994533,1683978132,841989066
1203,24.2403,420994533,140331511,234436786,43280823,722037,136,420994533,1683978132,841989066
1204,23.9704,420994533,140331511,234436786,43847195,722037,136,420994533,1683978132,841989066
1205,24.2575,420994533,140331511,234436786,43255929,722037,136,420994533,1683978132,841989066
1206,23.9605,420994533,140331511,234436786,43497734,722037,136,420994533,1683978132,841989066
1207,24.3254,420994533,140331511,234436786,43831415,722037,136,420994533,1683978132,841989066
1208,23.9447,420994533,140331511,234436786,43302888,722037,136,420994533,1683978132,841989066
1209,24.2521,420994533,140331511,234436786,43331409,722037,136,420994533,1683978132,841989066
1210,23.9162,420994533,140331511,234436786,43800760,722037,136,420994533,1683978132,841989066
1211,24.2577,420994533,140331511,234436786,43494392,722037,136,420994533,1683978132,841989066
1212,23.9467,420994533,140331511,234436786,43361524,722037,136,420994533,1683978132,841989066
1213,24.392,420994533,140331511,234436786,43774019,722037,136,420994533,1683978132,841989066
1214,23.9728,420994533,140331511,234436786,43317930,722037,136,420994533,1683978132,841989066
1215,24.4018,420994533,140331511,234436786,43314212,722037,136,420994533,1683978132,841989066
1216,23.8476,420994533,140331511,234436786,43325384,722037,136,420994533,1683978132,841989066
1217,24.1618,420994533,140331511,234436786,43341580,722037,136,420994533,1683978132,841989066
1218,24.2818,420994533,140331511,234436786,43948422,722037,136,420994533,1683978132,841989066
1219,23.967,420994533,140331511,234436786,43441598,722037,136,420994533,1683978132,841989066
1220,24.1617,420994533,140331511,234436786,43281113,722037,136,420994533,1683978132,841989066
1221,24.0147,420994533,140331511,234436786,43330211,722037,136,420994533,1683978132,841989066
1222,24.2702,420994533,140331511,234436786,43792119,722037,136,420994533,1683978132,841989066
1223,23.9434,420994533,140331511,234436786,43314888,722037,136,420994533,1683978132,841989066
1224,24.2749,420994533,140331511,234436786,43307409,722037,136,420994533,1683978132,841989066
1225,23.9675,420994533,140331511,234436786,43895422,722037,136,420994533,1683978132,841989066
1226,24.2533,420994533,140331511,234436786,43323570,722037,136,420994533,1683978132,841989066
1227,23.9635,420994533,140331511,234436786,43836040,722037,136,420994533,1683978132,841989066
1228,24.2863,420994533,140331511,234436786,43965438,722037,136,420994533,1683978132,841989066
1229,23.8458,420994533,140331511,234436786,43831318,722037,136,420994533,1683978132,841989066
1230,24.2952,420994533,140331511,234436786,43812166,722037,136,420994533,1683978132,841989066
1231,23.9743,420994533,140331511,234436786,43464524,722037,136,420994533,1683978132,841989066
1232,24.3902,420994533,140331511,234436786,43444546,722037,136,420994533,1683978132,841989066
1233,23.9629,420994533,140331511,234436786,43299692,722037,136,420994533,1683978132,841989066
1234,24.3239,420994533,140331511,234436786,43366569,722037,136,420994533,1683978132,841989066
1235,23.9439,420994533,140331511,234436786,43298216,722037,136,420994533,1683978132,841989066
1236,24.4086,420994533,140331511,234436786,43918640,722037,136,420994533,1683978132,841989066
1237,24.0102,420994533,140331511,234436786,43446720,722037,136,420994533,1683978132,841989066
1238,24.3807,420994533,140331511,234436786,43274866,722037,136,420994533,1683978132,841989066
1239,23.9579,420994533,140331511,234436786,43312111,722037,136,420994533,1683978132,841989066
1240,24.1272,420994533,140331511,234436786,43264178,722037,136,420994533,1683978132,841989066
1241,24.2847,420994533,140331511,234436786,43464686,722037,136,420994533,1683978132,841989066
1242,23.9737,420994533,140331511,234436786,43496937,722037,136,420994533,1683978132,841989066
1243,24.2625,420994533,140331511,234436786,43819295,722037,136,420994533,1683978132,841989066
1244,23.9641,420994533,140331511,234436786,43874450,722037,136,420994533,1683978132,841989066
1245,24.2526,420994533,140331511,234436786,43310457,722037,136,420994533,1683978132,841989066
1246,23.9475,420994533,140331511,234436786,43316227,722037,136,420994533,1683978132,841989066
1247,24.2691,420994533,140331511,234436786,43314721,722037,136,420994533,1683978132,841989066
1248,23.9709,420994533,140331511,234436786,43838549,722037,136,420994533,1683978132,841989066
1249,24.2526,420994533,140331511,234436786,43357465,722037,136,420994533,1683978132,841989066
1250,23.9764,420994533,140331511,234436786,43298934,722037,136,420994533,1683978132,841989066
1251,24.1521,420994533,140331511,234436786,43306985,722037,136,420994533,1683978132,841989066
1252,23.8542,420994533,140331511,234436786,43471816,722037,136,420994533,1683978132,841989066
1253,24.1581,420994533,140331511,234436786,43994498,722037,136,420994533,1683978132,841989066
1254,24.1026,420994533,140331511,234436786,43815887,722037,136,420994533,1683978132,841989066
1255,24.1296,420994533,140331511,234436786,43375093,722037,136,420994533,1683978132,841989066
1256,23.969,420994533,140331511,234436786,43352255,722037,136,420994533,1683978132,841989066
1257,24.2504,420994533,140331511,234436786,43303349,722037,136,420994533,1683978132,841989066
1258,23.974,420994533,140331511,234436786,43816242,722037,136,420994533,1683978132,841989066
1259,24.1401,420994533,140331511,234436786,43805363,722037,136,420994533,1683978132,841989066
1260,23.9636,420994533,140331511,234436786,43488608,722037,136,420994533,1683978132,841989066
1261,24.1531,420994533,140331511,234436786,43284597,722037,136,420994533,1683978132,841989066
1262,23.9583,420994533,140331511,234436786,43492852,722037,136,420994533,1683978132,841989066
1263,24.1604,420994533,140331511,234436786,43803881,722037,136,420994533,1683978132,841989066
1264,23.8232,420994533,140331511,234436786,43302041,722037,136,420994533,1683978132,841989066
1265,24.1143,420994533,140331511,234436786,43331138,722037,136,420994533,1683978132,841989066
1266,23.9452,420994533,140331511,234436786,43259919,722037,136,420994533,1683978132,841989066
1267,24.3863,420994533,140331511,234436786,43427567,722037,136,420994533,1683978132,841989066
1268,23.9768,420994533,140331511,234436786,43489822,722037,136,420994533,1683978132,841989066
1269,24.3199,420994533,140331511,234436786,43473765,722037,136,420994533,1683978132,841989066
1270,23.9437,420994533,140331511,234436786,43363358,722037,136,420994533,1683978132,841989066
1271,24.3219,420994533,140331511,234436786,43261691,722037,136,420994533,1683978132,841989066
1272,23.8469,420994533,140331511,234436786,43448069,722037,136,420994533,1683978132,841989066
1273,24.3847,420994533,140331511,234436786,43315284,722037,136,420994533,1683978132,841989066
1274,23.8338,420994533,140331511,234436786,43309833,722037,136,420994533,1683978132,841989066
1275,24.2162,420994533,140331511,234436786,43389295,722037,136,420994533,1683978132,841989066
1276,23.8282,420994533,140331511,234436786,43291661,722037,136,420994533,1683978132,841989066
1277,24.3812,420994533,140331511,234436786,43312486,722037,136,420994533,1683978132,841989066
1278,23.9666,420994533,140331511,234436786,43837142,722037,136,420994533,1683978132,841989066
1279,24.3834,420994533,140331511,234436786,43329747,722037,136,420994533,1683978132,841989066
1280,23.993,420994533,140331511,234436786,43794844,722037,136,420994533,1683978132,841989066
1281,24.3725,420994533,140331511,234436786,44016177,722037,136,420994533,1683978132,841989066
1282,23.9568,420994533,140331511,234436786,43300532,722037,136,420994533,1683978132,841989066
1283,23.883,420994533,140331511,234436786,43403874,722037,136,420994533,1683978132,841989066
1284,24.2667,420994533,140331511,234436786,43313163,722037,136,420994533,1683978132,841989066
1285,23.8175,420994533,140331511,234436786,43351893,722037,136,420994533,1683978132,841989066
1286,24.2047,420994533,140331511,234436786,43793554,722037,136,420994533,1683978132,841989066
1287,24.0574,420994533,140331511,234436786,43285113,722037,136,420994533,1683978132,841989066
1288,24.171,420994533,140331511,234436786,43298487,722037,136,420994533,1683978132,841989066
1289,24.0269,420994533,140331511,234436786,43301192,722037,136,420994533,1683978132,841989066
1290,24.1559,420994533,140331511,234436786,43830665,722037,136,420994533,1683978132,841989066
1291,23.9018,420994533,140331511,234436786,43449074,722037,136,420994533,1683978132,841989066
1292,24.1524,420994533,140331511,234436786,43977281,722037,136,420994533,1683978132,841989066
1293,24.0836,420994533,140331511,234436786,43313148,722037,136,420994533,1683978132,841989066
1294,24.2768,420994533,140331511,234436786,43864110,722037,136,420994533,1683978132,841989066
1295,23.9568,420994533,140331511,234436786,43293712,722037,136,420994533,1683978132,841989066
1296,24.257,420994533,140331511,234436786,43281958,722037,136,420994533,1683978132,841989066
1297,23.828,420994533,140331511,234436786,43308391,722037,136,420994533,1683978132,841989066
1298,24.2437,420994533,140331511,234436786,43342376,722037,136,420994533,1683978132,841989066
1299,23.9449,420994533,140331511,234436786,43316973,722037,136,420994533,1683978132,841989066
1300,24.1254,420994533,140331511,234436786,43456918,722037,136,420994533,1683978132,841989066
1301,23.972,420994533,140331511,234436786,43279277,722037,136,420994533,1683978132,841989066
1302,24.1989,420994533,140331511,234436786,43321410,722037,136,420994533,1683978132,841989066
1303,23.8406,420994533,140331511,234436786,43478861,722037,136,420994533,1683978132,841989066
1304,24.1503,420994533,140331511,234436786,43808122,722037,136,420994533,1683978132,841989066
1305,23.8973,420994533,140331511,234436786,43319252,722037,136,420994533,1683978132,841989066
1306,24.15,420994533,140331511,234436786,43815980,722037,136,420994533,1683978132,841989066
1307,23.8325,420994533,140331511,234436786,43805797,722037,136,420994533,1683978132,841989066
1308,24.1285,420994533,140331511,234436786,43463999,722037,136,420994533,1683978132,841989066
1309,23.8576,420994533,140331511,234436786,43948962,722037,136,420994533,1683978132,841989066
1310,24.2559,420994533,140331511,234436786,43421392,722037,136,420994533,1683978132,841989066
1311,23.8477,420994533,140331511,234436786,43341347,722037,136,420994533,1683978132,841989066
1312,24.1323,420994533,140331511,234436786,43337153,722037,136,420994533,1683978132,841989066
1313,23.8315,420994533,140331511,234436786,43262883,722037,136,420994533,1683978132,841989066
1314,24.1395,420994533,140331511,234436786,43323323,722037,136,420994533,1683978132,841989066
1315,24.0421,420994533,140331511,234436786,43872777,722037,136,420994533,1683978132,841989066
1316,24.2743,420994533,140331511,234436786,43816599,722037,136,420994533,1683978132,841989066
1317,23.8618,420994533,140331511,234436786,43504701,722037,136,420994533,1683978132,841989066
1318,24.1294,420994533,140331511,234436786,43818654,722037,136,420994533,1683978132,841989066
1319,23.8346,420994533,140331511,234436786,43401795,722037,136,420994533,1683978132,841989066
1320,24.1283,420994533,140331511,234436786,43330267,722037,136,420994533,1683978132,841989066
1321,23.8175,420994533,140331511,234436786,43311418,722037,136,420994533,1683978132,841989066
1322,24.152,420994533,140331511,234436786,43874650,722037,136,420994533,1683978132,841989066
1323,23.8752,420994533,140331511,234436786,43304939,722037,136,420994533,1683978132,841989066
1324,24.1314,420994533,140331511,234436786,43328061,722037,136,420994533,1683978132,841989066
1325,23.8693,420994533,140331511,234436786,43438050,722037,136,420994533,1683978132,841989066
1326,24.1943,420994533,140331511,234436786,43847891,722037,136,420994533,1683978132,841989066
1327,23.8333,420994533,140331511,234436786,43273649,722037,136,420994533,1683978132,841989066
1328,24.0335,420994533,140331511,234436786,43326510,722037,136,420994533,1683978132,841989066
1329,24.0876,420994533,140331511,234436786,43340452,722037,136,420994533,1683978132,841989066
1330,24.039,420994533,140331511,234436786,43308696,722037,136,420994533,1683978132,841989066
1331,23.9551,420994533,140331511,234436786,43827274,722037,136,420994533,1683978132,841989066
1332,24.0788,420994533,140331511,234436786,43958095,722037,136,420994533,1683978132,841989066
1333,24.1569,420994533,140331511,234436786,43304340,722037,136,420994533,1683978132,841989066
1334,24.1708,420994533,140331511,234436786,43820223,722037,136,420994533,1683978132,841989066
1335,23.951,420994533,140331511,234436786,43341597,722037,136,420994533,1683978132,841989066
1336,24.0583,420994533,140331511,234436786,43961942,722037,136,420994533,1683978132,841989066
1337,24.1572,420994533,140331511,234436786,43285601,722037,136,420994533,1683978132,841989066
1338,24.143,420994533,140331511,234436786,43849332,722037,136,420994533,1683978132,841989066
1339,24.0092,420994533,140331511,234436786,43315607,722037,136,420994533,1683978132,841989066
1340,24.1459,420994533,140331511,234436786,43856956,722037,136,420994533,1683978132,841989066
1341,23.9551,420994533,140331511,234436786,43326491,722037,136,420994533,1683978132,841989066
1342,24.2689,420994533,140331511,234436786,43456246,722037,136,420994533,1683978132,841989066
1343,23.844,420994533,140331511,234436786,43305234,722037,136,420994533,1683978132,841989066
1344,24.1429,420994533,140331511,234436786,43814752,722037,136,420994533,1683978132,841989066
1345,23.9649,420994533,140331511,234436786,43323773,722037,136,420994533,1683978132,841989066
1346,24.1367,420994533,140331511,234436786,43801288,722037,136,420994533,1683978132,841989066
1347,23.9635,420994533,140331511,234436786,43328334,722037,136,420994533,1683978132,841989066
1348,24.1144,420994533,140331511,234436786,43315089,722037,136,420994533,1683978132,841989066
1349,23.8364,420994533,140331511,234436786,43686887,722037,136,420994533,1683978132,841989066
1350,24.1504,420994533,140331511,234436786,43996508,722037,136,420994533,1683978132,841989066
1351,23.8496,420994533,140331511,234436786,43292840,722037,136,420994533,1683978132,841989066
1352,24.2524,420994533,140331511,234436786,43324669,722037,136,420994533,1683978132,841989066
1353,23.9452,420994533,140331511,234436786,43309205,722037,136,420994533,1683978132,841989066
1354,24.1483,420994533,140331511,234436786,43851274,722037,136,420994533,1683978132,841989066
1355,23.8311,420994533,140331511,234436786,43320652,722037,136,420994533,1683978132,841989066
1356,24.1801,420994533,140331511,234436786,43983378,722037,136,420994533,1683978132,841989066
1357,23.8523,420994533,140331511,234436786,43322830,722037,136,420994533,1683978132,841989066
1358,24.2164,420994533,140331511,234436786,43775215,722037,136,420994533,1683978132,841989066
1359,23.9513,420994533,140331511,234436786,43287799,722037,136,420994533,1683978132,841989066
1360,24.12,420994533,140331511,234436786,43339470,722037,136,420994533,1683978132,841989066
1361,23.8303,420994533,140331511,234436786,43333104,722037,136,420994533,1683978132,841989066
1362,24.2777,420994533,140331511,234436786,43861461,722037,136,420994533,1683978132,841989066
1363,23.9686,420994533,140331511,234436786,43475259,722037,136,420994533,1683978132,841989066
1364,24.1187,420994533,140331511,234436786,43294554,722037,136,420994533,1683978132,841989066
1365,23.8482,420994533,140331511,234436786,43311235,722037,136,420994533,1683978132,841989066
1366,24.1643,420994533,140331511,234436786,43828037,722037,136,420994533,1683978132,841989066
1367,23.9629,420994533,140331511,234436786,43290312,722037,136,420994533,1683978132,841989066
1368,24.1672,420994533,140331511,234436786,43855744,722037,136,420994533,1683978132,841989066
1369,23.8484,420994533,140331511,234436786,43352638,722037,136,420994533,1683978132,841989066
1370,24.1827,420994533,140331511,234436786,43852826,722037,136,420994533,1683978132,841989066
1371,23.9646,420994533,140331511,234436786,43374522,722037,136,420994533,1683978132,841989066
1372,24.1329,420994533,140331511,234436786,43349737,722037,136,420994533,1683978132,841989066
1373,24.0114,420994533,140331511,234436786,43320396,722037,136,420994533,1683978132,841989066
1374,24.1514,420994533,140331511,234436786,43421794,722037,136,420994533,1683978132,841989066
1375,23.9514,420994533,140331511,234436786,43323880,722037,136,420994533,1683978132,841989066
1376,24.1377,420994533,140331511,234436786,43314088,722037,136,420994533,1683978132,841989066
1377,23.9437,420994533,140331511,234436786,43326282,722037,136,420994533,1683978132,841989066
1378,24.3775,420994533,140331511,234436786,43458997,722037,136,420994533,1683978132,841989066
1379,24.0023,420994533,140331511,234436786,43278368,722037,136,420994533,1683978132,841989066
1380,24.2484,420994533,140331511,234436786,43448224,722037,136,420994533,1683978132,841989066
1381,23.8159,420994533,140331511,234436786,43351999,722037,136,420994533,1683978132,841989066
1382,24.2728,420994533,140331511,234436786,43389463,722037,136,420994533,1683978132,841989066
1383,23.8312,420994533,140331511,234436786,43336469,722037,136,420994533,1683978132,841989066
1384,24.1032,420994533,140331511,234436786,43354280,722037,136,420994533,1683978132,841989066
1385,23.8364,420994533,140331511,234436786,43319888,722037,136,420994533,1683978132,841989066
1386,24.2723,420994533,140331511,234436786,43412856,722037,136,420994533,1683978132,841989066
1387,23.8511,420994533,140331511,234436786,43819892,722037,136,420994533,1683978132,841989066
1388,24.528,420994533,140331511,234436786,43938271,722037,136,420994533,1683978132,841989066
1389,23.9668,420994533,140331511,234436786,43288670,722037,136,420994533,1683978132,841989066
1390,23.9884,420994533,140331511,234436786,43453948,722037,136,420994533,1683978132,841989066
1391,24.1533,420994533,140331511,234436786,43332107,722037,136,420994533,1683978132,841989066
1392,23.9516,420994533,140331511,234436786,43305981,722037,136,420994533,1683978132,841989066
1393,24.2561,420994533,140331511,234436786,43419847,722037,136,420994533,1683978132,841989066
1394,23.9932,420994533,140331511,234436786,43971025,722037,136,420994533,1683978132,841989066
1395,24.2539,420994533,140331511,234436786,43333757,722037,136,420994533,1683978132,841989066
1396,23.8392,420994533,140331511,234436786,43336207,722037,136,420994533,1683978132,841989066
1397,24.2828,420994533,140331511,234436786,43314738,722037,136,420994533,1683978132,841989066
1398,23.986,420994533,140331511,234436786,43986825,722037,136,420994533,1683978132,841989066
1399,24.2797,420994533,140331511,234436786,43242008,722037,136,420994533,1683978132,841989066
1400,23.8584,420994533,140331511,234436786,43449939,722037,136,420994533,1683978132,841989066
1401,24.2924,420994533,140331511,234436786,43453340,722037,136,420994533,1683978132,841989066
1402,23.845,420994533,140331511,234436786,43800052,722037,136,420994533,1683978132,841989066
1403,24.3142,420994533,140331511,234436786,43256260,722037,136,420994533,1683978132,841989066
1404,23.9519,420994533,140331511,234436786,43315799,722037,136,420994533,1683978132,841989066
1405,24.2878,420994533,140331511,234436786,43455886,722037,136,420994533,1683978132,841989066
1406,23.977,420994533,140331511,234436786,43768561,722037,136,420994533,1683978132,841989066
1407,24.3942,420994533,140331511,234436786,43287274,722037,136,420994533,1683978132,841989066
1408,23.9631,420994533,140331511,234436786,43807047,722037,136,420994533,1683978132,841989066
1409,24.3924,420994533,140331511,234436786,43307925,722037,136,420994533,1683978132,841989066
1410,23.8956,420994533,140331511,234436786,43326325,722037,136,420994533,1683978132,841989066
1411,24.3126,420994533,140331511,234436786,43284778,722037,136,420994533,1683978132,841989066
1412,23.8494,420994533,140331511,234436786,43855351,722037,136,420994533,1683978132,841989066
1413,24.2642,420994533,140331511,234436786,43869064,722037,136,420994533,1683978132,841989066
1414,23.9737,420994533,140331511,234436786,43315397,722037,136,420994533,1683978132,841989066
1415,24.2546,420994533,140331511,234436786,43316230,722037,136,420994533,1683978132,841989066
1416,24.0028,420994533,140331511,234436786,43847670,722037,136,420994533,1683978132,841989066
1417,24.2419,420994533,140331511,234436786,43313936,722037,136,420994533,1683978132,841989066
1418,23.8427,420994533,140331511,234436786,43323103,722037,136,420994533,1683978132,841989066
1419,24.0976,420994533,140331511,234436786,43268809,722037,136,420994533,1683978132,841989066
1420,24.1919,420994533,140331511,234436786,43837987,722037,136,420994533,1683978132,841989066
1421,24.0316,420994533,140331511,234436786,43331680,722037,136,420994533,1683978132,841989066
1422,24.2865,420994533,140331511,234436786,43433893,722037,136,420994533,1683978132,841989066
1423,23.8812,420994533,140331511,234436786,43364991,722037,136,420994533,1683978132,841989066
1424,24.0533,420994533,140331511,234436786,43460866,722037,136,420994533,1683978132,841989066
1425,24.046,420994533,140331511,234436786,43253275,722037,136,420994533,1683978132,841989066
1426,24.0572,420994533,140331511,234436786,43817961,722037,136,420994533,1683978132,841989066
1427,24.0742,420994533,140331511,234436786,43309895,722037,136,420994533,1683978132,841989066
1428,24.1509,420994533,140331511,234436786,43290066,722037,136,420994533,1683978132,841989066
1429,23.9682,420994533,140331511,234436786,43420915,722037,136,420994533,1683978132,841989066
1430,24.134,420994533,140331511,234436786,43457763,722037,136,420994533,1683978132,841989066
1431,23.9352,420994533,140331511,234436786,43389110,722037,136,420994533,1683978132,841989066
1432,24.0681,420994533,140331511,234436786,43304187,722037,136,420994533,1683978132,841989066
1433,24.0932,420994533,140331511,234436786,43267131,722037,136,420994533,1683978132,841989066
1434,24.1589,420994533,140331511,234436786,43954395,722037,136,420994533,1683978132,841989066
1435,23.915,420994533,140331511,234436786,43304344,722037,136,420994533,1683978132,841989066
1436,24.2742,420994533,140331511,234436786,43839200,722037,136,420994533,1683978132,841989066
1437,23.8833,420994533,140331511,234436786,43298077,722037,136,420994533,1683978132,841989066
1438,24.173,420994533,140331511,234436786,43552243,722037,136,420994533,1683978132,841989066
1439,23.9687,420994533,140331511,234436786,43322094,722037,136,420994533,1683978132,841989066
1440,24.262,420994533,140331511,234436786,43461332,722037,136,420994533,1683978132,841989066
1441,23.9936,420994533,140331511,234436786,43354181,722037,136,420994533,1683978132,841989066
1442,24.3796,420994533,140331511,234436786,43821102,722037,136,420994533,1683978132,841989066
1443,23.9814,420994533,140331511,234436786,43475723,722037,136,420994533,1683978132,841989066
1444,24.265,420994533,140331511,234436786,43351260,722037,136,420994533,1683978132,841989066
1445,23.8479,420994533,140331511,234436786,43372050,722037,136,420994533,1683978132,841989066
1446,24.1293,420994533,140331511,234436786,43351935,722037,136,420994533,1683978132,841989066
1447,23.824,420994533,140331511,234436786,43307401,722037,136,420994533,1683978132,841989066
1448,24.2191,420994533,140331511,234436786,43846917,722037,136,420994533,1683978132,841989066
1449,23.8226,420994533,140331511,234436786,43360418,722037,136,420994533,1683978132,841989066
1450,24.1603,420994533,140331511,234436786,43820251,722037,136,420994533,1683978132,841989066
1451,23.843,420994533,140331511,234436786,43325240,722037,136,420994533,1683978132,841989066
1452,24.2627,420994533,140331511,234436786,43325710,722037,136,420994533,1683978132,841989066
1453,23.9688,420994533,140331511,234436786,43435513,722037,136,420994533,1683978132,841989066
1454,24.284,420994533,140331511,234436786,43316858,722037,136,420994533,1683978132,841989066
1455,23.837,420994533,140331511,234436786,43344880,722037,136,420994533,1683978132,841989066
1456,24.1292,420994533,140331511,234436786,43470122,722037,136,420994533,1683978132,841989066
1457,23.8242,420994533,140331511,234436786,43347043,722037,136,420994533,1683978132,841989066
1458,24.1264,420994533,140331511,234436786,43310708,722037,136,420994533,1683978132,841989066
1459,23.9059,420994533,140331511,234436786,43261630,722037,136,420994533,1683978132,841989066
1460,24.1548,420994533,140331511,234436786,43807363,722037,136,420994533,1683978132,841989066
1461,23.8846,420994533,140331511,234436786,43313384,722037,136,420994533,1683978132,841989066
1462,24.113,420994533,140331511,234436786,43318619,722037,136,420994533,1683978132,841989066
1463,23.8949,420994533,140331511,234436786,43310482,722037,136,420994533,1683978132,841989066
1464,24.1551,420994533,140331511,234436786,43292923,722037,136,420994533,1683978132,841989066
1465,23.955,420994533,140331511,234436786,43312702,722037,136,420994533,1683978132,841989066
1466,24.0363,420994533,140331511,234436786,43313901,722037,136,420994533,1683978132,841989066
1467,24.1,420994533,140331511,234436786,43309974,722037,136,420994533,1683978132,841989066
1468,24.1397,420994533,140331511,234436786,43791538,722037,136,420994533,1683978132,841989066
1469,24.0305,420994533,140331511,234436786,43294003,722037,136,420994533,1683978132,841989066
1470,24.1654,420994533,140331511,234436786,43954014,722037,136,420994533,1683978132,841989066
1471,23.9137,420994533,140331511,234436786,43437363,722037,136,420994533,1683978132,841989066
1472,24.1473,420994533,140331511,234436786,44009037,722037,136,420994533,1683978132,841989066
1473,24.0097,420994533,140331511,234436786,43333107,722037,136,420994533,1683978132,841989066
1474,24.263,420994533,140331511,234436786,43461369,722037,136,420994533,1683978132,841989066
1475,24.0062,420994533,140331511,234436786,43422511,722037,136,420994533,1683978132,841989066
1476,24.1617,420994533,140331511,234436786,43854089,722037,136,420994533,1683978132,841989066
1477,24.017,420994533,140331511,234436786,43319327,722037,136,420994533,1683978132,841989066
1478,24.1724,420994533,140331511,234436786,43418786,722037,136,420994533,1683978132,841989066
1479,23.9756,420994533,140331511,234436786,43292640,722037,136,420994533,1683978132,841989066
1480,24.1238,420994533,140331511,234436786,43338205,722037,136,420994533,1683978132,841989066
1481,23.8339,420994533,140331511,234436786,43349864,722037,136,420994533,1683978132,841989066
1482,24.2023,420994533,140331511,234436786,43254118,722037,136,420994533,1683978132,841989066
1483,23.8491,420994533,140331511,234436786,43485425,722037,136,420994533,1683978132,841989066
1484,24.1178,420994533,140331511,234436786,43336857,722037,136,420994533,1683978132,841989066
1485,24.021,420994533,140331511,234436786,43289660,722037,136,420994533,1683978132,841989066
1486,24.1365,420994533,140331511,234436786,43384609,722037,136,420994533,1683978132,841989066
1487,24.0303,420994533,140331511,234436786,43329867,722037,136,420994533,1683978132,841989066
1488,24.2375,420994533,140331511,234436786,43293026,722037,136,420994533,1683978132,841989066
1489,23.8359,420994533,140331511,234436786,43274625,722037,136,420994533,1683978132,841989066
1490,24.1732,420994533,140331511,234436786,43470901,722037,136,420994533,1683978132,841989066
1491,23.8947,420994533,140331511,234436786,43315349,722037,136,420994533,1683978132,841989066
1492,24.136,420994533,140331511,234436786,43845558,722037,136,420994533,1683978132,841989066
1493,23.911,420994533,140331511,234436786,43840877,722037,136,420994533,1683978132,841989066
1494,24.226,420994533,140331511,234436786,43312404,722037,136,420994533,1683978132,841989066
1495,23.8915,420994533,140331511,234436786,43309562,722037,136,420994533,1683978132,841989066
1496,24.1214,420994533,140331511,234436786,43316227,722037,136,420994533,1683978132,841989066
1497,23.8895,420994533,140331511,234436786,43326261,722037,136,420994533,1683978132,841989066
1498,24.1436,420994533,140331511,234436786,43808528,722037,136,420994533,1683978132,841989066
1499,23.9698,420994533,140331511,234436786,43481671,722037,136,420994533,1683978132,841989066
1500,24.1449,420994533,140331511,234436786,43347024,722037,136,420994533,1683978132,841989066
1501,23.8444,420994533,140331511,234436786,43322614,722037,136,420994533,1683978132,841989066
