sample,gpu_forward_ms,ia_vertices,ia_primitives,vs_invocations,ps_invocations,visible_instances,active_mesh_lods,logical_indices,list_r32_bytes,list_r16_bytes
0,21.0954,420994533,140331511,206732558,42006811,722037,136,420994533,1683978132,841989066
1,20.7886,420994533,140331511,206732558,41981491,722037,136,420994533,1683978132,841989066
2,20.6859,420994533,140331511,206732558,41974289,722037,136,420994533,1683978132,841989066
3,21.017,420994533,140331511,206732558,42036974,722037,136,420994533,1683978132,841989066
4,20.7297,420994533,140331511,206732558,42045214,722037,136,420994533,1683978132,841989066
5,20.7777,420994533,140331511,206732558,41940135,722037,136,420994533,1683978132,841989066
6,21.1256,420994533,140331511,206732558,42537607,722037,136,420994533,1683978132,841989066
7,20.7205,420994533,140331511,206732558,42005521,722037,136,420994533,1683978132,841989066
8,20.7019,420994533,140331511,206732558,42029864,722037,136,420994533,1683978132,841989066
9,21.0342,420994533,140331511,206732558,42041316,722037,136,420994533,1683978132,841989066
10,21.0233,420994533,140331511,206732558,41990659,722037,136,420994533,1683978132,841989066
11,20.7631,420994533,140331511,206732558,42066507,722037,136,420994533,1683978132,841989066
12,20.8984,420994533,140331511,206732558,42025969,722037,136,420994533,1683978132,841989066
13,21.0607,420994533,140331511,206732558,42031949,722037,136,420994533,1683978132,841989066
14,20.8317,420994533,140331511,206732558,41951988,722037,136,420994533,1683978132,841989066
15,20.766,420994533,140331511,206732558,42045730,722037,136,420994533,1683978132,841989066
16,21.0472,420994533,140331511,206732558,41982492,722037,136,420994533,1683978132,841989066
17,20.8768,420994533,140331511,206732558,41985562,722037,136,420994533,1683978132,841989066
18,20.7696,420994533,140331511,206732558,42014122,722037,136,420994533,1683978132,841989066
19,21.1649,420994533,140331511,206732558,41983089,722037,136,420994533,1683978132,841989066
20,20.8402,420994533,140331511,206732558,42016647,722037,136,420994533,1683978132,841989066
21,20.763,420994533,140331511,206732558,42035826,722037,136,420994533,1683978132,841989066
22,21.1061,420994533,140331511,206732558,41980055,722037,136,420994533,1683978132,841989066
23,20.8919,420994533,140331511,206732558,42028121,722037,136,420994533,1683978132,841989066
24,20.7693,420994533,140331511,206732558,42024121,722037,136,420994533,1683978132,841989066
25,21.1031,420994533,140331511,206732558,42017345,722037,136,420994533,1683978132,841989066
26,20.822,420994533,140331511,206732558,41995850,722037,136,420994533,1683978132,841989066
27,20.7691,420994533,140331511,206732558,42037037,722037,136,420994533,1683978132,841989066
28,20.79,420994533,140331511,206732558,42019605,722037,136,420994533,1683978132,841989066
29,20.8897,420994533,140331511,206732558,41991238,722037,136,420994533,1683978132,841989066
30,20.891,420994533,140331511,206732558,41980743,722037,136,420994533,1683978132,841989066
31,20.7741,420994533,140331511,206732558,42071239,722037,136,420994533,1683978132,841989066
32,20.9811,420994533,140331511,206732558,42012908,722037,136,420994533,1683978132,841989066
33,20.8792,420994533,140331511,206732558,42017654,722037,136,420994533,1683978132,841989066
34,20.7602,420994533,140331511,206732558,42006452,722037,136,420994533,1683978132,841989066
35,21.0606,420994533,140331511,206732558,41986434,722037,136,420994533,1683978132,841989066
36,20.9002,420994533,140331511,206732558,41993553,722037,136,420994533,1683978132,841989066
37,20.7717,420994533,140331511,206732558,42000659,722037,136,420994533,1683978132,841989066
38,20.8911,420994533,140331511,206732558,42027808,722037,136,420994533,1683978132,841989066
39,20.7618,420994533,140331511,206732558,42049491,722037,136,420994533,1683978132,841989066
40,20.7591,420994533,140331511,206732558,42020818,722037,136,420994533,1683978132,841989066
41,20.8844,420994533,140331511,206732558,42089004,722037,136,420994533,1683978132,841989066
42,20.894,420994533,140331511,206732558,41992423,722037,136,420994533,1683978132,841989066
43,21.1489,420994533,140331511,206732558,42019923,722037,136,420994533,1683978132,841989066
44,21.0548,420994533,140331511,206732558,42063639,722037,136,420994533,1683978132,841989066
45,20.7826,420994533,140331511,206732558,42007867,722037,136,420994533,1683978132,841989066
46,20.8014,420994533,140331511,206732558,41946995,722037,136,420994533,1683978132,841989066
47,21.0348,420994533,140331511,206732558,42003622,722037,136,420994533,1683978132,841989066
48,20.8035,420994533,140331511,206732558,42004489,722037,136,420994533,1683978132,841989066
49,20.8866,420994533,140331511,206732558,42024930,722037,136,420994533,1683978132,841989066
50,21.0772,420994533,140331511,206732558,41999824,722037,136,420994533,1683978132,841989066
51,20.7766,420994533,140331511,206732558,42026151,722037,136,420994533,1683978132,841989066
52,20.7612,420994533,140331511,206732558,42035236,722037,136,420994533,1683978132,841989066
53,21.1854,420994533,140331511,206732558,42009981,722037,136,420994533,1683978132,841989066
54,20.9516,420994533,140331511,206732558,42019619,722037,136,420994533,1683978132,841989066
55,20.7741,420994533,140331511,206732558,42046194,722037,136,420994533,1683978132,841989066
56,21.1847,420994533,140331511,206732558,42018162,722037,136,420994533,1683978132,841989066
57,20.7723,420994533,140331511,206732558,42071917,722037,136,420994533,1683978132,841989066
58,20.8797,420994533,140331511,206732558,42012721,722037,136,420994533,1683978132,841989066
59,21.1006,420994533,140331511,206732558,41993993,722037,136,420994533,1683978132,841989066
60,20.9883,420994533,140331511,206732558,42022659,722037,136,420994533,1683978132,841989066
61,20.7531,420994533,140331511,206732558,42044778,722037,136,420994533,1683978132,841989066
62,21.0813,420994533,140331511,206732558,42007137,722037,136,420994533,1683978132,841989066
63,20.7726,420994533,140331511,206732558,42014229,722037,136,420994533,1683978132,841989066
64,20.8938,420994533,140331511,206732558,41992198,722037,136,420994533,1683978132,841989066
65,21.138,420994533,140331511,206732558,42007681,722037,136,420994533,1683978132,841989066
66,20.9001,420994533,140331511,206732558,42054986,722037,136,420994533,1683978132,841989066
67,20.9027,420994533,140331511,206732558,42032953,722037,136,420994533,1683978132,841989066
68,21.1251,420994533,140331511,206732558,42034936,722037,136,420994533,1683978132,841989066
69,20.955,420994533,140331511,206732558,42073093,722037,136,420994533,1683978132,841989066
70,20.8945,420994533,140331511,206732558,42036015,722037,136,420994533,1683978132,841989066
71,21.1943,420994533,140331511,206732558,42009188,722037,136,420994533,1683978132,841989066
72,20.9094,420994533,140331511,206732558,42049693,722037,136,420994533,1683978132,841989066
73,20.9038,420994533,140331511,206732558,42035274,722037,136,420994533,1683978132,841989066
74,21.0475,420994533,140331511,206732558,42039841,722037,136,420994533,1683978132,841989066
75,21.0614,420994533,140331511,206732558,41991393,722037,136,420994533,1683978132,841989066
76,20.9027,420994533,140331511,206732558,42046332,722037,136,420994533,1683978132,841989066
77,21.1137,420994533,140331511,206732558,42029976,722037,136,420994533,1683978132,841989066
78,21.0507,420994533,140331511,206732558,42034044,722037,136,420994533,1683978132,841989066
79,20.8905,420994533,140331511,206732558,42009614,722037,136,420994533,1683978132,841989066
80,21.0472,420994533,140331511,206732558,42057176,722037,136,420994533,1683978132,841989066
81,20.8955,420994533,140331511,206732558,42028971,722037,136,420994533,1683978132,841989066
82,20.7638,420994533,140331511,206732558,42013146,722037,136,420994533,1683978132,841989066
83,21.1036,420994533,140331511,206732558,41993419,722037,136,420994533,1683978132,841989066
84,20.9379,420994533,140331511,206732558,42040777,722037,136,420994533,1683978132,841989066
85,20.8465,420994533,140331511,206732558,41994264,722037,136,420994533,1683978132,841989066
86,21.0447,420994533,140331511,206732558,42042879,722037,136,420994533,1683978132,841989066
87,21.0474,420994533,140331511,206732558,41973211,722037,136,420994533,1683978132,841989066
88,20.7707,420994533,140331511,206732558,42023660,722037,136,420994533,1683978132,841989066
89,21.1061,420994533,140331511,206732558,42011227,722037,136,420994533,1683978132,841989066
90,20.9904,420994533,140331511,206732558,41981793,722037,136,420994533,1683978132,841989066
91,21.0238,420994533,140331511,206732558,42052020,722037,136,420994533,1683978132,841989066
92,20.7811,420994533,140331511,206732558,41998642,722037,136,420994533,1683978132,841989066
93,20.9701,420994533,140331511,206732558,41994974,722037,136,420994533,1683978132,841989066
94,20.7552,420994533,140331511,206732558,41972759,722037,136,420994533,1683978132,841989066
95,20.8411,420994533,140331511,206732558,42026565,722037,136,420994533,1683978132,841989066
96,20.8999,420994533,140331511,206732558,42035115,722037,136,420994533,1683978132,841989066
97,20.8835,420994533,140331511,206732558,42024727,722037,136,420994533,1683978132,841989066
98,21.0972,420994533,140331511,206732558,42062025,722037,136,420994533,1683978132,841989066
99,20.9837,420994533,140331511,206732558,42034500,722037,136,420994533,1683978132,841989066
100,20.766,420994533,140331511,206732558,42012586,722037,136,420994533,1683978132,841989066
101,20.8913,420994533,140331511,206732558,41971857,722037,136,420994533,1683978132,841989066
102,20.976,420994533,140331511,206732558,42019672,722037,136,420994533,1683978132,841989066
103,20.8898,420994533,140331511,206732558,42061936,722037,136,420994533,1683978132,841989066
104,20.8011,420994533,140331511,206732558,42023039,722037,136,420994533,1683978132,841989066
105,21.0823,420994533,140331511,206732558,42021084,722037,136,420994533,1683978132,841989066
106,20.851,420994533,140331511,206732558,42074767,722037,136,420994533,1683978132,841989066
107,20.8919,420994533,140331511,206732558,42030038,722037,136,420994533,1683978132,841989066
108,21.1984,420994533,140331511,206732558,42016998,722037,136,420994533,1683978132,841989066
109,20.7722,420994533,140331511,206732558,42030327,722037,136,420994533,1683978132,841989066
110,20.8996,420994533,140331511,206732558,42047728,722037,136,420994533,1683978132,841989066
111,21.1903,420994533,140331511,206732558,41998117,722037,136,420994533,1683978132,841989066
112,20.9468,420994533,140331511,206732558,42015130,722037,136,420994533,1683978132,841989066
113,20.8936,420994533,140331511,206732558,42061967,722037,136,420994533,1683978132,841989066
114,21.1918,420994533,140331511,206732558,42034039,722037,136,420994533,1683978132,841989066
115,20.8916,420994533,140331511,206732558,41964084,722037,136,420994533,1683978132,841989066
116,20.9041,420994533,140331511,206732558,41986251,722037,136,420994533,1683978132,841989066
117,21.1723,420994533,140331511,206732558,41999330,722037,136,420994533,1683978132,841989066
118,20.8781,420994533,140331511,206732558,42044617,722037,136,420994533,1683978132,841989066
119,20.7846,420994533,140331511,206732558,42037568,722037,136,420994533,1683978132,841989066
120,21.1233,420994533,140331511,206732558,42053312,722037,136,420994533,1683978132,841989066
121,20.9197,420994533,140331511,206732558,41978813,722037,136,420994533,1683978132,841989066
122,20.7811,420994533,140331511,206732558,41986163,722037,136,420994533,1683978132,841989066
123,20.7945,420994533,140331511,206732558,42009856,722037,136,420994533,1683978132,841989066
124,21.0572,420994533,140331511,206732558,41957910,722037,136,420994533,1683978132,841989066
125,20.7991,420994533,140331511,206732558,42023798,722037,136,420994533,1683978132,841989066
126,20.9095,420994533,140331511,206732558,42013759,722037,136,420994533,1683978132,841989066
127,20.881,420994533,140331511,206732558,42006239,722037,136,420994533,1683978132,841989066
128,20.776,420994533,140331511,206732558,42052381,722037,136,420994533,1683978132,841989066
129,20.7904,420994533,140331511,206732558,42035550,722037,136,420994533,1683978132,841989066
130,21.0602,420994533,140331511,206732558,41986055,722037,136,420994533,1683978132,841989066
131,20.8441,420994533,140331511,206732558,41952359,722037,136,420994533,1683978132,841989066
132,20.7824,420994533,140331511,206732558,41977139,722037,136,420994533,1683978132,841989066
133,20.9065,420994533,140331511,206732558,42008515,722037,136,420994533,1683978132,841989066
134,20.8379,420994533,140331511,206732558,41988934,722037,136,420994533,1683978132,841989066
135,20.9131,420994533,140331511,206732558,42024956,722037,136,420994533,1683978132,841989066
136,21.0734,420994533,140331511,206732558,42032096,722037,136,420994533,1683978132,841989066
137,20.78,420994533,140331511,206732558,42076633,722037,136,420994533,1683978132,841989066
138,20.8987,420994533,140331511,206732558,42049109,722037,136,420994533,1683978132,841989066
139,21.0955,420994533,140331511,206732558,42005568,722037,136,420994533,1683978132,841989066
140,20.7819,420994533,140331511,206732558,42004450,722037,136,420994533,1683978132,841989066
141,20.9039,420994533,140331511,206732558,41994797,722037,136,420994533,1683978132,841989066
142,21.1194,420994533,140331511,206732558,42017407,722037,136,420994533,1683978132,841989066
143,20.9477,420994533,140331511,206732558,42039335,722037,136,420994533,1683978132,841989066
144,20.9026,420994533,140331511,206732558,42019001,722037,136,420994533,1683978132,841989066
145,21.0469,420994533,140331511,206732558,42046118,722037,136,420994533,1683978132,841989066
146,20.4846,420994533,140331511,206732558,42032241,722037,136,420994533,1683978132,841989066
147,20.7784,420994533,140331511,206732558,42003962,722037,136,420994533,1683978132,841989066
148,21.2023,420994533,140331511,206732558,42035505,722037,136,420994533,1683978132,841989066
149,20.905,420994533,140331511,206732558,42050249,722037,136,420994533,1683978132,841989066
150,20.7684,420994533,140331511,206732558,41988287,722037,136,420994533,1683978132,841989066
151,20.8404,420994533,140331511,206732558,42018601,722037,136,420994533,1683978132,841989066
152,20.7818,420994533,140331511,206732558,41996050,722037,136,420994533,1683978132,841989066
153,20.7942,420994533,140331511,206732558,42055164,722037,136,420994533,1683978132,841989066
154,20.77,420994533,140331511,206732558,42008680,722037,136,420994533,1683978132,841989066
155,21.2055,420994533,140331511,206732558,42077910,722037,136,420994533,1683978132,841989066
156,20.8568,420994533,140331511,206732558,42045265,722037,136,420994533,1683978132,841989066
157,20.7773,420994533,140331511,206732558,42034238,722037,136,420994533,1683978132,841989066
158,21.1897,420994533,140331511,206732558,41994488,722037,136,420994533,1683978132,841989066
159,20.9084,420994533,140331511,206732558,42073594,722037,136,420994533,1683978132,841989066
160,20.7629,420994533,140331511,206732558,42006649,722037,136,420994533,1683978132,841989066
161,21.1474,420994533,140331511,206732558,42002916,722037,136,420994533,1683978132,841989066
162,20.7816,420994533,140331511,206732558,42023280,722037,136,420994533,1683978132,841989066
163,20.7774,420994533,140331511,206732558,42023086,722037,136,420994533,1683978132,841989066
164,21.0682,420994533,140331511,206732558,42074328,722037,136,420994533,1683978132,841989066
165,20.9955,420994533,140331511,206732558,41989252,722037,136,420994533,1683978132,841989066
166,20.7683,420994533,140331511,206732558,42050585,722037,136,420994533,1683978132,841989066
167,20.8499,420994533,140331511,206732558,41967904,722037,136,420994533,1683978132,841989066
168,20.7775,420994533,140331511,206732558,41982506,722037,136,420994533,1683978132,841989066
169,20.7576,420994533,140331511,206732558,42017977,722037,136,420994533,1683978132,841989066
170,20.9004,420994533,140331511,206732558,41997016,722037,136,420994533,1683978132,841989066
171,21.0591,420994533,140331511,206732558,41995915,722037,136,420994533,1683978132,841989066
172,20.7864,420994533,140331511,206732558,42020103,722037,136,420994533,1683978132,841989066
173,20.767,420994533,140331511,206732558,42033374,722037,136,420994533,1683978132,841989066
174,21.0724,420994533,140331511,206732558,42021659,722037,136,420994533,1683978132,841989066
175,20.8886,420994533,140331511,206732558,41956593,722037,136,420994533,1683978132,841989066
176,20.8527,420994533,140331511,206732558,42001845,722037,136,420994533,1683978132,841989066
177,21.1951,420994533,140331511,206732558,42062897,722037,136,420994533,1683978132,841989066
178,20.7652,420994533,140331511,206732558,42057979,722037,136,420994533,1683978132,841989066
179,20.7753,420994533,140331511,206732558,42043568,722037,136,420994533,1683978132,841989066
180,20.9757,420994533,140331511,206732558,42015120,722037,136,420994533,1683978132,841989066
181,21.0478,420994533,140331511,206732558,42045098,722037,136,420994533,1683978132,841989066
182,20.8951,420994533,140331511,206732558,42010036,722037,136,420994533,1683978132,841989066
183,20.8921,420994533,140331511,206732558,41964112,722037,136,420994533,1683978132,841989066
184,20.9289,420994533,140331511,206732558,41993013,722037,136,420994533,1683978132,841989066
185,20.86,420994533,140331511,206732558,42020032,722037,136,420994533,1683978132,841989066
186,20.7934,420994533,140331511,206732558,41992689,722037,136,420994533,1683978132,841989066
187,21.2786,420994533,140331511,206732558,42049148,722037,136,420994533,1683978132,841989066
188,20.9164,420994533,140331511,206732558,42041801,722037,136,420994533,1683978132,841989066
189,20.8984,420994533,140331511,206732558,42061003,722037,136,420994533,1683978132,841989066
190,21.129,420994533,140331511,206732558,42005200,722037,136,420994533,1683978132,841989066
191,20.8915,420994533,140331511,206732558,42007809,722037,136,420994533,1683978132,841989066
192,20.7748,420994533,140331511,206732558,41993276,722037,136,420994533,1683978132,841989066
193,21.2081,420994533,140331511,206732558,41976303,722037,136,420994533,1683978132,841989066
194,20.7811,420994533,140331511,206732558,42041547,722037,136,420994533,1683978132,841989066
195,20.7802,420994533,140331511,206732558,42034675,722037,136,420994533,1683978132,841989066
196,20.9832,420994533,140331511,206732558,42054809,722037,136,420994533,1683978132,841989066
197,20.9245,420994533,140331511,206732558,42020226,722037,136,420994533,1683978132,841989066
198,20.7813,420994533,140331511,206732558,41994441,722037,136,420994533,1683978132,841989066
199,21.1814,420994533,140331511,206732558,42034718,722037,136,420994533,1683978132,841989066
200,20.8923,420994533,140331511,206732558,42070403,722037,136,420994533,1683978132,841989066
201,20.8936,420994533,140331511,206732558,42011631,722037,136,420994533,1683978132,841989066
202,21.13,420994533,140331511,206732558,42062463,722037,136,420994533,1683978132,841989066
203,20.9075,420994533,140331511,206732558,42011514,722037,136,420994533,1683978132,841989066
204,20.7777,420994533,140331511,206732558,42040607,722037,136,420994533,1683978132,841989066
205,21.0306,420994533,140331511,206732558,41977792,722037,136,420994533,1683978132,841989066
206,21.0492,420994533,140331511,206732558,42024396,722037,136,420994533,1683978132,841989066
207,20.8988,420994533,140331511,206732558,42005772,722037,136,420994533,1683978132,841989066
208,20.9028,420994533,140331511,206732558,41983162,722037,136,420994533,1683978132,841989066
209,21.0738,420994533,140331511,206732558,42004394,722037,136,420994533,1683978132,841989066
210,20.7753,420994533,140331511,206732558,42038533,722037,136,420994533,1683978132,841989066
211,20.9148,420994533,140331511,206732558,42576341,722037,136,420994533,1683978132,841989066
212,21.052,420994533,140331511,206732558,42036884,722037,136,420994533,1683978132,841989066
213,20.7871,420994533,140331511,206732558,42057234,722037,136,420994533,1683978132,841989066
214,20.9073,420994533,140331511,206732558,42034051,722037,136,420994533,1683978132,841989066
215,21.0664,420994533,140331511,206732558,42042507,722037,136,420994533,1683978132,841989066
216,20.7756,420994533,140331511,206732558,42002751,722037,136,420994533,1683978132,841989066
217,20.9,420994533,140331511,206732558,42033655,722037,136,420994533,1683978132,841989066
218,21.0438,420994533,140331511,206732558,42028272,722037,136,420994533,1683978132,841989066
219,21.0349,420994533,140331511,206732558,42003365,722037,136,420994533,1683978132,841989066
220,21.1233,420994533,140331511,206732558,41999177,722037,136,420994533,1683978132,841989066
221,20.9841,420994533,140331511,206732558,42011629,722037,136,420994533,1683978132,841989066
222,20.7799,420994533,140331511,206732558,42004286,722037,136,420994533,1683978132,841989066
223,20.8346,420994533,140331511,206732558,41964021,722037,136,420994533,1683978132,841989066
224,20.8066,420994533,140331511,206732558,42000845,722037,136,420994533,1683978132,841989066
225,20.9013,420994533,140331511,206732558,42031551,722037,136,420994533,1683978132,841989066
226,20.7752,420994533,140331511,206732558,42000652,722037,136,420994533,1683978132,841989066
227,20.93,420994533,140331511,206732558,42052698,722037,136,420994533,1683978132,841989066
228,20.7888,420994533,140331511,206732558,41996339,722037,136,420994533,1683978132,841989066
229,20.7605,420994533,140331511,206732558,42015409,722037,136,420994533,1683978132,841989066
230,21.2144,420994533,140331511,206732558,42021739,722037,136,420994533,1683978132,841989066
231,20.7787,420994533,140331511,206732558,42023100,722037,136,420994533,1683978132,841989066
232,20.7866,420994533,140331511,206732558,42054887,722037,136,420994533,1683978132,841989066
233,21.1908,420994533,140331511,206732558,42018485,722037,136,420994533,1683978132,841989066
234,20.8446,420994533,140331511,206732558,41984978,722037,136,420994533,1683978132,841989066
235,20.8968,420994533,140331511,206732558,42025849,722037,136,420994533,1683978132,841989066
236,21.2486,420994533,140331511,206732558,42032532,722037,136,420994533,1683978132,841989066
237,20.854,420994533,140331511,206732558,42053582,722037,136,420994533,1683978132,841989066
238,20.7748,420994533,140331511,206732558,41933168,722037,136,420994533,1683978132,841989066
239,21.1276,420994533,140331511,206732558,41970113,722037,136,420994533,1683978132,841989066
240,20.7802,420994533,140331511,206732558,41995768,722037,136,420994533,1683978132,841989066
241,20.8925,420994533,140331511,206732558,42010362,722037,136,420994533,1683978132,841989066
242,21.0353,420994533,140331511,206732558,41991239,722037,136,420994533,1683978132,841989066
243,20.9305,420994533,140331511,206732558,42006601,722037,136,420994533,1683978132,841989066
244,20.8947,420994533,140331511,206732558,42005761,722037,136,420994533,1683978132,841989066
245,21.1083,420994533,140331511,206732558,42028569,722037,136,420994533,1683978132,841989066
246,20.9906,420994533,140331511,206732558,42007101,722037,136,420994533,1683978132,841989066
247,20.7953,420994533,140331511,206732558,42002078,722037,136,420994533,1683978132,841989066
248,20.91,420994533,140331511,206732558,42055287,722037,136,420994533,1683978132,841989066
249,20.9854,420994533,140331511,206732558,41971919,722037,136,420994533,1683978132,841989066
250,20.7982,420994533,140331511,206732558,41973271,722037,136,420994533,1683978132,841989066
251,20.9206,420994533,140331511,206732558,42033767,722037,136,420994533,1683978132,841989066
252,20.9397,420994533,140331511,206732558,42015353,722037,136,420994533,1683978132,841989066
253,20.7737,420994533,140331511,206732558,41980578,722037,136,420994533,1683978132,841989066
254,20.9009,420994533,140331511,206732558,42010128,722037,136,420994533,1683978132,841989066
255,21.2083,420994533,140331511,206732558,42036682,722037,136,420994533,1683978132,841989066
256,20.8831,420994533,140331511,206732558,41982295,722037,136,420994533,1683978132,841989066
257,20.7977,420994533,140331511,206732558,42015552,722037,136,420994533,1683978132,841989066
258,21.1998,420994533,140331511,206732558,42065195,722037,136,420994533,1683978132,841989066
259,20.7561,420994533,140331511,206732558,42016083,722037,136,420994533,1683978132,841989066
260,20.9196,420994533,140331511,206732558,42014991,722037,136,420994533,1683978132,841989066
261,21.07,420994533,140331511,206732558,41972641,722037,136,420994533,1683978132,841989066
262,20.8929,420994533,140331511,206732558,42026102,722037,136,420994533,1683978132,841989066
263,20.901,420994533,140331511,206732558,42035669,722037,136,420994533,1683978132,841989066
264,20.9874,420994533,140331511,206732558,42009533,722037,136,420994533,1683978132,841989066
265,20.9895,420994533,140331511,206732558,42013119,722037,136,420994533,1683978132,841989066
266,20.8983,420994533,140331511,206732558,42056941,722037,136,420994533,1683978132,841989066
267,21.1362,420994533,140331511,206732558,42058083,722037,136,420994533,1683978132,841989066
268,20.7688,420994533,140331511,206732558,41985254,722037,136,420994533,1683978132,841989066
269,20.7758,420994533,140331511,206732558,42009634,722037,136,420994533,1683978132,841989066
270,20.983,420994533,140331511,206732558,42042097,722037,136,420994533,1683978132,841989066
271,20.922,420994533,140331511,206732558,42010185,722037,136,420994533,1683978132,841989066
272,20.7884,420994533,140331511,206732558,41989753,722037,136,420994533,1683978132,841989066
273,20.9205,420994533,140331511,206732558,42004585,722037,136,420994533,1683978132,841989066
274,21.0477,420994533,140331511,206732558,42079396,722037,136,420994533,1683978132,841989066
275,20.7857,420994533,140331511,206732558,42040051,722037,136,420994533,1683978132,841989066
276,20.91,420994533,140331511,206732558,42048037,722037,136,420994533,1683978132,841989066
277,21.0534,420994533,140331511,206732558,41993247,722037,136,420994533,1683978132,841989066
278,20.786,420994533,140331511,206732558,42013894,722037,136,420994533,1683978132,841989066
279,21.1224,420994533,140331511,206732558,42020873,722037,136,420994533,1683978132,841989066
280,21.0372,420994533,140331511,206732558,41955882,722037,136,420994533,1683978132,841989066
281,20.7754,420994533,140331511,206732558,42024812,722037,136,420994533,1683978132,841989066
282,20.8922,420994533,140331511,206732558,42008564,722037,136,420994533,1683978132,841989066
283,21.0656,420994533,140331511,206732558,42525349,722037,136,420994533,1683978132,841989066
284,20.8955,420994533,140331511,206732558,42043922,722037,136,420994533,1683978132,841989066
285,20.7797,420994533,140331511,206732558,42038096,722037,136,420994533,1683978132,841989066
286,20.8254,420994533,140331511,206732558,42000778,722037,136,420994533,1683978132,841989066
287,20.8983,420994533,140331511,206732558,41998059,722037,136,420994533,1683978132,841989066
288,20.8407,420994533,140331511,206732558,42006509,722037,136,420994533,1683978132,841989066
289,21.0298,420994533,140331511,206732558,42086637,722037,136,420994533,1683978132,841989066
290,20.7817,420994533,140331511,206732558,42044049,722037,136,420994533,1683978132,841989066
291,20.9025,420994533,140331511,206732558,41982576,722037,136,420994533,1683978132,841989066
292,20.8796,420994533,140331511,206732558,41985637,722037,136,420994533,1683978132,841989066
293,20.7778,420994533,140331511,206732558,42002306,722037,136,420994533,1683978132,841989066
294,20.776,420994533,140331511,206732558,42000560,722037,136,420994533,1683978132,841989066
295,21.2733,420994533,140331511,206732558,42020832,722037,136,420994533,1683978132,841989066
296,20.9016,420994533,140331511,206732558,42015319,722037,136,420994533,1683978132,841989066
297,20.9059,420994533,140331511,206732558,42014703,722037,136,420994533,1683978132,841989066
298,21.1362,420994533,140331511,206732558,42034846,722037,136,420994533,1683978132,841989066
299,20.7901,420994533,140331511,206732558,41972930,722037,136,420994533,1683978132,841989066
300,20.9096,420994533,140331511,206732558,42080891,722037,136,420994533,1683978132,841989066
301,21.2016,420994533,140331511,206732558,42008793,722037,136,420994533,1683978132,841989066
302,20.8403,420994533,140331511,206732558,42022945,722037,136,420994533,1683978132,841989066
303,20.9026,420994533,140331511,206732558,42012746,722037,136,420994533,1683978132,841989066
304,21.0876,420994533,140331511,206732558,42011590,722037,136,420994533,1683978132,841989066
305,20.8928,420994533,140331511,206732558,42013620,722037,136,420994533,1683978132,841989066
306,20.9054,420994533,140331511,206732558,41992309,722037,136,420994533,1683978132,841989066
307,21.0843,420994533,140331511,206732558,42004678,722037,136,420994533,1683978132,841989066
308,20.8908,420994533,140331511,206732558,41990283,722037,136,420994533,1683978132,841989066
309,20.932,420994533,140331511,206732558,42011303,722037,136,420994533,1683978132,841989066
310,21.1881,420994533,140331511,206732558,42038876,722037,136,420994533,1683978132,841989066
311,20.8009,420994533,140331511,206732558,42006031,722037,136,420994533,1683978132,841989066
312,20.7769,420994533,140331511,206732558,42005630,722037,136,420994533,1683978132,841989066
313,21.199,420994533,140331511,206732558,42034734,722037,136,420994533,1683978132,841989066
314,20.7827,420994533,140331511,206732558,42012083,722037,136,420994533,1683978132,841989066
315,20.892,420994533,140331511,206732558,42049119,722037,136,420994533,1683978132,841989066
316,21.1812,420994533,140331511,206732558,42020943,722037,136,420994533,1683978132,841989066
317,20.8332,420994533,140331511,206732558,42040802,722037,136,420994533,1683978132,841989066
318,20.7764,420994533,140331511,206732558,42018586,722037,136,420994533,1683978132,841989066
319,20.9043,420994533,140331511,206732558,41988978,722037,136,420994533,1683978132,841989066
320,21.0151,420994533,140331511,206732558,42017010,722037,136,420994533,1683978132,841989066
321,20.9113,420994533,140331511,206732558,42020818,722037,136,420994533,1683978132,841989066
322,20.794,420994533,140331511,206732558,42032043,722037,136,420994533,1683978132,841989066
323,20.7804,420994533,140331511,206732558,42027113,722037,136,420994533,1683978132,841989066
324,20.7825,420994533,140331511,206732558,42025784,722037,136,420994533,1683978132,841989066
325,20.803,420994533,140331511,206732558,42052425,722037,136,420994533,1683978132,841989066
326,21.1873,420994533,140331511,206732558,42026044,722037,136,420994533,1683978132,841989066
327,20.7766,420994533,140331511,206732558,42074293,722037,136,420994533,1683978132,841989066
328,20.7603,420994533,140331511,206732558,41986735,722037,136,420994533,1683978132,841989066
329,21.0499,420994533,140331511,206732558,42037028,722037,136,420994533,1683978132,841989066
330,20.7838,420994533,140331511,206732558,42045136,722037,136,420994533,1683978132,841989066
331,20.76,420994533,140331511,206732558,41999789,722037,136,420994533,1683978132,841989066
332,20.978,420994533,140331511,206732558,42000824,722037,136,420994533,1683978132,841989066
333,20.9889,420994533,140331511,206732558,42048274,722037,136,420994533,1683978132,841989066
334,20.7771,420994533,140331511,206732558,42015107,722037,136,420994533,1683978132,841989066
335,20.7842,420994533,140331511,206732558,42536526,722037,136,420994533,1683978132,841989066
336,20.8997,420994533,140331511,206732558,42041917,722037,136,420994533,1683978132,841989066
337,20.894,420994533,140331511,206732558,42006924,722037,136,420994533,1683978132,841989066
338,20.9026,420994533,140331511,206732558,41969445,722037,136,420994533,1683978132,841989066
339,21.2272,420994533,140331511,206732558,41995735,722037,136,420994533,1683978132,841989066
340,20.9078,420994533,140331511,206732558,42042658,722037,136,420994533,1683978132,841989066
341,20.7955,420994533,140331511,206732558,41953167,722037,136,420994533,1683978132,841989066
342,21.0809,420994533,140331511,206732558,42027416,722037,136,420994533,1683978132,841989066
343,20.769,420994533,140331511,206732558,41988159,722037,136,420994533,1683978132,841989066
344,20.899,420994533,140331511,206732558,41938593,722037,136,420994533,1683978132,841989066
345,21.209,420994533,140331511,206732558,42058192,722037,136,420994533,1683978132,841989066
346,20.8795,420994533,140331511,206732558,41990380,722037,136,420994533,1683978132,841989066
347,20.8611,420994533,140331511,206732558,42524908,722037,136,420994533,1683978132,841989066
348,21.1344,420994533,140331511,206732558,42020446,722037,136,420994533,1683978132,841989066
349,20.8791,420994533,140331511,206732558,42011781,722037,136,420994533,1683978132,841989066
350,20.8987,420994533,140331511,206732558,42032983,722037,136,420994533,1683978132,841989066
351,21.1945,420994533,140331511,206732558,42055833,722037,136,420994533,1683978132,841989066
352,20.8858,420994533,140331511,206732558,42041427,722037,136,420994533,1683978132,841989066
353,20.8193,420994533,140331511,206732558,42052331,722037,136,420994533,1683978132,841989066
354,20.7763,420994533,140331511,206732558,42534587,722037,136,420994533,1683978132,841989066
355,20.7683,420994533,140331511,206732558,42015284,722037,136,420994533,1683978132,841989066
356,20.7804,420994533,140331511,206732558,42019942,722037,136,420994533,1683978132,841989066
357,21.1176,420994533,140331511,206732558,42007791,722037,136,420994533,1683978132,841989066
358,20.8213,420994533,140331511,206732558,42063816,722037,136,420994533,1683978132,841989066
359,20.8976,420994533,140331511,206732558,42032294,722037,136,420994533,1683978132,841989066
360,20.7879,420994533,140331511,206732558,42018558,722037,136,420994533,1683978132,841989066
361,21.1488,420994533,140331511,206732558,41993495,722037,136,420994533,1683978132,841989066
362,20.9053,420994533,140331511,206732558,41995052,722037,136,420994533,1683978132,841989066
363,20.8037,420994533,140331511,206732558,42022512,722037,136,420994533,1683978132,841989066
364,21.272,420994533,140331511,206732558,42105962,722037,136,420994533,1683978132,841989066
365,20.7886,420994533,140331511,206732558,42028769,722037,136,420994533,1683978132,841989066
366,20.7813,420994533,140331511,206732558,42052490,722037,136,420994533,1683978132,841989066
367,21.0981,420994533,140331511,206732558,42025430,722037,136,420994533,1683978132,841989066
368,20.9054,420994533,140331511,206732558,42008457,722037,136,420994533,1683978132,841989066
369,20.9108,420994533,140331511,206732558,42017570,722037,136,420994533,1683978132,841989066
370,21.2192,420994533,140331511,206732558,41997522,722037,136,420994533,1683978132,841989066
371,20.7786,420994533,140331511,206732558,41999281,722037,136,420994533,1683978132,841989066
372,20.7811,420994533,140331511,206732558,42018333,722037,136,420994533,1683978132,841989066
373,21.1397,420994533,140331511,206732558,42007953,722037,136,420994533,1683978132,841989066
374,20.8341,420994533,140331511,206732558,42019536,722037,136,420994533,1683978132,841989066
375,20.9017,420994533,140331511,206732558,42017379,722037,136,420994533,1683978132,841989066
376,21.0298,420994533,140331511,206732558,42030349,722037,136,420994533,1683978132,841989066
377,21.042,420994533,140331511,206732558,42057652,722037,136,420994533,1683978132,841989066
378,20.7754,420994533,140331511,206732558,42038825,722037,136,420994533,1683978132,841989066
379,20.8337,420994533,140331511,206732558,42032827,722037,136,420994533,1683978132,841989066
380,20.9444,420994533,140331511,206732558,42033803,722037,136,420994533,1683978132,841989066
381,20.7791,420994533,140331511,206732558,41991416,722037,136,420994533,1683978132,841989066
382,20.9117,420994533,140331511,206732558,42006471,722037,136,420994533,1683978132,841989066
383,21.2703,420994533,140331511,206732558,42515288,722037,136,420994533,1683978132,841989066
384,20.7865,420994533,140331511,206732558,42007968,722037,136,420994533,1683978132,841989066
385,20.8972,420994533,140331511,206732558,42025044,722037,136,420994533,1683978132,841989066
386,21.0835,420994533,140331511,206732558,42018835,722037,136,420994533,1683978132,841989066
387,20.8941,420994533,140331511,206732558,42023795,722037,136,420994533,1683978132,841989066
388,20.8934,420994533,140331511,206732558,42037586,722037,136,420994533,1683978132,841989066
389,21.118,420994533,140331511,206732558,42035713,722037,136,420994533,1683978132,841989066
390,20.79,420994533,140331511,206732558,42011803,722037,136,420994533,1683978132,841989066
391,20.9071,420994533,140331511,206732558,42041791,722037,136,420994533,1683978132,841989066
392,21.2118,420994533,140331511,206732558,41988787,722037,136,420994533,1683978132,841989066
393,20.8742,420994533,140331511,206732558,42049765,722037,136,420994533,1683978132,841989066
394,20.8948,420994533,140331511,206732558,42044437,722037,136,420994533,1683978132,841989066
395,21.1987,420994533,140331511,206732558,41969327,722037,136,420994533,1683978132,841989066
396,20.9717,420994533,140331511,206732558,42002034,722037,136,420994533,1683978132,841989066
397,20.9062,420994533,140331511,206732558,41993880,722037,136,420994533,1683978132,841989066
398,21.0772,420994533,140331511,206732558,41955247,722037,136,420994533,1683978132,841989066
399,20.7763,420994533,140331511,206732558,42050519,722037,136,420994533,1683978132,841989066
400,20.9096,420994533,140331511,206732558,42564773,722037,136,420994533,1683978132,841989066
401,21.0842,420994533,140331511,206732558,42010284,722037,136,420994533,1683978132,841989066
402,20.78,420994533,140331511,206732558,42005141,722037,136,420994533,1683978132,841989066
403,20.8984,420994533,140331511,206732558,42026720,722037,136,420994533,1683978132,841989066
404,21.2091,420994533,140331511,206732558,42053362,722037,136,420994533,1683978132,841989066
405,20.9115,420994533,140331511,206732558,42070335,722037,136,420994533,1683978132,841989066
406,20.8989,420994533,140331511,206732558,42043641,722037,136,420994533,1683978132,841989066
407,21.2371,420994533,140331511,206732558,41988520,722037,136,420994533,1683978132,841989066
408,20.7896,420994533,140331511,206732558,41983867,722037,136,420994533,1683978132,841989066
409,20.7857,420994533,140331511,206732558,42015113,722037,136,420994533,1683978132,841989066
410,21.0522,420994533,140331511,206732558,42034031,722037,136,420994533,1683978132,841989066
411,21.0642,420994533,140331511,206732558,42013460,722037,136,420994533,1683978132,841989066
412,20.8973,420994533,140331511,206732558,42043083,722037,136,420994533,1683978132,841989066
413,21.0665,420994533,140331511,206732558,42022575,722037,136,420994533,1683978132,841989066
414,20.9142,420994533,140331511,206732558,41995881,722037,136,420994533,1683978132,841989066
415,20.9021,420994533,140331511,206732558,42057489,722037,136,420994533,1683978132,841989066
416,21.0985,420994533,140331511,206732558,41981344,722037,136,420994533,1683978132,841989066
417,21.0624,420994533,140331511,206732558,42020562,722037,136,420994533,1683978132,841989066
418,20.839,420994533,140331511,206732558,42009438,722037,136,420994533,1683978132,841989066
419,20.8509,420994533,140331511,206732558,42041217,722037,136,420994533,1683978132,841989066
420,20.9664,420994533,140331511,206732558,41963038,722037,136,420994533,1683978132,841989066
421,20.7885,420994533,140331511,206732558,42042871,722037,136,420994533,1683978132,841989066
422,20.9063,420994533,140331511,206732558,42025599,722037,136,420994533,1683978132,841989066
423,21.195,420994533,140331511,206732558,42006302,722037,136,420994533,1683978132,841989066
424,20.8364,420994533,140331511,206732558,42023772,722037,136,420994533,1683978132,841989066
425,20.9145,420994533,140331511,206732558,42042462,722037,136,420994533,1683978132,841989066
426,21.2632,420994533,140331511,206732558,42031931,722037,136,420994533,1683978132,841989066
427,20.8865,420994533,140331511,206732558,42025062,722037,136,420994533,1683978132,841989066
428,20.9084,420994533,140331511,206732558,42051250,722037,136,420994533,1683978132,841989066
429,21.1176,420994533,140331511,206732558,42057072,722037,136,420994533,1683978132,841989066
430,20.7762,420994533,140331511,206732558,42024223,722037,136,420994533,1683978132,841989066
431,20.9218,420994533,140331511,206732558,42017698,722037,136,420994533,1683978132,841989066
432,21.1949,420994533,140331511,206732558,41992760,722037,136,420994533,1683978132,841989066
433,20.8938,420994533,140331511,206732558,42020625,722037,136,420994533,1683978132,841989066
434,20.8984,420994533,140331511,206732558,41991337,722037,136,420994533,1683978132,841989066
435,21.1958,420994533,140331511,206732558,42014704,722037,136,420994533,1683978132,841989066
436,20.8404,420994533,140331511,206732558,42012110,722037,136,420994533,1683978132,841989066
437,20.9119,420994533,140331511,206732558,42031971,722037,136,420994533,1683978132,841989066
438,21.1638,420994533,140331511,206732558,42063669,722037,136,420994533,1683978132,841989066
439,20.9121,420994533,140331511,206732558,42022575,722037,136,420994533,1683978132,841989066
440,20.7823,420994533,140331511,206732558,41984466,722037,136,420994533,1683978132,841989066
441,21.0623,420994533,140331511,206732558,42030957,722037,136,420994533,1683978132,841989066
442,20.9931,420994533,140331511,206732558,41955704,722037,136,420994533,1683978132,841989066
443,20.9114,420994533,140331511,206732558,42530757,722037,136,420994533,1683978132,841989066
444,21.052,420994533,140331511,206732558,42006854,722037,136,420994533,1683978132,841989066
445,20.9247,420994533,140331511,206732558,42040081,722037,136,420994533,1683978132,841989066
446,20.7704,420994533,140331511,206732558,41999744,722037,136,420994533,1683978132,841989066
447,20.8074,420994533,140331511,206732558,42021786,722037,136,420994533,1683978132,841989066
448,20.914,420994533,140331511,206732558,41929508,722037,136,420994533,1683978132,841989066
449,20.7815,420994533,140331511,206732558,42016531,722037,136,420994533,1683978132,841989066
450,20.9096,420994533,140331511,206732558,41979007,722037,136,420994533,1683978132,841989066
451,21.1987,420994533,140331511,206732558,42062944,722037,136,420994533,1683978132,841989066
452,20.7736,420994533,140331511,206732558,42025156,722037,136,420994533,1683978132,841989066
453,20.869,420994533,140331511,206732558,42033452,722037,136,420994533,1683978132,841989066
454,21.1273,420994533,140331511,206732558,41953807,722037,136,420994533,1683978132,841989066
455,20.9074,420994533,140331511,206732558,42040221,722037,136,420994533,1683978132,841989066
456,20.7797,420994533,140331511,206732558,42001279,722037,136,420994533,1683978132,841989066
457,21.1365,420994533,140331511,206732558,42010939,722037,136,420994533,1683978132,841989066
458,20.7721,420994533,140331511,206732558,42013011,722037,136,420994533,1683978132,841989066
459,20.806,420994533,140331511,206732558,42007349,722037,136,420994533,1683978132,841989066
460,21.1283,420994533,140331511,206732558,42023625,722037,136,420994533,1683978132,841989066
461,20.9432,420994533,140331511,206732558,42016428,722037,136,420994533,1683978132,841989066
462,20.9036,420994533,140331511,206732558,41973301,722037,136,420994533,1683978132,841989066
463,20.9876,420994533,140331511,206732558,42059121,722037,136,420994533,1683978132,841989066
464,21.0016,420994533,140331511,206732558,42575835,722037,136,420994533,1683978132,841989066
465,20.9018,420994533,140331511,206732558,42007781,722037,136,420994533,1683978132,841989066
466,20.7956,420994533,140331511,206732558,41989566,722037,136,420994533,1683978132,841989066
467,20.8381,420994533,140331511,206732558,42049182,722037,136,420994533,1683978132,841989066
468,20.7878,420994533,140331511,206732558,42045434,722037,136,420994533,1683978132,841989066
469,20.7816,420994533,140331511,206732558,42015244,722037,136,420994533,1683978132,841989066
470,21.2199,420994533,140331511,206732558,42009001,722037,136,420994533,1683978132,841989066
471,20.7811,420994533,140331511,206732558,41987933,722037,136,420994533,1683978132,841989066
472,20.8491,420994533,140331511,206732558,42051799,722037,136,420994533,1683978132,841989066
473,21.0757,420994533,140331511,206732558,42002759,722037,136,420994533,1683978132,841989066
474,20.8852,420994533,140331511,206732558,42016338,722037,136,420994533,1683978132,841989066
475,20.7724,420994533,140331511,206732558,42031372,722037,136,420994533,1683978132,841989066
476,21.089,420994533,140331511,206732558,42013630,722037,136,420994533,1683978132,841989066
477,20.7956,420994533,140331511,206732558,42001395,722037,136,420994533,1683978132,841989066
478,20.898,420994533,140331511,206732558,42064573,722037,136,420994533,1683978132,841989066
479,21.2009,420994533,140331511,206732558,41988868,722037,136,420994533,1683978132,841989066
480,20.7848,420994533,140331511,206732558,42032482,722037,136,420994533,1683978132,841989066
481,20.7805,420994533,140331511,206732558,41968740,722037,136,420994533,1683978132,841989066
482,20.8627,420994533,140331511,206732558,42042925,722037,136,420994533,1683978132,841989066
483,20.9779,420994533,140331511,206732558,41985378,722037,136,420994533,1683978132,841989066
484,20.8966,420994533,140331511,206732558,42006339,722037,136,420994533,1683978132,841989066
485,20.9051,420994533,140331511,206732558,41990745,722037,136,420994533,1683978132,841989066
486,21.2052,420994533,140331511,206732558,42018809,722037,136,420994533,1683978132,841989066
487,20.7879,420994533,140331511,206732558,42031970,722037,136,420994533,1683978132,841989066
488,20.7781,420994533,140331511,206732558,42041570,722037,136,420994533,1683978132,841989066
489,21.1054,420994533,140331511,206732558,42020648,722037,136,420994533,1683978132,841989066
490,20.7677,420994533,140331511,206732558,41988703,722037,136,420994533,1683978132,841989066
491,20.8272,420994533,140331511,206732558,42019243,722037,136,420994533,1683978132,841989066
492,21.1366,420994533,140331511,206732558,42038349,722037,136,420994533,1683978132,841989066
493,20.7779,420994533,140331511,206732558,42032887,722037,136,420994533,1683978132,841989066
494,20.7747,420994533,140331511,206732558,41979579,722037,136,420994533,1683978132,841989066
495,21.0341,420994533,140331511,206732558,42030810,722037,136,420994533,1683978132,841989066
496,21.0485,420994533,140331511,206732558,41993838,722037,136,420994533,1683978132,841989066
497,20.7907,420994533,140331511,206732558,41992531,722037,136,420994533,1683978132,841989066
498,20.8592,420994533,140331511,206732558,41988134,722037,136,420994533,1683978132,841989066
499,20.7705,420994533,140331511,206732558,42009358,722037,136,420994533,1683978132,841989066
500,20.7851,420994533,140331511,206732558,42054071,722037,136,420994533,1683978132,841989066
501,20.7883,420994533,140331511,206732558,41972009,722037,136,420994533,1683978132,841989066
502,21.2039,420994533,140331511,206732558,42052272,722037,136,420994533,1683978132,841989066
503,20.9044,420994533,140331511,206732558,42031243,722037,136,420994533,1683978132,841989066
504,20.9053,420994533,140331511,206732558,42078939,722037,136,420994533,1683978132,841989066
505,21.2088,420994533,140331511,206732558,42023445,722037,136,420994533,1683978132,841989066
506,20.7717,420994533,140331511,206732558,41950246,722037,136,420994533,1683978132,841989066
507,20.7833,420994533,140331511,206732558,42018820,722037,136,420994533,1683978132,841989066
508,21.1324,420994533,140331511,206732558,41999865,722037,136,420994533,1683978132,841989066
509,20.8368,420994533,140331511,206732558,41983783,722037,136,420994533,1683978132,841989066
510,20.8612,420994533,140331511,206732558,42018322,722037,136,420994533,1683978132,841989066
511,21.1322,420994533,140331511,206732558,42010698,722037,136,420994533,1683978132,841989066
512,20.7773,420994533,140331511,206732558,42047085,722037,136,420994533,1683978132,841989066
513,20.7881,420994533,140331511,206732558,42024983,722037,136,420994533,1683978132,841989066
514,21.1032,420994533,140331511,206732558,42029849,722037,136,420994533,1683978132,841989066
515,21.0502,420994533,140331511,206732558,42004570,722037,136,420994533,1683978132,841989066
516,20.7784,420994533,140331511,206732558,41990604,722037,136,420994533,1683978132,841989066
517,20.837,420994533,140331511,206732558,41975410,722037,136,420994533,1683978132,841989066
518,20.9539,420994533,140331511,206732558,42032258,722037,136,420994533,1683978132,841989066
519,20.7793,420994533,140331511,206732558,42037539,722037,136,420994533,1683978132,841989066
520,20.7857,420994533,140331511,206732558,42042524,722037,136,420994533,1683978132,841989066
521,20.9209,420994533,140331511,206732558,41967332,722037,136,420994533,1683978132,841989066
522,20.9183,420994533,140331511,206732558,42003453,722037,136,420994533,1683978132,841989066
523,21.0179,420994533,140331511,206732558,41997124,722037,136,420994533,1683978132,841989066
524,20.9336,420994533,140331511,206732558,42057304,722037,136,420994533,1683978132,841989066
525,20.8692,420994533,140331511,206732558,42028609,722037,136,420994533,1683978132,841989066
526,20.7919,420994533,140331511,206732558,42065086,722037,136,420994533,1683978132,841989066
527,21.2056,420994533,140331511,206732558,41991776,722037,136,420994533,1683978132,841989066
528,20.9761,420994533,140331511,206732558,42017434,722037,136,420994533,1683978132,841989066
529,20.8443,420994533,140331511,206732558,42034731,722037,136,420994533,1683978132,841989066
530,21.2765,420994533,140331511,206732558,41991981,722037,136,420994533,1683978132,841989066
531,20.8663,420994533,140331511,206732558,42048561,722037,136,420994533,1683978132,841989066
532,20.775,420994533,140331511,206732558,41982882,722037,136,420994533,1683978132,841989066
533,21.132,420994533,140331511,206732558,42045387,722037,136,420994533,1683978132,841989066
534,20.7827,420994533,140331511,206732558,41955626,722037,136,420994533,1683978132,841989066
535,20.7759,420994533,140331511,206732558,42029702,722037,136,420994533,1683978132,841989066
536,21.1888,420994533,140331511,206732558,42015791,722037,136,420994533,1683978132,841989066
537,20.9049,420994533,140331511,206732558,41979974,722037,136,420994533,1683978132,841989066
538,20.7798,420994533,140331511,206732558,42010141,722037,136,420994533,1683978132,841989066
539,20.8526,420994533,140331511,206732558,42025193,722037,136,420994533,1683978132,841989066
540,21.0572,420994533,140331511,206732558,42005611,722037,136,420994533,1683978132,841989066
541,20.8971,420994533,140331511,206732558,42015370,722037,136,420994533,1683978132,841989066
542,20.9118,420994533,140331511,206732558,42033564,722037,136,420994533,1683978132,841989066
543,20.9491,420994533,140331511,206732558,42045004,722037,136,420994533,1683978132,841989066
544,20.7788,420994533,140331511,206732558,42050422,722037,136,420994533,1683978132,841989066
545,20.9087,420994533,140331511,206732558,42003189,722037,136,420994533,1683978132,841989066
546,21.0916,420994533,140331511,206732558,42028031,722037,136,420994533,1683978132,841989066
547,20.7769,420994533,140331511,206732558,42045820,722037,136,420994533,1683978132,841989066
548,20.7811,420994533,140331511,206732558,42020690,722037,136,420994533,1683978132,841989066
549,21.093,420994533,140331511,206732558,42027039,722037,136,420994533,1683978132,841989066
550,20.7839,420994533,140331511,206732558,42055736,722037,136,420994533,1683978132,841989066
551,20.7836,420994533,140331511,206732558,42012429,722037,136,420994533,1683978132,841989066
552,21.1559,420994533,140331511,206732558,42548516,722037,136,420994533,1683978132,841989066
553,20.8628,420994533,140331511,206732558,42044488,722037,136,420994533,1683978132,841989066
554,20.7713,420994533,140331511,206732558,41974634,722037,136,420994533,1683978132,841989066
555,21.1171,420994533,140331511,206732558,42005051,722037,136,420994533,1683978132,841989066
556,21.0522,420994533,140331511,206732558,41960031,722037,136,420994533,1683978132,841989066
557,20.907,420994533,140331511,206732558,42049779,722037,136,420994533,1683978132,841989066
558,20.9163,420994533,140331511,206732558,42008104,722037,136,420994533,1683978132,841989066
559,21.0624,420994533,140331511,206732558,41965028,722037,136,420994533,1683978132,841989066
560,20.7921,420994533,140331511,206732558,42040928,722037,136,420994533,1683978132,841989066
561,21.1107,420994533,140331511,206732558,41977043,722037,136,420994533,1683978132,841989066
562,20.9185,420994533,140331511,206732558,41970898,722037,136,420994533,1683978132,841989066
563,20.781,420994533,140331511,206732558,42035047,722037,136,420994533,1683978132,841989066
564,20.7809,420994533,140331511,206732558,42011387,722037,136,420994533,1683978132,841989066
565,21.0475,420994533,140331511,206732558,42040254,722037,136,420994533,1683978132,841989066
566,20.7726,420994533,140331511,206732558,42026794,722037,136,420994533,1683978132,841989066
567,20.9075,420994533,140331511,206732558,42007985,722037,136,420994533,1683978132,841989066
568,20.9788,420994533,140331511,206732558,41992559,722037,136,420994533,1683978132,841989066
569,20.8483,420994533,140331511,206732558,42000662,722037,136,420994533,1683978132,841989066
570,20.9161,420994533,140331511,206732558,42011380,722037,136,420994533,1683978132,841989066
571,21.2814,420994533,140331511,206732558,42562786,722037,136,420994533,1683978132,841989066
572,20.7897,420994533,140331511,206732558,41985064,722037,136,420994533,1683978132,841989066
573,20.9224,420994533,140331511,206732558,42599766,722037,136,420994533,1683978132,841989066
574,21.2056,420994533,140331511,206732558,42063812,722037,136,420994533,1683978132,841989066
575,20.7696,420994533,140331511,206732558,41985502,722037,136,420994533,1683978132,841989066
576,20.7912,420994533,140331511,206732558,42542564,722037,136,420994533,1683978132,841989066
577,21.1868,420994533,140331511,206732558,41958467,722037,136,420994533,1683978132,841989066
578,20.9003,420994533,140331511,206732558,42031578,722037,136,420994533,1683978132,841989066
579,20.9108,420994533,140331511,206732558,42030842,722037,136,420994533,1683978132,841989066
580,21.1981,420994533,140331511,206732558,42044903,722037,136,420994533,1683978132,841989066
581,20.7835,420994533,140331511,206732558,42073802,722037,136,420994533,1683978132,841989066
582,20.922,420994533,140331511,206732558,42528375,722037,136,420994533,1683978132,841989066
583,21.1814,420994533,140331511,206732558,42008450,722037,136,420994533,1683978132,841989066
584,20.8928,420994533,140331511,206732558,42021310,722037,136,420994533,1683978132,841989066
585,20.9264,420994533,140331511,206732558,42512163,722037,136,420994533,1683978132,841989066
586,21.116,420994533,140331511,206732558,42010362,722037,136,420994533,1683978132,841989066
587,20.898,420994533,140331511,206732558,41988589,722037,136,420994533,1683978132,841989066
588,20.8917,420994533,140331511,206732558,42025196,722037,136,420994533,1683978132,841989066
589,21.1149,420994533,140331511,206732558,42035499,722037,136,420994533,1683978132,841989066
590,20.8375,420994533,140331511,206732558,42028710,722037,136,420994533,1683978132,841989066
591,20.7821,420994533,140331511,206732558,42037196,722037,136,420994533,1683978132,841989066
592,20.9055,420994533,140331511,206732558,42046214,722037,136,420994533,1683978132,841989066
593,20.8444,420994533,140331511,206732558,42021697,722037,136,420994533,1683978132,841989066
594,20.7944,420994533,140331511,206732558,42034149,722037,136,420994533,1683978132,841989066
595,21.1865,420994533,140331511,206732558,42042414,722037,136,420994533,1683978132,841989066
596,20.9026,420994533,140331511,206732558,42031156,722037,136,420994533,1683978132,841989066
597,20.7883,420994533,140331511,206732558,41974623,722037,136,420994533,1683978132,841989066
598,21.0909,420994533,140331511,206732558,42088540,722037,136,420994533,1683978132,841989066
599,20.8975,420994533,140331511,206732558,42033883,722037,136,420994533,1683978132,841989066
600,20.7873,420994533,140331511,206732558,42014069,722037,136,420994533,1683978132,841989066
601,21.0996,420994533,140331511,206732558,42020881,722037,136,420994533,1683978132,841989066
602,21.0612,420994533,140331511,206732558,41961079,722037,136,420994533,1683978132,841989066
603,20.7819,420994533,140331511,206732558,41969366,722037,136,420994533,1683978132,841989066
604,20.7772,420994533,140331511,206732558,41996641,722037,136,420994533,1683978132,841989066
605,21.0482,420994533,140331511,206732558,42004004,722037,136,420994533,1683978132,841989066
606,20.7816,420994533,140331511,206732558,41996867,722037,136,420994533,1683978132,841989066
607,20.9141,420994533,140331511,206732558,42056501,722037,136,420994533,1683978132,841989066
608,21.0004,420994533,140331511,206732558,42080283,722037,136,420994533,1683978132,841989066
609,20.907,420994533,140331511,206732558,42033668,722037,136,420994533,1683978132,841989066
610,20.8941,420994533,140331511,206732558,42034314,722037,136,420994533,1683978132,841989066
611,20.93,420994533,140331511,206732558,42068618,722037,136,420994533,1683978132,841989066
612,20.8651,420994533,140331511,206732558,41983450,722037,136,420994533,1683978132,841989066
613,20.8444,420994533,140331511,206732558,41977761,722037,136,420994533,1683978132,841989066
614,20.9941,420994533,140331511,206732558,41990411,722037,136,420994533,1683978132,841989066
615,20.9047,420994533,140331511,206732558,42066613,722037,136,420994533,1683978132,841989066
616,20.9007,420994533,140331511,206732558,42029324,722037,136,420994533,1683978132,841989066
617,21.1036,420994533,140331511,206732558,42047817,722037,136,420994533,1683978132,841989066
618,20.8593,420994533,140331511,206732558,42029727,722037,136,420994533,1683978132,841989066
619,21.1203,420994533,140331511,206732558,42000510,722037,136,420994533,1683978132,841989066
620,20.99,420994533,140331511,206732558,42026204,722037,136,420994533,1683978132,841989066
621,20.9025,420994533,140331511,206732558,42015496,722037,136,420994533,1683978132,841989066
622,21.0396,420994533,140331511,206732558,42034082,722037,136,420994533,1683978132,841989066
623,21.0585,420994533,140331511,206732558,42035813,722037,136,420994533,1683978132,841989066
624,20.907,420994533,140331511,206732558,42048015,722037,136,420994533,1683978132,841989066
625,20.9047,420994533,140331511,206732558,42040099,722037,136,420994533,1683978132,841989066
626,20.7647,420994533,140331511,206732558,41986882,722037,136,420994533,1683978132,841989066
627,20.8974,420994533,140331511,206732558,42013653,722037,136,420994533,1683978132,841989066
628,20.8923,420994533,140331511,206732558,42072518,722037,136,420994533,1683978132,841989066
629,20.7841,420994533,140331511,206732558,42005695,722037,136,420994533,1683978132,841989066
630,20.8949,420994533,140331511,206732558,42004760,722037,136,420994533,1683978132,841989066
631,20.8994,420994533,140331511,206732558,42037435,722037,136,420994533,1683978132,841989066
632,21.2029,420994533,140331511,206732558,41996015,722037,136,420994533,1683978132,841989066
633,20.776,420994533,140331511,206732558,42030236,722037,136,420994533,1683978132,841989066
634,20.7937,420994533,140331511,206732558,42025356,722037,136,420994533,1683978132,841989066
635,21.0764,420994533,140331511,206732558,41975288,722037,136,420994533,1683978132,841989066
636,20.862,420994533,140331511,206732558,42034061,722037,136,420994533,1683978132,841989066
637,20.7641,420994533,140331511,206732558,42026694,722037,136,420994533,1683978132,841989066
638,21.0836,420994533,140331511,206732558,41972087,722037,136,420994533,1683978132,841989066
639,20.841,420994533,140331511,206732558,42024508,722037,136,420994533,1683978132,841989066
640,20.7747,420994533,140331511,206732558,42013419,722037,136,420994533,1683978132,841989066
641,21.1574,420994533,140331511,206732558,42001295,722037,136,420994533,1683978132,841989066
642,20.798,420994533,140331511,206732558,42050820,722037,136,420994533,1683978132,841989066
643,20.7652,420994533,140331511,206732558,42044464,722037,136,420994533,1683978132,841989066
644,20.8575,420994533,140331511,206732558,41986795,722037,136,420994533,1683978132,841989066
645,21.1959,420994533,140331511,206732558,41976895,722037,136,420994533,1683978132,841989066
646,20.7722,420994533,140331511,206732558,42000455,722037,136,420994533,1683978132,841989066
647,20.7663,420994533,140331511,206732558,42055307,722037,136,420994533,1683978132,841989066
648,21.0684,420994533,140331511,206732558,42025289,722037,136,420994533,1683978132,841989066
649,20.895,420994533,140331511,206732558,42039355,722037,136,420994533,1683978132,841989066
650,20.7736,420994533,140331511,206732558,41972297,722037,136,420994533,1683978132,841989066
651,21.0862,420994533,140331511,206732558,42066771,722037,136,420994533,1683978132,841989066
652,20.773,420994533,140331511,206732558,42013774,722037,136,420994533,1683978132,841989066
653,20.7829,420994533,140331511,206732558,42023159,722037,136,420994533,1683978132,841989066
654,20.842,420994533,140331511,206732558,42018068,722037,136,420994533,1683978132,841989066
655,21.0416,420994533,140331511,206732558,42052018,722037,136,420994533,1683978132,841989066
656,20.9085,420994533,140331511,206732558,42039426,722037,136,420994533,1683978132,841989066
657,20.799,420994533,140331511,206732558,42027002,722037,136,420994533,1683978132,841989066
658,21.0126,420994533,140331511,206732558,42040331,722037,136,420994533,1683978132,841989066
659,20.7967,420994533,140331511,206732558,42016487,722037,136,420994533,1683978132,841989066
660,20.7959,420994533,140331511,206732558,41989825,722037,136,420994533,1683978132,841989066
661,21.1979,420994533,140331511,206732558,42001424,722037,136,420994533,1683978132,841989066
662,20.9676,420994533,140331511,206732558,42033287,722037,136,420994533,1683978132,841989066
663,20.7842,420994533,140331511,206732558,42005458,722037,136,420994533,1683978132,841989066
664,21.1074,420994533,140331511,206732558,42003075,722037,136,420994533,1683978132,841989066
665,20.9116,420994533,140331511,206732558,42045130,722037,136,420994533,1683978132,841989066
666,21.0281,420994533,140331511,206732558,42537802,722037,136,420994533,1683978132,841989066
667,21.2009,420994533,140331511,206732558,42000323,722037,136,420994533,1683978132,841989066
668,20.8604,420994533,140331511,206732558,42006715,722037,136,420994533,1683978132,841989066
669,20.7809,420994533,140331511,206732558,41990166,722037,136,420994533,1683978132,841989066
670,21.1328,420994533,140331511,206732558,42012874,722037,136,420994533,1683978132,841989066
671,20.7851,420994533,140331511,206732558,42006343,722037,136,420994533,1683978132,841989066
672,20.7864,420994533,140331511,206732558,42055006,722037,136,420994533,1683978132,841989066
673,21.1774,420994533,140331511,206732558,42006240,722037,136,420994533,1683978132,841989066
674,20.8987,420994533,140331511,206732558,41996938,722037,136,420994533,1683978132,841989066
675,20.7816,420994533,140331511,206732558,42031560,722037,136,420994533,1683978132,841989066
676,21.1077,420994533,140331511,206732558,42004946,722037,136,420994533,1683978132,841989066
677,20.9864,420994533,140331511,206732558,41981679,722037,136,420994533,1683978132,841989066
678,20.7785,420994533,140331511,206732558,42000358,722037,136,420994533,1683978132,841989066
679,20.7703,420994533,140331511,206732558,41990268,722037,136,420994533,1683978132,841989066
680,21.0719,420994533,140331511,206732558,41973511,722037,136,420994533,1683978132,841989066
681,20.787,420994533,140331511,206732558,41997710,722037,136,420994533,1683978132,841989066
682,20.8006,420994533,140331511,206732558,41989475,722037,136,420994533,1683978132,841989066
683,21.0788,420994533,140331511,206732558,42006333,722037,136,420994533,1683978132,841989066
684,20.8557,420994533,140331511,206732558,42014068,722037,136,420994533,1683978132,841989066
685,20.9075,420994533,140331511,206732558,42049239,722037,136,420994533,1683978132,841989066
686,21.2707,420994533,140331511,206732558,41933295,722037,136,420994533,1683978132,841989066
687,20.9113,420994533,140331511,206732558,42027083,722037,136,420994533,1683978132,841989066
688,20.9242,420994533,140331511,206732558,41983273,722037,136,420994533,1683978132,841989066
689,21.2068,420994533,140331511,206732558,41979001,722037,136,420994533,1683978132,841989066
690,20.8456,420994533,140331511,206732558,42024109,722037,136,420994533,1683978132,841989066
691,20.8624,420994533,140331511,206732558,41978565,722037,136,420994533,1683978132,841989066
692,21.1958,420994533,140331511,206732558,42001031,722037,136,420994533,1683978132,841989066
693,20.7884,420994533,140331511,206732558,42030427,722037,136,420994533,1683978132,841989066
694,20.7748,420994533,140331511,206732558,41975578,722037,136,420994533,1683978132,841989066
695,21.0112,420994533,140331511,206732558,42075402,722037,136,420994533,1683978132,841989066
696,21.0542,420994533,140331511,206732558,42046161,722037,136,420994533,1683978132,841989066
697,20.8897,420994533,140331511,206732558,42023804,722037,136,420994533,1683978132,841989066
698,21.1173,420994533,140331511,206732558,41999805,722037,136,420994533,1683978132,841989066
699,20.9971,420994533,140331511,206732558,41971545,722037,136,420994533,1683978132,841989066
700,20.7773,420994533,140331511,206732558,42030625,722037,136,420994533,1683978132,841989066
701,20.9004,420994533,140331511,206732558,41996504,722037,136,420994533,1683978132,841989066
702,21.0135,420994533,140331511,206732558,42007666,722037,136,420994533,1683978132,841989066
703,20.8926,420994533,140331511,206732558,42005193,722037,136,420994533,1683978132,841989066
704,20.9298,420994533,140331511,206732558,42032162,722037,136,420994533,1683978132,841989066
705,21.0448,420994533,140331511,206732558,41962143,722037,136,420994533,1683978132,841989066
706,20.8924,420994533,140331511,206732558,41998724,722037,136,420994533,1683978132,841989066
707,20.9167,420994533,140331511,206732558,41973698,722037,136,420994533,1683978132,841989066
708,21.0777,420994533,140331511,206732558,41988758,722037,136,420994533,1683978132,841989066
709,20.9045,420994533,140331511,206732558,42024928,722037,136,420994533,1683978132,841989066
710,21.0631,420994533,140331511,206732558,42029708,722037,136,420994533,1683978132,841989066
711,20.9314,420994533,140331511,206732558,42003658,722037,136,420994533,1683978132,841989066
712,20.8967,420994533,140331511,206732558,41989755,722037,136,420994533,1683978132,841989066
713,20.9159,420994533,140331511,206732558,42067109,722037,136,420994533,1683978132,841989066
714,21.0648,420994533,140331511,206732558,42009546,722037,136,420994533,1683978132,841989066
715,20.7717,420994533,140331511,206732558,42061560,722037,136,420994533,1683978132,841989066
716,20.8577,420994533,140331511,206732558,41987290,722037,136,420994533,1683978132,841989066
717,20.8431,420994533,140331511,206732558,42077822,722037,136,420994533,1683978132,841989066
718,20.778,420994533,140331511,206732558,41959053,722037,136,420994533,1683978132,841989066
719,21.037,420994533,140331511,206732558,42018139,722037,136,420994533,1683978132,841989066
720,21.0572,420994533,140331511,206732558,42054292,722037,136,420994533,1683978132,841989066
721,20.7727,420994533,140331511,206732558,42054096,722037,136,420994533,1683978132,841989066
722,20.912,420994533,140331511,206732558,42049543,722037,136,420994533,1683978132,841989066
723,20.9992,420994533,140331511,206732558,42021790,722037,136,420994533,1683978132,841989066
724,20.8961,420994533,140331511,206732558,41992850,722037,136,420994533,1683978132,841989066
725,20.7773,420994533,140331511,206732558,41990614,722037,136,420994533,1683978132,841989066
726,21.0814,420994533,140331511,206732558,42037798,722037,136,420994533,1683978132,841989066
727,20.7924,420994533,140331511,206732558,41951269,722037,136,420994533,1683978132,841989066
728,20.9074,420994533,140331511,206732558,42057800,722037,136,420994533,1683978132,841989066
729,20.9009,420994533,140331511,206732558,42083674,722037,136,420994533,1683978132,841989066
730,20.907,420994533,140331511,206732558,42046709,722037,136,420994533,1683978132,841989066
731,20.9107,420994533,140331511,206732558,42045286,722037,136,420994533,1683978132,841989066
732,20.8468,420994533,140331511,206732558,42026727,722037,136,420994533,1683978132,841989066
733,20.7772,420994533,140331511,206732558,41989824,722037,136,420994533,1683978132,841989066
734,21.1154,420994533,140331511,206732558,42009961,722037,136,420994533,1683978132,841989066
735,20.9935,420994533,140331511,206732558,42019540,722037,136,420994533,1683978132,841989066
736,20.7739,420994533,140331511,206732558,42044607,722037,136,420994533,1683978132,841989066
737,20.7874,420994533,140331511,206732558,41972926,722037,136,420994533,1683978132,841989066
738,21.0699,420994533,140331511,206732558,42028803,722037,136,420994533,1683978132,841989066
739,20.7758,420994533,140331511,206732558,42008520,722037,136,420994533,1683978132,841989066
740,20.8548,420994533,140331511,206732558,42022570,722037,136,420994533,1683978132,841989066
741,20.9081,420994533,140331511,206732558,41988486,722037,136,420994533,1683978132,841989066
742,20.9014,420994533,140331511,206732558,42004933,722037,136,420994533,1683978132,841989066
743,21.1038,420994533,140331511,206732558,42045403,722037,136,420994533,1683978132,841989066
744,21.0616,420994533,140331511,206732558,41986609,722037,136,420994533,1683978132,841989066
745,20.9,420994533,140331511,206732558,42027994,722037,136,420994533,1683978132,841989066
746,21.0529,420994533,140331511,206732558,42028164,722037,136,420994533,1683978132,841989066
747,20.9084,420994533,140331511,206732558,42027793,722037,136,420994533,1683978132,841989066
748,20.8944,420994533,140331511,206732558,42014652,722037,136,420994533,1683978132,841989066
749,20.9155,420994533,140331511,206732558,42063923,722037,136,420994533,1683978132,841989066
750,20.8384,420994533,140331511,206732558,42025218,722037,136,420994533,1683978132,841989066
751,20.8938,420994533,140331511,206732558,42027747,722037,136,420994533,1683978132,841989066
752,20.8452,420994533,140331511,206732558,41980133,722037,136,420994533,1683978132,841989066
753,21.0344,420994533,140331511,206732558,42005725,722037,136,420994533,1683978132,841989066
754,20.804,420994533,140331511,206732558,42041218,722037,136,420994533,1683978132,841989066
755,20.9204,420994533,140331511,206732558,42010385,722037,136,420994533,1683978132,841989066
756,21.0865,420994533,140331511,206732558,42002823,722037,136,420994533,1683978132,841989066
757,20.8987,420994533,140331511,206732558,41983222,722037,136,420994533,1683978132,841989066
758,20.9025,420994533,140331511,206732558,42015434,722037,136,420994533,1683978132,841989066
759,21.2061,420994533,140331511,206732558,41996139,722037,136,420994533,1683978132,841989066
760,20.7617,420994533,140331511,206732558,41999953,722037,136,420994533,1683978132,841989066
761,20.7791,420994533,140331511,206732558,41981990,722037,136,420994533,1683978132,841989066
762,21.2444,420994533,140331511,206732558,41951757,722037,136,420994533,1683978132,841989066
763,20.854,420994533,140331511,206732558,42002641,722037,136,420994533,1683978132,841989066
764,20.8724,420994533,140331511,206732558,42006630,722037,136,420994533,1683978132,841989066
765,21.2135,420994533,140331511,206732558,42018696,722037,136,420994533,1683978132,841989066
766,20.9038,420994533,140331511,206732558,42026874,722037,136,420994533,1683978132,841989066
767,20.8629,420994533,140331511,206732558,42001561,722037,136,420994533,1683978132,841989066
768,21.0538,420994533,140331511,206732558,42023911,722037,136,420994533,1683978132,841989066
769,21.036,420994533,140331511,206732558,41996339,722037,136,420994533,1683978132,841989066
770,20.9099,420994533,140331511,206732558,41968561,722037,136,420994533,1683978132,841989066
771,21.1304,420994533,140331511,206732558,42016483,722037,136,420994533,1683978132,841989066
772,21.1199,420994533,140331511,206732558,42018710,722037,136,420994533,1683978132,841989066
773,20.9945,420994533,140331511,206732558,42020355,722037,136,420994533,1683978132,841989066
774,21.1418,420994533,140331511,206732558,41938527,722037,136,420994533,1683978132,841989066
775,20.893,420994533,140331511,206732558,41968473,722037,136,420994533,1683978132,841989066
776,20.9062,420994533,140331511,206732558,41971977,722037,136,420994533,1683978132,841989066
777,20.8454,420994533,140331511,206732558,41952576,722037,136,420994533,1683978132,841989066
778,20.9103,420994533,140331511,206732558,42018586,722037,136,420994533,1683978132,841989066
779,20.8999,420994533,140331511,206732558,42069949,722037,136,420994533,1683978132,841989066
780,21.1172,420994533,140331511,206732558,42001821,722037,136,420994533,1683978132,841989066
781,21.0554,420994533,140331511,206732558,42019227,722037,136,420994533,1683978132,841989066
782,20.9843,420994533,140331511,206732558,42019379,722037,136,420994533,1683978132,841989066
783,21.2012,420994533,140331511,206732558,42022982,722037,136,420994533,1683978132,841989066
784,21.0668,420994533,140331511,206732558,42083697,722037,136,420994533,1683978132,841989066
785,20.789,420994533,140331511,206732558,42003196,722037,136,420994533,1683978132,841989066
786,20.9082,420994533,140331511,206732558,41950497,722037,136,420994533,1683978132,841989066
787,21.0571,420994533,140331511,206732558,42061996,722037,136,420994533,1683978132,841989066
788,20.7774,420994533,140331511,206732558,41998213,722037,136,420994533,1683978132,841989066
789,20.8508,420994533,140331511,206732558,42030890,722037,136,420994533,1683978132,841989066
790,21.0612,420994533,140331511,206732558,41978142,722037,136,420994533,1683978132,841989066
791,20.9875,420994533,140331511,206732558,42003123,722037,136,420994533,1683978132,841989066
792,20.8624,420994533,140331511,206732558,41999694,722037,136,420994533,1683978132,841989066
793,21.1293,420994533,140331511,206732558,42022741,722037,136,420994533,1683978132,841989066
794,20.7854,420994533,140331511,206732558,41997188,722037,136,420994533,1683978132,841989066
795,20.9132,420994533,140331511,206732558,42022327,722037,136,420994533,1683978132,841989066
796,21.0779,420994533,140331511,206732558,41982565,722037,136,420994533,1683978132,841989066
797,20.7931,420994533,140331511,206732558,42033262,722037,136,420994533,1683978132,841989066
798,20.7963,420994533,140331511,206732558,42532055,722037,136,420994533,1683978132,841989066
799,21.1668,420994533,140331511,206732558,41960286,722037,136,420994533,1683978132,841989066
800,20.8068,420994533,140331511,206732558,41968886,722037,136,420994533,1683978132,841989066
801,20.837,420994533,140331511,206732558,41999431,722037,136,420994533,1683978132,841989066
802,21.1798,420994533,140331511,206732558,42029027,722037,136,420994533,1683978132,841989066
803,20.8709,420994533,140331511,206732558,42003709,722037,136,420994533,1683978132,841989066
804,20.7921,420994533,140331511,206732558,41981558,722037,136,420994533,1683978132,841989066
805,20.7844,420994533,140331511,206732558,42032350,722037,136,420994533,1683978132,841989066
806,21.0719,420994533,140331511,206732558,42026787,722037,136,420994533,1683978132,841989066
807,20.7743,420994533,140331511,206732558,42041644,722037,136,420994533,1683978132,841989066
808,20.8986,420994533,140331511,206732558,42030520,722037,136,420994533,1683978132,841989066
809,21.0836,420994533,140331511,206732558,41995649,722037,136,420994533,1683978132,841989066
810,20.7788,420994533,140331511,206732558,42028099,722037,136,420994533,1683978132,841989066
811,20.8514,420994533,140331511,206732558,42042539,722037,136,420994533,1683978132,841989066
812,21.1656,420994533,140331511,206732558,42034194,722037,136,420994533,1683978132,841989066
813,20.8777,420994533,140331511,206732558,42037136,722037,136,420994533,1683978132,841989066
814,20.8492,420994533,140331511,206732558,42018698,722037,136,420994533,1683978132,841989066
815,21.036,420994533,140331511,206732558,41974394,722037,136,420994533,1683978132,841989066
816,21.0656,420994533,140331511,206732558,42023880,722037,136,420994533,1683978132,841989066
817,20.9043,420994533,140331511,206732558,42006522,722037,136,420994533,1683978132,841989066
818,20.8421,420994533,140331511,206732558,41977155,722037,136,420994533,1683978132,841989066
819,20.9053,420994533,140331511,206732558,42015237,722037,136,420994533,1683978132,841989066
820,20.7793,420994533,140331511,206732558,41989761,722037,136,420994533,1683978132,841989066
821,20.7853,420994533,140331511,206732558,42032853,722037,136,420994533,1683978132,841989066
822,21.216,420994533,140331511,206732558,42070388,722037,136,420994533,1683978132,841989066
823,20.854,420994533,140331511,206732558,42024522,722037,136,420994533,1683978132,841989066
824,20.8756,420994533,140331511,206732558,42015962,722037,136,420994533,1683978132,841989066
825,21.0953,420994533,140331511,206732558,41975674,722037,136,420994533,1683978132,841989066
826,20.7748,420994533,140331511,206732558,41975592,722037,136,420994533,1683978132,841989066
827,20.793,420994533,140331511,206732558,41978300,722037,136,420994533,1683978132,841989066
828,21.0752,420994533,140331511,206732558,42006921,722037,136,420994533,1683978132,841989066
829,20.9295,420994533,140331511,206732558,41997308,722037,136,420994533,1683978132,841989066
830,20.7848,420994533,140331511,206732558,42011815,722037,136,420994533,1683978132,841989066
831,21.0825,420994533,140331511,206732558,41976472,722037,136,420994533,1683978132,841989066
832,20.8351,420994533,140331511,206732558,42052294,722037,136,420994533,1683978132,841989066
833,20.8502,420994533,140331511,206732558,42007933,722037,136,420994533,1683978132,841989066
834,20.9541,420994533,140331511,206732558,42040383,722037,136,420994533,1683978132,841989066
835,21.0889,420994533,140331511,206732558,41993792,722037,136,420994533,1683978132,841989066
836,20.9039,420994533,140331511,206732558,42018403,722037,136,420994533,1683978132,841989066
837,20.9117,420994533,140331511,206732558,41964973,722037,136,420994533,1683978132,841989066
838,21.038,420994533,140331511,206732558,42020321,722037,136,420994533,1683978132,841989066
839,20.9082,420994533,140331511,206732558,42047617,722037,136,420994533,1683978132,841989066
840,20.8178,420994533,140331511,206732558,42027113,722037,136,420994533,1683978132,841989066
841,20.9682,420994533,140331511,206732558,42004259,722037,136,420994533,1683978132,841989066
842,20.9159,420994533,140331511,206732558,42030504,722037,136,420994533,1683978132,841989066
843,20.8558,420994533,140331511,206732558,42053261,722037,136,420994533,1683978132,841989066
844,21.2805,420994533,140331511,206732558,41985957,722037,136,420994533,1683978132,841989066
845,20.9223,420994533,140331511,206732558,41991211,722037,136,420994533,1683978132,841989066
846,20.7845,420994533,140331511,206732558,41987443,722037,136,420994533,1683978132,841989066
847,21.1023,420994533,140331511,206732558,42023709,722037,136,420994533,1683978132,841989066
848,20.7797,420994533,140331511,206732558,42049147,722037,136,420994533,1683978132,841989066
849,20.7877,420994533,140331511,206732558,42018017,722037,136,420994533,1683978132,841989066
850,21.0853,420994533,140331511,206732558,41996047,722037,136,420994533,1683978132,841989066
851,20.9569,420994533,140331511,206732558,42009205,722037,136,420994533,1683978132,841989066
852,20.8665,420994533,140331511,206732558,42012378,722037,136,420994533,1683978132,841989066
853,21.1234,420994533,140331511,206732558,42079687,722037,136,420994533,1683978132,841989066
854,20.8654,420994533,140331511,206732558,41976090,722037,136,420994533,1683978132,841989066
855,20.8757,420994533,140331511,206732558,42047345,722037,136,420994533,1683978132,841989066
856,21.0629,420994533,140331511,206732558,42058263,722037,136,420994533,1683978132,841989066
857,21.0379,420994533,140331511,206732558,42047831,722037,136,420994533,1683978132,841989066
858,20.9056,420994533,140331511,206732558,42020195,722037,136,420994533,1683978132,841989066
859,20.9083,420994533,140331511,206732558,41986606,722037,136,420994533,1683978132,841989066
860,20.9484,420994533,140331511,206732558,42024256,722037,136,420994533,1683978132,841989066
861,20.9083,420994533,140331511,206732558,42031103,722037,136,420994533,1683978132,841989066
862,20.9119,420994533,140331511,206732558,42001422,722037,136,420994533,1683978132,841989066
863,21.1466,420994533,140331511,206732558,41987467,722037,136,420994533,1683978132,841989066
864,20.994,420994533,140331511,206732558,41950571,722037,136,420994533,1683978132,841989066
865,20.9115,420994533,140331511,206732558,42042051,722037,136,420994533,1683978132,841989066
866,21.216,420994533,140331511,206732558,41990535,722037,136,420994533,1683978132,841989066
867,20.8539,420994533,140331511,206732558,42022542,722037,136,420994533,1683978132,841989066
868,20.7763,420994533,140331511,206732558,41973614,722037,136,420994533,1683978132,841989066
869,21.0908,420994533,140331511,206732558,42029590,722037,136,420994533,1683978132,841989066
870,20.7786,420994533,140331511,206732558,42054758,722037,136,420994533,1683978132,841989066
871,20.7832,420994533,140331511,206732558,42001446,722037,136,420994533,1683978132,841989066
872,21.0733,420994533,140331511,206732558,42035693,722037,136,420994533,1683978132,841989066
873,20.9324,420994533,140331511,206732558,41955957,722037,136,420994533,1683978132,841989066
874,20.8447,420994533,140331511,206732558,42087881,722037,136,420994533,1683978132,841989066
875,21.1561,420994533,140331511,206732558,41996498,722037,136,420994533,1683978132,841989066
876,20.8121,420994533,140331511,206732558,41959495,722037,136,420994533,1683978132,841989066
877,20.8629,420994533,140331511,206732558,42022024,722037,136,420994533,1683978132,841989066
878,20.915,420994533,140331511,206732558,41997876,722037,136,420994533,1683978132,841989066
879,21.2033,420994533,140331511,206732558,42009454,722037,136,420994533,1683978132,841989066
880,20.8919,420994533,140331511,206732558,42047480,722037,136,420994533,1683978132,841989066
881,20.7848,420994533,140331511,206732558,42027268,722037,136,420994533,1683978132,841989066
882,21.2089,420994533,140331511,206732558,41995410,722037,136,420994533,1683978132,841989066
883,20.7632,420994533,140331511,206732558,42017466,722037,136,420994533,1683978132,841989066
884,20.8103,420994533,140331511,206732558,42042580,722037,136,420994533,1683978132,841989066
885,21.2716,420994533,140331511,206732558,41995218,722037,136,420994533,1683978132,841989066
886,20.8734,420994533,140331511,206732558,42010279,722037,136,420994533,1683978132,841989066
887,20.7864,420994533,140331511,206732558,41983217,722037,136,420994533,1683978132,841989066
888,21.2139,420994533,140331511,206732558,42031692,722037,136,420994533,1683978132,841989066
889,20.9017,420994533,140331511,206732558,41997874,722037,136,420994533,1683978132,841989066
890,20.8978,420994533,140331511,206732558,42026050,722037,136,420994533,1683978132,841989066
891,21.2246,420994533,140331511,206732558,42091544,722037,136,420994533,1683978132,841989066
892,20.7867,420994533,140331511,206732558,42002924,722037,136,420994533,1683978132,841989066
893,20.7985,420994533,140331511,206732558,42008987,722037,136,420994533,1683978132,841989066
894,20.8515,420994533,140331511,206732558,42009855,722037,136,420994533,1683978132,841989066
895,20.8905,420994533,140331511,206732558,41985733,722037,136,420994533,1683978132,841989066
896,20.7793,420994533,140331511,206732558,42045631,722037,136,420994533,1683978132,841989066
897,21.112,420994533,140331511,206732558,42026441,722037,136,420994533,1683978132,841989066
898,21.045,420994533,140331511,206732558,42013116,722037,136,420994533,1683978132,841989066
899,20.7818,420994533,140331511,206732558,42045836,722037,136,420994533,1683978132,841989066
900,20.7926,420994533,140331511,206732558,41995046,722037,136,420994533,1683978132,841989066
901,20.9258,420994533,140331511,206732558,42059597,722037,136,420994533,1683978132,841989066
902,20.8001,420994533,140331511,206732558,42001527,722037,136,420994533,1683978132,841989066
903,20.9106,420994533,140331511,206732558,42064083,722037,136,420994533,1683978132,841989066
904,21.182,420994533,140331511,206732558,42057579,722037,136,420994533,1683978132,841989066
905,20.8613,420994533,140331511,206732558,42000011,722037,136,420994533,1683978132,841989066
906,20.8566,420994533,140331511,206732558,42049800,722037,136,420994533,1683978132,841989066
907,21.3062,420994533,140331511,206732558,42031041,722037,136,420994533,1683978132,841989066
908,20.8535,420994533,140331511,206732558,42006796,722037,136,420994533,1683978132,841989066
909,20.7818,420994533,140331511,206732558,42036558,722037,136,420994533,1683978132,841989066
910,21.2091,420994533,140331511,206732558,42032331,722037,136,420994533,1683978132,841989066
911,20.7947,420994533,140331511,206732558,41990986,722037,136,420994533,1683978132,841989066
912,20.7956,420994533,140331511,206732558,42028840,722037,136,420994533,1683978132,841989066
913,21.2314,420994533,140331511,206732558,42011541,722037,136,420994533,1683978132,841989066
914,20.9882,420994533,140331511,206732558,42029146,722037,136,420994533,1683978132,841989066
915,20.8827,420994533,140331511,206732558,42062075,722037,136,420994533,1683978132,841989066
916,21.322,420994533,140331511,206732558,42055482,722037,136,420994533,1683978132,841989066
917,21.1354,420994533,140331511,206732558,41975904,722037,136,420994533,1683978132,841989066
918,20.8651,420994533,140331511,206732558,42021959,722037,136,420994533,1683978132,841989066
919,20.8577,420994533,140331511,206732558,42058888,722037,136,420994533,1683978132,841989066
920,21.0015,420994533,140331511,206732558,42040192,722037,136,420994533,1683978132,841989066
921,20.9134,420994533,140331511,206732558,41998851,722037,136,420994533,1683978132,841989066
922,20.7785,420994533,140331511,206732558,42083268,722037,136,420994533,1683978132,841989066
923,21.2114,420994533,140331511,206732558,41995476,722037,136,420994533,1683978132,841989066
924,20.968,420994533,140331511,206732558,42013669,722037,136,420994533,1683978132,841989066
925,20.8751,420994533,140331511,206732558,42018901,722037,136,420994533,1683978132,841989066
926,21.3014,420994533,140331511,206732558,41993498,722037,136,420994533,1683978132,841989066
927,20.8667,420994533,140331511,206732558,42510947,722037,136,420994533,1683978132,841989066
928,20.8924,420994533,140331511,206732558,41994134,722037,136,420994533,1683978132,841989066
929,21.1924,420994533,140331511,206732558,41991138,722037,136,420994533,1683978132,841989066
930,20.9039,420994533,140331511,206732558,42000664,722037,136,420994533,1683978132,841989066
931,20.9034,420994533,140331511,206732558,42004308,722037,136,420994533,1683978132,841989066
932,21.2057,420994533,140331511,206732558,42004131,722037,136,420994533,1683978132,841989066
933,20.9176,420994533,140331511,206732558,42046909,722037,136,420994533,1683978132,841989066
934,20.7854,420994533,140331511,206732558,42043544,722037,136,420994533,1683978132,841989066
935,21.2066,420994533,140331511,206732558,41982624,722037,136,420994533,1683978132,841989066
936,20.8848,420994533,140331511,206732558,42023868,722037,136,420994533,1683978132,841989066
937,20.9957,420994533,140331511,206732558,42013098,722037,136,420994533,1683978132,841989066
938,21.0679,420994533,140331511,206732558,42028298,722037,136,420994533,1683978132,841989066
939,20.9418,420994533,140331511,206732558,41999496,722037,136,420994533,1683978132,841989066
940,20.8969,420994533,140331511,206732558,42030798,722037,136,420994533,1683978132,841989066
941,20.8601,420994533,140331511,206732558,42012967,722037,136,420994533,1683978132,841989066
942,20.8994,420994533,140331511,206732558,42033963,722037,136,420994533,1683978132,841989066
943,20.7741,420994533,140331511,206732558,42039027,722037,136,420994533,1683978132,841989066
944,20.782,420994533,140331511,206732558,42019023,722037,136,420994533,1683978132,841989066
945,21.0425,420994533,140331511,206732558,42017368,722037,136,420994533,1683978132,841989066
946,20.8546,420994533,140331511,206732558,42066255,722037,136,420994533,1683978132,841989066
947,20.805,420994533,140331511,206732558,41993106,722037,136,420994533,1683978132,841989066
948,21.0805,420994533,140331511,206732558,42030996,722037,136,420994533,1683978132,841989066
949,20.7785,420994533,140331511,206732558,41969425,722037,136,420994533,1683978132,841989066
950,20.7849,420994533,140331511,206732558,41995246,722037,136,420994533,1683978132,841989066
951,21.0842,420994533,140331511,206732558,42024133,722037,136,420994533,1683978132,841989066
952,20.7808,420994533,140331511,206732558,41990700,722037,136,420994533,1683978132,841989066
953,20.8685,420994533,140331511,206732558,42064051,722037,136,420994533,1683978132,841989066
954,21.2111,420994533,140331511,206732558,42018731,722037,136,420994533,1683978132,841989066
955,20.8535,420994533,140331511,206732558,42024180,722037,136,420994533,1683978132,841989066
956,21.0064,420994533,140331511,206732558,42035870,722037,136,420994533,1683978132,841989066
957,21.1618,420994533,140331511,206732558,42052916,722037,136,420994533,1683978132,841989066
958,20.9735,420994533,140331511,206732558,42068353,722037,136,420994533,1683978132,841989066
959,20.9079,420994533,140331511,206732558,42029377,722037,136,420994533,1683978132,841989066
960,20.9263,420994533,140331511,206732558,41998128,722037,136,420994533,1683978132,841989066
961,21.0135,420994533,140331511,206732558,41990199,722037,136,420994533,1683978132,841989066
962,20.7818,420994533,140331511,206732558,42010883,722037,136,420994533,1683978132,841989066
963,20.794,420994533,140331511,206732558,42035148,722037,136,420994533,1683978132,841989066
964,20.9828,420994533,140331511,206732558,42001772,722037,136,420994533,1683978132,841989066
965,20.8449,420994533,140331511,206732558,42003468,722037,136,420994533,1683978132,841989066
966,20.8689,420994533,140331511,206732558,41984282,722037,136,420994533,1683978132,841989066
967,21.1567,420994533,140331511,206732558,42012465,722037,136,420994533,1683978132,841989066
968,20.7918,420994533,140331511,206732558,42062780,722037,136,420994533,1683978132,841989066
969,20.7796,420994533,140331511,206732558,42004436,722037,136,420994533,1683978132,841989066
970,21.0755,420994533,140331511,206732558,42047229,722037,136,420994533,1683978132,841989066
971,20.7858,420994533,140331511,206732558,42024821,722037,136,420994533,1683978132,841989066
972,20.797,420994533,140331511,206732558,42485523,722037,136,420994533,1683978132,841989066
973,21.1288,420994533,140331511,206732558,41995747,722037,136,420994533,1683978132,841989066
974,20.8517,420994533,140331511,206732558,42012735,722037,136,420994533,1683978132,841989066
975,20.8564,420994533,140331511,206732558,41996712,722037,136,420994533,1683978132,841989066
976,21.101,420994533,140331511,206732558,42020712,722037,136,420994533,1683978132,841989066
977,21.1477,420994533,140331511,206732558,41977666,722037,136,420994533,1683978132,841989066
978,20.8693,420994533,140331511,206732558,42044127,722037,136,420994533,1683978132,841989066
979,20.8024,420994533,140331511,206732558,41952693,722037,136,420994533,1683978132,841989066
980,20.9121,420994533,140331511,206732558,41968429,722037,136,420994533,1683978132,841989066
981,20.9108,420994533,140331511,206732558,42076058,722037,136,420994533,1683978132,841989066
982,20.8099,420994533,140331511,206732558,42048879,722037,136,420994533,1683978132,841989066
983,21.0051,420994533,140331511,206732558,42003080,722037,136,420994533,1683978132,841989066
984,20.7873,420994533,140331511,206732558,41992815,722037,136,420994533,1683978132,841989066
985,20.7747,420994533,140331511,206732558,42010496,722037,136,420994533,1683978132,841989066
986,21.2773,420994533,140331511,206732558,42020011,722037,136,420994533,1683978132,841989066
987,20.996,420994533,140331511,206732558,42044211,722037,136,420994533,1683978132,841989066
988,20.8719,420994533,140331511,206732558,42022790,722037,136,420994533,1683978132,841989066
989,21.2813,420994533,140331511,206732558,42000183,722037,136,420994533,1683978132,841989066
990,20.7877,420994533,140331511,206732558,42043827,722037,136,420994533,1683978132,841989066
991,20.8941,420994533,140331511,206732558,42026847,722037,136,420994533,1683978132,841989066
992,21.2108,420994533,140331511,206732558,42024357,722037,136,420994533,1683978132,841989066
993,20.7855,420994533,140331511,206732558,42032860,722037,136,420994533,1683978132,841989066
994,20.7712,420994533,140331511,206732558,41995519,722037,136,420994533,1683978132,841989066
995,21.17,420994533,140331511,206732558,41982862,722037,136,420994533,1683978132,841989066
996,20.8465,420994533,140331511,206732558,42021585,722037,136,420994533,1683978132,841989066
997,20.9857,420994533,140331511,206732558,41958375,722037,136,420994533,1683978132,841989066
998,21.2045,420994533,140331511,206732558,42078985,722037,136,420994533,1683978132,841989066
999,20.8791,420994533,140331511,206732558,42036190,722037,136,420994533,1683978132,841989066
1000,20.9118,420994533,140331511,206732558,42029004,722037,136,420994533,1683978132,841989066
1001,20.9086,420994533,140331511,206732558,42058818,722037,136,420994533,1683978132,841989066
1002,21.0217,420994533,140331511,206732558,42006052,722037,136,420994533,1683978132,841989066
1003,20.9065,420994533,140331511,206732558,42017400,722037,136,420994533,1683978132,841989066
1004,21.0377,420994533,140331511,206732558,42035032,722037,136,420994533,1683978132,841989066
1005,20.9682,420994533,140331511,206732558,42049674,722037,136,420994533,1683978132,841989066
1006,20.9545,420994533,140331511,206732558,42057744,722037,136,420994533,1683978132,841989066
1007,20.8703,420994533,140331511,206732558,41986454,722037,136,420994533,1683978132,841989066
1008,21.295,420994533,140331511,206732558,42016344,722037,136,420994533,1683978132,841989066
1009,20.857,420994533,140331511,206732558,41993589,722037,136,420994533,1683978132,841989066
1010,20.9019,420994533,140331511,206732558,42000495,722037,136,420994533,1683978132,841989066
1011,21.0192,420994533,140331511,206732558,42002795,722037,136,420994533,1683978132,841989066
1012,20.8942,420994533,140331511,206732558,42012941,722037,136,420994533,1683978132,841989066
1013,20.8521,420994533,140331511,206732558,42004784,722037,136,420994533,1683978132,841989066
1014,21.2064,420994533,140331511,206732558,42040287,722037,136,420994533,1683978132,841989066
1015,20.7814,420994533,140331511,206732558,42062871,722037,136,420994533,1683978132,841989066
1016,20.8404,420994533,140331511,206732558,42072606,722037,136,420994533,1683978132,841989066
1017,21.2958,420994533,140331511,206732558,42069078,722037,136,420994533,1683978132,841989066
1018,20.992,420994533,140331511,206732558,42045508,722037,136,420994533,1683978132,841989066
1019,20.8038,420994533,140331511,206732558,42046929,722037,136,420994533,1683978132,841989066
1020,21.1203,420994533,140331511,206732558,42064074,722037,136,420994533,1683978132,841989066
1021,20.9024,420994533,140331511,206732558,42024995,722037,136,420994533,1683978132,841989066
1022,20.7928,420994533,140331511,206732558,42013133,722037,136,420994533,1683978132,841989066
1023,21.1973,420994533,140331511,206732558,42031148,722037,136,420994533,1683978132,841989066
1024,20.91,420994533,140331511,206732558,42084408,722037,136,420994533,1683978132,841989066
1025,20.7837,420994533,140331511,206732558,42023129,722037,136,420994533,1683978132,841989066
1026,20.9744,420994533,140331511,206732558,42034696,722037,136,420994533,1683978132,841989066
1027,21.085,420994533,140331511,206732558,42034736,722037,136,420994533,1683978132,841989066
1028,20.8711,420994533,140331511,206732558,41976867,722037,136,420994533,1683978132,841989066
1029,20.8835,420994533,140331511,206732558,41976793,722037,136,420994533,1683978132,841989066
1030,20.7635,420994533,140331511,206732558,42011144,722037,136,420994533,1683978132,841989066
1031,20.9146,420994533,140331511,206732558,42051999,722037,136,420994533,1683978132,841989066
1032,20.9035,420994533,140331511,206732558,42053625,722037,136,420994533,1683978132,841989066
1033,21.0734,420994533,140331511,206732558,42021161,722037,136,420994533,1683978132,841989066
1034,20.7745,420994533,140331511,206732558,41994682,722037,136,420994533,1683978132,841989066
1035,20.7928,420994533,140331511,206732558,42056394,722037,136,420994533,1683978132,841989066
1036,21.1403,420994533,140331511,206732558,42082374,722037,136,420994533,1683978132,841989066
1037,20.8648,420994533,140331511,206732558,42010648,722037,136,420994533,1683978132,841989066
1038,20.8749,420994533,140331511,206732558,41997474,722037,136,420994533,1683978132,841989066
1039,21.2329,420994533,140331511,206732558,42001749,722037,136,420994533,1683978132,841989066
1040,20.7827,420994533,140331511,206732558,42026318,722037,136,420994533,1683978132,841989066
1041,20.7772,420994533,140331511,206732558,41993856,722037,136,420994533,1683978132,841989066
1042,21.0416,420994533,140331511,206732558,42052052,722037,136,420994533,1683978132,841989066
1043,20.98,420994533,140331511,206732558,41986680,722037,136,420994533,1683978132,841989066
1044,20.7766,420994533,140331511,206732558,41995173,722037,136,420994533,1683978132,841989066
1045,21.0414,420994533,140331511,206732558,41999146,722037,136,420994533,1683978132,841989066
1046,21.0542,420994533,140331511,206732558,42037039,722037,136,420994533,1683978132,841989066
1047,21.0058,420994533,140331511,206732558,42037781,722037,136,420994533,1683978132,841989066
1048,20.8684,420994533,140331511,206732558,42078595,722037,136,420994533,1683978132,841989066
1049,21.0302,420994533,140331511,206732558,42028153,722037,136,420994533,1683978132,841989066
1050,20.9119,420994533,140331511,206732558,42038076,722037,136,420994533,1683978132,841989066
1051,20.9066,420994533,140331511,206732558,42039382,722037,136,420994533,1683978132,841989066
1052,21.0661,420994533,140331511,206732558,41974528,722037,136,420994533,1683978132,841989066
1053,20.8997,420994533,140331511,206732558,41932489,722037,136,420994533,1683978132,841989066
1054,20.7783,420994533,140331511,206732558,42014428,722037,136,420994533,1683978132,841989066
1055,21.0079,420994533,140331511,206732558,42012797,722037,136,420994533,1683978132,841989066
1056,20.862,420994533,140331511,206732558,42002398,722037,136,420994533,1683978132,841989066
1057,20.8691,420994533,140331511,206732558,42086966,722037,136,420994533,1683978132,841989066
1058,21.1554,420994533,140331511,206732558,42032534,722037,136,420994533,1683978132,841989066
1059,20.9166,420994533,140331511,206732558,42026495,722037,136,420994533,1683978132,841989066
1060,20.8411,420994533,140331511,206732558,42049985,722037,136,420994533,1683978132,841989066
1061,20.9404,420994533,140331511,206732558,42062031,722037,136,420994533,1683978132,841989066
1062,20.7792,420994533,140331511,206732558,42052427,722037,136,420994533,1683978132,841989066
1063,20.773,420994533,140331511,206732558,42040137,722037,136,420994533,1683978132,841989066
1064,21.2097,420994533,140331511,206732558,42021307,722037,136,420994533,1683978132,841989066
1065,20.8456,420994533,140331511,206732558,42065981,722037,136,420994533,1683978132,841989066
1066,20.8624,420994533,140331511,206732558,42017986,722037,136,420994533,1683978132,841989066
1067,21.1904,420994533,140331511,206732558,42016869,722037,136,420994533,1683978132,841989066
1068,20.8025,420994533,140331511,206732558,42024982,722037,136,420994533,1683978132,841989066
1069,20.7673,420994533,140331511,206732558,42069305,722037,136,420994533,1683978132,841989066
1070,21.2053,420994533,140331511,206732558,42041314,722037,136,420994533,1683978132,841989066
1071,20.7876,420994533,140331511,206732558,42032657,722037,136,420994533,1683978132,841989066
1072,20.7752,420994533,140331511,206732558,42062845,722037,136,420994533,1683978132,841989066
1073,21.0647,420994533,140331511,206732558,42024799,722037,136,420994533,1683978132,841989066
1074,21.0665,420994533,140331511,206732558,42004455,722037,136,420994533,1683978132,841989066
1075,20.7667,420994533,140331511,206732558,42057900,722037,136,420994533,1683978132,841989066
1076,20.9683,420994533,140331511,206732558,42045283,722037,136,420994533,1683978132,841989066
1077,20.9943,420994533,140331511,206732558,42024516,722037,136,420994533,1683978132,841989066
1078,20.7868,420994533,140331511,206732558,41986648,722037,136,420994533,1683978132,841989066
1079,20.9015,420994533,140331511,206732558,42026816,722037,136,420994533,1683978132,841989066
1080,21.0517,420994533,140331511,206732558,41969883,722037,136,420994533,1683978132,841989066
1081,20.7661,420994533,140331511,206732558,41991786,722037,136,420994533,1683978132,841989066
1082,20.9012,420994533,140331511,206732558,42029229,722037,136,420994533,1683978132,841989066
1083,21.0542,420994533,140331511,206732558,42052133,722037,136,420994533,1683978132,841989066
1084,20.8959,420994533,140331511,206732558,42020772,722037,136,420994533,1683978132,841989066
1085,20.9797,420994533,140331511,206732558,42017641,722037,136,420994533,1683978132,841989066
1086,20.9939,420994533,140331511,206732558,42061100,722037,136,420994533,1683978132,841989066
1087,20.7957,420994533,140331511,206732558,42008144,722037,136,420994533,1683978132,841989066
1088,21.1199,420994533,140331511,206732558,42024795,722037,136,420994533,1683978132,841989066
1089,21.0551,420994533,140331511,206732558,42003245,722037,136,420994533,1683978132,841989066
1090,20.7828,420994533,140331511,206732558,42000567,722037,136,420994533,1683978132,841989066
1091,20.784,420994533,140331511,206732558,42024845,722037,136,420994533,1683978132,841989066
1092,21.0673,420994533,140331511,206732558,41980954,722037,136,420994533,1683978132,841989066
1093,20.7845,420994533,140331511,206732558,41990616,722037,136,420994533,1683978132,841989066
1094,20.9764,420994533,140331511,206732558,42080107,722037,136,420994533,1683978132,841989066
1095,21.0666,420994533,140331511,206732558,41989874,722037,136,420994533,1683978132,841989066
1096,20.7924,420994533,140331511,206732558,41992324,722037,136,420994533,1683978132,841989066
1097,20.9123,420994533,140331511,206732558,41980301,722037,136,420994533,1683978132,841989066
1098,21.1761,420994533,140331511,206732558,42034646,722037,136,420994533,1683978132,841989066
1099,20.8987,420994533,140331511,206732558,42039932,722037,136,420994533,1683978132,841989066
1100,20.7743,420994533,140331511,206732558,42026462,722037,136,420994533,1683978132,841989066
1101,20.9248,420994533,140331511,206732558,42011983,722037,136,420994533,1683978132,841989066
1102,20.7815,420994533,140331511,206732558,42018444,722037,136,420994533,1683978132,841989066
1103,20.8687,420994533,140331511,206732558,42005417,722037,136,420994533,1683978132,841989066
1104,21.0808,420994533,140331511,206732558,42014185,722037,136,420994533,1683978132,841989066
1105,20.7895,420994533,140331511,206732558,41985013,722037,136,420994533,1683978132,841989066
1106,20.8973,420994533,140331511,206732558,41968272,722037,136,420994533,1683978132,841989066
1107,21.081,420994533,140331511,206732558,42073370,722037,136,420994533,1683978132,841989066
1108,20.7744,420994533,140331511,206732558,42003055,722037,136,420994533,1683978132,841989066
1109,20.7788,420994533,140331511,206732558,42064435,722037,136,420994533,1683978132,841989066
1110,21.1504,420994533,140331511,206732558,42004952,722037,136,420994533,1683978132,841989066
1111,20.7651,420994533,140331511,206732558,41999311,722037,136,420994533,1683978132,841989066
1112,20.8626,420994533,140331511,206732558,42021983,722037,136,420994533,1683978132,841989066
1113,21.151,420994533,140331511,206732558,42016814,722037,136,420994533,1683978132,841989066
1114,20.851,420994533,140331511,206732558,42035805,722037,136,420994533,1683978132,841989066
1115,20.8684,420994533,140331511,206732558,42021693,722037,136,420994533,1683978132,841989066
1116,21.1601,420994533,140331511,206732558,41978848,722037,136,420994533,1683978132,841989066
1117,20.833,420994533,140331511,206732558,42001155,722037,136,420994533,1683978132,841989066
1118,20.7819,420994533,140331511,206732558,41996552,722037,136,420994533,1683978132,841989066
1119,20.909,420994533,140331511,206732558,42071884,722037,136,420994533,1683978132,841989066
1120,20.7707,420994533,140331511,206732558,42031674,722037,136,420994533,1683978132,841989066
1121,20.7948,420994533,140331511,206732558,42046735,722037,136,420994533,1683978132,841989066
1122,20.8654,420994533,140331511,206732558,41985205,722037,136,420994533,1683978132,841989066
1123,21.0849,420994533,140331511,206732558,42039637,722037,136,420994533,1683978132,841989066
1124,20.9622,420994533,140331511,206732558,42076024,722037,136,420994533,1683978132,841989066
1125,20.8731,420994533,140331511,206732558,42033657,722037,136,420994533,1683978132,841989066
1126,21.2346,420994533,140331511,206732558,42053067,722037,136,420994533,1683978132,841989066
1127,20.7943,420994533,140331511,206732558,42018397,722037,136,420994533,1683978132,841989066
1128,20.7761,420994533,140331511,206732558,41952855,722037,136,420994533,1683978132,841989066
1129,21.1356,420994533,140331511,206732558,41942682,722037,136,420994533,1683978132,841989066
1130,20.9089,420994533,140331511,206732558,42053917,722037,136,420994533,1683978132,841989066
1131,20.7751,420994533,140331511,206732558,42016321,722037,136,420994533,1683978132,841989066
1132,20.7719,420994533,140331511,206732558,42007840,722037,136,420994533,1683978132,841989066
1133,20.9462,420994533,140331511,206732558,42002886,722037,136,420994533,1683978132,841989066
1134,20.7778,420994533,140331511,206732558,42053509,722037,136,420994533,1683978132,841989066
1135,20.8519,420994533,140331511,206732558,41990586,722037,136,420994533,1683978132,841989066
1136,21.1762,420994533,140331511,206732558,42033765,722037,136,420994533,1683978132,841989066
1137,20.8742,420994533,140331511,206732558,42023254,722037,136,420994533,1683978132,841989066
1138,20.8085,420994533,140331511,206732558,41983585,722037,136,420994533,1683978132,841989066
1139,21.2679,420994533,140331511,206732558,42097198,722037,136,420994533,1683978132,841989066
1140,20.8552,420994533,140331511,206732558,42028236,722037,136,420994533,1683978132,841989066
1141,20.9089,420994533,140331511,206732558,42056231,722037,136,420994533,1683978132,841989066
1142,21.2088,420994533,140331511,206732558,42012443,722037,136,420994533,1683978132,841989066
1143,20.9089,420994533,140331511,206732558,41995553,722037,136,420994533,1683978132,841989066
1144,20.8993,420994533,140331511,206732558,41982672,722037,136,420994533,1683978132,841989066
1145,21.2058,420994533,140331511,206732558,42025826,722037,136,420994533,1683978132,841989066
1146,20.9594,420994533,140331511,206732558,42009654,722037,136,420994533,1683978132,841989066
1147,20.9949,420994533,140331511,206732558,42017791,722037,136,420994533,1683978132,841989066
1148,21.2244,420994533,140331511,206732558,42050638,722037,136,420994533,1683978132,841989066
1149,20.8707,420994533,140331511,206732558,42007034,722037,136,420994533,1683978132,841989066
1150,20.9027,420994533,140331511,206732558,42022489,722037,136,420994533,1683978132,841989066
1151,21.1266,420994533,140331511,206732558,42011279,722037,136,420994533,1683978132,841989066
1152,20.9075,420994533,140331511,206732558,42014138,722037,136,420994533,1683978132,841989066
1153,20.7704,420994533,140331511,206732558,42023120,722037,136,420994533,1683978132,841989066
1154,21.0572,420994533,140331511,206732558,41965678,722037,136,420994533,1683978132,841989066
1155,21.1186,420994533,140331511,206732558,42039957,722037,136,420994533,1683978132,841989066
1156,21.0324,420994533,140331511,206732558,42043061,722037,136,420994533,1683978132,841989066
1157,20.877,420994533,140331511,206732558,42043907,722037,136,420994533,1683978132,841989066
1158,21.0139,420994533,140331511,206732558,42015283,722037,136,420994533,1683978132,841989066
1159,20.9128,420994533,140331511,206732558,42018473,722037,136,420994533,1683978132,841989066
1160,20.778,420994533,140331511,206732558,41995664,722037,136,420994533,1683978132,841989066
1161,21.0506,420994533,140331511,206732558,41958946,722037,136,420994533,1683978132,841989066
1162,20.9042,420994533,140331511,206732558,42073774,722037,136,420994533,1683978132,841989066
1163,20.87,420994533,140331511,206732558,41987125,722037,136,420994533,1683978132,841989066
1164,21.1142,420994533,140331511,206732558,42024670,722037,136,420994533,1683978132,841989066
1165,20.8546,420994533,140331511,206732558,42018971,722037,136,420994533,1683978132,841989066
1166,20.8767,420994533,140331511,206732558,42042795,722037,136,420994533,1683978132,841989066
1167,21.3005,420994533,140331511,206732558,41997645,722037,136,420994533,1683978132,841989066
1168,20.8506,420994533,140331511,206732558,42015700,722037,136,420994533,1683978132,841989066
1169,20.7756,420994533,140331511,206732558,42013508,722037,136,420994533,1683978132,841989066
1170,21.2105,420994533,140331511,206732558,41984558,722037,136,420994533,1683978132,841989066
1171,20.8366,420994533,140331511,206732558,42045544,722037,136,420994533,1683978132,841989066
1172,20.7829,420994533,140331511,206732558,42026223,722037,136,420994533,1683978132,841989066
1173,21.2811,420994533,140331511,206732558,42009971,722037,136,420994533,1683978132,841989066
1174,20.8336,420994533,140331511,206732558,42081368,722037,136,420994533,1683978132,841989066
1175,20.8639,420994533,140331511,206732558,42003625,722037,136,420994533,1683978132,841989066
1176,21.2316,420994533,140331511,206732558,42034611,722037,136,420994533,1683978132,841989066
1177,20.8688,420994533,140331511,206732558,42007869,722037,136,420994533,1683978132,841989066
1178,20.7813,420994533,140331511,206732558,42076509,722037,136,420994533,1683978132,841989066
1179,21.1175,420994533,140331511,206732558,42013351,722037,136,420994533,1683978132,841989066
1180,20.9027,420994533,140331511,206732558,42019891,722037,136,420994533,1683978132,841989066
1181,20.787,420994533,140331511,206732558,42012080,722037,136,420994533,1683978132,841989066
1182,21.1128,420994533,140331511,206732558,42053306,722037,136,420994533,1683978132,841989066
1183,20.8971,420994533,140331511,206732558,42011687,722037,136,420994533,1683978132,841989066
1184,20.7792,420994533,140331511,206732558,41983356,722037,136,420994533,1683978132,841989066
1185,20.8514,420994533,140331511,206732558,42009700,722037,136,420994533,1683978132,841989066
1186,21.1587,420994533,140331511,206732558,42023626,722037,136,420994533,1683978132,841989066
1187,20.8042,420994533,140331511,206732558,42022478,722037,136,420994533,1683978132,841989066
1188,20.9121,420994533,140331511,206732558,41980088,722037,136,420994533,1683978132,841989066
1189,21.0625,420994533,140331511,206732558,42044134,722037,136,420994533,1683978132,841989066
1190,20.9046,420994533,140331511,206732558,42015746,722037,136,420994533,1683978132,841989066
1191,20.9147,420994533,140331511,206732558,41997219,722037,136,420994533,1683978132,841989066
1192,21.0585,420994533,140331511,206732558,41993630,722037,136,420994533,1683978132,841989066
1193,20.9043,420994533,140331511,206732558,42068086,722037,136,420994533,1683978132,841989066
1194,20.9565,420994533,140331511,206732558,41984662,722037,136,420994533,1683978132,841989066
1195,21.1599,420994533,140331511,206732558,42016074,722037,136,420994533,1683978132,841989066
1196,20.875,420994533,140331511,206732558,42001477,722037,136,420994533,1683978132,841989066
1197,20.9009,420994533,140331511,206732558,42571372,722037,136,420994533,1683978132,841989066
1198,21.2181,420994533,140331511,206732558,41966943,722037,136,420994533,1683978132,841989066
1199,20.7987,420994533,140331511,206732558,41968344,722037,136,420994533,1683978132,841989066
1200,20.9166,420994533,140331511,206732558,42031863,722037,136,420994533,1683978132,841989066
1201,21.1311,420994533,140331511,206732558,42008886,722037,136,420994533,1683978132,841989066
1202,20.8341,420994533,140331511,206732558,42029257,722037,136,420994533,1683978132,841989066
1203,20.9124,420994533,140331511,206732558,41992935,722037,136,420994533,1683978132,841989066
1204,21.1158,420994533,140331511,206732558,41987063,722037,136,420994533,1683978132,841989066
1205,20.9002,420994533,140331511,206732558,42001047,722037,136,420994533,1683978132,841989066
1206,20.8768,420994533,140331511,206732558,42049763,722037,136,420994533,1683978132,841989066
1207,20.9296,420994533,140331511,206732558,42045755,722037,136,420994533,1683978132,841989066
1208,21.0371,420994533,140331511,206732558,41986779,722037,136,420994533,1683978132,841989066
1209,20.992,420994533,140331511,206732558,42070467,722037,136,420994533,1683978132,841989066
1210,20.992,420994533,140331511,206732558,42005890,722037,136,420994533,1683978132,841989066
1211,21.142,420994533,140331511,206732558,41992052,722037,136,420994533,1683978132,841989066
1212,20.905,420994533,140331511,206732558,42006884,722037,136,420994533,1683978132,841989066
1213,21.0418,420994533,140331511,206732558,42003776,722037,136,420994533,1683978132,841989066
1214,21.1368,420994533,140331511,206732558,41982516,722037,136,420994533,1683978132,841989066
1215,20.8631,420994533,140331511,206732558,42032551,722037,136,420994533,1683978132,841989066
1216,20.8775,420994533,140331511,206732558,42078034,722037,136,420994533,1683978132,841989066
1217,21.019,420994533,140331511,206732558,42021637,722037,136,420994533,1683978132,841989066
1218,20.867,420994533,140331511,206732558,42034221,722037,136,420994533,1683978132,841989066
1219,20.9999,420994533,140331511,206732558,42039127,722037,136,420994533,1683978132,841989066
1220,21.132,420994533,140331511,206732558,41999762,722037,136,420994533,1683978132,841989066
1221,20.7764,420994533,140331511,206732558,42009932,722037,136,420994533,1683978132,841989066
1222,21.1677,420994533,140331511,206732558,42003177,722037,136,420994533,1683978132,841989066
1223,20.928,420994533,140331511,206732558,42028954,722037,136,420994533,1683978132,841989066
1224,20.871,420994533,140331511,206732558,42079566,722037,136,420994533,1683978132,841989066
1225,21.1819,420994533,140331511,206732558,41998362,722037,136,420994533,1683978132,841989066
1226,21.0128,420994533,140331511,206732558,42068907,722037,136,420994533,1683978132,841989066
1227,20.9974,420994533,140331511,206732558,42038011,722037,136,420994533,1683978132,841989066
1228,20.9414,420994533,140331511,206732558,41994674,722037,136,420994533,1683978132,841989066
1229,21.2684,420994533,140331511,206732558,41978962,722037,136,420994533,1683978132,841989066
1230,20.7813,420994533,140331511,206732558,42037056,722037,136,420994533,1683978132,841989066
1231,20.9087,420994533,140331511,206732558,42039389,722037,136,420994533,1683978132,841989066
1232,21.2537,420994533,140331511,206732558,42000524,722037,136,420994533,1683978132,841989066
1233,21.0503,420994533,140331511,206732558,42021866,722037,136,420994533,1683978132,841989066
1234,20.8875,420994533,140331511,206732558,42000396,722037,136,420994533,1683978132,841989066
1235,21.2837,420994533,140331511,206732558,42022293,722037,136,420994533,1683978132,841989066
1236,20.9851,420994533,140331511,206732558,42013248,722037,136,420994533,1683978132,841989066
1237,20.98,420994533,140331511,206732558,41974393,722037,136,420994533,1683978132,841989066
1238,21.1654,420994533,140331511,206732558,42020346,722037,136,420994533,1683978132,841989066
1239,21.0553,420994533,140331511,206732558,42032143,722037,136,420994533,1683978132,841989066
1240,20.9883,420994533,140331511,206732558,42041585,722037,136,420994533,1683978132,841989066
1241,21.1575,420994533,140331511,206732558,42004658,722037,136,420994533,1683978132,841989066
1242,21.1148,420994533,140331511,206732558,42012003,722037,136,420994533,1683978132,841989066
1243,20.8554,420994533,140331511,206732558,42023801,722037,136,420994533,1683978132,841989066
1244,21.2774,420994533,140331511,206732558,41985712,722037,136,420994533,1683978132,841989066
1245,20.9962,420994533,140331511,206732558,42020127,722037,136,420994533,1683978132,841989066
1246,20.8551,420994533,140331511,206732558,41961341,722037,136,420994533,1683978132,841989066
1247,21.2268,420994533,140331511,206732558,42038612,722037,136,420994533,1683978132,841989066
1248,20.9512,420994533,140331511,206732558,42025177,722037,136,420994533,1683978132,841989066
1249,20.8575,420994533,140331511,206732558,41961447,722037,136,420994533,1683978132,841989066
1250,21.2845,420994533,140331511,206732558,42023466,722037,136,420994533,1683978132,841989066
1251,20.8631,420994533,140331511,206732558,42067301,722037,136,420994533,1683978132,841989066
1252,20.9969,420994533,140331511,206732558,42022198,722037,136,420994533,1683978132,841989066
1253,21.2274,420994533,140331511,206732558,42046552,722037,136,420994533,1683978132,841989066
1254,21.1661,420994533,140331511,206732558,42030829,722037,136,420994533,1683978132,841989066
1255,20.9006,420994533,140331511,206732558,42035716,722037,136,420994533,1683978132,841989066
1256,21.2882,420994533,140331511,206732558,42005113,722037,136,420994533,1683978132,841989066
1257,20.9904,420994533,140331511,206732558,42002757,722037,136,420994533,1683978132,841989066
1258,20.985,420994533,140331511,206732558,42009445,722037,136,420994533,1683978132,841989066
1259,21.1625,420994533,140331511,206732558,41987341,722037,136,420994533,1683978132,841989066
1260,20.9876,420994533,140331511,206732558,42015552,722037,136,420994533,1683978132,841989066
1261,20.9805,420994533,140331511,206732558,41973914,722037,136,420994533,1683978132,841989066
1262,21.278,420994533,140331511,206732558,42022237,722037,136,420994533,1683978132,841989066
1263,20.9242,420994533,140331511,206732558,42001035,722037,136,420994533,1683978132,841989066
1264,20.7737,420994533,140331511,206732558,42001345,722037,136,420994533,1683978132,841989066
1265,21.1431,420994533,140331511,206732558,42525140,722037,136,420994533,1683978132,841989066
1266,20.898,420994533,140331511,206732558,42063031,722037,136,420994533,1683978132,841989066
1267,20.8946,420994533,140331511,206732558,42017575,722037,136,420994533,1683978132,841989066
1268,21.1211,420994533,140331511,206732558,42010347,722037,136,420994533,1683978132,841989066
1269,21.053,420994533,140331511,206732558,42004873,722037,136,420994533,1683978132,841989066
1270,20.8371,420994533,140331511,206732558,41978739,722037,136,420994533,1683978132,841989066
1271,21.1502,420994533,140331511,206732558,41982572,722037,136,420994533,1683978132,841989066
1272,21.0876,420994533,140331511,206732558,41940672,722037,136,420994533,1683978132,841989066
1273,20.9826,420994533,140331511,206732558,41977837,722037,136,420994533,1683978132,841989066
1274,21.0013,420994533,140331511,206732558,42037660,722037,136,420994533,1683978132,841989066
1275,21.0794,420994533,140331511,206732558,42050333,722037,136,420994533,1683978132,841989066
1276,20.8557,420994533,140331511,206732558,41987846,722037,136,420994533,1683978132,841989066
1277,21.0101,420994533,140331511,206732558,42006340,722037,136,420994533,1683978132,841989066
1278,21.3051,420994533,140331511,206732558,42043029,722037,136,420994533,1683978132,841989066
1279,20.8606,420994533,140331511,206732558,42041658,722037,136,420994533,1683978132,841989066
1280,20.8802,420994533,140331511,206732558,41997096,722037,136,420994533,1683978132,841989066
1281,21.1706,420994533,140331511,206732558,42000482,722037,136,420994533,1683978132,841989066
1282,20.8549,420994533,140331511,206732558,42016272,722037,136,420994533,1683978132,841989066
1283,20.8691,420994533,140331511,206732558,42009327,722037,136,420994533,1683978132,841989066
1284,21.1836,420994533,140331511,206732558,42038395,722037,136,420994533,1683978132,841989066
1285,20.9314,420994533,140331511,206732558,42037808,722037,136,420994533,1683978132,841989066
1286,20.8693,420994533,140331511,206732558,41988490,722037,136,420994533,1683978132,841989066
1287,21.2148,420994533,140331511,206732558,41981199,722037,136,420994533,1683978132,841989066
1288,20.8602,420994533,140331511,206732558,42047891,722037,136,420994533,1683978132,841989066
1289,20.9468,420994533,140331511,206732558,42017578,722037,136,420994533,1683978132,841989066
1290,21.2148,420994533,140331511,206732558,42019846,722037,136,420994533,1683978132,841989066
1291,20.9226,420994533,140331511,206732558,42041143,722037,136,420994533,1683978132,841989066
1292,20.8647,420994533,140331511,206732558,42015254,722037,136,420994533,1683978132,841989066
1293,20.8772,420994533,140331511,206732558,42017774,722037,136,420994533,1683978132,841989066
1294,21.0116,420994533,140331511,206732558,42064423,722037,136,420994533,1683978132,841989066
1295,20.9963,420994533,140331511,206732558,42002648,722037,136,420994533,1683978132,841989066
1296,20.8718,420994533,140331511,206732558,42050948,722037,136,420994533,1683978132,841989066
1297,21.1514,420994533,140331511,206732558,42055515,722037,136,420994533,1683978132,841989066
1298,20.9863,420994533,140331511,206732558,42034506,722037,136,420994533,1683978132,841989066
1299,20.9018,420994533,140331511,206732558,42028963,722037,136,420994533,1683978132,841989066
1300,21.0772,420994533,140331511,206732558,41964825,722037,136,420994533,1683978132,841989066
1301,20.9948,420994533,140331511,206732558,42036574,722037,136,420994533,1683978132,841989066
1302,20.9914,420994533,140331511,206732558,41941108,722037,136,420994533,1683978132,841989066
1303,21.0029,420994533,140331511,206732558,42032814,722037,136,420994533,1683978132,841989066
1304,20.9017,420994533,140331511,206732558,42001904,722037,136,420994533,1683978132,841989066
1305,20.9146,420994533,140331511,206732558,41998267,722037,136,420994533,1683978132,841989066
1306,21.0215,420994533,140331511,206732558,42014872,722037,136,420994533,1683978132,841989066
1307,20.9024,420994533,140331511,206732558,42018326,722037,136,420994533,1683978132,841989066
1308,20.8358,420994533,140331511,206732558,41995424,722037,136,420994533,1683978132,841989066
1309,20.9771,420994533,140331511,206732558,41956258,722037,136,420994533,1683978132,841989066
1310,20.8615,420994533,140331511,206732558,42000149,722037,136,420994533,1683978132,841989066
1311,21.202,420994533,140331511,206732558,42007168,722037,136,420994533,1683978132,841989066
1312,21.1333,420994533,140331511,206732558,42053028,722037,136,420994533,1683978132,841989066
1313,20.7969,420994533,140331511,206732558,42062338,722037,136,420994533,1683978132,841989066
1314,20.7861,420994533,140331511,206732558,41988505,722037,136,420994533,1683978132,841989066
1315,21.0662,420994533,140331511,206732558,42048792,722037,136,420994533,1683978132,841989066
1316,20.9156,420994533,140331511,206732558,41989510,722037,136,420994533,1683978132,841989066
1317,20.8469,420994533,140331511,206732558,42085069,722037,136,420994533,1683978132,841989066
1318,21.0259,420994533,140331511,206732558,42030198,722037,136,420994533,1683978132,841989066
1319,20.9975,420994533,140331511,206732558,42060032,722037,136,420994533,1683978132,841989066
1320,20.8813,420994533,140331511,206732558,42036735,722037,136,420994533,1683978132,841989066
1321,21.0308,420994533,140331511,206732558,42006899,722037,136,420994533,1683978132,841989066
1322,20.9396,420994533,140331511,206732558,42039290,722037,136,420994533,1683978132,841989066
1323,20.7973,420994533,140331511,206732558,42000271,722037,136,420994533,1683978132,841989066
1324,21.2,420994533,140331511,206732558,42065927,722037,136,420994533,1683978132,841989066
1325,20.7749,420994533,140331511,206732558,41961806,722037,136,420994533,1683978132,841989066
1326,20.8042,420994533,140331511,206732558,42049659,722037,136,420994533,1683978132,841989066
1327,21.266,420994533,140331511,206732558,42038657,722037,136,420994533,1683978132,841989066
1328,20.8648,420994533,140331511,206732558,41966546,722037,136,420994533,1683978132,841989066
1329,20.8865,420994533,140331511,206732558,42055775,722037,136,420994533,1683978132,841989066
1330,21.2746,420994533,140331511,206732558,42033047,722037,136,420994533,1683978132,841989066
1331,20.9956,420994533,140331511,206732558,42083162,722037,136,420994533,1683978132,841989066
1332,20.8705,420994533,140331511,206732558,42017529,722037,136,420994533,1683978132,841989066
1333,21.1144,420994533,140331511,206732558,41969617,722037,136,420994533,1683978132,841989066
1334,20.7812,420994533,140331511,206732558,41956777,722037,136,420994533,1683978132,841989066
1335,20.7886,420994533,140331511,206732558,42015874,722037,136,420994533,1683978132,841989066
1336,20.9929,420994533,140331511,206732558,42030925,722037,136,420994533,1683978132,841989066
1337,21.1243,420994533,140331511,206732558,42071209,722037,136,420994533,1683978132,841989066
1338,20.8482,420994533,140331511,206732558,42053243,722037,136,420994533,1683978132,841989066
1339,20.9935,420994533,140331511,206732558,42007149,722037,136,420994533,1683978132,841989066
1340,20.8264,420994533,140331511,206732558,41990227,722037,136,420994533,1683978132,841989066
1341,20.7868,420994533,140331511,206732558,42013203,722037,136,420994533,1683978132,841989066
1342,20.7949,420994533,140331511,206732558,42530071,722037,136,420994533,1683978132,841989066
1343,21.122,420994533,140331511,206732558,41984667,722037,136,420994533,1683978132,841989066
1344,20.7853,420994533,140331511,206732558,41933555,722037,136,420994533,1683978132,841989066
1345,20.907,420994533,140331511,206732558,41987240,722037,136,420994533,1683978132,841989066
1346,21.0981,420994533,140331511,206732558,42028101,722037,136,420994533,1683978132,841989066
1347,20.8457,420994533,140331511,206732558,42013774,722037,136,420994533,1683978132,841989066
1348,20.9868,420994533,140331511,206732558,42033118,722037,136,420994533,1683978132,841989066
1349,21.1924,420994533,140331511,206732558,42070969,722037,136,420994533,1683978132,841989066
1350,20.8687,420994533,140331511,206732558,42057435,722037,136,420994533,1683978132,841989066
1351,20.8756,420994533,140331511,206732558,42032834,722037,136,420994533,1683978132,841989066
1352,21.2228,420994533,140331511,206732558,42045967,722037,136,420994533,1683978132,841989066
1353,20.871,420994533,140331511,206732558,42049371,722037,136,420994533,1683978132,841989066
1354,20.8697,420994533,140331511,206732558,42011307,722037,136,420994533,1683978132,841989066
1355,21.2843,420994533,140331511,206732558,42009503,722037,136,420994533,1683978132,841989066
1356,21.0049,420994533,140331511,206732558,42001320,722037,136,420994533,1683978132,841989066
1357,20.9714,420994533,140331511,206732558,42028212,722037,136,420994533,1683978132,841989066
1358,21.2412,420994533,140331511,206732558,42027826,722037,136,420994533,1683978132,841989066
1359,20.9266,420994533,140331511,206732558,42036937,722037,136,420994533,1683978132,841989066
1360,20.9853,420994533,140331511,206732558,41977078,722037,136,420994533,1683978132,841989066
1361,21.0792,420994533,140331511,206732558,42072594,722037,136,420994533,1683978132,841989066
1362,21.033,420994533,140331511,206732558,41969253,722037,136,420994533,1683978132,841989066
1363,20.9415,420994533,140331511,206732558,41990455,722037,136,420994533,1683978132,841989066
1364,20.8968,420994533,140331511,206732558,42083019,722037,136,420994533,1683978132,841989066
1365,20.8756,420994533,140331511,206732558,42506306,722037,136,420994533,1683978132,841989066
1366,20.9911,420994533,140331511,206732558,42050655,722037,136,420994533,1683978132,841989066
1367,20.9953,420994533,140331511,206732558,42022674,722037,136,420994533,1683978132,841989066
1368,21.0376,420994533,140331511,206732558,42008436,722037,136,420994533,1683978132,841989066
1369,20.8708,420994533,140331511,206732558,42026975,722037,136,420994533,1683978132,841989066
1370,20.8788,420994533,140331511,206732558,42034652,722037,136,420994533,1683978132,841989066
1371,21.1433,420994533,140331511,206732558,42060712,722037,136,420994533,1683978132,841989066
1372,20.9819,420994533,140331511,206732558,42094191,722037,136,420994533,1683978132,841989066
1373,20.9146,420994533,140331511,206732558,42007231,722037,136,420994533,1683978132,841989066
1374,20.7868,420994533,140331511,206732558,41993238,722037,136,420994533,1683978132,841989066
1375,20.9708,420994533,140331511,206732558,42024594,722037,136,420994533,1683978132,841989066
1376,21.2499,420994533,140331511,206732558,42013748,722037,136,420994533,1683978132,841989066
1377,20.9551,420994533,140331511,206732558,42045163,722037,136,420994533,1683978132,841989066
1378,20.8592,420994533,140331511,206732558,42029078,722037,136,420994533,1683978132,841989066
1379,21.3229,420994533,140331511,206732558,42025609,722037,136,420994533,1683978132,841989066
1380,20.9362,420994533,140331511,206732558,42012023,722037,136,420994533,1683978132,841989066
1381,20.8631,420994533,140331511,206732558,42023110,722037,136,420994533,1683978132,841989066
1382,21.1151,420994533,140331511,206732558,42028411,722037,136,420994533,1683978132,841989066
1383,21.0602,420994533,140331511,206732558,41982476,722037,136,420994533,1683978132,841989066
1384,20.8945,420994533,140331511,206732558,42034857,722037,136,420994533,1683978132,841989066
1385,21.0527,420994533,140331511,206732558,42038206,722037,136,420994533,1683978132,841989066
1386,21.0854,420994533,140331511,206732558,42042708,722037,136,420994533,1683978132,841989066
1387,20.9454,420994533,140331511,206732558,42028839,722037,136,420994533,1683978132,841989066
1388,20.8753,420994533,140331511,206732558,42029758,722037,136,420994533,1683978132,841989066
1389,21.3537,420994533,140331511,206732558,41967639,722037,136,420994533,1683978132,841989066
1390,20.8722,420994533,140331511,206732558,42034072,722037,136,420994533,1683978132,841989066
1391,20.9419,420994533,140331511,206732558,42026292,722037,136,420994533,1683978132,841989066
1392,21.1572,420994533,140331511,206732558,42024338,722037,136,420994533,1683978132,841989066
1393,20.9752,420994533,140331511,206732558,42011699,722037,136,420994533,1683978132,841989066
1394,21.0184,420994533,140331511,206732558,41973676,722037,136,420994533,1683978132,841989066
1395,21.2749,420994533,140331511,206732558,41995471,722037,136,420994533,1683978132,841989066
1396,20.9751,420994533,140331511,206732558,42034895,722037,136,420994533,1683978132,841989066
1397,20.8737,420994533,140331511,206732558,42010312,722037,136,420994533,1683978132,841989066
1398,21.2958,420994533,140331511,206732558,42546286,722037,136,420994533,1683978132,841989066
1399,20.8678,420994533,140331511,206732558,42070013,722037,136,420994533,1683978132,841989066
1400,20.9893,420994533,140331511,206732558,41992440,722037,136,420994533,1683978132,841989066
1401,21.2905,420994533,140331511,206732558,42035799,722037,136,420994533,1683978132,841989066
1402,20.8514,420994533,140331511,206732558,42016781,722037,136,420994533,1683978132,841989066
1403,20.9796,420994533,140331511,206732558,42038454,722037,136,420994533,1683978132,841989066
1404,21.2235,420994533,140331511,206732558,42012534,722037,136,420994533,1683978132,841989066
1405,20.8729,420994533,140331511,206732558,42053583,722037,136,420994533,1683978132,841989066
1406,20.8738,420994533,140331511,206732558,42007258,722037,136,420994533,1683978132,841989066
1407,21.3696,420994533,140331511,206732558,41987532,722037,136,420994533,1683978132,841989066
1408,20.8699,420994533,140331511,206732558,42047739,722037,136,420994533,1683978132,841989066
1409,20.8667,420994533,140331511,206732558,41942032,722037,136,420994533,1683978132,841989066
1410,21.2369,420994533,140331511,206732558,41968388,722037,136,420994533,1683978132,841989066
1411,20.9877,420994533,140331511,206732558,42024021,722037,136,420994533,1683978132,841989066
1412,20.8717,420994533,140331511,206732558,42044234,722037,136,420994533,1683978132,841989066
1413,21.1475,420994533,140331511,206732558,42038247,722037,136,420994533,1683978132,841989066
1414,21.2028,420994533,140331511,206732558,42017407,722037,136,420994533,1683978132,841989066
1415,20.8749,420994533,140331511,206732558,42047030,722037,136,420994533,1683978132,841989066
1416,21.2074,420994533,140331511,206732558,41993955,722037,136,420994533,1683978132,841989066
1417,21.0147,420994533,140331511,206732558,42006442,722037,136,420994533,1683978132,841989066
1418,20.8647,420994533,140331511,206732558,42012744,722037,136,420994533,1683978132,841989066
1419,21.1413,420994533,140331511,206732558,41965077,722037,136,420994533,1683978132,841989066
1420,21.0463,420994533,140331511,206732558,42005677,722037,136,420994533,1683978132,841989066
1421,20.8673,420994533,140331511,206732558,42016570,722037,136,420994533,1683978132,841989066
1422,20.9909,420994533,140331511,206732558,42002932,722037,136,420994533,1683978132,841989066
1423,21.058,420994533,140331511,206732558,41993089,722037,136,420994533,1683978132,841989066
1424,20.873,420994533,140331511,206732558,42051878,722037,136,420994533,1683978132,841989066
1425,20.888,420994533,140331511,206732558,42038451,722037,136,420994533,1683978132,841989066
1426,21.0838,420994533,140331511,206732558,42021743,722037,136,420994533,1683978132,841989066
1427,20.8625,420994533,140331511,206732558,42029285,722037,136,420994533,1683978132,841989066
1428,20.9984,420994533,140331511,206732558,42052958,722037,136,420994533,1683978132,841989066
1429,21.1423,420994533,140331511,206732558,42048569,722037,136,420994533,1683978132,841989066
1430,20.8919,420994533,140331511,206732558,41975071,722037,136,420994533,1683978132,841989066
1431,20.9056,420994533,140331511,206732558,42077121,722037,136,420994533,1683978132,841989066
1432,20.9742,420994533,140331511,206732558,41999469,722037,136,420994533,1683978132,841989066
1433,20.8705,420994533,140331511,206732558,42001775,722037,136,420994533,1683978132,841989066
1434,20.8695,420994533,140331511,206732558,42035136,722037,136,420994533,1683978132,841989066
1435,21.1566,420994533,140331511,206732558,41992931,722037,136,420994533,1683978132,841989066
1436,20.9378,420994533,140331511,206732558,42091597,722037,136,420994533,1683978132,841989066
1437,20.8751,420994533,140331511,206732558,42040770,722037,136,420994533,1683978132,841989066
1438,21.1626,420994533,140331511,206732558,42035298,722037,136,420994533,1683978132,841989066
1439,20.8747,420994533,140331511,206732558,42006774,722037,136,420994533,1683978132,841989066
1440,20.9883,420994533,140331511,206732558,41989819,722037,136,420994533,1683978132,841989066
1441,21.2816,420994533,140331511,206732558,42016821,722037,136,420994533,1683978132,841989066
1442,20.862,420994533,140331511,206732558,41965836,722037,136,420994533,1683978132,841989066
1443,20.9,420994533,140331511,206732558,42098022,722037,136,420994533,1683978132,841989066
1444,21.2295,420994533,140331511,206732558,41980883,722037,136,420994533,1683978132,841989066
1445,20.9268,420994533,140331511,206732558,42009662,722037,136,420994533,1683978132,841989066
1446,20.9396,420994533,140331511,206732558,42018529,722037,136,420994533,1683978132,841989066
1447,21.0618,420994533,140331511,206732558,42067165,722037,136,420994533,1683978132,841989066
1448,21.0745,420994533,140331511,206732558,41989530,722037,136,420994533,1683978132,841989066
1449,20.8735,420994533,140331511,206732558,42003687,722037,136,420994533,1683978132,841989066
1450,20.8672,420994533,140331511,206732558,42047934,722037,136,420994533,1683978132,841989066
1451,21.1697,420994533,140331511,206732558,42040323,722037,136,420994533,1683978132,841989066
1452,20.9967,420994533,140331511,206732558,42043400,722037,136,420994533,1683978132,841989066
1453,20.9855,420994533,140331511,206732558,41988686,722037,136,420994533,1683978132,841989066
1454,21.1697,420994533,140331511,206732558,42017516,722037,136,420994533,1683978132,841989066
1455,20.8691,420994533,140331511,206732558,42035649,722037,136,420994533,1683978132,841989066
1456,20.8539,420994533,140331511,206732558,41980388,722037,136,420994533,1683978132,841989066
1457,21.2933,420994533,140331511,206732558,41991914,722037,136,420994533,1683978132,841989066
1458,20.8834,420994533,140331511,206732558,42044048,722037,136,420994533,1683978132,841989066
1459,20.8447,420994533,140331511,206732558,42021767,722037,136,420994533,1683978132,841989066
1460,21.2253,420994533,140331511,206732558,42022537,722037,136,420994533,1683978132,841989066
1461,20.9269,420994533,140331511,206732558,42048835,722037,136,420994533,1683978132,841989066
1462,20.8631,420994533,140331511,206732558,42061963,722037,136,420994533,1683978132,841989066
1463,21.279,420994533,140331511,206732558,41974221,722037,136,420994533,1683978132,841989066
1464,20.9838,420994533,140331511,206732558,42002105,722037,136,420994533,1683978132,841989066
1465,20.8732,420994533,140331511,206732558,42014385,722037,136,420994533,1683978132,841989066
1466,21.1978,420994533,140331511,206732558,42018447,722037,136,420994533,1683978132,841989066
1467,21.0899,420994533,140331511,206732558,41997432,722037,136,420994533,1683978132,841989066
1468,20.8639,420994533,140331511,206732558,42017479,722037,136,420994533,1683978132,841989066
1469,20.9977,420994533,140331511,206732558,42003232,722037,136,420994533,1683978132,841989066
1470,21.0841,420994533,140331511,206732558,42021268,722037,136,420994533,1683978132,841989066
1471,20.8569,420994533,140331511,206732558,42012800,722037,136,420994533,1683978132,841989066
1472,20.9968,420994533,140331511,206732558,42027422,722037,136,420994533,1683978132,841989066
1473,21.0175,420994533,140331511,206732558,42063520,722037,136,420994533,1683978132,841989066
1474,20.9379,420994533,140331511,206732558,42019496,722037,136,420994533,1683978132,841989066
1475,20.9615,420994533,140331511,206732558,42042699,722037,136,420994533,1683978132,841989066
1476,20.88,420994533,140331511,206732558,41990071,722037,136,420994533,1683978132,841989066
1477,20.855,420994533,140331511,206732558,42035691,722037,136,420994533,1683978132,841989066
1478,21.0011,420994533,140331511,206732558,42057139,722037,136,420994533,1683978132,841989066
1479,21.1448,420994533,140331511,206732558,42566621,722037,136,420994533,1683978132,841989066
1480,20.8635,420994533,140331511,206732558,42024258,722037,136,420994533,1683978132,841989066
1481,21.0013,420994533,140331511,206732558,42008441,722037,136,420994533,1683978132,841989066
1482,21.0729,420994533,140331511,206732558,41999480,722037,136,420994533,1683978132,841989066
1483,20.8555,420994533,140331511,206732558,42037887,722037,136,420994533,1683978132,841989066
1484,21.0921,420994533,140331511,206732558,42036449,722037,136,420994533,1683978132,841989066
1485,21.0978,420994533,140331511,206732558,42002869,722037,136,420994533,1683978132,841989066
1486,20.8491,420994533,140331511,206732558,41978147,722037,136,420994533,1683978132,841989066
1487,20.9915,420994533,140331511,206732558,41986673,722037,136,420994533,1683978132,841989066
1488,20.8721,420994533,140331511,206732558,41988516,722037,136,420994533,1683978132,841989066
1489,20.8631,420994533,140331511,206732558,42028461,722037,136,420994533,1683978132,841989066
1490,20.8514,420994533,140331511,206732558,42008611,722037,136,420994533,1683978132,841989066
1491,21.2921,420994533,140331511,206732558,41978601,722037,136,420994533,1683978132,841989066
1492,20.9769,420994533,140331511,206732558,42042066,722037,136,420994533,1683978132,841989066
1493,21.0036,420994533,140331511,206732558,42070980,722037,136,420994533,1683978132,841989066
1494,21.1825,420994533,140331511,206732558,42063325,722037,136,420994533,1683978132,841989066
1495,20.9909,420994533,140331511,206732558,42013815,722037,136,420994533,1683978132,841989066
1496,20.8681,420994533,140331511,206732558,41989727,722037,136,420994533,1683978132,841989066
1497,21.3012,420994533,140331511,206732558,41983526,722037,136,420994533,1683978132,841989066
1498,20.8689,420994533,140331511,206732558,42102311,722037,136,420994533,1683978132,841989066
1499,20.9462,420994533,140331511,206732558,42057877,722037,136,420994533,1683978132,841989066
1500,21.1898,420994533,140331511,206732558,42008578,722037,136,420994533,1683978132,841989066
1501,20.983,420994533,140331511,206732558,42039573,722037,136,420994533,1683978132,841989066
1502,20.947,420994533,140331511,206732558,42019968,722037,136,420994533,1683978132,841989066
1503,21.2487,420994533,140331511,206732558,41977611,722037,136,420994533,1683978132,841989066
1504,20.884,420994533,140331511,206732558,42018546,722037,136,420994533,1683978132,841989066
1505,20.9942,420994533,140331511,206732558,42017675,722037,136,420994533,1683978132,841989066
1506,21.0972,420994533,140331511,206732558,42002745,722037,136,420994533,1683978132,841989066
1507,21.0241,420994533,140331511,206732558,42061152,722037,136,420994533,1683978132,841989066
1508,20.8644,420994533,140331511,206732558,41982371,722037,136,420994533,1683978132,841989066
1509,21.2004,420994533,140331511,206732558,42029391,722037,136,420994533,1683978132,841989066
1510,21.1399,420994533,140331511,206732558,42035630,722037,136,420994533,1683978132,841989066
1511,20.87,420994533,140331511,206732558,42534064,722037,136,420994533,1683978132,841989066
1512,20.8645,420994533,140331511,206732558,41970458,722037,136,420994533,1683978132,841989066
1513,21.164,420994533,140331511,206732558,42043088,722037,136,420994533,1683978132,841989066
1514,20.9951,420994533,140331511,206732558,42018502,722037,136,420994533,1683978132,841989066
1515,20.877,420994533,140331511,206732558,42531790,722037,136,420994533,1683978132,841989066
1516,21.1501,420994533,140331511,206732558,42510919,722037,136,420994533,1683978132,841989066
1517,20.8643,420994533,140331511,206732558,42024186,722037,136,420994533,1683978132,841989066
1518,21.196,420994533,140331511,206732558,41990270,722037,136,420994533,1683978132,841989066
1519,21.1298,420994533,140331511,206732558,42013479,722037,136,420994533,1683978132,841989066
1520,20.9853,420994533,140331511,206732558,42012107,722037,136,420994533,1683978132,841989066
1521,21.2068,420994533,140331511,206732558,42004466,722037,136,420994533,1683978132,841989066
1522,21.0712,420994533,140331511,206732558,41991743,722037,136,420994533,1683978132,841989066
1523,20.8778,420994533,140331511,206732558,42020327,722037,136,420994533,1683978132,841989066
1524,20.8917,420994533,140331511,206732558,41971006,722037,136,420994533,1683978132,841989066
1525,21.2941,420994533,140331511,206732558,42024410,722037,136,420994533,1683978132,841989066
1526,20.9947,420994533,140331511,206732558,42003313,722037,136,420994533,1683978132,841989066
1527,21.0009,420994533,140331511,206732558,42030918,722037,136,420994533,1683978132,841989066
1528,21.3476,420994533,140331511,206732558,42017085,722037,136,420994533,1683978132,841989066
1529,20.8695,420994533,140331511,206732558,41994554,722037,136,420994533,1683978132,841989066
1530,20.9901,420994533,140331511,206732558,42049212,722037,136,420994533,1683978132,841989066
1531,21.2008,420994533,140331511,206732558,42008254,722037,136,420994533,1683978132,841989066
1532,20.9961,420994533,140331511,206732558,42016133,722037,136,420994533,1683978132,841989066
1533,20.8823,420994533,140331511,206732558,42013680,722037,136,420994533,1683978132,841989066
1534,21.3558,420994533,140331511,206732558,42052033,722037,136,420994533,1683978132,841989066
1535,21.0065,420994533,140331511,206732558,42598962,722037,136,420994533,1683978132,841989066
1536,20.9492,420994533,140331511,206732558,41980103,722037,136,420994533,1683978132,841989066
1537,21.161,420994533,140331511,206732558,42013298,722037,136,420994533,1683978132,841989066
1538,20.8624,420994533,140331511,206732558,42029812,722037,136,420994533,1683978132,841989066
1539,20.8622,420994533,140331511,206732558,42018711,722037,136,420994533,1683978132,841989066
1540,21.2137,420994533,140331511,206732558,42045779,722037,136,420994533,1683978132,841989066
1541,20.9209,420994533,140331511,206732558,42017568,722037,136,420994533,1683978132,841989066
1542,20.9418,420994533,140331511,206732558,42001190,722037,136,420994533,1683978132,841989066
1543,21.1528,420994533,140331511,206732558,41964348,722037,136,420994533,1683978132,841989066
1544,21.0626,420994533,140331511,206732558,42063803,722037,136,420994533,1683978132,841989066
1545,21.0056,420994533,140331511,206732558,42028297,722037,136,420994533,1683978132,841989066
1546,20.9305,420994533,140331511,206732558,41998797,722037,136,420994533,1683978132,841989066
1547,21.1502,420994533,140331511,206732558,41976358,722037,136,420994533,1683978132,841989066
1548,20.9986,420994533,140331511,206732558,42021885,722037,136,420994533,1683978132,841989066
1549,20.9947,420994533,140331511,206732558,42044197,722037,136,420994533,1683978132,841989066
1550,20.997,420994533,140331511,206732558,42051355,722037,136,420994533,1683978132,841989066
1551,20.8944,420994533,140331511,206732558,42054476,722037,136,420994533,1683978132,841989066
1552,21.136,420994533,140331511,206732558,42060194,722037,136,420994533,1683978132,841989066
1553,21.1459,420994533,140331511,206732558,42027079,722037,136,420994533,1683978132,841989066
1554,20.9941,420994533,140331511,206732558,42033417,722037,136,420994533,1683978132,841989066
1555,21.1883,420994533,140331511,206732558,42053566,722037,136,420994533,1683978132,841989066
1556,21.1436,420994533,140331511,206732558,41988950,722037,136,420994533,1683978132,841989066
1557,20.9463,420994533,140331511,206732558,42044366,722037,136,420994533,1683978132,841989066
1558,20.9915,420994533,140331511,206732558,42020645,722037,136,420994533,1683978132,841989066
1559,21.1423,420994533,140331511,206732558,42052679,722037,136,420994533,1683978132,841989066
1560,20.8723,420994533,140331511,206732558,42035843,722037,136,420994533,1683978132,841989066
1561,20.9011,420994533,140331511,206732558,41998091,722037,136,420994533,1683978132,841989066
1562,20.9464,420994533,140331511,206732558,42045608,722037,136,420994533,1683978132,841989066
1563,20.8648,420994533,140331511,206732558,41995607,722037,136,420994533,1683978132,841989066
1564,20.9849,420994533,140331511,206732558,42007792,722037,136,420994533,1683978132,841989066
1565,21.1754,420994533,140331511,206732558,42030981,722037,136,420994533,1683978132,841989066
1566,21.0046,420994533,140331511,206732558,42069534,722037,136,420994533,1683978132,841989066
1567,20.9349,420994533,140331511,206732558,42013712,722037,136,420994533,1683978132,841989066
1568,21.2513,420994533,140331511,206732558,42029506,722037,136,420994533,1683978132,841989066
1569,20.898,420994533,140331511,206732558,42550508,722037,136,420994533,1683978132,841989066
1570,20.9915,420994533,140331511,206732558,41988785,722037,136,420994533,1683978132,841989066
1571,21.313,420994533,140331511,206732558,42017219,722037,136,420994533,1683978132,841989066
1572,21.0067,420994533,140331511,206732558,42052451,722037,136,420994533,1683978132,841989066
1573,20.9946,420994533,140331511,206732558,41988242,722037,136,420994533,1683978132,841989066
1574,21.2228,420994533,140331511,206732558,41995840,722037,136,420994533,1683978132,841989066
1575,20.9835,420994533,140331511,206732558,42020870,722037,136,420994533,1683978132,841989066
1576,21.0171,420994533,140331511,206732558,42013520,722037,136,420994533,1683978132,841989066
1577,21.4498,420994533,140331511,206732558,42029168,722037,136,420994533,1683978132,841989066
1578,20.8711,420994533,140331511,206732558,42026899,722037,136,420994533,1683978132,841989066
1579,20.9864,420994533,140331511,206732558,42032372,722037,136,420994533,1683978132,841989066
1580,21.2944,420994533,140331511,206732558,41944247,722037,136,420994533,1683978132,841989066
1581,20.9361,420994533,140331511,206732558,41971073,722037,136,420994533,1683978132,841989066
1582,20.9747,420994533,140331511,206732558,41978949,722037,136,420994533,1683978132,841989066
1583,21.2155,420994533,140331511,206732558,42027517,722037,136,420994533,1683978132,841989066
1584,21.05,420994533,140331511,206732558,42031992,722037,136,420994533,1683978132,841989066
1585,20.9945,420994533,140331511,206732558,42062938,722037,136,420994533,1683978132,841989066
1586,21.3408,420994533,140331511,206732558,42022833,722037,136,420994533,1683978132,841989066
1587,20.9438,420994533,140331511,206732558,41986372,722037,136,420994533,1683978132,841989066
1588,20.8684,420994533,140331511,206732558,42063670,722037,136,420994533,1683978132,841989066
1589,21.2004,420994533,140331511,206732558,41998716,722037,136,420994533,1683978132,841989066
1590,21.1324,420994533,140331511,206732558,41951190,722037,136,420994533,1683978132,841989066
1591,20.8731,420994533,140331511,206732558,41995730,722037,136,420994533,1683978132,841989066
1592,21.1366,420994533,140331511,206732558,42051113,722037,136,420994533,1683978132,841989066
1593,21.0741,420994533,140331511,206732558,42051360,722037,136,420994533,1683978132,841989066
1594,20.8678,420994533,140331511,206732558,41983478,722037,136,420994533,1683978132,841989066
1595,20.8756,420994533,140331511,206732558,42047149,722037,136,420994533,1683978132,841989066
1596,21.313,420994533,140331511,206732558,42047470,722037,136,420994533,1683978132,841989066
1597,20.872,420994533,140331511,206732558,42005511,722037,136,420994533,1683978132,841989066
1598,20.873,420994533,140331511,206732558,42060829,722037,136,420994533,1683978132,841989066
1599,21.3049,420994533,140331511,206732558,42102057,722037,136,420994533,1683978132,841989066
1600,20.8672,420994533,140331511,206732558,42052529,722037,136,420994533,1683978132,841989066
1601,20.881,420994533,140331511,206732558,42063799,722037,136,420994533,1683978132,841989066
1602,21.2028,420994533,140331511,206732558,42000912,722037,136,420994533,1683978132,841989066
1603,20.9858,420994533,140331511,206732558,42043338,722037,136,420994533,1683978132,841989066
1604,20.8833,420994533,140331511,206732558,42042138,722037,136,420994533,1683978132,841989066
1605,21.2263,420994533,140331511,206732558,41988726,722037,136,420994533,1683978132,841989066
1606,20.8585,420994533,140331511,206732558,42014146,722037,136,420994533,1683978132,841989066
1607,20.864,420994533,140331511,206732558,41994578,722037,136,420994533,1683978132,841989066
1608,21.1952,420994533,140331511,206732558,42053663,722037,136,420994533,1683978132,841989066
1609,20.9096,420994533,140331511,206732558,42037330,722037,136,420994533,1683978132,841989066
1610,20.8783,420994533,140331511,206732558,42029591,722037,136,420994533,1683978132,841989066
1611,20.9562,420994533,140331511,206732558,42027149,722037,136,420994533,1683978132,841989066
1612,21.0402,420994533,140331511,206732558,42014983,722037,136,420994533,1683978132,841989066
1613,20.8714,420994533,140331511,206732558,41999266,722037,136,420994533,1683978132,841989066
1614,20.883,420994533,140331511,206732558,42007709,722037,136,420994533,1683978132,841989066
1615,21.1763,420994533,140331511,206732558,42055169,722037,136,420994533,1683978132,841989066
1616,20.8746,420994533,140331511,206732558,41990410,722037,136,420994533,1683978132,841989066
1617,20.9987,420994533,140331511,206732558,42017342,722037,136,420994533,1683978132,841989066
1618,21.2897,420994533,140331511,206732558,42028386,722037,136,420994533,1683978132,841989066
1619,20.8674,420994533,140331511,206732558,42028164,722037,136,420994533,1683978132,841989066
1620,20.9991,420994533,140331511,206732558,42019488,722037,136,420994533,1683978132,841989066
1621,21.2924,420994533,140331511,206732558,41977588,722037,136,420994533,1683978132,841989066
1622,20.9882,420994533,140331511,206732558,41949246,722037,136,420994533,1683978132,841989066
1623,21.0029,420994533,140331511,206732558,42014336,722037,136,420994533,1683978132,841989066
1624,21.1765,420994533,140331511,206732558,42024103,722037,136,420994533,1683978132,841989066
1625,20.9958,420994533,140331511,206732558,41989392,722037,136,420994533,1683978132,841989066
1626,20.9954,420994533,140331511,206732558,42045785,722037,136,420994533,1683978132,841989066
1627,21.4174,420994533,140331511,206732558,42051130,722037,136,420994533,1683978132,841989066
1628,20.8726,420994533,140331511,206732558,42019231,722037,136,420994533,1683978132,841989066
1629,20.9575,420994533,140331511,206732558,42069784,722037,136,420994533,1683978132,841989066
1630,21.2207,420994533,140331511,206732558,41995672,722037,136,420994533,1683978132,841989066
1631,21.0073,420994533,140331511,206732558,42009482,722037,136,420994533,1683978132,841989066
1632,20.8769,420994533,140331511,206732558,42020970,722037,136,420994533,1683978132,841989066
1633,21.0803,420994533,140331511,206732558,42024148,722037,136,420994533,1683978132,841989066
1634,20.934,420994533,140331511,206732558,42019534,722037,136,420994533,1683978132,841989066
1635,20.8753,420994533,140331511,206732558,42006520,722037,136,420994533,1683978132,841989066
1636,21.2268,420994533,140331511,206732558,42030887,722037,136,420994533,1683978132,841989066
1637,21.0341,420994533,140331511,206732558,42048124,722037,136,420994533,1683978132,841989066
1638,20.9585,420994533,140331511,206732558,41976475,722037,136,420994533,1683978132,841989066
1639,20.9872,420994533,140331511,206732558,42003880,722037,136,420994533,1683978132,841989066
1640,21.0498,420994533,140331511,206732558,42096114,722037,136,420994533,1683978132,841989066
1641,21.1382,420994533,140331511,206732558,42022885,722037,136,420994533,1683978132,841989066
1642,20.8993,420994533,140331511,206732558,42001105,722037,136,420994533,1683978132,841989066
1643,21.3028,420994533,140331511,206732558,42075448,722037,136,420994533,1683978132,841989066
1644,21.0051,420994533,140331511,206732558,42021414,722037,136,420994533,1683978132,841989066
1645,20.8673,420994533,140331511,206732558,42017300,722037,136,420994533,1683978132,841989066
1646,21.2914,420994533,140331511,206732558,42002658,722037,136,420994533,1683978132,841989066
1647,20.993,420994533,140331511,206732558,42054586,722037,136,420994533,1683978132,841989066
1648,20.9958,420994533,140331511,206732558,41991323,722037,136,420994533,1683978132,841989066
1649,21.2889,420994533,140331511,206732558,42043247,722037,136,420994533,1683978132,841989066
1650,20.8812,420994533,140331511,206732558,42054876,722037,136,420994533,1683978132,841989066
1651,20.8724,420994533,140331511,206732558,41997239,722037,136,420994533,1683978132,841989066
1652,21.3124,420994533,140331511,206732558,42064717,722037,136,420994533,1683978132,841989066
1653,20.9938,420994533,140331511,206732558,42025460,722037,136,420994533,1683978132,841989066
1654,20.8716,420994533,140331511,206732558,42017784,722037,136,420994533,1683978132,841989066
1655,21.3372,420994533,140331511,206732558,41974487,722037,136,420994533,1683978132,841989066
1656,21.0069,420994533,140331511,206732558,41976196,722037,136,420994533,1683978132,841989066
1657,20.8689,420994533,140331511,206732558,42052195,722037,136,420994533,1683978132,841989066
1658,21.1939,420994533,140331511,206732558,42015800,722037,136,420994533,1683978132,841989066
1659,20.9905,420994533,140331511,206732558,42025877,722037,136,420994533,1683978132,841989066
1660,20.8719,420994533,140331511,206732558,42038645,722037,136,420994533,1683978132,841989066
1661,21.2911,420994533,140331511,206732558,42023775,722037,136,420994533,1683978132,841989066
1662,21.0079,420994533,140331511,206732558,42025055,722037,136,420994533,1683978132,841989066
1663,20.9865,420994533,140331511,206732558,42033919,722037,136,420994533,1683978132,841989066
1664,21.2068,420994533,140331511,206732558,42019712,722037,136,420994533,1683978132,841989066
1665,21.1418,420994533,140331511,206732558,41962231,722037,136,420994533,1683978132,841989066
1666,20.9988,420994533,140331511,206732558,42042408,722037,136,420994533,1683978132,841989066
1667,21.2998,420994533,140331511,206732558,41968427,722037,136,420994533,1683978132,841989066
1668,20.8691,420994533,140331511,206732558,42000401,722037,136,420994533,1683978132,841989066
1669,20.9993,420994533,140331511,206732558,42031875,722037,136,420994533,1683978132,841989066
1670,21.2747,420994533,140331511,206732558,42005873,722037,136,420994533,1683978132,841989066
1671,20.992,420994533,140331511,206732558,42022460,722037,136,420994533,1683978132,841989066
1672,20.9893,420994533,140331511,206732558,41962202,722037,136,420994533,1683978132,841989066
1673,21.273,420994533,140331511,206732558,41998530,722037,136,420994533,1683978132,841989066
1674,21.0184,420994533,140331511,206732558,42021148,722037,136,420994533,1683978132,841989066
1675,20.9353,420994533,140331511,206732558,42047714,722037,136,420994533,1683978132,841989066
1676,21.2204,420994533,140331511,206732558,42520571,722037,136,420994533,1683978132,841989066
1677,21.0791,420994533,140331511,206732558,42066502,722037,136,420994533,1683978132,841989066
1678,20.9773,420994533,140331511,206732558,42016442,722037,136,420994533,1683978132,841989066
1679,20.994,420994533,140331511,206732558,42038715,722037,136,420994533,1683978132,841989066
1680,21.1563,420994533,140331511,206732558,41999768,722037,136,420994533,1683978132,841989066
1681,20.9883,420994533,140331511,206732558,42015631,722037,136,420994533,1683978132,841989066
1682,20.8862,420994533,140331511,206732558,42035535,722037,136,420994533,1683978132,841989066
1683,21.1464,420994533,140331511,206732558,42028648,722037,136,420994533,1683978132,841989066
1684,20.8695,420994533,140331511,206732558,42019788,722037,136,420994533,1683978132,841989066
1685,20.9919,420994533,140331511,206732558,42018878,722037,136,420994533,1683978132,841989066
1686,21.0742,420994533,140331511,206732558,42060651,722037,136,420994533,1683978132,841989066
1687,20.8704,420994533,140331511,206732558,42023962,722037,136,420994533,1683978132,841989066
1688,20.9958,420994533,140331511,206732558,42101790,722037,136,420994533,1683978132,841989066
1689,21.02,420994533,140331511,206732558,42015908,722037,136,420994533,1683978132,841989066
1690,20.9836,420994533,140331511,206732558,42035444,722037,136,420994533,1683978132,841989066
1691,21.0001,420994533,140331511,206732558,41993952,722037,136,420994533,1683978132,841989066
1692,21.1398,420994533,140331511,206732558,42058223,722037,136,420994533,1683978132,841989066
1693,20.8622,420994533,140331511,206732558,42063905,722037,136,420994533,1683978132,841989066
1694,20.9316,420994533,140331511,206732558,42006966,722037,136,420994533,1683978132,841989066
1695,20.8864,420994533,140331511,206732558,41970875,722037,136,420994533,1683978132,841989066
1696,20.9932,420994533,140331511,206732558,41988317,722037,136,420994533,1683978132,841989066
1697,20.8895,420994533,140331511,206732558,42003591,722037,136,420994533,1683978132,841989066
1698,21.2608,420994533,140331511,206732558,41982408,722037,136,420994533,1683978132,841989066
1699,20.869,420994533,140331511,206732558,42045720,722037,136,420994533,1683978132,841989066
1700,20.9552,420994533,140331511,206732558,42059279,722037,136,420994533,1683978132,841989066
1701,21.1898,420994533,140331511,206732558,42016547,722037,136,420994533,1683978132,841989066
1702,20.8688,420994533,140331511,206732558,42019884,722037,136,420994533,1683978132,841989066
1703,20.8999,420994533,140331511,206732558,42050175,722037,136,420994533,1683978132,841989066
1704,21.3055,420994533,140331511,206732558,41995235,722037,136,420994533,1683978132,841989066
1705,20.8735,420994533,140331511,206732558,42017471,722037,136,420994533,1683978132,841989066
1706,20.8829,420994533,140331511,206732558,41977715,722037,136,420994533,1683978132,841989066
1707,21.2022,420994533,140331511,206732558,42040248,722037,136,420994533,1683978132,841989066
1708,20.9859,420994533,140331511,206732558,41998621,722037,136,420994533,1683978132,841989066
1709,21.002,420994533,140331511,206732558,42060005,722037,136,420994533,1683978132,841989066
1710,21.2937,420994533,140331511,206732558,41986728,722037,136,420994533,1683978132,841989066
1711,20.9881,420994533,140331511,206732558,41983779,722037,136,420994533,1683978132,841989066
1712,20.9919,420994533,140331511,206732558,42092102,722037,136,420994533,1683978132,841989066
1713,21.1553,420994533,140331511,206732558,41984582,722037,136,420994533,1683978132,841989066
1714,20.8818,420994533,140331511,206732558,42004322,722037,136,420994533,1683978132,841989066
1715,20.9903,420994533,140331511,206732558,42020615,722037,136,420994533,1683978132,841989066
1716,21.2995,420994533,140331511,206732558,42015942,722037,136,420994533,1683978132,841989066
1717,20.9788,420994533,140331511,206732558,42035767,722037,136,420994533,1683978132,841989066
1718,20.9506,420994533,140331511,206732558,41976877,722037,136,420994533,1683978132,841989066
1719,21.3441,420994533,140331511,206732558,42011271,722037,136,420994533,1683978132,841989066
1720,20.9916,420994533,140331511,206732558,41995853,722037,136,420994533,1683978132,841989066
1721,20.8635,420994533,140331511,206732558,41999704,722037,136,420994533,1683978132,841989066
1722,21.1908,420994533,140331511,206732558,42028526,722037,136,420994533,1683978132,841989066
1723,21.134,420994533,140331511,206732558,42024570,722037,136,420994533,1683978132,841989066
1724,20.9933,420994533,140331511,206732558,42029625,722037,136,420994533,1683978132,841989066
1725,21.2245,420994533,140331511,206732558,41999428,722037,136,420994533,1683978132,841989066
1726,20.9367,420994533,140331511,206732558,42014216,722037,136,420994533,1683978132,841989066
1727,20.9957,420994533,140331511,206732558,42051297,722037,136,420994533,1683978132,841989066
1728,21.2274,420994533,140331511,206732558,42077627,722037,136,420994533,1683978132,841989066
1729,20.9885,420994533,140331511,206732558,42024355,722037,136,420994533,1683978132,841989066
1730,21.0085,420994533,140331511,206732558,42028699,722037,136,420994533,1683978132,841989066
1731,20.9873,420994533,140331511,206732558,42001456,722037,136,420994533,1683978132,841989066
1732,21.145,420994533,140331511,206732558,42019677,722037,136,420994533,1683978132,841989066
1733,20.936,420994533,140331511,206732558,42082760,722037,136,420994533,1683978132,841989066
1734,21.1335,420994533,140331511,206732558,42031126,722037,136,420994533,1683978132,841989066
1735,21.06,420994533,140331511,206732558,42006508,722037,136,420994533,1683978132,841989066
1736,20.9452,420994533,140331511,206732558,41966596,722037,136,420994533,1683978132,841989066
1737,20.8699,420994533,140331511,206732558,42023589,722037,136,420994533,1683978132,841989066
1738,21.2251,420994533,140331511,206732558,41993588,722037,136,420994533,1683978132,841989066
1739,20.9899,420994533,140331511,206732558,42019314,722037,136,420994533,1683978132,841989066
1740,20.8866,420994533,140331511,206732558,42064177,722037,136,420994533,1683978132,841989066
1741,21.3004,420994533,140331511,206732558,42025731,722037,136,420994533,1683978132,841989066
1742,20.8688,420994533,140331511,206732558,42033296,722037,136,420994533,1683978132,841989066
1743,20.8859,420994533,140331511,206732558,42070483,722037,136,420994533,1683978132,841989066
1744,21.2216,420994533,140331511,206732558,42011605,722037,136,420994533,1683978132,841989066
1745,20.8743,420994533,140331511,206732558,41964582,722037,136,420994533,1683978132,841989066
1746,20.8832,420994533,140331511,206732558,41947647,722037,136,420994533,1683978132,841989066
1747,21.2389,420994533,140331511,206732558,41980344,722037,136,420994533,1683978132,841989066
1748,20.8731,420994533,140331511,206732558,41997656,722037,136,420994533,1683978132,841989066
1749,20.8802,420994533,140331511,206732558,42073174,722037,136,420994533,1683978132,841989066
1750,21.2595,420994533,140331511,206732558,42013898,722037,136,420994533,1683978132,841989066
1751,20.9949,420994533,140331511,206732558,42019278,722037,136,420994533,1683978132,841989066
1752,20.8766,420994533,140331511,206732558,42067785,722037,136,420994533,1683978132,841989066
1753,21.0966,420994533,140331511,206732558,42002852,722037,136,420994533,1683978132,841989066
1754,20.8669,420994533,140331511,206732558,41987098,722037,136,420994533,1683978132,841989066
1755,20.8798,420994533,140331511,206732558,42047981,722037,136,420994533,1683978132,841989066
1756,20.8617,420994533,140331511,206732558,42039040,722037,136,420994533,1683978132,841989066
1757,20.8911,420994533,140331511,206732558,42055326,722037,136,420994533,1683978132,841989066
1758,20.8615,420994533,140331511,206732558,42017150,722037,136,420994533,1683978132,841989066
1759,20.8667,420994533,140331511,206732558,42040535,722037,136,420994533,1683978132,841989066
1760,21.2195,420994533,140331511,206732558,41988297,722037,136,420994533,1683978132,841989066
1761,20.8696,420994533,140331511,206732558,42010441,722037,136,420994533,1683978132,841989066
1762,20.9849,420994533,140331511,206732558,42013306,722037,136,420994533,1683978132,841989066
1763,21.1623,420994533,140331511,206732558,41998002,722037,136,420994533,1683978132,841989066
1764,20.8632,420994533,140331511,206732558,42016088,722037,136,420994533,1683978132,841989066
1765,20.8481,420994533,140331511,206732558,41977102,722037,136,420994533,1683978132,841989066
1766,21.2832,420994533,140331511,206732558,42042750,722037,136,420994533,1683978132,841989066
1767,20.86,420994533,140331511,206732558,42014609,722037,136,420994533,1683978132,841989066
1768,20.9894,420994533,140331511,206732558,42051874,722037,136,420994533,1683978132,841989066
1769,21.2209,420994533,140331511,206732558,42027329,722037,136,420994533,1683978132,841989066
1770,20.9375,420994533,140331511,206732558,41981221,722037,136,420994533,1683978132,841989066
1771,20.9914,420994533,140331511,206732558,42034182,722037,136,420994533,1683978132,841989066
1772,20.9924,420994533,140331511,206732558,41995854,722037,136,420994533,1683978132,841989066
1773,21.0414,420994533,140331511,206732558,42032613,722037,136,420994533,1683978132,841989066
1774,20.8676,420994533,140331511,206732558,42010919,722037,136,420994533,1683978132,841989066
1775,20.8756,420994533,140331511,206732558,42024091,722037,136,420994533,1683978132,841989066
1776,21.0198,420994533,140331511,206732558,41976277,722037,136,420994533,1683978132,841989066
1777,20.8628,420994533,140331511,206732558,41987732,722037,136,420994533,1683978132,841989066
1778,20.9196,420994533,140331511,206732558,42052961,722037,136,420994533,1683978132,841989066
1779,21.1323,420994533,140331511,206732558,42016994,722037,136,420994533,1683978132,841989066
1780,20.9848,420994533,140331511,206732558,42022597,722037,136,420994533,1683978132,841989066
1781,21.0012,420994533,140331511,206732558,41953786,722037,136,420994533,1683978132,841989066
1782,21.0584,420994533,140331511,206732558,42063611,722037,136,420994533,1683978132,841989066
1783,20.995,420994533,140331511,206732558,42017632,722037,136,420994533,1683978132,841989066
1784,20.8856,420994533,140331511,206732558,42066645,722037,136,420994533,1683978132,841989066
1785,21.1055,420994533,140331511,206732558,42039347,722037,136,420994533,1683978132,841989066
1786,20.9851,420994533,140331511,206732558,41986007,722037,136,420994533,1683978132,841989066
1787,20.8663,420994533,140331511,206732558,42041141,722037,136,420994533,1683978132,841989066
1788,21.1446,420994533,140331511,206732558,42011395,722037,136,420994533,1683978132,841989066
1789,20.9856,420994533,140331511,206732558,42029209,722037,136,420994533,1683978132,841989066
1790,21.2228,420994533,140331511,206732558,41973300,722037,136,420994533,1683978132,841989066
1791,20.8834,420994533,140331511,206732558,42047357,722037,136,420994533,1683978132,841989066
1792,20.8758,420994533,140331511,206732558,41961929,722037,136,420994533,1683978132,841989066
1793,21.0025,420994533,140331511,206732558,41975606,722037,136,420994533,1683978132,841989066
1794,21.1805,420994533,140331511,206732558,42040561,722037,136,420994533,1683978132,841989066
1795,20.8707,420994533,140331511,206732558,42024701,722037,136,420994533,1683978132,841989066
1796,20.8785,420994533,140331511,206732558,41987699,722037,136,420994533,1683978132,841989066
1797,21.3089,420994533,140331511,206732558,42023383,722037,136,420994533,1683978132,841989066
1798,21.002,420994533,140331511,206732558,42024425,722037,136,420994533,1683978132,841989066
1799,20.9981,420994533,140331511,206732558,42041301,722037,136,420994533,1683978132,841989066
1800,21.2305,420994533,140331511,206732558,42037814,722037,136,420994533,1683978132,841989066
1801,20.987,420994533,140331511,206732558,41999869,722037,136,420994533,1683978132,841989066
1802,20.8652,420994533,140331511,206732558,41999336,722037,136,420994533,1683978132,841989066
1803,21.2363,420994533,140331511,206732558,42057051,722037,136,420994533,1683978132,841989066
1804,20.9783,420994533,140331511,206732558,42041810,722037,136,420994533,1683978132,841989066
1805,20.8718,420994533,140331511,206732558,42005324,722037,136,420994533,1683978132,841989066
1806,21.2983,420994533,140331511,206732558,42028020,722037,136,420994533,1683978132,841989066
1807,20.9885,420994533,140331511,206732558,42048117,722037,136,420994533,1683978132,841989066
1808,20.879,420994533,140331511,206732558,42076267,722037,136,420994533,1683978132,841989066
1809,21.2334,420994533,140331511,206732558,42054847,722037,136,420994533,1683978132,841989066
1810,20.987,420994533,140331511,206732558,42030823,722037,136,420994533,1683978132,841989066
1811,20.9439,420994533,140331511,206732558,42000863,722037,136,420994533,1683978132,841989066
1812,21.1516,420994533,140331511,206732558,42044561,722037,136,420994533,1683978132,841989066
1813,20.9854,420994533,140331511,206732558,42023545,722037,136,420994533,1683978132,841989066
1814,21.0013,420994533,140331511,206732558,42020911,722037,136,420994533,1683978132,841989066
1815,20.8856,420994533,140331511,206732558,42003821,722037,136,420994533,1683978132,841989066
1816,21.1471,420994533,140331511,206732558,42016072,722037,136,420994533,1683978132,841989066
1817,21.0117,420994533,140331511,206732558,42032002,722037,136,420994533,1683978132,841989066
1818,20.8927,420994533,140331511,206732558,42036540,722037,136,420994533,1683978132,841989066
1819,21.2354,420994533,140331511,206732558,42015286,722037,136,420994533,1683978132,841989066
1820,21.0034,420994533,140331511,206732558,41992704,722037,136,420994533,1683978132,841989066
1821,20.9667,420994533,140331511,206732558,42018837,722037,136,420994533,1683978132,841989066
1822,21.07,420994533,140331511,206732558,42034402,722037,136,420994533,1683978132,841989066
1823,21.0072,420994533,140331511,206732558,42005357,722037,136,420994533,1683978132,841989066
1824,20.8877,420994533,140331511,206732558,42039367,722037,136,420994533,1683978132,841989066
1825,21.158,420994533,140331511,206732558,41962833,722037,136,420994533,1683978132,841989066
1826,20.9927,420994533,140331511,206732558,42006624,722037,136,420994533,1683978132,841989066
1827,21.0057,420994533,140331511,206732558,42002827,722037,136,420994533,1683978132,841989066
1828,20.8772,420994533,140331511,206732558,42055593,722037,136,420994533,1683978132,841989066
1829,20.8741,420994533,140331511,206732558,42009942,722037,136,420994533,1683978132,841989066
1830,21.3001,420994533,140331511,206732558,42076894,722037,136,420994533,1683978132,841989066
1831,20.9408,420994533,140331511,206732558,42019328,722037,136,420994533,1683978132,841989066
1832,20.9473,420994533,140331511,206732558,42022797,722037,136,420994533,1683978132,841989066
1833,21.3007,420994533,140331511,206732558,42000318,722037,136,420994533,1683978132,841989066
1834,21.0478,420994533,140331511,206732558,42000753,722037,136,420994533,1683978132,841989066
1835,20.9989,420994533,140331511,206732558,42008457,722037,136,420994533,1683978132,841989066
1836,21.233,420994533,140331511,206732558,42037498,722037,136,420994533,1683978132,841989066
1837,20.9998,420994533,140331511,206732558,42049477,722037,136,420994533,1683978132,841989066
1838,20.8794,420994533,140331511,206732558,41965789,722037,136,420994533,1683978132,841989066
1839,21.1002,420994533,140331511,206732558,41970262,722037,136,420994533,1683978132,841989066
1840,20.9892,420994533,140331511,206732558,41952907,722037,136,420994533,1683978132,841989066
1841,20.8763,420994533,140331511,206732558,42002829,722037,136,420994533,1683978132,841989066
1842,20.8929,420994533,140331511,206732558,42022624,722037,136,420994533,1683978132,841989066
1843,20.8784,420994533,140331511,206732558,42055450,722037,136,420994533,1683978132,841989066
1844,21.0051,420994533,140331511,206732558,42044950,722037,136,420994533,1683978132,841989066
1845,20.959,420994533,140331511,206732558,42052450,722037,136,420994533,1683978132,841989066
1846,21.257,420994533,140331511,206732558,42007627,722037,136,420994533,1683978132,841989066
1847,20.8849,420994533,140331511,206732558,42016546,722037,136,420994533,1683978132,841989066
1848,20.9076,420994533,140331511,206732558,42020261,722037,136,420994533,1683978132,841989066
1849,21.1652,420994533,140331511,206732558,41963824,722037,136,420994533,1683978132,841989066
1850,20.8783,420994533,140331511,206732558,42024877,722037,136,420994533,1683978132,841989066
1851,20.8801,420994533,140331511,206732558,42030675,722037,136,420994533,1683978132,841989066
1852,21.2396,420994533,140331511,206732558,42024301,722037,136,420994533,1683978132,841989066
1853,20.9976,420994533,140331511,206732558,42024761,722037,136,420994533,1683978132,841989066
1854,20.9966,420994533,140331511,206732558,42014737,722037,136,420994533,1683978132,841989066
1855,21.1695,420994533,140331511,206732558,42026394,722037,136,420994533,1683978132,841989066
1856,20.9539,420994533,140331511,206732558,42012762,722037,136,420994533,1683978132,841989066
1857,20.9928,420994533,140331511,206732558,42025573,722037,136,420994533,1683978132,841989066
1858,21.2892,420994533,140331511,206732558,42000869,722037,136,420994533,1683978132,841989066
1859,20.8796,420994533,140331511,206732558,41989057,722037,136,420994533,1683978132,841989066
1860,21.129,420994533,140331511,206732558,42054132,722037,136,420994533,1683978132,841989066
1861,21.2242,420994533,140331511,206732558,41948792,722037,136,420994533,1683978132,841989066
1862,20.8773,420994533,140331511,206732558,41976035,722037,136,420994533,1683978132,841989066
1863,21.0078,420994533,140331511,206732558,42031628,722037,136,420994533,1683978132,841989066
1864,21.2484,420994533,140331511,206732558,42022226,722037,136,420994533,1683978132,841989066
1865,21.0031,420994533,140331511,206732558,41979244,722037,136,420994533,1683978132,841989066
1866,20.8815,420994533,140331511,206732558,42054772,722037,136,420994533,1683978132,841989066
1867,21.0864,420994533,140331511,206732558,41996046,722037,136,420994533,1683978132,841989066
1868,21.1453,420994533,140331511,206732558,42026701,722037,136,420994533,1683978132,841989066
1869,20.8841,420994533,140331511,206732558,42004817,722037,136,420994533,1683978132,841989066
1870,21.1398,420994533,140331511,206732558,42007896,722037,136,420994533,1683978132,841989066
1871,21.1536,420994533,140331511,206732558,42014550,722037,136,420994533,1683978132,841989066
1872,21.0008,420994533,140331511,206732558,42014925,722037,136,420994533,1683978132,841989066
1873,21.0748,420994533,140331511,206732558,42009353,722037,136,420994533,1683978132,841989066
1874,21.0294,420994533,140331511,206732558,41987888,722037,136,420994533,1683978132,841989066
1875,21.0168,420994533,140331511,206732558,42026866,722037,136,420994533,1683978132,841989066
1876,20.8676,420994533,140331511,206732558,41985793,722037,136,420994533,1683978132,841989066
1877,21.2147,420994533,140331511,206732558,41978074,722037,136,420994533,1683978132,841989066
1878,20.8718,420994533,140331511,206732558,41970465,722037,136,420994533,1683978132,841989066
1879,20.8945,420994533,140331511,206732558,42019347,722037,136,420994533,1683978132,841989066
1880,21.1159,420994533,140331511,206732558,42052210,722037,136,420994533,1683978132,841989066
1881,20.9629,420994533,140331511,206732558,42043237,722037,136,420994533,1683978132,841989066
1882,20.8916,420994533,140331511,206732558,41967400,722037,136,420994533,1683978132,841989066
1883,20.998,420994533,140331511,206732558,41988669,722037,136,420994533,1683978132,841989066
1884,20.8801,420994533,140331511,206732558,42018027,722037,136,420994533,1683978132,841989066
1885,21.293,420994533,140331511,206732558,42017404,722037,136,420994533,1683978132,841989066
1886,21.0022,420994533,140331511,206732558,42076735,722037,136,420994533,1683978132,841989066
1887,21.0029,420994533,140331511,206732558,41996471,722037,136,420994533,1683978132,841989066
1888,21.0753,420994533,140331511,206732558,42025561,722037,136,420994533,1683978132,841989066
1889,21.1573,420994533,140331511,206732558,41934858,722037,136,420994533,1683978132,841989066
1890,21.0094,420994533,140331511,206732558,42021616,722037,136,420994533,1683978132,841989066
1891,20.8774,420994533,140331511,206732558,42026490,722037,136,420994533,1683978132,841989066
1892,21.1686,420994533,140331511,206732558,42005848,722037,136,420994533,1683978132,841989066
1893,20.9981,420994533,140331511,206732558,41994374,722037,136,420994533,1683978132,841989066
1894,21.285,420994533,140331511,206732558,42045020,722037,136,420994533,1683978132,841989066
1895,20.994,420994533,140331511,206732558,42023032,722037,136,420994533,1683978132,841989066
1896,20.9904,420994533,140331511,206732558,42058580,722037,136,420994533,1683978132,841989066
1897,21.2042,420994533,140331511,206732558,42035632,722037,136,420994533,1683978132,841989066
1898,21.1363,420994533,140331511,206732558,42019447,722037,136,420994533,1683978132,841989066
1899,21.0023,420994533,140331511,206732558,42005679,722037,136,420994533,1683978132,841989066
1900,21.0852,420994533,140331511,206732558,42024457,722037,136,420994533,1683978132,841989066
1901,20.9862,420994533,140331511,206732558,41986750,722037,136,420994533,1683978132,841989066
1902,20.8726,420994533,140331511,206732558,42028340,722037,136,420994533,1683978132,841989066
1903,21.0969,420994533,140331511,206732558,42566966,722037,136,420994533,1683978132,841989066
1904,21.1549,420994533,140331511,206732558,41984484,722037,136,420994533,1683978132,841989066
1905,21.0143,420994533,140331511,206732558,41995459,722037,136,420994533,1683978132,841989066
1906,21.2149,420994533,140331511,206732558,42034093,722037,136,420994533,1683978132,841989066
1907,21.1156,420994533,140331511,206732558,42011820,722037,136,420994533,1683978132,841989066
1908,20.8922,420994533,140331511,206732558,42022793,722037,136,420994533,1683978132,841989066
1909,21.2331,420994533,140331511,206732558,42016162,722037,136,420994533,1683978132,841989066
1910,20.9352,420994533,140331511,206732558,41972257,722037,136,420994533,1683978132,841989066
1911,21.0106,420994533,140331511,206732558,41992128,722037,136,420994533,1683978132,841989066
1912,20.8835,420994533,140331511,206732558,42544941,722037,136,420994533,1683978132,841989066
1913,21.0874,420994533,140331511,206732558,42076666,722037,136,420994533,1683978132,841989066
1914,20.9098,420994533,140331511,206732558,42000539,722037,136,420994533,1683978132,841989066
1915,20.8766,420994533,140331511,206732558,42033455,722037,136,420994533,1683978132,841989066
1916,20.8771,420994533,140331511,206732558,42052708,722037,136,420994533,1683978132,841989066
1917,20.8841,420994533,140331511,206732558,41973916,722037,136,420994533,1683978132,841989066
1918,20.8757,420994533,140331511,206732558,42050603,722037,136,420994533,1683978132,841989066
1919,21.2523,420994533,140331511,206732558,42023752,722037,136,420994533,1683978132,841989066
1920,20.8762,420994533,140331511,206732558,41975212,722037,136,420994533,1683978132,841989066
1921,20.8657,420994533,140331511,206732558,42011655,722037,136,420994533,1683978132,841989066
1922,21.2056,420994533,140331511,206732558,41999485,722037,136,420994533,1683978132,841989066
1923,20.9985,420994533,140331511,206732558,42002559,722037,136,420994533,1683978132,841989066
1924,20.8641,420994533,140331511,206732558,42003652,722037,136,420994533,1683978132,841989066
1925,21.1805,420994533,140331511,206732558,41998814,722037,136,420994533,1683978132,841989066
1926,20.8722,420994533,140331511,206732558,41968336,722037,136,420994533,1683978132,841989066
1927,20.8767,420994533,140331511,206732558,42023546,722037,136,420994533,1683978132,841989066
1928,21.1702,420994533,140331511,206732558,42028016,722037,136,420994533,1683978132,841989066
1929,20.8679,420994533,140331511,206732558,41986036,722037,136,420994533,1683978132,841989066
1930,20.8654,420994533,140331511,206732558,42024421,722037,136,420994533,1683978132,841989066
1931,21.1462,420994533,140331511,206732558,42027037,722037,136,420994533,1683978132,841989066
1932,21.0313,420994533,140331511,206732558,42008214,722037,136,420994533,1683978132,841989066
1933,20.8739,420994533,140331511,206732558,42031289,722037,136,420994533,1683978132,841989066
1934,20.9046,420994533,140331511,206732558,41993577,722037,136,420994533,1683978132,841989066
1935,21.305,420994533,140331511,206732558,42007897,722037,136,420994533,1683978132,841989066
1936,20.8659,420994533,140331511,206732558,42053915,722037,136,420994533,1683978132,841989066
1937,20.8937,420994533,140331511,206732558,42007664,722037,136,420994533,1683978132,841989066
1938,21.2941,420994533,140331511,206732558,42004419,722037,136,420994533,1683978132,841989066
1939,20.8591,420994533,140331511,206732558,42052156,722037,136,420994533,1683978132,841989066
1940,20.9995,420994533,140331511,206732558,41999129,722037,136,420994533,1683978132,841989066
1941,21.1825,420994533,140331511,206732558,42045051,722037,136,420994533,1683978132,841989066
1942,20.8748,420994533,140331511,206732558,42035777,722037,136,420994533,1683978132,841989066
1943,21.0002,420994533,140331511,206732558,42018545,722037,136,420994533,1683978132,841989066
1944,21.357,420994533,140331511,206732558,42025564,722037,136,420994533,1683978132,841989066
1945,21.0426,420994533,140331511,206732558,41956486,722037,136,420994533,1683978132,841989066
1946,20.87,420994533,140331511,206732558,42029168,722037,136,420994533,1683978132,841989066
1947,21.2205,420994533,140331511,206732558,42007630,722037,136,420994533,1683978132,841989066
1948,20.861,420994533,140331511,206732558,42022732,722037,136,420994533,1683978132,841989066
1949,20.8677,420994533,140331511,206732558,42038154,722037,136,420994533,1683978132,841989066
1950,21.0803,420994533,140331511,206732558,42046753,722037,136,420994533,1683978132,841989066
1951,21.0168,420994533,140331511,206732558,41998084,722037,136,420994533,1683978132,841989066
1952,20.9835,420994533,140331511,206732558,41997204,722037,136,420994533,1683978132,841989066
1953,20.9414,420994533,140331511,206732558,41985783,722037,136,420994533,1683978132,841989066
1954,21.0281,420994533,140331511,206732558,42055945,722037,136,420994533,1683978132,841989066
1955,20.9964,420994533,140331511,206732558,41993723,722037,136,420994533,1683978132,841989066
1956,21.0915,420994533,140331511,206732558,42010966,722037,136,420994533,1683978132,841989066
1957,20.995,420994533,140331511,206732558,42074449,722037,136,420994533,1683978132,841989066
1958,20.9987,420994533,140331511,206732558,42058369,722037,136,420994533,1683978132,841989066
1959,21.2066,420994533,140331511,206732558,42030701,722037,136,420994533,1683978132,841989066
1960,21.1033,420994533,140331511,206732558,41975989,722037,136,420994533,1683978132,841989066
1961,20.9115,420994533,140331511,206732558,42002953,722037,136,420994533,1683978132,841989066
1962,20.9993,420994533,140331511,206732558,41993866,722037,136,420994533,1683978132,841989066
1963,21.1573,420994533,140331511,206732558,42058099,722037,136,420994533,1683978132,841989066
1964,20.8651,420994533,140331511,206732558,42008678,722037,136,420994533,1683978132,841989066
1965,21.1266,420994533,140331511,206732558,42008469,722037,136,420994533,1683978132,841989066
1966,21.0459,420994533,140331511,206732558,42004528,722037,136,420994533,1683978132,841989066
1967,20.8753,420994533,140331511,206732558,42025278,722037,136,420994533,1683978132,841989066
1968,20.9534,420994533,140331511,206732558,42036589,722037,136,420994533,1683978132,841989066
1969,21.2713,420994533,140331511,206732558,42501622,722037,136,420994533,1683978132,841989066
1970,20.8829,420994533,140331511,206732558,42020639,722037,136,420994533,1683978132,841989066
1971,21.0017,420994533,140331511,206732558,42035019,722037,136,420994533,1683978132,841989066
1972,21.2656,420994533,140331511,206732558,41998934,722037,136,420994533,1683978132,841989066
1973,21.0645,420994533,140331511,206732558,42037899,722037,136,420994533,1683978132,841989066
1974,20.8712,420994533,140331511,206732558,42033401,722037,136,420994533,1683978132,841989066
1975,21.2871,420994533,140331511,206732558,41975755,722037,136,420994533,1683978132,841989066
1976,20.881,420994533,140331511,206732558,42010648,722037,136,420994533,1683978132,841989066
1977,20.8741,420994533,140331511,206732558,42017664,722037,136,420994533,1683978132,841989066
1978,21.1675,420994533,140331511,206732558,42502353,722037,136,420994533,1683978132,841989066
1979,21.1498,420994533,140331511,206732558,42057817,722037,136,420994533,1683978132,841989066
1980,20.8788,420994533,140331511,206732558,42077027,722037,136,420994533,1683978132,841989066
1981,21.2864,420994533,140331511,206732558,41976149,722037,136,420994533,1683978132,841989066
1982,20.8624,420994533,140331511,206732558,42005664,722037,136,420994533,1683978132,841989066
1983,20.868,420994533,140331511,206732558,41983574,722037,136,420994533,1683978132,841989066
1984,21.2831,420994533,140331511,206732558,42010383,722037,136,420994533,1683978132,841989066
1985,20.8727,420994533,140331511,206732558,42021441,722037,136,420994533,1683978132,841989066
1986,21.0014,420994533,140331511,206732558,42052633,722037,136,420994533,1683978132,841989066
1987,21.2737,420994533,140331511,206732558,41995740,722037,136,420994533,1683978132,841989066
1988,20.994,420994533,140331511,206732558,42052918,722037,136,420994533,1683978132,841989066
1989,20.9027,420994533,140331511,206732558,42084910,722037,136,420994533,1683978132,841989066
1990,21.2768,420994533,140331511,206732558,42069416,722037,136,420994533,1683978132,841989066
1991,20.994,420994533,140331511,206732558,42008847,722037,136,420994533,1683978132,841989066
1992,20.8802,420994533,140331511,206732558,42019003,722037,136,420994533,1683978132,841989066
1993,21.1762,420994533,140331511,206732558,42021456,722037,136,420994533,1683978132,841989066
1994,20.9984,420994533,140331511,206732558,42089128,722037,136,420994533,1683978132,841989066
1995,20.9526,420994533,140331511,206732558,42010115,722037,136,420994533,1683978132,841989066
1996,20.926,420994533,140331511,206732558,41991138,722037,136,420994533,1683978132,841989066
1997,21.1399,420994533,140331511,206732558,42081737,722037,136,420994533,1683978132,841989066
1998,20.9503,420994533,140331511,206732558,42042579,722037,136,420994533,1683978132,841989066
1999,20.9997,420994533,140331511,206732558,41982196,722037,136,420994533,1683978132,841989066
2000,21.0031,420994533,140331511,206732558,42038455,722037,136,420994533,1683978132,841989066
2001,20.8923,420994533,140331511,206732558,42068811,722037,136,420994533,1683978132,841989066
2002,21.0026,420994533,140331511,206732558,42023879,722037,136,420994533,1683978132,841989066
2003,21.1527,420994533,140331511,206732558,42011829,722037,136,420994533,1683978132,841989066
2004,21.1174,420994533,140331511,206732558,42028644,722037,136,420994533,1683978132,841989066
2005,21.0017,420994533,140331511,206732558,42024239,722037,136,420994533,1683978132,841989066
2006,21.0242,420994533,140331511,206732558,41998995,722037,136,420994533,1683978132,841989066
2007,20.9849,420994533,140331511,206732558,41993149,722037,136,420994533,1683978132,841989066
2008,20.9442,420994533,140331511,206732558,42006283,722037,136,420994533,1683978132,841989066
2009,20.9312,420994533,140331511,206732558,42029019,722037,136,420994533,1683978132,841989066
2010,20.8665,420994533,140331511,206732558,42065184,722037,136,420994533,1683978132,841989066
2011,20.8758,420994533,140331511,206732558,42053851,722037,136,420994533,1683978132,841989066
2012,20.8784,420994533,140331511,206732558,42014772,722037,136,420994533,1683978132,841989066
2013,20.877,420994533,140331511,206732558,41962985,722037,136,420994533,1683978132,841989066
2014,20.9468,420994533,140331511,206732558,42047156,722037,136,420994533,1683978132,841989066
2015,20.8693,420994533,140331511,206732558,42059952,722037,136,420994533,1683978132,841989066
2016,20.9942,420994533,140331511,206732558,41983856,722037,136,420994533,1683978132,841989066
2017,20.9907,420994533,140331511,206732558,41973146,722037,136,420994533,1683978132,841989066
2018,21.0043,420994533,140331511,206732558,41956099,722037,136,420994533,1683978132,841989066
2019,21.0112,420994533,140331511,206732558,41992846,722037,136,420994533,1683978132,841989066
2020,20.8706,420994533,140331511,206732558,42003406,722037,136,420994533,1683978132,841989066
2021,20.9484,420994533,140331511,206732558,42009643,722037,136,420994533,1683978132,841989066
