sample,gpu_forward_ms,ia_vertices,ia_primitives,vs_invocations,ps_invocations,visible_instances,active_mesh_lods,logical_indices,list_r32_bytes,list_r16_bytes
0,22.5746,420994533,140331511,218801672,43033144,722037,136,420994533,1683978132,841989066
1,22.982,420994533,140331511,218801672,43487263,722037,136,420994533,1683978132,841989066
2,22.5151,420994533,140331511,218801672,43025136,722037,136,420994533,1683978132,841989066
3,22.5628,420994533,140331511,218801672,42975958,722037,136,420994533,1683978132,841989066
4,22.7383,420994533,140331511,218801672,43626913,722037,136,420994533,1683978132,841989066
5,22.5459,420994533,140331511,218801672,43053431,722037,136,420994533,1683978132,841989066
6,22.942,420994533,140331511,218801672,43189217,722037,136,420994533,1683978132,841989066
7,22.6126,420994533,140331511,218801672,43141116,722037,136,420994533,1683978132,841989066
8,22.8707,420994533,140331511,218801672,43667108,722037,136,420994533,1683978132,841989066
9,22.8298,420994533,140331511,218801672,43050126,722037,136,420994533,1683978132,841989066
10,22.4295,420994533,140331511,218801672,43028311,722037,136,420994533,1683978132,841989066
11,22.1342,420994533,140331511,218801672,42993909,722037,136,420994533,1683978132,841989066
12,22.2741,420994533,140331511,218801672,43518422,722037,136,420994533,1683978132,841989066
13,22.1622,420994533,140331511,218801672,43079727,722037,136,420994533,1683978132,841989066
14,22.1757,420994533,140331511,218801672,42975782,722037,136,420994533,1683978132,841989066
15,22.4846,420994533,140331511,218801672,43585850,722037,136,420994533,1683978132,841989066
16,22.1509,420994533,140331511,218801672,43097877,722037,136,420994533,1683978132,841989066
17,22.1657,420994533,140331511,218801672,43113511,722037,136,420994533,1683978132,841989066
18,22.1765,420994533,140331511,218801672,43545999,722037,136,420994533,1683978132,841989066
19,22.1697,420994533,140331511,218801672,43005831,722037,136,420994533,1683978132,841989066
20,22.4484,420994533,140331511,218801672,43561588,722037,136,420994533,1683978132,841989066
21,22.1263,420994533,140331511,218801672,43061973,722037,136,420994533,1683978132,841989066
22,22.1844,420994533,140331511,218801672,43573232,722037,136,420994533,1683978132,841989066
23,22.1563,420994533,140331511,218801672,42978039,722037,136,420994533,1683978132,841989066
24,22.1696,420994533,140331511,218801672,43091185,722037,136,420994533,1683978132,841989066
25,22.4837,420994533,140331511,218801672,43238248,722037,136,420994533,1683978132,841989066
26,22.1427,420994533,140331511,218801672,43515536,722037,136,420994533,1683978132,841989066
27,22.3537,420994533,140331511,218801672,43142245,722037,136,420994533,1683978132,841989066
28,22.1688,420994533,140331511,218801672,43561621,722037,136,420994533,1683978132,841989066
29,22.2579,420994533,140331511,218801672,43066878,722037,136,420994533,1683978132,841989066
30,22.5036,420994533,140331511,218801672,43544271,722037,136,420994533,1683978132,841989066
31,22.1868,420994533,140331511,218801672,43641986,722037,136,420994533,1683978132,841989066
32,22.3578,420994533,140331511,218801672,43088706,722037,136,420994533,1683978132,841989066
33,22.1522,420994533,140331511,218801672,43034346,722037,136,420994533,1683978132,841989066
34,22.2826,420994533,140331511,218801672,43520185,722037,136,420994533,1683978132,841989066
35,22.4985,420994533,140331511,218801672,42959960,722037,136,420994533,1683978132,841989066
36,22.2444,420994533,140331511,218801672,43673790,722037,136,420994533,1683978132,841989066
37,22.4343,420994533,140331511,218801672,43197597,722037,136,420994533,1683978132,841989066
38,22.1818,420994533,140331511,218801672,43717404,722037,136,420994533,1683978132,841989066
39,22.2074,420994533,140331511,218801672,43073536,722037,136,420994533,1683978132,841989066
40,22.4752,420994533,140331511,218801672,43198113,722037,136,420994533,1683978132,841989066
41,22.1341,420994533,140331511,218801672,43145747,722037,136,420994533,1683978132,841989066
42,22.4414,420994533,140331511,218801672,43571989,722037,136,420994533,1683978132,841989066
43,22.146,420994533,140331511,218801672,43572797,722037,136,420994533,1683978132,841989066
44,22.3411,420994533,140331511,218801672,43163278,722037,136,420994533,1683978132,841989066
45,22.5142,420994533,140331511,218801672,43064165,722037,136,420994533,1683978132,841989066
46,22.202,420994533,140331511,218801672,43039554,722037,136,420994533,1683978132,841989066
47,22.4236,420994533,140331511,218801672,43007793,722037,136,420994533,1683978132,841989066
48,22.1716,420994533,140331511,218801672,43170207,722037,136,420994533,1683978132,841989066
49,22.1476,420994533,140331511,218801672,43178084,722037,136,420994533,1683978132,841989066
50,22.4663,420994533,140331511,218801672,43571869,722037,136,420994533,1683978132,841989066
51,22.1806,420994533,140331511,218801672,43083234,722037,136,420994533,1683978132,841989066
52,22.497,420994533,140331511,218801672,43196113,722037,136,420994533,1683978132,841989066
53,22.1436,420994533,140331511,218801672,43051893,722037,136,420994533,1683978132,841989066
54,22.1759,420994533,140331511,218801672,43071649,722037,136,420994533,1683978132,841989066
55,22.4678,420994533,140331511,218801672,43183872,722037,136,420994533,1683978132,841989066
56,22.1467,420994533,140331511,218801672,43552646,722037,136,420994533,1683978132,841989066
57,22.4788,420994533,140331511,218801672,43053942,722037,136,420994533,1683978132,841989066
58,22.2021,420994533,140331511,218801672,43678796,722037,136,420994533,1683978132,841989066
59,22.1363,420994533,140331511,218801672,43096754,722037,136,420994533,1683978132,841989066
60,22.5154,420994533,140331511,218801672,43235649,722037,136,420994533,1683978132,841989066
61,22.1723,420994533,140331511,218801672,43164008,722037,136,420994533,1683978132,841989066
62,22.4766,420994533,140331511,218801672,43527754,722037,136,420994533,1683978132,841989066
63,22.1714,420994533,140331511,218801672,43041416,722037,136,420994533,1683978132,841989066
64,22.2016,420994533,140331511,218801672,43622324,722037,136,420994533,1683978132,841989066
65,22.4869,420994533,140331511,218801672,43165979,722037,136,420994533,1683978132,841989066
66,22.1496,420994533,140331511,218801672,43041162,722037,136,420994533,1683978132,841989066
67,22.4999,420994533,140331511,218801672,43534609,722037,136,420994533,1683978132,841989066
68,22.2347,420994533,140331511,218801672,43204358,722037,136,420994533,1683978132,841989066
69,22.1845,420994533,140331511,218801672,43042172,722037,136,420994533,1683978132,841989066
70,22.5169,420994533,140331511,218801672,43081135,722037,136,420994533,1683978132,841989066
71,22.1693,420994533,140331511,218801672,43062921,722037,136,420994533,1683978132,841989066
72,22.1813,420994533,140331511,218801672,43066283,722037,136,420994533,1683978132,841989066
73,22.2142,420994533,140331511,218801672,43057081,722037,136,420994533,1683978132,841989066
74,22.3289,420994533,140331511,218801672,43079060,722037,136,420994533,1683978132,841989066
75,22.5081,420994533,140331511,218801672,43026573,722037,136,420994533,1683978132,841989066
76,22.1646,420994533,140331511,218801672,43530028,722037,136,420994533,1683978132,841989066
77,22.1788,420994533,140331511,218801672,43097778,722037,136,420994533,1683978132,841989066
78,22.1626,420994533,140331511,218801672,43035873,722037,136,420994533,1683978132,841989066
79,22.174,420994533,140331511,218801672,43036355,722037,136,420994533,1683978132,841989066
80,22.4859,420994533,140331511,218801672,43532786,722037,136,420994533,1683978132,841989066
81,22.2333,420994533,140331511,218801672,43056228,722037,136,420994533,1683978132,841989066
82,22.1819,420994533,140331511,218801672,43033432,722037,136,420994533,1683978132,841989066
83,22.3053,420994533,140331511,218801672,43034375,722037,136,420994533,1683978132,841989066
84,22.1391,420994533,140331511,218801672,43056165,722037,136,420994533,1683978132,841989066
85,22.5018,420994533,140331511,218801672,43178349,722037,136,420994533,1683978132,841989066
86,22.1326,420994533,140331511,218801672,43016629,722037,136,420994533,1683978132,841989066
87,22.2649,420994533,140331511,218801672,43077741,722037,136,420994533,1683978132,841989066
88,22.201,420994533,140331511,218801672,43209527,722037,136,420994533,1683978132,841989066
89,22.3093,420994533,140331511,218801672,43020386,722037,136,420994533,1683978132,841989066
90,22.6087,420994533,140331511,218801672,43048189,722037,136,420994533,1683978132,841989066
91,22.199,420994533,140331511,218801672,43581053,722037,136,420994533,1683978132,841989066
92,22.5554,420994533,140331511,218801672,43591365,722037,136,420994533,1683978132,841989066
93,22.1503,420994533,140331511,218801672,43057205,722037,136,420994533,1683978132,841989066
94,22.2106,420994533,140331511,218801672,43059559,722037,136,420994533,1683978132,841989066
95,22.8392,420994533,140331511,218801672,43164835,722037,136,420994533,1683978132,841989066
96,22.1543,420994533,140331511,218801672,43164323,722037,136,420994533,1683978132,841989066
97,22.4292,420994533,140331511,218801672,43041702,722037,136,420994533,1683978132,841989066
98,22.1668,420994533,140331511,218801672,43045424,722037,136,420994533,1683978132,841989066
99,22.1645,420994533,140331511,218801672,43552615,722037,136,420994533,1683978132,841989066
100,22.4991,420994533,140331511,218801672,43189204,722037,136,420994533,1683978132,841989066
101,22.3373,420994533,140331511,218801672,43122548,722037,136,420994533,1683978132,841989066
102,22.4633,420994533,140331511,218801672,43042619,722037,136,420994533,1683978132,841989066
103,22.1551,420994533,140331511,218801672,43015007,722037,136,420994533,1683978132,841989066
104,22.1774,420994533,140331511,218801672,43725065,722037,136,420994533,1683978132,841989066
105,22.5259,420994533,140331511,218801672,43082469,722037,136,420994533,1683978132,841989066
106,22.3061,420994533,140331511,218801672,43691247,722037,136,420994533,1683978132,841989066
107,22.4906,420994533,140331511,218801672,43085655,722037,136,420994533,1683978132,841989066
108,22.1875,420994533,140331511,218801672,43533667,722037,136,420994533,1683978132,841989066
109,22.2754,420994533,140331511,218801672,43092704,722037,136,420994533,1683978132,841989066
110,22.5767,420994533,140331511,218801672,43046994,722037,136,420994533,1683978132,841989066
111,22.1985,420994533,140331511,218801672,43075004,722037,136,420994533,1683978132,841989066
112,22.6841,420994533,140331511,218801672,43681182,722037,136,420994533,1683978132,841989066
113,22.1791,420994533,140331511,218801672,43093168,722037,136,420994533,1683978132,841989066
114,22.1493,420994533,140331511,218801672,43078128,722037,136,420994533,1683978132,841989066
115,22.2276,420994533,140331511,218801672,43030954,722037,136,420994533,1683978132,841989066
116,22.1566,420994533,140331511,218801672,43561389,722037,136,420994533,1683978132,841989066
117,22.4509,420994533,140331511,218801672,43098687,722037,136,420994533,1683978132,841989066
118,22.2588,420994533,140331511,218801672,43544198,722037,136,420994533,1683978132,841989066
119,22.4979,420994533,140331511,218801672,42945516,722037,136,420994533,1683978132,841989066
120,22.1969,420994533,140331511,218801672,43610398,722037,136,420994533,1683978132,841989066
121,22.2184,420994533,140331511,218801672,43102369,722037,136,420994533,1683978132,841989066
122,22.4501,420994533,140331511,218801672,43217534,722037,136,420994533,1683978132,841989066
123,22.2667,420994533,140331511,218801672,43022879,722037,136,420994533,1683978132,841989066
124,22.5027,420994533,140331511,218801672,43203097,722037,136,420994533,1683978132,841989066
125,22.1389,420994533,140331511,218801672,43054807,722037,136,420994533,1683978132,841989066
126,22.1793,420994533,140331511,218801672,43563929,722037,136,420994533,1683978132,841989066
127,22.1368,420994533,140331511,218801672,43032045,722037,136,420994533,1683978132,841989066
128,22.1616,420994533,140331511,218801672,43082758,722037,136,420994533,1683978132,841989066
129,22.4871,420994533,140331511,218801672,43077920,722037,136,420994533,1683978132,841989066
130,22.1593,420994533,140331511,218801672,43217706,722037,136,420994533,1683978132,841989066
131,22.5397,420994533,140331511,218801672,43073451,722037,136,420994533,1683978132,841989066
132,22.3221,420994533,140331511,218801672,43585883,722037,136,420994533,1683978132,841989066
133,22.2197,420994533,140331511,218801672,43187724,722037,136,420994533,1683978132,841989066
134,22.4724,420994533,140331511,218801672,43695994,722037,136,420994533,1683978132,841989066
135,22.1608,420994533,140331511,218801672,43020593,722037,136,420994533,1683978132,841989066
136,22.4639,420994533,140331511,218801672,43562155,722037,136,420994533,1683978132,841989066
137,22.1539,420994533,140331511,218801672,43033642,722037,136,420994533,1683978132,841989066
138,22.1931,420994533,140331511,218801672,43034524,722037,136,420994533,1683978132,841989066
139,22.4999,420994533,140331511,218801672,43043724,722037,136,420994533,1683978132,841989066
140,22.1692,420994533,140331511,218801672,43052341,722037,136,420994533,1683978132,841989066
141,22.4774,420994533,140331511,218801672,43060210,722037,136,420994533,1683978132,841989066
142,22.1578,420994533,140331511,218801672,43005133,722037,136,420994533,1683978132,841989066
143,22.2184,420994533,140331511,218801672,43113131,722037,136,420994533,1683978132,841989066
144,22.4847,420994533,140331511,218801672,43680947,722037,136,420994533,1683978132,841989066
145,22.1445,420994533,140331511,218801672,43238209,722037,136,420994533,1683978132,841989066
146,22.1631,420994533,140331511,218801672,43519178,722037,136,420994533,1683978132,841989066
147,22.1723,420994533,140331511,218801672,43070340,722037,136,420994533,1683978132,841989066
148,22.1601,420994533,140331511,218801672,43565365,722037,136,420994533,1683978132,841989066
149,22.4704,420994533,140331511,218801672,43215440,722037,136,420994533,1683978132,841989066
150,22.2058,420994533,140331511,218801672,43071522,722037,136,420994533,1683978132,841989066
151,22.4446,420994533,140331511,218801672,43203543,722037,136,420994533,1683978132,841989066
152,22.1597,420994533,140331511,218801672,43564739,722037,136,420994533,1683978132,841989066
153,22.208,420994533,140331511,218801672,43114177,722037,136,420994533,1683978132,841989066
154,22.4263,420994533,140331511,218801672,42993460,722037,136,420994533,1683978132,841989066
155,22.19,420994533,140331511,218801672,43042202,722037,136,420994533,1683978132,841989066
156,22.4724,420994533,140331511,218801672,42991300,722037,136,420994533,1683978132,841989066
157,22.1168,420994533,140331511,218801672,43097045,722037,136,420994533,1683978132,841989066
158,22.3324,420994533,140331511,218801672,43078462,722037,136,420994533,1683978132,841989066
159,22.3252,420994533,140331511,218801672,43549813,722037,136,420994533,1683978132,841989066
160,22.223,420994533,140331511,218801672,43556977,722037,136,420994533,1683978132,841989066
161,22.5623,420994533,140331511,218801672,43039396,722037,136,420994533,1683978132,841989066
162,22.1582,420994533,140331511,218801672,42849165,722037,136,420994533,1683978132,841989066
163,22.3279,420994533,140331511,218801672,43053571,722037,136,420994533,1683978132,841989066
164,22.3131,420994533,140331511,218801672,43059749,722037,136,420994533,1683978132,841989066
165,22.1783,420994533,140331511,218801672,43570249,722037,136,420994533,1683978132,841989066
166,22.4506,420994533,140331511,218801672,43619373,722037,136,420994533,1683978132,841989066
167,22.1634,420994533,140331511,218801672,43081614,722037,136,420994533,1683978132,841989066
168,22.3351,420994533,140331511,218801672,43560581,722037,136,420994533,1683978132,841989066
169,22.1631,420994533,140331511,218801672,43038697,722037,136,420994533,1683978132,841989066
170,22.1989,420994533,140331511,218801672,43706172,722037,136,420994533,1683978132,841989066
171,22.4725,420994533,140331511,218801672,43074257,722037,136,420994533,1683978132,841989066
172,22.1798,420994533,140331511,218801672,43579706,722037,136,420994533,1683978132,841989066
173,22.4381,420994533,140331511,218801672,42990245,722037,136,420994533,1683978132,841989066
174,22.2095,420994533,140331511,218801672,43178198,722037,136,420994533,1683978132,841989066
175,22.177,420994533,140331511,218801672,43590489,722037,136,420994533,1683978132,841989066
176,22.6006,420994533,140331511,218801672,43574019,722037,136,420994533,1683978132,841989066
177,22.1624,420994533,140331511,218801672,43541258,722037,136,420994533,1683978132,841989066
178,22.3096,420994533,140331511,218801672,44158690,722037,136,420994533,1683978132,841989066
179,22.1406,420994533,140331511,218801672,43034122,722037,136,420994533,1683978132,841989066
180,22.3541,420994533,140331511,218801672,43668165,722037,136,420994533,1683978132,841989066
181,22.1458,420994533,140331511,218801672,43063078,722037,136,420994533,1683978132,841989066
182,22.2793,420994533,140331511,218801672,43049750,722037,136,420994533,1683978132,841989066
183,22.5928,420994533,140331511,218801672,43015779,722037,136,420994533,1683978132,841989066
184,22.1633,420994533,140331511,218801672,43590619,722037,136,420994533,1683978132,841989066
185,22.566,420994533,140331511,218801672,43171661,722037,136,420994533,1683978132,841989066
186,22.1743,420994533,140331511,218801672,43046965,722037,136,420994533,1683978132,841989066
187,22.1951,420994533,140331511,218801672,43053480,722037,136,420994533,1683978132,841989066
188,22.4857,420994533,140331511,218801672,43536396,722037,136,420994533,1683978132,841989066
189,22.1487,420994533,140331511,218801672,43095130,722037,136,420994533,1683978132,841989066
190,22.499,420994533,140331511,218801672,43720535,722037,136,420994533,1683978132,841989066
191,22.1571,420994533,140331511,218801672,43200499,722037,136,420994533,1683978132,841989066
192,22.3697,420994533,140331511,218801672,44060284,722037,136,420994533,1683978132,841989066
193,22.518,420994533,140331511,218801672,43038997,722037,136,420994533,1683978132,841989066
194,22.1576,420994533,140331511,218801672,43243146,722037,136,420994533,1683978132,841989066
195,22.534,420994533,140331511,218801672,43192908,722037,136,420994533,1683978132,841989066
196,22.1864,420994533,140331511,218801672,43565935,722037,136,420994533,1683978132,841989066
197,22.1689,420994533,140331511,218801672,43005629,722037,136,420994533,1683978132,841989066
198,22.4801,420994533,140331511,218801672,43562805,722037,136,420994533,1683978132,841989066
199,22.2076,420994533,140331511,218801672,43107243,722037,136,420994533,1683978132,841989066
200,22.4817,420994533,140331511,218801672,43696568,722037,136,420994533,1683978132,841989066
201,22.1438,420994533,140331511,218801672,43054624,722037,136,420994533,1683978132,841989066
202,22.2871,420994533,140331511,218801672,43042412,722037,136,420994533,1683978132,841989066
203,22.4622,420994533,140331511,218801672,43053761,722037,136,420994533,1683978132,841989066
204,22.1724,420994533,140331511,218801672,43236130,722037,136,420994533,1683978132,841989066
205,22.516,420994533,140331511,218801672,43072400,722037,136,420994533,1683978132,841989066
206,22.2567,420994533,140331511,218801672,43533921,722037,136,420994533,1683978132,841989066
207,22.2063,420994533,140331511,218801672,43062073,722037,136,420994533,1683978132,841989066
208,22.5092,420994533,140331511,218801672,43166884,722037,136,420994533,1683978132,841989066
209,22.2857,420994533,140331511,218801672,43035024,722037,136,420994533,1683978132,841989066
210,22.4837,420994533,140331511,218801672,43067550,722037,136,420994533,1683978132,841989066
211,22.1414,420994533,140331511,218801672,43072305,722037,136,420994533,1683978132,841989066
212,22.2725,420994533,140331511,218801672,43051853,722037,136,420994533,1683978132,841989066
213,22.1779,420994533,140331511,218801672,43066166,722037,136,420994533,1683978132,841989066
214,22.1627,420994533,140331511,218801672,43535963,722037,136,420994533,1683978132,841989066
215,22.5269,420994533,140331511,218801672,43580798,722037,136,420994533,1683978132,841989066
216,22.1953,420994533,140331511,218801672,43532535,722037,136,420994533,1683978132,841989066
217,22.4675,420994533,140331511,218801672,43085610,722037,136,420994533,1683978132,841989066
218,22.1668,420994533,140331511,218801672,43062908,722037,136,420994533,1683978132,841989066
219,22.1927,420994533,140331511,218801672,43195911,722037,136,420994533,1683978132,841989066
220,22.5048,420994533,140331511,218801672,43036146,722037,136,420994533,1683978132,841989066
221,22.1614,420994533,140331511,218801672,43027942,722037,136,420994533,1683978132,841989066
222,22.3196,420994533,140331511,218801672,43725532,722037,136,420994533,1683978132,841989066
223,22.1924,420994533,140331511,218801672,43207590,722037,136,420994533,1683978132,841989066
224,22.1629,420994533,140331511,218801672,43584950,722037,136,420994533,1683978132,841989066
225,22.4932,420994533,140331511,218801672,43536314,722037,136,420994533,1683978132,841989066
226,22.1852,420994533,140331511,218801672,43576756,722037,136,420994533,1683978132,841989066
227,22.182,420994533,140331511,218801672,43009269,722037,136,420994533,1683978132,841989066
228,22.6076,420994533,140331511,218801672,43037848,722037,136,420994533,1683978132,841989066
229,22.3086,420994533,140331511,218801672,43194978,722037,136,420994533,1683978132,841989066
230,22.5044,420994533,140331511,218801672,42990727,722037,136,420994533,1683978132,841989066
231,22.1562,420994533,140331511,218801672,43151476,722037,136,420994533,1683978132,841989066
232,22.2922,420994533,140331511,218801672,43235929,722037,136,420994533,1683978132,841989066
233,22.5082,420994533,140331511,218801672,42964500,722037,136,420994533,1683978132,841989066
234,22.1756,420994533,140331511,218801672,43208192,722037,136,420994533,1683978132,841989066
235,22.4815,420994533,140331511,218801672,43196579,722037,136,420994533,1683978132,841989066
236,22.1712,420994533,140331511,218801672,43029193,722037,136,420994533,1683978132,841989066
237,22.2162,420994533,140331511,218801672,43005915,722037,136,420994533,1683978132,841989066
238,22.5186,420994533,140331511,218801672,43536636,722037,136,420994533,1683978132,841989066
239,22.2412,420994533,140331511,218801672,43096317,722037,136,420994533,1683978132,841989066
240,22.459,420994533,140331511,218801672,43032173,722037,136,420994533,1683978132,841989066
241,22.1615,420994533,140331511,218801672,43061063,722037,136,420994533,1683978132,841989066
242,22.1618,420994533,140331511,218801672,43046466,722037,136,420994533,1683978132,841989066
243,22.5743,420994533,140331511,218801672,43015761,722037,136,420994533,1683978132,841989066
244,22.3111,420994533,140331511,218801672,44059720,722037,136,420994533,1683978132,841989066
245,22.4795,420994533,140331511,218801672,43132831,722037,136,420994533,1683978132,841989066
246,22.1926,420994533,140331511,218801672,43549317,722037,136,420994533,1683978132,841989066
247,22.2163,420994533,140331511,218801672,43064190,722037,136,420994533,1683978132,841989066
248,22.5007,420994533,140331511,218801672,43040094,722037,136,420994533,1683978132,841989066
249,22.2058,420994533,140331511,218801672,43040688,722037,136,420994533,1683978132,841989066
250,22.513,420994533,140331511,218801672,43680394,722037,136,420994533,1683978132,841989066
251,22.1888,420994533,140331511,218801672,43172039,722037,136,420994533,1683978132,841989066
252,22.1826,420994533,140331511,218801672,43075251,722037,136,420994533,1683978132,841989066
253,22.4827,420994533,140331511,218801672,43025687,722037,136,420994533,1683978132,841989066
254,22.1786,420994533,140331511,218801672,43544748,722037,136,420994533,1683978132,841989066
255,22.461,420994533,140331511,218801672,42989751,722037,136,420994533,1683978132,841989066
256,22.1903,420994533,140331511,218801672,43582441,722037,136,420994533,1683978132,841989066
257,22.3409,420994533,140331511,218801672,43185374,722037,136,420994533,1683978132,841989066
258,22.5976,420994533,140331511,218801672,43090727,722037,136,420994533,1683978132,841989066
259,22.267,420994533,140331511,218801672,43072784,722037,136,420994533,1683978132,841989066
260,22.2986,420994533,140331511,218801672,43103084,722037,136,420994533,1683978132,841989066
261,22.1348,420994533,140331511,218801672,43009932,722037,136,420994533,1683978132,841989066
262,22.1527,420994533,140331511,218801672,43042736,722037,136,420994533,1683978132,841989066
263,22.4922,420994533,140331511,218801672,43051533,722037,136,420994533,1683978132,841989066
264,22.225,420994533,140331511,218801672,43615230,722037,136,420994533,1683978132,841989066
265,22.5191,420994533,140331511,218801672,43170087,722037,136,420994533,1683978132,841989066
266,22.1826,420994533,140331511,218801672,43548683,722037,136,420994533,1683978132,841989066
267,22.34,420994533,140331511,218801672,43172426,722037,136,420994533,1683978132,841989066
268,22.6048,420994533,140331511,218801672,43725097,722037,136,420994533,1683978132,841989066
269,22.2267,420994533,140331511,218801672,43038089,722037,136,420994533,1683978132,841989066
270,22.5241,420994533,140331511,218801672,43581166,722037,136,420994533,1683978132,841989066
271,22.1819,420994533,140331511,218801672,42985209,722037,136,420994533,1683978132,841989066
272,22.1853,420994533,140331511,218801672,43041048,722037,136,420994533,1683978132,841989066
273,22.5971,420994533,140331511,218801672,43095314,722037,136,420994533,1683978132,841989066
274,22.1555,420994533,140331511,218801672,43055149,722037,136,420994533,1683978132,841989066
275,22.4968,420994533,140331511,218801672,43024761,722037,136,420994533,1683978132,841989066
276,22.1529,420994533,140331511,218801672,43586896,722037,136,420994533,1683978132,841989066
277,22.1601,420994533,140331511,218801672,43076961,722037,136,420994533,1683978132,841989066
278,22.5706,420994533,140331511,218801672,43289802,722037,136,420994533,1683978132,841989066
279,22.1681,420994533,140331511,218801672,43076379,722037,136,420994533,1683978132,841989066
280,22.507,420994533,140331511,218801672,43218171,722037,136,420994533,1683978132,841989066
281,22.1732,420994533,140331511,218801672,43108077,722037,136,420994533,1683978132,841989066
282,22.3034,420994533,140331511,218801672,43555521,722037,136,420994533,1683978132,841989066
283,22.5131,420994533,140331511,218801672,43555292,722037,136,420994533,1683978132,841989066
284,22.2037,420994533,140331511,218801672,43064145,722037,136,420994533,1683978132,841989066
285,22.477,420994533,140331511,218801672,43048486,722037,136,420994533,1683978132,841989066
286,22.1686,420994533,140331511,218801672,43089254,722037,136,420994533,1683978132,841989066
287,22.1822,420994533,140331511,218801672,43087361,722037,136,420994533,1683978132,841989066
288,22.3481,420994533,140331511,218801672,43545922,722037,136,420994533,1683978132,841989066
289,22.2008,420994533,140331511,218801672,43580497,722037,136,420994533,1683978132,841989066
290,22.5001,420994533,140331511,218801672,43088657,722037,136,420994533,1683978132,841989066
291,22.1709,420994533,140331511,218801672,43110878,722037,136,420994533,1683978132,841989066
292,22.3991,420994533,140331511,218801672,43580039,722037,136,420994533,1683978132,841989066
293,22.3272,420994533,140331511,218801672,43082300,722037,136,420994533,1683978132,841989066
294,22.1524,420994533,140331511,218801672,43044934,722037,136,420994533,1683978132,841989066
295,22.4616,420994533,140331511,218801672,43057061,722037,136,420994533,1683978132,841989066
296,22.1977,420994533,140331511,218801672,43690482,722037,136,420994533,1683978132,841989066
297,22.1571,420994533,140331511,218801672,43015674,722037,136,420994533,1683978132,841989066
298,22.1605,420994533,140331511,218801672,43064177,722037,136,420994533,1683978132,841989066
299,22.2225,420994533,140331511,218801672,43231258,722037,136,420994533,1683978132,841989066
300,22.4692,420994533,140331511,218801672,43506621,722037,136,420994533,1683978132,841989066
301,22.1629,420994533,140331511,218801672,43037541,722037,136,420994533,1683978132,841989066
302,22.497,420994533,140331511,218801672,43580805,722037,136,420994533,1683978132,841989066
303,22.1424,420994533,140331511,218801672,43059096,722037,136,420994533,1683978132,841989066
304,22.1575,420994533,140331511,218801672,43073084,722037,136,420994533,1683978132,841989066
305,22.4807,420994533,140331511,218801672,43060699,722037,136,420994533,1683978132,841989066
306,22.1893,420994533,140331511,218801672,43545716,722037,136,420994533,1683978132,841989066
307,22.3698,420994533,140331511,218801672,43068062,722037,136,420994533,1683978132,841989066
308,22.3042,420994533,140331511,218801672,43096690,722037,136,420994533,1683978132,841989066
309,22.2726,420994533,140331511,218801672,43024424,722037,136,420994533,1683978132,841989066
310,22.4733,420994533,140331511,218801672,43095347,722037,136,420994533,1683978132,841989066
311,22.1719,420994533,140331511,218801672,43079093,722037,136,420994533,1683978132,841989066
312,22.4941,420994533,140331511,218801672,43168315,722037,136,420994533,1683978132,841989066
313,22.1741,420994533,140331511,218801672,43017871,722037,136,420994533,1683978132,841989066
314,22.2774,420994533,140331511,218801672,43055675,722037,136,420994533,1683978132,841989066
315,22.4987,420994533,140331511,218801672,43031469,722037,136,420994533,1683978132,841989066
316,22.1552,420994533,140331511,218801672,43576977,722037,136,420994533,1683978132,841989066
317,22.311,420994533,140331511,218801672,43153240,722037,136,420994533,1683978132,841989066
318,22.1696,420994533,140331511,218801672,43570962,722037,136,420994533,1683978132,841989066
319,22.2109,420994533,140331511,218801672,43102071,722037,136,420994533,1683978132,841989066
320,22.5192,420994533,140331511,218801672,43160129,722037,136,420994533,1683978132,841989066
321,22.2647,420994533,140331511,218801672,43045700,722037,136,420994533,1683978132,841989066
322,22.594,420994533,140331511,218801672,43555648,722037,136,420994533,1683978132,841989066
323,22.1524,420994533,140331511,218801672,43567971,722037,136,420994533,1683978132,841989066
324,22.2256,420994533,140331511,218801672,43203178,722037,136,420994533,1683978132,841989066
325,22.4368,420994533,140331511,218801672,43055789,722037,136,420994533,1683978132,841989066
326,22.1914,420994533,140331511,218801672,43080924,722037,136,420994533,1683978132,841989066
327,22.4628,420994533,140331511,218801672,43085554,722037,136,420994533,1683978132,841989066
328,22.1356,420994533,140331511,218801672,43044902,722037,136,420994533,1683978132,841989066
329,22.2753,420994533,140331511,218801672,43097264,722037,136,420994533,1683978132,841989066
330,22.6062,420994533,140331511,218801672,43205540,722037,136,420994533,1683978132,841989066
331,22.2103,420994533,140331511,218801672,43014852,722037,136,420994533,1683978132,841989066
332,22.538,420994533,140331511,218801672,43195321,722037,136,420994533,1683978132,841989066
333,22.1955,420994533,140331511,218801672,43174705,722037,136,420994533,1683978132,841989066
334,22.1931,420994533,140331511,218801672,43054176,722037,136,420994533,1683978132,841989066
335,22.4699,420994533,140331511,218801672,43012105,722037,136,420994533,1683978132,841989066
336,22.2475,420994533,140331511,218801672,43702207,722037,136,420994533,1683978132,841989066
337,22.4915,420994533,140331511,218801672,43150768,722037,136,420994533,1683978132,841989066
338,22.1403,420994533,140331511,218801672,43037296,722037,136,420994533,1683978132,841989066
339,22.1753,420994533,140331511,218801672,42991643,722037,136,420994533,1683978132,841989066
340,22.4816,420994533,140331511,218801672,43213612,722037,136,420994533,1683978132,841989066
341,22.1592,420994533,140331511,218801672,43720617,722037,136,420994533,1683978132,841989066
342,22.6064,420994533,140331511,218801672,43559525,722037,136,420994533,1683978132,841989066
343,22.1371,420994533,140331511,218801672,43063529,722037,136,420994533,1683978132,841989066
344,22.2357,420994533,140331511,218801672,43025651,722037,136,420994533,1683978132,841989066
345,22.442,420994533,140331511,218801672,43096552,722037,136,420994533,1683978132,841989066
346,22.1653,420994533,140331511,218801672,43572650,722037,136,420994533,1683978132,841989066
347,22.601,420994533,140331511,218801672,43201025,722037,136,420994533,1683978132,841989066
348,22.1482,420994533,140331511,218801672,43031976,722037,136,420994533,1683978132,841989066
349,22.1907,420994533,140331511,218801672,43048947,722037,136,420994533,1683978132,841989066
350,22.1588,420994533,140331511,218801672,43549117,722037,136,420994533,1683978132,841989066
351,22.1976,420994533,140331511,218801672,43615548,722037,136,420994533,1683978132,841989066
352,22.6018,420994533,140331511,218801672,43026966,722037,136,420994533,1683978132,841989066
353,22.1655,420994533,140331511,218801672,43022533,722037,136,420994533,1683978132,841989066
354,22.3867,420994533,140331511,218801672,43177960,722037,136,420994533,1683978132,841989066
355,22.1364,420994533,140331511,218801672,43034388,722037,136,420994533,1683978132,841989066
356,22.2257,420994533,140331511,218801672,43605102,722037,136,420994533,1683978132,841989066
357,22.4978,420994533,140331511,218801672,43007478,722037,136,420994533,1683978132,841989066
358,22.2025,420994533,140331511,218801672,43203111,722037,136,420994533,1683978132,841989066
359,22.6323,420994533,140331511,218801672,43056804,722037,136,420994533,1683978132,841989066
360,22.1857,420994533,140331511,218801672,43048540,722037,136,420994533,1683978132,841989066
361,22.3366,420994533,140331511,218801672,43010486,722037,136,420994533,1683978132,841989066
362,22.5875,420994533,140331511,218801672,43555070,722037,136,420994533,1683978132,841989066
363,22.2789,420994533,140331511,218801672,43034666,722037,136,420994533,1683978132,841989066
364,22.4725,420994533,140331511,218801672,43553070,722037,136,420994533,1683978132,841989066
365,22.1777,420994533,140331511,218801672,43077066,722037,136,420994533,1683978132,841989066
366,22.1581,420994533,140331511,218801672,43073301,722037,136,420994533,1683978132,841989066
367,21.8405,420994533,140331511,218801672,42867786,722037,136,420994533,1683978132,841989066
368,22.1723,420994533,140331511,218801672,43055473,722037,136,420994533,1683978132,841989066
369,22.5593,420994533,140331511,218801672,42997768,722037,136,420994533,1683978132,841989066
370,22.1378,420994533,140331511,218801672,43041676,722037,136,420994533,1683978132,841989066
371,22.1956,420994533,140331511,218801672,43095111,722037,136,420994533,1683978132,841989066
372,22.1717,420994533,140331511,218801672,43212275,722037,136,420994533,1683978132,841989066
373,22.4129,420994533,140331511,218801672,43053301,722037,136,420994533,1683978132,841989066
374,22.4625,420994533,140331511,218801672,43032453,722037,136,420994533,1683978132,841989066
375,22.1961,420994533,140331511,218801672,43611405,722037,136,420994533,1683978132,841989066
376,22.2264,420994533,140331511,218801672,43719225,722037,136,420994533,1683978132,841989066
377,22.1822,420994533,140331511,218801672,43070668,722037,136,420994533,1683978132,841989066
378,22.1636,420994533,140331511,218801672,43053067,722037,136,420994533,1683978132,841989066
379,22.5016,420994533,140331511,218801672,43715691,722037,136,420994533,1683978132,841989066
380,22.2033,420994533,140331511,218801672,43673739,722037,136,420994533,1683978132,841989066
381,22.1852,420994533,140331511,218801672,43037077,722037,136,420994533,1683978132,841989066
382,22.2096,420994533,140331511,218801672,43706688,722037,136,420994533,1683978132,841989066
383,22.1203,420994533,140331511,218801672,42865753,722037,136,420994533,1683978132,841989066
384,22.5011,420994533,140331511,218801672,43161059,722037,136,420994533,1683978132,841989066
385,22.1393,420994533,140331511,218801672,43020738,722037,136,420994533,1683978132,841989066
386,22.1571,420994533,140331511,218801672,43224325,722037,136,420994533,1683978132,841989066
387,22.4972,420994533,140331511,218801672,43074783,722037,136,420994533,1683978132,841989066
388,22.2243,420994533,140331511,218801672,43585753,722037,136,420994533,1683978132,841989066
389,22.5421,420994533,140331511,218801672,43071564,722037,136,420994533,1683978132,841989066
390,22.1856,420994533,140331511,218801672,43547877,722037,136,420994533,1683978132,841989066
391,22.1584,420994533,140331511,218801672,43595115,722037,136,420994533,1683978132,841989066
392,22.5461,420994533,140331511,218801672,43158984,722037,136,420994533,1683978132,841989066
393,22.217,420994533,140331511,218801672,43034586,722037,136,420994533,1683978132,841989066
394,22.4701,420994533,140331511,218801672,43571332,722037,136,420994533,1683978132,841989066
395,22.1427,420994533,140331511,218801672,43043299,722037,136,420994533,1683978132,841989066
396,22.2563,420994533,140331511,218801672,43190940,722037,136,420994533,1683978132,841989066
397,22.446,420994533,140331511,218801672,43063849,722037,136,420994533,1683978132,841989066
398,22.1716,420994533,140331511,218801672,43536782,722037,136,420994533,1683978132,841989066
399,22.5815,420994533,140331511,218801672,42905997,722037,136,420994533,1683978132,841989066
400,22.1807,420994533,140331511,218801672,43210619,722037,136,420994533,1683978132,841989066
401,22.1722,420994533,140331511,218801672,43052941,722037,136,420994533,1683978132,841989066
402,22.5048,420994533,140331511,218801672,43074077,722037,136,420994533,1683978132,841989066
403,22.2248,420994533,140331511,218801672,43188467,722037,136,420994533,1683978132,841989066
404,22.4729,420994533,140331511,218801672,43067941,722037,136,420994533,1683978132,841989066
405,22.1433,420994533,140331511,218801672,43064817,722037,136,420994533,1683978132,841989066
406,22.1681,420994533,140331511,218801672,43608249,722037,136,420994533,1683978132,841989066
407,22.4614,420994533,140331511,218801672,43094815,722037,136,420994533,1683978132,841989066
408,22.218,420994533,140331511,218801672,43034823,722037,136,420994533,1683978132,841989066
409,22.4481,420994533,140331511,218801672,43040716,722037,136,420994533,1683978132,841989066
410,22.1599,420994533,140331511,218801672,43059945,722037,136,420994533,1683978132,841989066
411,22.1613,420994533,140331511,218801672,42975011,722037,136,420994533,1683978132,841989066
412,22.4748,420994533,140331511,218801672,43051989,722037,136,420994533,1683978132,841989066
413,22.3076,420994533,140331511,218801672,43042053,722037,136,420994533,1683978132,841989066
414,22.5989,420994533,140331511,218801672,43671170,722037,136,420994533,1683978132,841989066
415,22.1777,420994533,140331511,218801672,43193778,722037,136,420994533,1683978132,841989066
416,22.1991,420994533,140331511,218801672,43066492,722037,136,420994533,1683978132,841989066
417,22.1366,420994533,140331511,218801672,43050513,722037,136,420994533,1683978132,841989066
418,22.1962,420994533,140331511,218801672,43600333,722037,136,420994533,1683978132,841989066
419,22.5769,420994533,140331511,218801672,43049015,722037,136,420994533,1683978132,841989066
420,22.1905,420994533,140331511,218801672,43131276,722037,136,420994533,1683978132,841989066
421,22.1788,420994533,140331511,218801672,43087470,722037,136,420994533,1683978132,841989066
422,22.3604,420994533,140331511,218801672,43568604,722037,136,420994533,1683978132,841989066
423,22.1739,420994533,140331511,218801672,43043948,722037,136,420994533,1683978132,841989066
424,22.5435,420994533,140331511,218801672,43584812,722037,136,420994533,1683978132,841989066
425,22.1804,420994533,140331511,218801672,43049708,722037,136,420994533,1683978132,841989066
426,22.364,420994533,140331511,218801672,43084744,722037,136,420994533,1683978132,841989066
427,22.3108,420994533,140331511,218801672,42996734,722037,136,420994533,1683978132,841989066
428,22.1917,420994533,140331511,218801672,43208587,722037,136,420994533,1683978132,841989066
429,22.488,420994533,140331511,218801672,43082577,722037,136,420994533,1683978132,841989066
430,22.2041,420994533,140331511,218801672,43589379,722037,136,420994533,1683978132,841989066
431,22.398,420994533,140331511,218801672,42999063,722037,136,420994533,1683978132,841989066
432,22.2981,420994533,140331511,218801672,43587362,722037,136,420994533,1683978132,841989066
433,22.2629,420994533,140331511,218801672,43087662,722037,136,420994533,1683978132,841989066
434,22.578,420994533,140331511,218801672,43187966,722037,136,420994533,1683978132,841989066
435,22.1745,420994533,140331511,218801672,43098510,722037,136,420994533,1683978132,841989066
436,22.6145,420994533,140331511,218801672,43512665,722037,136,420994533,1683978132,841989066
437,22.17,420994533,140331511,218801672,43062688,722037,136,420994533,1683978132,841989066
438,22.2268,420994533,140331511,218801672,43059430,722037,136,420994533,1683978132,841989066
439,22.6673,420994533,140331511,218801672,43058657,722037,136,420994533,1683978132,841989066
440,22.2206,420994533,140331511,218801672,43238032,722037,136,420994533,1683978132,841989066
441,22.4638,420994533,140331511,218801672,43080201,722037,136,420994533,1683978132,841989066
442,22.1759,420994533,140331511,218801672,43069690,722037,136,420994533,1683978132,841989066
443,22.2302,420994533,140331511,218801672,43235364,722037,136,420994533,1683978132,841989066
444,22.4736,420994533,140331511,218801672,43011469,722037,136,420994533,1683978132,841989066
445,22.2884,420994533,140331511,218801672,43232732,722037,136,420994533,1683978132,841989066
446,22.6153,420994533,140331511,218801672,43588349,722037,136,420994533,1683978132,841989066
447,22.2327,420994533,140331511,218801672,43031193,722037,136,420994533,1683978132,841989066
448,22.3094,420994533,140331511,218801672,43681571,722037,136,420994533,1683978132,841989066
449,22.4865,420994533,140331511,218801672,43034801,722037,136,420994533,1683978132,841989066
450,22.2767,420994533,140331511,218801672,43009856,722037,136,420994533,1683978132,841989066
451,22.4471,420994533,140331511,218801672,43064486,722037,136,420994533,1683978132,841989066
452,22.138,420994533,140331511,218801672,43010862,722037,136,420994533,1683978132,841989066
453,22.3409,420994533,140331511,218801672,43035084,722037,136,420994533,1683978132,841989066
454,22.5769,420994533,140331511,218801672,43011949,722037,136,420994533,1683978132,841989066
455,22.2861,420994533,140331511,218801672,43045821,722037,136,420994533,1683978132,841989066
456,22.4634,420994533,140331511,218801672,43598008,722037,136,420994533,1683978132,841989066
457,22.1433,420994533,140331511,218801672,43254021,722037,136,420994533,1683978132,841989066
458,22.1813,420994533,140331511,218801672,43232942,722037,136,420994533,1683978132,841989066
459,22.1667,420994533,140331511,218801672,43062750,722037,136,420994533,1683978132,841989066
460,22.2333,420994533,140331511,218801672,43181140,722037,136,420994533,1683978132,841989066
461,22.4988,420994533,140331511,218801672,43093004,722037,136,420994533,1683978132,841989066
462,22.1741,420994533,140331511,218801672,43619761,722037,136,420994533,1683978132,841989066
463,22.4881,420994533,140331511,218801672,43244151,722037,136,420994533,1683978132,841989066
464,22.1448,420994533,140331511,218801672,43055197,722037,136,420994533,1683978132,841989066
465,22.177,420994533,140331511,218801672,43086094,722037,136,420994533,1683978132,841989066
466,22.4863,420994533,140331511,218801672,43003681,722037,136,420994533,1683978132,841989066
467,22.2602,420994533,140331511,218801672,43033827,722037,136,420994533,1683978132,841989066
468,22.526,420994533,140331511,218801672,44016357,722037,136,420994533,1683978132,841989066
469,22.156,420994533,140331511,218801672,42990807,722037,136,420994533,1683978132,841989066
470,22.3895,420994533,140331511,218801672,43050842,722037,136,420994533,1683978132,841989066
471,22.3189,420994533,140331511,218801672,43034550,722037,136,420994533,1683978132,841989066
472,22.2154,420994533,140331511,218801672,43053696,722037,136,420994533,1683978132,841989066
473,22.5428,420994533,140331511,218801672,43125876,722037,136,420994533,1683978132,841989066
474,22.1752,420994533,140331511,218801672,43071733,722037,136,420994533,1683978132,841989066
475,22.2332,420994533,140331511,218801672,43221358,722037,136,420994533,1683978132,841989066
476,22.1607,420994533,140331511,218801672,43563336,722037,136,420994533,1683978132,841989066
477,22.1553,420994533,140331511,218801672,43026396,722037,136,420994533,1683978132,841989066
478,22.5178,420994533,140331511,218801672,43160901,722037,136,420994533,1683978132,841989066
479,22.2637,420994533,140331511,218801672,43218354,722037,136,420994533,1683978132,841989066
480,22.5017,420994533,140331511,218801672,43555491,722037,136,420994533,1683978132,841989066
481,22.1376,420994533,140331511,218801672,43056209,722037,136,420994533,1683978132,841989066
482,22.2295,420994533,140331511,218801672,43091979,722037,136,420994533,1683978132,841989066
483,22.5952,420994533,140331511,218801672,42992910,722037,136,420994533,1683978132,841989066
484,22.2379,420994533,140331511,218801672,44082498,722037,136,420994533,1683978132,841989066
485,22.4931,420994533,140331511,218801672,43051127,722037,136,420994533,1683978132,841989066
486,22.1672,420994533,140331511,218801672,43170087,722037,136,420994533,1683978132,841989066
487,22.2369,420994533,140331511,218801672,43059121,722037,136,420994533,1683978132,841989066
488,22.1488,420994533,140331511,218801672,43061876,722037,136,420994533,1683978132,841989066
489,22.1705,420994533,140331511,218801672,43581870,722037,136,420994533,1683978132,841989066
490,22.456,420994533,140331511,218801672,43560314,722037,136,420994533,1683978132,841989066
491,22.1428,420994533,140331511,218801672,43057912,722037,136,420994533,1683978132,841989066
492,22.4601,420994533,140331511,218801672,43007172,722037,136,420994533,1683978132,841989066
493,22.1586,420994533,140331511,218801672,43193906,722037,136,420994533,1683978132,841989066
494,22.3087,420994533,140331511,218801672,43244762,722037,136,420994533,1683978132,841989066
495,22.4684,420994533,140331511,218801672,42984764,722037,136,420994533,1683978132,841989066
496,22.2707,420994533,140331511,218801672,43028427,722037,136,420994533,1683978132,841989066
497,22.5414,420994533,140331511,218801672,43196785,722037,136,420994533,1683978132,841989066
498,22.1406,420994533,140331511,218801672,43013025,722037,136,420994533,1683978132,841989066
499,22.1946,420994533,140331511,218801672,43267662,722037,136,420994533,1683978132,841989066
500,22.5566,420994533,140331511,218801672,43089712,722037,136,420994533,1683978132,841989066
501,22.2777,420994533,140331511,218801672,43057152,722037,136,420994533,1683978132,841989066
502,22.4742,420994533,140331511,218801672,43034833,722037,136,420994533,1683978132,841989066
503,22.2825,420994533,140331511,218801672,43704382,722037,136,420994533,1683978132,841989066
504,22.162,420994533,140331511,218801672,43096407,722037,136,420994533,1683978132,841989066
505,22.1905,420994533,140331511,218801672,43155814,722037,136,420994533,1683978132,841989066
506,22.1852,420994533,140331511,218801672,43060352,722037,136,420994533,1683978132,841989066
507,22.4536,420994533,140331511,218801672,42924960,722037,136,420994533,1683978132,841989066
508,22.1882,420994533,140331511,218801672,43253327,722037,136,420994533,1683978132,841989066
509,22.3227,420994533,140331511,218801672,43090872,722037,136,420994533,1683978132,841989066
510,22.1972,420994533,140331511,218801672,43533745,722037,136,420994533,1683978132,841989066
511,22.2175,420994533,140331511,218801672,43081460,722037,136,420994533,1683978132,841989066
512,22.5237,420994533,140331511,218801672,43230201,722037,136,420994533,1683978132,841989066
513,22.1804,420994533,140331511,218801672,43002351,722037,136,420994533,1683978132,841989066
514,22.4979,420994533,140331511,218801672,43732288,722037,136,420994533,1683978132,841989066
515,22.2181,420994533,140331511,218801672,43000195,722037,136,420994533,1683978132,841989066
516,22.195,420994533,140331511,218801672,43088171,722037,136,420994533,1683978132,841989066
517,22.4962,420994533,140331511,218801672,43261949,722037,136,420994533,1683978132,841989066
518,22.2002,420994533,140331511,218801672,43020181,722037,136,420994533,1683978132,841989066
519,22.4932,420994533,140331511,218801672,43020552,722037,136,420994533,1683978132,841989066
520,22.1691,420994533,140331511,218801672,43036713,722037,136,420994533,1683978132,841989066
521,22.1702,420994533,140331511,218801672,43014423,722037,136,420994533,1683978132,841989066
522,22.5535,420994533,140331511,218801672,44120553,722037,136,420994533,1683978132,841989066
523,22.1935,420994533,140331511,218801672,43070851,722037,136,420994533,1683978132,841989066
524,22.1969,420994533,140331511,218801672,43541564,722037,136,420994533,1683978132,841989066
525,22.1652,420994533,140331511,218801672,43019109,722037,136,420994533,1683978132,841989066
526,22.2112,420994533,140331511,218801672,43535020,722037,136,420994533,1683978132,841989066
527,22.5185,420994533,140331511,218801672,43561412,722037,136,420994533,1683978132,841989066
528,22.1812,420994533,140331511,218801672,43024758,722037,136,420994533,1683978132,841989066
529,22.5977,420994533,140331511,218801672,43203810,722037,136,420994533,1683978132,841989066
530,22.1443,420994533,140331511,218801672,43095748,722037,136,420994533,1683978132,841989066
531,22.1594,420994533,140331511,218801672,43154332,722037,136,420994533,1683978132,841989066
532,22.5001,420994533,140331511,218801672,43088909,722037,136,420994533,1683978132,841989066
533,22.1327,420994533,140331511,218801672,43091207,722037,136,420994533,1683978132,841989066
534,22.1906,420994533,140331511,218801672,43030837,722037,136,420994533,1683978132,841989066
535,22.1799,420994533,140331511,218801672,43053295,722037,136,420994533,1683978132,841989066
536,22.2344,420994533,140331511,218801672,43223265,722037,136,420994533,1683978132,841989066
537,22.5014,420994533,140331511,218801672,43028961,722037,136,420994533,1683978132,841989066
538,22.1877,420994533,140331511,218801672,43201860,722037,136,420994533,1683978132,841989066
539,22.3105,420994533,140331511,218801672,43140508,722037,136,420994533,1683978132,841989066
540,22.1949,420994533,140331511,218801672,43600844,722037,136,420994533,1683978132,841989066
541,22.1639,420994533,140331511,218801672,43177583,722037,136,420994533,1683978132,841989066
542,22.4394,420994533,140331511,218801672,43048491,722037,136,420994533,1683978132,841989066
543,22.2092,420994533,140331511,218801672,43181790,722037,136,420994533,1683978132,841989066
544,22.5141,420994533,140331511,218801672,43259549,722037,136,420994533,1683978132,841989066
545,22.1774,420994533,140331511,218801672,43598915,722037,136,420994533,1683978132,841989066
546,22.3617,420994533,140331511,218801672,43058825,722037,136,420994533,1683978132,841989066
547,22.6373,420994533,140331511,218801672,43176774,722037,136,420994533,1683978132,841989066
548,22.1758,420994533,140331511,218801672,43008553,722037,136,420994533,1683978132,841989066
549,22.4923,420994533,140331511,218801672,43104225,722037,136,420994533,1683978132,841989066
550,22.1852,420994533,140331511,218801672,43766441,722037,136,420994533,1683978132,841989066
551,22.2841,420994533,140331511,218801672,43050510,722037,136,420994533,1683978132,841989066
552,22.4661,420994533,140331511,218801672,43058252,722037,136,420994533,1683978132,841989066
553,22.2704,420994533,140331511,218801672,43055742,722037,136,420994533,1683978132,841989066
554,22.5765,420994533,140331511,218801672,43066726,722037,136,420994533,1683978132,841989066
555,22.1473,420994533,140331511,218801672,43068390,722037,136,420994533,1683978132,841989066
556,22.1922,420994533,140331511,218801672,43075421,722037,136,420994533,1683978132,841989066
557,22.5844,420994533,140331511,218801672,43088617,722037,136,420994533,1683978132,841989066
558,22.2778,420994533,140331511,218801672,43039632,722037,136,420994533,1683978132,841989066
559,22.5012,420994533,140331511,218801672,43192230,722037,136,420994533,1683978132,841989066
560,22.2372,420994533,140331511,218801672,43166048,722037,136,420994533,1683978132,841989066
561,22.1561,420994533,140331511,218801672,43049806,722037,136,420994533,1683978132,841989066
562,22.5297,420994533,140331511,218801672,43189112,722037,136,420994533,1683978132,841989066
563,22.16,420994533,140331511,218801672,43063318,722037,136,420994533,1683978132,841989066
564,22.5341,420994533,140331511,218801672,43567185,722037,136,420994533,1683978132,841989066
565,22.1566,420994533,140331511,218801672,43002918,722037,136,420994533,1683978132,841989066
566,22.1881,420994533,140331511,218801672,43565066,722037,136,420994533,1683978132,841989066
567,22.1761,420994533,140331511,218801672,43080209,722037,136,420994533,1683978132,841989066
568,22.2899,420994533,140331511,218801672,43177207,722037,136,420994533,1683978132,841989066
569,22.4983,420994533,140331511,218801672,43073575,722037,136,420994533,1683978132,841989066
570,22.1826,420994533,140331511,218801672,43098752,722037,136,420994533,1683978132,841989066
571,22.5753,420994533,140331511,218801672,43104785,722037,136,420994533,1683978132,841989066
572,22.2816,420994533,140331511,218801672,43037358,722037,136,420994533,1683978132,841989066
573,22.2978,420994533,140331511,218801672,43005364,722037,136,420994533,1683978132,841989066
574,22.5194,420994533,140331511,218801672,43584032,722037,136,420994533,1683978132,841989066
575,22.1418,420994533,140331511,218801672,43060932,722037,136,420994533,1683978132,841989066
576,22.4381,420994533,140331511,218801672,43132073,722037,136,420994533,1683978132,841989066
577,22.1791,420994533,140331511,218801672,43212266,722037,136,420994533,1683978132,841989066
578,22.2435,420994533,140331511,218801672,43533569,722037,136,420994533,1683978132,841989066
579,22.5195,420994533,140331511,218801672,43035309,722037,136,420994533,1683978132,841989066
580,22.3022,420994533,140331511,218801672,43626815,722037,136,420994533,1683978132,841989066
581,22.4942,420994533,140331511,218801672,43719852,722037,136,420994533,1683978132,841989066
582,22.1632,420994533,140331511,218801672,43063906,722037,136,420994533,1683978132,841989066
583,22.2812,420994533,140331511,218801672,43040408,722037,136,420994533,1683978132,841989066
584,22.5904,420994533,140331511,218801672,43759356,722037,136,420994533,1683978132,841989066
585,22.2344,420994533,140331511,218801672,43204991,722037,136,420994533,1683978132,841989066
586,22.51,420994533,140331511,218801672,43074124,722037,136,420994533,1683978132,841989066
587,22.14,420994533,140331511,218801672,43073475,722037,136,420994533,1683978132,841989066
588,22.2239,420994533,140331511,218801672,43049915,722037,136,420994533,1683978132,841989066
589,22.1404,420994533,140331511,218801672,43012928,722037,136,420994533,1683978132,841989066
590,22.1837,420994533,140331511,218801672,43156064,722037,136,420994533,1683978132,841989066
591,22.4645,420994533,140331511,218801672,43064018,722037,136,420994533,1683978132,841989066
592,22.18,420994533,140331511,218801672,43107505,722037,136,420994533,1683978132,841989066
593,22.4484,420994533,140331511,218801672,43025674,722037,136,420994533,1683978132,841989066
594,22.2067,420994533,140331511,218801672,43225800,722037,136,420994533,1683978132,841989066
595,22.2919,420994533,140331511,218801672,43138787,722037,136,420994533,1683978132,841989066
596,22.5098,420994533,140331511,218801672,43590246,722037,136,420994533,1683978132,841989066
597,22.1403,420994533,140331511,218801672,43046411,722037,136,420994533,1683978132,841989066
598,22.5446,420994533,140331511,218801672,43543500,722037,136,420994533,1683978132,841989066
599,22.1573,420994533,140331511,218801672,43026987,722037,136,420994533,1683978132,841989066
600,22.2214,420994533,140331511,218801672,43134892,722037,136,420994533,1683978132,841989066
601,22.5279,420994533,140331511,218801672,43126329,722037,136,420994533,1683978132,841989066
602,22.2582,420994533,140331511,218801672,43595802,722037,136,420994533,1683978132,841989066
603,22.3683,420994533,140331511,218801672,43074440,722037,136,420994533,1683978132,841989066
604,22.298,420994533,140331511,218801672,43512268,722037,136,420994533,1683978132,841989066
605,22.2653,420994533,140331511,218801672,43076484,722037,136,420994533,1683978132,841989066
606,22.5399,420994533,140331511,218801672,43166188,722037,136,420994533,1683978132,841989066
607,22.2732,420994533,140331511,218801672,43523286,722037,136,420994533,1683978132,841989066
608,22.5059,420994533,140331511,218801672,43216061,722037,136,420994533,1683978132,841989066
609,22.1693,420994533,140331511,218801672,43046169,722037,136,420994533,1683978132,841989066
610,22.2108,420994533,140331511,218801672,43063613,722037,136,420994533,1683978132,841989066
611,22.5437,420994533,140331511,218801672,42986477,722037,136,420994533,1683978132,841989066
612,22.2969,420994533,140331511,218801672,43545127,722037,136,420994533,1683978132,841989066
613,22.4883,420994533,140331511,218801672,43007658,722037,136,420994533,1683978132,841989066
614,22.1613,420994533,140331511,218801672,43190641,722037,136,420994533,1683978132,841989066
615,22.1572,420994533,140331511,218801672,43058273,722037,136,420994533,1683978132,841989066
616,22.4636,420994533,140331511,218801672,42990605,722037,136,420994533,1683978132,841989066
617,22.2707,420994533,140331511,218801672,43083329,722037,136,420994533,1683978132,841989066
618,22.5079,420994533,140331511,218801672,43554556,722037,136,420994533,1683978132,841989066
619,22.1415,420994533,140331511,218801672,43023919,722037,136,420994533,1683978132,841989066
620,22.1988,420994533,140331511,218801672,43570891,722037,136,420994533,1683978132,841989066
621,22.1916,420994533,140331511,218801672,43579182,722037,136,420994533,1683978132,841989066
622,22.2855,420994533,140331511,218801672,43056461,722037,136,420994533,1683978132,841989066
623,22.4401,420994533,140331511,218801672,42996389,722037,136,420994533,1683978132,841989066
624,22.168,420994533,140331511,218801672,43549881,722037,136,420994533,1683978132,841989066
625,22.5486,420994533,140331511,218801672,43044835,722037,136,420994533,1683978132,841989066
626,22.1747,420994533,140331511,218801672,43164013,722037,136,420994533,1683978132,841989066
627,22.1543,420994533,140331511,218801672,43082602,722037,136,420994533,1683978132,841989066
628,22.5673,420994533,140331511,218801672,43216317,722037,136,420994533,1683978132,841989066
629,22.2703,420994533,140331511,218801672,43086630,722037,136,420994533,1683978132,841989066
630,22.5277,420994533,140331511,218801672,43093564,722037,136,420994533,1683978132,841989066
631,22.1344,420994533,140331511,218801672,43039741,722037,136,420994533,1683978132,841989066
632,22.2479,420994533,140331511,218801672,43592460,722037,136,420994533,1683978132,841989066
633,22.5261,420994533,140331511,218801672,43585278,722037,136,420994533,1683978132,841989066
634,22.1692,420994533,140331511,218801672,43196766,722037,136,420994533,1683978132,841989066
635,22.5334,420994533,140331511,218801672,42870211,722037,136,420994533,1683978132,841989066
636,22.174,420994533,140331511,218801672,43595893,722037,136,420994533,1683978132,841989066
637,22.2254,420994533,140331511,218801672,43532921,722037,136,420994533,1683978132,841989066
638,22.5234,420994533,140331511,218801672,43049467,722037,136,420994533,1683978132,841989066
639,22.3213,420994533,140331511,218801672,43058125,722037,136,420994533,1683978132,841989066
640,22.4608,420994533,140331511,218801672,43044199,722037,136,420994533,1683978132,841989066
641,22.1431,420994533,140331511,218801672,43061711,722037,136,420994533,1683978132,841989066
642,22.234,420994533,140331511,218801672,43059256,722037,136,420994533,1683978132,841989066
643,22.4535,420994533,140331511,218801672,43105259,722037,136,420994533,1683978132,841989066
644,22.2876,420994533,140331511,218801672,43533674,722037,136,420994533,1683978132,841989066
645,22.4758,420994533,140331511,218801672,43039162,722037,136,420994533,1683978132,841989066
646,22.134,420994533,140331511,218801672,43058547,722037,136,420994533,1683978132,841989066
647,22.2375,420994533,140331511,218801672,43054698,722037,136,420994533,1683978132,841989066
648,22.1652,420994533,140331511,218801672,43244286,722037,136,420994533,1683978132,841989066
649,22.2701,420994533,140331511,218801672,43218599,722037,136,420994533,1683978132,841989066
650,22.6412,420994533,140331511,218801672,43552789,722037,136,420994533,1683978132,841989066
651,22.1914,420994533,140331511,218801672,43082580,722037,136,420994533,1683978132,841989066
652,22.5071,420994533,140331511,218801672,43556764,722037,136,420994533,1683978132,841989066
653,22.2442,420994533,140331511,218801672,43029674,722037,136,420994533,1683978132,841989066
654,22.2858,420994533,140331511,218801672,43204882,722037,136,420994533,1683978132,841989066
655,22.4618,420994533,140331511,218801672,43164803,722037,136,420994533,1683978132,841989066
656,22.2023,420994533,140331511,218801672,43174580,722037,136,420994533,1683978132,841989066
657,22.5026,420994533,140331511,218801672,43046474,722037,136,420994533,1683978132,841989066
658,22.1828,420994533,140331511,218801672,43199606,722037,136,420994533,1683978132,841989066
659,22.2972,420994533,140331511,218801672,43098265,722037,136,420994533,1683978132,841989066
660,22.5268,420994533,140331511,218801672,43033122,722037,136,420994533,1683978132,841989066
661,22.2833,420994533,140331511,218801672,43094132,722037,136,420994533,1683978132,841989066
662,22.6004,420994533,140331511,218801672,43552971,722037,136,420994533,1683978132,841989066
663,22.2196,420994533,140331511,218801672,43033954,722037,136,420994533,1683978132,841989066
664,22.2353,420994533,140331511,218801672,43076551,722037,136,420994533,1683978132,841989066
665,22.6805,420994533,140331511,218801672,43223443,722037,136,420994533,1683978132,841989066
666,22.1508,420994533,140331511,218801672,43038089,722037,136,420994533,1683978132,841989066
667,22.5166,420994533,140331511,218801672,43089355,722037,136,420994533,1683978132,841989066
668,22.1819,420994533,140331511,218801672,43190567,722037,136,420994533,1683978132,841989066
669,22.2369,420994533,140331511,218801672,43158768,722037,136,420994533,1683978132,841989066
670,22.206,420994533,140331511,218801672,43051012,722037,136,420994533,1683978132,841989066
671,21.9452,420994533,140331511,218801672,43050130,722037,136,420994533,1683978132,841989066
672,22.5092,420994533,140331511,218801672,43518672,722037,136,420994533,1683978132,841989066
673,22.1782,420994533,140331511,218801672,43097759,722037,136,420994533,1683978132,841989066
674,22.1817,420994533,140331511,218801672,43044071,722037,136,420994533,1683978132,841989066
675,22.2542,420994533,140331511,218801672,43035430,722037,136,420994533,1683978132,841989066
676,22.3006,420994533,140331511,218801672,43707599,722037,136,420994533,1683978132,841989066
677,22.5655,420994533,140331511,218801672,43105242,722037,136,420994533,1683978132,841989066
678,22.148,420994533,140331511,218801672,43061501,722037,136,420994533,1683978132,841989066
679,22.1528,420994533,140331511,218801672,43068308,722037,136,420994533,1683978132,841989066
680,22.1404,420994533,140331511,218801672,43079672,722037,136,420994533,1683978132,841989066
681,22.2471,420994533,140331511,218801672,43031520,722037,136,420994533,1683978132,841989066
682,22.587,420994533,140331511,218801672,43095747,722037,136,420994533,1683978132,841989066
683,22.2596,420994533,140331511,218801672,43055267,722037,136,420994533,1683978132,841989066
684,22.1762,420994533,140331511,218801672,43576188,722037,136,420994533,1683978132,841989066
685,22.3007,420994533,140331511,218801672,43199211,722037,136,420994533,1683978132,841989066
686,22.2111,420994533,140331511,218801672,43230484,722037,136,420994533,1683978132,841989066
687,22.5404,420994533,140331511,218801672,43087189,722037,136,420994533,1683978132,841989066
688,22.2446,420994533,140331511,218801672,43085161,722037,136,420994533,1683978132,841989066
689,22.3919,420994533,140331511,218801672,43058908,722037,136,420994533,1683978132,841989066
690,22.1851,420994533,140331511,218801672,43556121,722037,136,420994533,1683978132,841989066
691,22.2123,420994533,140331511,218801672,43724615,722037,136,420994533,1683978132,841989066
692,22.4725,420994533,140331511,218801672,43031697,722037,136,420994533,1683978132,841989066
693,22.2728,420994533,140331511,218801672,43592040,722037,136,420994533,1683978132,841989066
694,22.5465,420994533,140331511,218801672,43080682,722037,136,420994533,1683978132,841989066
695,22.3973,420994533,140331511,218801672,43089151,722037,136,420994533,1683978132,841989066
696,22.2093,420994533,140331511,218801672,43184607,722037,136,420994533,1683978132,841989066
697,22.5783,420994533,140331511,218801672,43096504,722037,136,420994533,1683978132,841989066
698,22.1876,420994533,140331511,218801672,43061825,722037,136,420994533,1683978132,841989066
699,22.3111,420994533,140331511,218801672,43060963,722037,136,420994533,1683978132,841989066
700,22.2132,420994533,140331511,218801672,44182023,722037,136,420994533,1683978132,841989066
701,22.275,420994533,140331511,218801672,43045535,722037,136,420994533,1683978132,841989066
702,22.6783,420994533,140331511,218801672,43211329,722037,136,420994533,1683978132,841989066
703,22.2531,420994533,140331511,218801672,43066087,722037,136,420994533,1683978132,841989066
704,22.6931,420994533,140331511,218801672,43204151,722037,136,420994533,1683978132,841989066
705,22.226,420994533,140331511,218801672,43039251,722037,136,420994533,1683978132,841989066
706,22.2632,420994533,140331511,218801672,43036252,722037,136,420994533,1683978132,841989066
707,22.5013,420994533,140331511,218801672,43133127,722037,136,420994533,1683978132,841989066
708,22.2466,420994533,140331511,218801672,43557214,722037,136,420994533,1683978132,841989066
709,22.457,420994533,140331511,218801672,43050784,722037,136,420994533,1683978132,841989066
710,22.2294,420994533,140331511,218801672,43183563,722037,136,420994533,1683978132,841989066
711,22.2412,420994533,140331511,218801672,43043611,722037,136,420994533,1683978132,841989066
712,22.5773,420994533,140331511,218801672,43680064,722037,136,420994533,1683978132,841989066
713,22.2257,420994533,140331511,218801672,43080780,722037,136,420994533,1683978132,841989066
714,22.4536,420994533,140331511,218801672,43066492,722037,136,420994533,1683978132,841989066
715,22.1532,420994533,140331511,218801672,43025261,722037,136,420994533,1683978132,841989066
716,22.3483,420994533,140331511,218801672,43062260,722037,136,420994533,1683978132,841989066
717,22.2221,420994533,140331511,218801672,43054940,722037,136,420994533,1683978132,841989066
718,22.239,420994533,140331511,218801672,43030412,722037,136,420994533,1683978132,841989066
719,22.5724,420994533,140331511,218801672,43609367,722037,136,420994533,1683978132,841989066
720,22.3575,420994533,140331511,218801672,43531315,722037,136,420994533,1683978132,841989066
721,22.5755,420994533,140331511,218801672,43069454,722037,136,420994533,1683978132,841989066
722,22.2497,420994533,140331511,218801672,43681339,722037,136,420994533,1683978132,841989066
723,22.2339,420994533,140331511,218801672,43067069,722037,136,420994533,1683978132,841989066
724,22.5094,420994533,140331511,218801672,43008270,722037,136,420994533,1683978132,841989066
725,22.217,420994533,140331511,218801672,43077678,722037,136,420994533,1683978132,841989066
726,22.5104,420994533,140331511,218801672,43546706,722037,136,420994533,1683978132,841989066
727,22.226,420994533,140331511,218801672,42995991,722037,136,420994533,1683978132,841989066
728,22.2958,420994533,140331511,218801672,43062666,722037,136,420994533,1683978132,841989066
729,22.5753,420994533,140331511,218801672,43069811,722037,136,420994533,1683978132,841989066
730,22.2398,420994533,140331511,218801672,43185278,722037,136,420994533,1683978132,841989066
731,22.4507,420994533,140331511,218801672,43076066,722037,136,420994533,1683978132,841989066
732,22.1561,420994533,140331511,218801672,43216897,722037,136,420994533,1683978132,841989066
733,22.2233,420994533,140331511,218801672,43065296,722037,136,420994533,1683978132,841989066
734,22.6909,420994533,140331511,218801672,42998577,722037,136,420994533,1683978132,841989066
735,22.2616,420994533,140331511,218801672,43079268,722037,136,420994533,1683978132,841989066
736,22.5404,420994533,140331511,218801672,43014571,722037,136,420994533,1683978132,841989066
737,22.1905,420994533,140331511,218801672,43017613,722037,136,420994533,1683978132,841989066
738,22.2138,420994533,140331511,218801672,43019772,722037,136,420994533,1683978132,841989066
739,22.609,420994533,140331511,218801672,43088896,722037,136,420994533,1683978132,841989066
740,22.3239,420994533,140331511,218801672,43708530,722037,136,420994533,1683978132,841989066
741,22.6878,420994533,140331511,218801672,42972026,722037,136,420994533,1683978132,841989066
742,22.1581,420994533,140331511,218801672,43570756,722037,136,420994533,1683978132,841989066
743,22.2092,420994533,140331511,218801672,43051798,722037,136,420994533,1683978132,841989066
744,22.5877,420994533,140331511,218801672,43030063,722037,136,420994533,1683978132,841989066
745,22.4064,420994533,140331511,218801672,43057752,722037,136,420994533,1683978132,841989066
746,22.5717,420994533,140331511,218801672,43034513,722037,136,420994533,1683978132,841989066
747,22.2605,420994533,140331511,218801672,43025358,722037,136,420994533,1683978132,841989066
748,22.1926,420994533,140331511,218801672,43067935,722037,136,420994533,1683978132,841989066
749,22.4311,420994533,140331511,218801672,43060151,722037,136,420994533,1683978132,841989066
750,22.2765,420994533,140331511,218801672,43038860,722037,136,420994533,1683978132,841989066
751,22.6421,420994533,140331511,218801672,43214361,722037,136,420994533,1683978132,841989066
752,22.2618,420994533,140331511,218801672,42999591,722037,136,420994533,1683978132,841989066
753,22.275,420994533,140331511,218801672,43080722,722037,136,420994533,1683978132,841989066
754,22.1784,420994533,140331511,218801672,43579867,722037,136,420994533,1683978132,841989066
755,22.1812,420994533,140331511,218801672,43187049,722037,136,420994533,1683978132,841989066
756,22.4838,420994533,140331511,218801672,43183254,722037,136,420994533,1683978132,841989066
757,22.1641,420994533,140331511,218801672,43050149,722037,136,420994533,1683978132,841989066
758,22.3004,420994533,140331511,218801672,43564648,722037,136,420994533,1683978132,841989066
759,22.1484,420994533,140331511,218801672,43074952,722037,136,420994533,1683978132,841989066
760,22.1769,420994533,140331511,218801672,43061805,722037,136,420994533,1683978132,841989066
761,22.7632,420994533,140331511,218801672,43714456,722037,136,420994533,1683978132,841989066
762,22.2063,420994533,140331511,218801672,43146115,722037,136,420994533,1683978132,841989066
763,22.3123,420994533,140331511,218801672,43150417,722037,136,420994533,1683978132,841989066
764,22.1397,420994533,140331511,218801672,43049612,722037,136,420994533,1683978132,841989066
765,22.3455,420994533,140331511,218801672,43019593,722037,136,420994533,1683978132,841989066
766,22.1801,420994533,140331511,218801672,43563950,722037,136,420994533,1683978132,841989066
767,22.3315,420994533,140331511,218801672,43079609,722037,136,420994533,1683978132,841989066
768,22.594,420994533,140331511,218801672,43152338,722037,136,420994533,1683978132,841989066
769,22.3067,420994533,140331511,218801672,43067249,722037,136,420994533,1683978132,841989066
770,22.4677,420994533,140331511,218801672,43147745,722037,136,420994533,1683978132,841989066
771,22.1553,420994533,140331511,218801672,43244872,722037,136,420994533,1683978132,841989066
772,22.3008,420994533,140331511,218801672,43168158,722037,136,420994533,1683978132,841989066
773,22.7299,420994533,140331511,218801672,43044502,722037,136,420994533,1683978132,841989066
774,22.2495,420994533,140331511,218801672,43579292,722037,136,420994533,1683978132,841989066
775,22.617,420994533,140331511,218801672,43012348,722037,136,420994533,1683978132,841989066
776,22.1696,420994533,140331511,218801672,43512054,722037,136,420994533,1683978132,841989066
777,22.154,420994533,140331511,218801672,43006723,722037,136,420994533,1683978132,841989066
778,22.1748,420994533,140331511,218801672,43533030,722037,136,420994533,1683978132,841989066
779,22.3686,420994533,140331511,218801672,43586670,722037,136,420994533,1683978132,841989066
780,22.5607,420994533,140331511,218801672,43055902,722037,136,420994533,1683978132,841989066
781,22.2733,420994533,140331511,218801672,42953414,722037,136,420994533,1683978132,841989066
782,22.324,420994533,140331511,218801672,43173975,722037,136,420994533,1683978132,841989066
783,22.1737,420994533,140331511,218801672,43057732,722037,136,420994533,1683978132,841989066
784,22.2828,420994533,140331511,218801672,43004711,722037,136,420994533,1683978132,841989066
785,22.4226,420994533,140331511,218801672,43546512,722037,136,420994533,1683978132,841989066
786,22.1976,420994533,140331511,218801672,43048526,722037,136,420994533,1683978132,841989066
787,22.6731,420994533,140331511,218801672,43290037,722037,136,420994533,1683978132,841989066
788,22.1851,420994533,140331511,218801672,43524726,722037,136,420994533,1683978132,841989066
789,22.4934,420994533,140331511,218801672,43098623,722037,136,420994533,1683978132,841989066
790,22.1606,420994533,140331511,218801672,43057349,722037,136,420994533,1683978132,841989066
791,22.4236,420994533,140331511,218801672,43095898,722037,136,420994533,1683978132,841989066
792,22.5759,420994533,140331511,218801672,43039099,722037,136,420994533,1683978132,841989066
793,22.1541,420994533,140331511,218801672,43019942,722037,136,420994533,1683978132,841989066
794,22.4992,420994533,140331511,218801672,43660054,722037,136,420994533,1683978132,841989066
795,22.2105,420994533,140331511,218801672,43082622,722037,136,420994533,1683978132,841989066
796,22.2518,420994533,140331511,218801672,43586516,722037,136,420994533,1683978132,841989066
797,22.5732,420994533,140331511,218801672,43038441,722037,136,420994533,1683978132,841989066
798,22.2081,420994533,140331511,218801672,43547032,722037,136,420994533,1683978132,841989066
799,22.4811,420994533,140331511,218801672,43053705,722037,136,420994533,1683978132,841989066
800,22.1651,420994533,140331511,218801672,43195009,722037,136,420994533,1683978132,841989066
801,22.434,420994533,140331511,218801672,43007782,722037,136,420994533,1683978132,841989066
802,22.3994,420994533,140331511,218801672,43053999,722037,136,420994533,1683978132,841989066
803,22.2514,420994533,140331511,218801672,43191939,722037,136,420994533,1683978132,841989066
804,22.5171,420994533,140331511,218801672,43521316,722037,136,420994533,1683978132,841989066
805,22.1716,420994533,140331511,218801672,43051359,722037,136,420994533,1683978132,841989066
806,22.4401,420994533,140331511,218801672,43594389,722037,136,420994533,1683978132,841989066
807,22.2537,420994533,140331511,218801672,43171972,722037,136,420994533,1683978132,841989066
808,22.2449,420994533,140331511,218801672,43197068,722037,136,420994533,1683978132,841989066
809,22.635,420994533,140331511,218801672,43101119,722037,136,420994533,1683978132,841989066
810,22.2506,420994533,140331511,218801672,43595527,722037,136,420994533,1683978132,841989066
811,22.5042,420994533,140331511,218801672,43092633,722037,136,420994533,1683978132,841989066
812,22.2378,420994533,140331511,218801672,43088197,722037,136,420994533,1683978132,841989066
813,22.2403,420994533,140331511,218801672,43058733,722037,136,420994533,1683978132,841989066
814,22.5712,420994533,140331511,218801672,43660106,722037,136,420994533,1683978132,841989066
815,22.342,420994533,140331511,218801672,43060465,722037,136,420994533,1683978132,841989066
816,22.4922,420994533,140331511,218801672,43565166,722037,136,420994533,1683978132,841989066
817,22.1899,420994533,140331511,218801672,43200091,722037,136,420994533,1683978132,841989066
818,22.2573,420994533,140331511,218801672,43168223,722037,136,420994533,1683978132,841989066
819,22.5837,420994533,140331511,218801672,43570343,722037,136,420994533,1683978132,841989066
820,22.2698,420994533,140331511,218801672,43055953,722037,136,420994533,1683978132,841989066
821,22.492,420994533,140331511,218801672,43066674,722037,136,420994533,1683978132,841989066
822,22.1932,420994533,140331511,218801672,43226977,722037,136,420994533,1683978132,841989066
823,22.2013,420994533,140331511,218801672,43163000,722037,136,420994533,1683978132,841989066
824,22.5887,420994533,140331511,218801672,43226508,722037,136,420994533,1683978132,841989066
825,22.2673,420994533,140331511,218801672,43040351,722037,136,420994533,1683978132,841989066
826,22.6249,420994533,140331511,218801672,43710884,722037,136,420994533,1683978132,841989066
827,22.2423,420994533,140331511,218801672,43097941,722037,136,420994533,1683978132,841989066
828,22.2148,420994533,140331511,218801672,43161357,722037,136,420994533,1683978132,841989066
829,22.4454,420994533,140331511,218801672,42998066,722037,136,420994533,1683978132,841989066
830,22.217,420994533,140331511,218801672,43594882,722037,136,420994533,1683978132,841989066
831,22.5821,420994533,140331511,218801672,43084328,722037,136,420994533,1683978132,841989066
832,22.2981,420994533,140331511,218801672,43052997,722037,136,420994533,1683978132,841989066
833,22.2787,420994533,140331511,218801672,43062683,722037,136,420994533,1683978132,841989066
834,22.4896,420994533,140331511,218801672,43063544,722037,136,420994533,1683978132,841989066
835,22.1696,420994533,140331511,218801672,43090845,722037,136,420994533,1683978132,841989066
836,22.1802,420994533,140331511,218801672,43051220,722037,136,420994533,1683978132,841989066
837,22.2387,420994533,140331511,218801672,43065638,722037,136,420994533,1683978132,841989066
838,22.2776,420994533,140331511,218801672,43544203,722037,136,420994533,1683978132,841989066
839,22.5769,420994533,140331511,218801672,43057480,722037,136,420994533,1683978132,841989066
840,22.1424,420994533,140331511,218801672,43005720,722037,136,420994533,1683978132,841989066
841,22.2856,420994533,140331511,218801672,43056519,722037,136,420994533,1683978132,841989066
842,22.2762,420994533,140331511,218801672,43662246,722037,136,420994533,1683978132,841989066
843,22.4494,420994533,140331511,218801672,43016862,722037,136,420994533,1683978132,841989066
844,22.3665,420994533,140331511,218801672,43053730,722037,136,420994533,1683978132,841989066
845,22.2721,420994533,140331511,218801672,43015625,722037,136,420994533,1683978132,841989066
846,22.4986,420994533,140331511,218801672,43060322,722037,136,420994533,1683978132,841989066
847,22.2606,420994533,140331511,218801672,43166479,722037,136,420994533,1683978132,841989066
848,22.2895,420994533,140331511,218801672,43177245,722037,136,420994533,1683978132,841989066
849,22.2442,420994533,140331511,218801672,43028390,722037,136,420994533,1683978132,841989066
850,22.1892,420994533,140331511,218801672,43071873,722037,136,420994533,1683978132,841989066
851,22.1494,420994533,140331511,218801672,43067391,722037,136,420994533,1683978132,841989066
852,22.23,420994533,140331511,218801672,43183837,722037,136,420994533,1683978132,841989066
853,22.699,420994533,140331511,218801672,43089281,722037,136,420994533,1683978132,841989066
854,22.2884,420994533,140331511,218801672,43699240,722037,136,420994533,1683978132,841989066
855,22.2478,420994533,140331511,218801672,43032648,722037,136,420994533,1683978132,841989066
856,22.2942,420994533,140331511,218801672,43569957,722037,136,420994533,1683978132,841989066
857,22.393,420994533,140331511,218801672,43146916,722037,136,420994533,1683978132,841989066
858,22.6779,420994533,140331511,218801672,43535616,722037,136,420994533,1683978132,841989066
859,22.2237,420994533,140331511,218801672,43071938,722037,136,420994533,1683978132,841989066
860,22.5463,420994533,140331511,218801672,43044989,722037,136,420994533,1683978132,841989066
861,22.1653,420994533,140331511,218801672,43172080,722037,136,420994533,1683978132,841989066
862,22.2166,420994533,140331511,218801672,43049488,722037,136,420994533,1683978132,841989066
863,22.4554,420994533,140331511,218801672,43105443,722037,136,420994533,1683978132,841989066
864,22.232,420994533,140331511,218801672,43015119,722037,136,420994533,1683978132,841989066
865,22.4571,420994533,140331511,218801672,43070657,722037,136,420994533,1683978132,841989066
866,22.2293,420994533,140331511,218801672,43086161,722037,136,420994533,1683978132,841989066
867,22.2277,420994533,140331511,218801672,43088736,722037,136,420994533,1683978132,841989066
868,22.488,420994533,140331511,218801672,43031259,722037,136,420994533,1683978132,841989066
869,22.2397,420994533,140331511,218801672,43185218,722037,136,420994533,1683978132,841989066
870,22.6076,420994533,140331511,218801672,43155138,722037,136,420994533,1683978132,841989066
871,22.2205,420994533,140331511,218801672,43044810,722037,136,420994533,1683978132,841989066
872,22.3134,420994533,140331511,218801672,43563175,722037,136,420994533,1683978132,841989066
873,22.6327,420994533,140331511,218801672,43108177,722037,136,420994533,1683978132,841989066
874,22.2596,420994533,140331511,218801672,43082699,722037,136,420994533,1683978132,841989066
875,22.6511,420994533,140331511,218801672,43060287,722037,136,420994533,1683978132,841989066
876,22.2275,420994533,140331511,218801672,43048168,722037,136,420994533,1683978132,841989066
877,22.2874,420994533,140331511,218801672,43010569,722037,136,420994533,1683978132,841989066
878,22.2508,420994533,140331511,218801672,43595666,722037,136,420994533,1683978132,841989066
879,22.2414,420994533,140331511,218801672,43035621,722037,136,420994533,1683978132,841989066
880,22.3907,420994533,140331511,218801672,43191132,722037,136,420994533,1683978132,841989066
881,22.2494,420994533,140331511,218801672,43054731,722037,136,420994533,1683978132,841989066
882,22.6015,420994533,140331511,218801672,43173422,722037,136,420994533,1683978132,841989066
883,22.3407,420994533,140331511,218801672,43077668,722037,136,420994533,1683978132,841989066
884,22.5679,420994533,140331511,218801672,43561510,722037,136,420994533,1683978132,841989066
885,22.2465,420994533,140331511,218801672,43067474,722037,136,420994533,1683978132,841989066
886,22.232,420994533,140331511,218801672,43050576,722037,136,420994533,1683978132,841989066
887,22.5887,420994533,140331511,218801672,43175462,722037,136,420994533,1683978132,841989066
888,22.2656,420994533,140331511,218801672,43729373,722037,136,420994533,1683978132,841989066
889,22.6314,420994533,140331511,218801672,43184481,722037,136,420994533,1683978132,841989066
890,22.1604,420994533,140331511,218801672,43064417,722037,136,420994533,1683978132,841989066
891,22.3344,420994533,140331511,218801672,43123640,722037,136,420994533,1683978132,841989066
892,22.6529,420994533,140331511,218801672,43099907,722037,136,420994533,1683978132,841989066
893,22.4157,420994533,140331511,218801672,43045028,722037,136,420994533,1683978132,841989066
894,22.5565,420994533,140331511,218801672,43595630,722037,136,420994533,1683978132,841989066
895,22.2685,420994533,140331511,218801672,43019550,722037,136,420994533,1683978132,841989066
896,22.2245,420994533,140331511,218801672,43086112,722037,136,420994533,1683978132,841989066
897,22.4052,420994533,140331511,218801672,43036861,722037,136,420994533,1683978132,841989066
898,22.2349,420994533,140331511,218801672,43067972,722037,136,420994533,1683978132,841989066
899,22.6911,420994533,140331511,218801672,43190156,722037,136,420994533,1683978132,841989066
900,22.2501,420994533,140331511,218801672,43211459,722037,136,420994533,1683978132,841989066
901,22.5312,420994533,140331511,218801672,43028810,722037,136,420994533,1683978132,841989066
902,22.2315,420994533,140331511,218801672,43178650,722037,136,420994533,1683978132,841989066
903,22.4358,420994533,140331511,218801672,43026793,722037,136,420994533,1683978132,841989066
904,22.5694,420994533,140331511,218801672,42879729,722037,136,420994533,1683978132,841989066
905,22.2994,420994533,140331511,218801672,43114172,722037,136,420994533,1683978132,841989066
906,22.5995,420994533,140331511,218801672,43561189,722037,136,420994533,1683978132,841989066
907,22.1822,420994533,140331511,218801672,43181967,722037,136,420994533,1683978132,841989066
908,22.373,420994533,140331511,218801672,43169142,722037,136,420994533,1683978132,841989066
909,22.5817,420994533,140331511,218801672,43081118,722037,136,420994533,1683978132,841989066
910,22.3758,420994533,140331511,218801672,43160498,722037,136,420994533,1683978132,841989066
911,22.5815,420994533,140331511,218801672,43465731,722037,136,420994533,1683978132,841989066
912,22.1778,420994533,140331511,218801672,43594444,722037,136,420994533,1683978132,841989066
913,22.2729,420994533,140331511,218801672,43029295,722037,136,420994533,1683978132,841989066
914,22.446,420994533,140331511,218801672,43056503,722037,136,420994533,1683978132,841989066
915,22.3087,420994533,140331511,218801672,43162679,722037,136,420994533,1683978132,841989066
916,22.6859,420994533,140331511,218801672,43731749,722037,136,420994533,1683978132,841989066
917,22.1565,420994533,140331511,218801672,43038151,722037,136,420994533,1683978132,841989066
918,22.4299,420994533,140331511,218801672,43074618,722037,136,420994533,1683978132,841989066
919,22.1868,420994533,140331511,218801672,43139429,722037,136,420994533,1683978132,841989066
920,22.2551,420994533,140331511,218801672,43572689,722037,136,420994533,1683978132,841989066
921,22.5965,420994533,140331511,218801672,43566363,722037,136,420994533,1683978132,841989066
922,22.4178,420994533,140331511,218801672,43192081,722037,136,420994533,1683978132,841989066
923,22.465,420994533,140331511,218801672,43063544,722037,136,420994533,1683978132,841989066
924,22.2087,420994533,140331511,218801672,43695027,722037,136,420994533,1683978132,841989066
925,22.3147,420994533,140331511,218801672,43692714,722037,136,420994533,1683978132,841989066
926,22.5196,420994533,140331511,218801672,43557421,722037,136,420994533,1683978132,841989066
927,22.39,420994533,140331511,218801672,44148032,722037,136,420994533,1683978132,841989066
928,22.6396,420994533,140331511,218801672,43043191,722037,136,420994533,1683978132,841989066
929,22.1599,420994533,140331511,218801672,43035454,722037,136,420994533,1683978132,841989066
930,22.1598,420994533,140331511,218801672,43073966,722037,136,420994533,1683978132,841989066
931,22.5857,420994533,140331511,218801672,43174013,722037,136,420994533,1683978132,841989066
932,22.3016,420994533,140331511,218801672,43038216,722037,136,420994533,1683978132,841989066
933,22.5982,420994533,140331511,218801672,43050424,722037,136,420994533,1683978132,841989066
934,22.2637,420994533,140331511,218801672,43169745,722037,136,420994533,1683978132,841989066
935,22.34,420994533,140331511,218801672,43055387,722037,136,420994533,1683978132,841989066
936,22.1602,420994533,140331511,218801672,43566350,722037,136,420994533,1683978132,841989066
937,22.1803,420994533,140331511,218801672,43230814,722037,136,420994533,1683978132,841989066
938,22.3012,420994533,140331511,218801672,43007728,722037,136,420994533,1683978132,841989066
939,22.2244,420994533,140331511,218801672,43184644,722037,136,420994533,1683978132,841989066
940,22.5161,420994533,140331511,218801672,43722047,722037,136,420994533,1683978132,841989066
941,22.186,420994533,140331511,218801672,43054704,722037,136,420994533,1683978132,841989066
942,22.6459,420994533,140331511,218801672,43607328,722037,136,420994533,1683978132,841989066
943,22.2737,420994533,140331511,218801672,43000912,722037,136,420994533,1683978132,841989066
944,22.3101,420994533,140331511,218801672,43040853,722037,136,420994533,1683978132,841989066
945,22.4964,420994533,140331511,218801672,43107951,722037,136,420994533,1683978132,841989066
946,22.1644,420994533,140331511,218801672,43606898,722037,136,420994533,1683978132,841989066
947,22.4585,420994533,140331511,218801672,43084137,722037,136,420994533,1683978132,841989066
948,22.2583,420994533,140331511,218801672,43060514,722037,136,420994533,1683978132,841989066
949,22.4868,420994533,140331511,218801672,43176977,722037,136,420994533,1683978132,841989066
950,22.5759,420994533,140331511,218801672,43036630,722037,136,420994533,1683978132,841989066
951,22.2933,420994533,140331511,218801672,43175287,722037,136,420994533,1683978132,841989066
952,22.5049,420994533,140331511,218801672,43504199,722037,136,420994533,1683978132,841989066
953,22.3401,420994533,140331511,218801672,43142328,722037,136,420994533,1683978132,841989066
954,22.2553,420994533,140331511,218801672,43024578,722037,136,420994533,1683978132,841989066
955,22.2353,420994533,140331511,218801672,43129500,722037,136,420994533,1683978132,841989066
956,22.1545,420994533,140331511,218801672,43000941,722037,136,420994533,1683978132,841989066
957,22.4663,420994533,140331511,218801672,43051556,722037,136,420994533,1683978132,841989066
958,22.1799,420994533,140331511,218801672,43580225,722037,136,420994533,1683978132,841989066
959,22.7084,420994533,140331511,218801672,43028123,722037,136,420994533,1683978132,841989066
960,22.2948,420994533,140331511,218801672,43178785,722037,136,420994533,1683978132,841989066
961,22.296,420994533,140331511,218801672,43047409,722037,136,420994533,1683978132,841989066
962,22.5253,420994533,140331511,218801672,43083856,722037,136,420994533,1683978132,841989066
963,22.3542,420994533,140331511,218801672,43037371,722037,136,420994533,1683978132,841989066
964,22.6788,420994533,140331511,218801672,43594644,722037,136,420994533,1683978132,841989066
965,22.2689,420994533,140331511,218801672,43664520,722037,136,420994533,1683978132,841989066
966,22.3116,420994533,140331511,218801672,43712646,722037,136,420994533,1683978132,841989066
967,22.2522,420994533,140331511,218801672,42992841,722037,136,420994533,1683978132,841989066
968,22.2414,420994533,140331511,218801672,43101318,722037,136,420994533,1683978132,841989066
969,22.5481,420994533,140331511,218801672,43082713,722037,136,420994533,1683978132,841989066
970,22.2606,420994533,140331511,218801672,43579591,722037,136,420994533,1683978132,841989066
971,22.2352,420994533,140331511,218801672,43103474,722037,136,420994533,1683978132,841989066
972,22.2832,420994533,140331511,218801672,43563933,722037,136,420994533,1683978132,841989066
973,22.1997,420994533,140331511,218801672,43102746,722037,136,420994533,1683978132,841989066
974,22.5088,420994533,140331511,218801672,43024843,722037,136,420994533,1683978132,841989066
975,22.2043,420994533,140331511,218801672,43167399,722037,136,420994533,1683978132,841989066
976,22.2756,420994533,140331511,218801672,43692830,722037,136,420994533,1683978132,841989066
977,22.2857,420994533,140331511,218801672,43060994,722037,136,420994533,1683978132,841989066
978,22.289,420994533,140331511,218801672,43560985,722037,136,420994533,1683978132,841989066
979,22.5371,420994533,140331511,218801672,43060812,722037,136,420994533,1683978132,841989066
980,22.2653,420994533,140331511,218801672,43198239,722037,136,420994533,1683978132,841989066
981,22.2686,420994533,140331511,218801672,43014066,722037,136,420994533,1683978132,841989066
982,22.2792,420994533,140331511,218801672,43571503,722037,136,420994533,1683978132,841989066
983,22.2628,420994533,140331511,218801672,43050577,722037,136,420994533,1683978132,841989066
984,22.5906,420994533,140331511,218801672,43232656,722037,136,420994533,1683978132,841989066
985,22.2752,420994533,140331511,218801672,43176440,722037,136,420994533,1683978132,841989066
986,22.2674,420994533,140331511,218801672,43068774,722037,136,420994533,1683978132,841989066
987,22.2839,420994533,140331511,218801672,43202736,722037,136,420994533,1683978132,841989066
988,22.2805,420994533,140331511,218801672,43552728,722037,136,420994533,1683978132,841989066
989,22.7081,420994533,140331511,218801672,43092149,722037,136,420994533,1683978132,841989066
990,22.2706,420994533,140331511,218801672,43589807,722037,136,420994533,1683978132,841989066
991,22.2842,420994533,140331511,218801672,43025417,722037,136,420994533,1683978132,841989066
992,22.2633,420994533,140331511,218801672,43703180,722037,136,420994533,1683978132,841989066
993,22.2777,420994533,140331511,218801672,43061134,722037,136,420994533,1683978132,841989066
994,22.5929,420994533,140331511,218801672,43049005,722037,136,420994533,1683978132,841989066
995,22.2258,420994533,140331511,218801672,43009986,722037,136,420994533,1683978132,841989066
996,22.6597,420994533,140331511,218801672,43160771,722037,136,420994533,1683978132,841989066
997,22.1771,420994533,140331511,218801672,43197043,722037,136,420994533,1683978132,841989066
998,22.1622,420994533,140331511,218801672,43164393,722037,136,420994533,1683978132,841989066
999,22.486,420994533,140331511,218801672,43160538,722037,136,420994533,1683978132,841989066
1000,22.222,420994533,140331511,218801672,43566555,722037,136,420994533,1683978132,841989066
1001,22.6405,420994533,140331511,218801672,43066230,722037,136,420994533,1683978132,841989066
1002,22.2477,420994533,140331511,218801672,43557886,722037,136,420994533,1683978132,841989066
1003,22.256,420994533,140331511,218801672,43013017,722037,136,420994533,1683978132,841989066
1004,22.5726,420994533,140331511,218801672,43228541,722037,136,420994533,1683978132,841989066
1005,22.3516,420994533,140331511,218801672,43052357,722037,136,420994533,1683978132,841989066
1006,22.6485,420994533,140331511,218801672,43033125,722037,136,420994533,1683978132,841989066
1007,22.2388,420994533,140331511,218801672,43003789,722037,136,420994533,1683978132,841989066
1008,22.2389,420994533,140331511,218801672,43063112,722037,136,420994533,1683978132,841989066
1009,22.5657,420994533,140331511,218801672,43006450,722037,136,420994533,1683978132,841989066
1010,22.2877,420994533,140331511,218801672,43063581,722037,136,420994533,1683978132,841989066
1011,22.6674,420994533,140331511,218801672,43066521,722037,136,420994533,1683978132,841989066
1012,22.2689,420994533,140331511,218801672,43508570,722037,136,420994533,1683978132,841989066
1013,22.2767,420994533,140331511,218801672,43028179,722037,136,420994533,1683978132,841989066
1014,22.2526,420994533,140331511,218801672,43579271,722037,136,420994533,1683978132,841989066
1015,22.2396,420994533,140331511,218801672,43045302,722037,136,420994533,1683978132,841989066
1016,22.6359,420994533,140331511,218801672,43597514,722037,136,420994533,1683978132,841989066
1017,22.2425,420994533,140331511,218801672,43108472,722037,136,420994533,1683978132,841989066
1018,22.5657,420994533,140331511,218801672,43107928,722037,136,420994533,1683978132,841989066
1019,22.2129,420994533,140331511,218801672,43066118,722037,136,420994533,1683978132,841989066
1020,22.2733,420994533,140331511,218801672,43541593,722037,136,420994533,1683978132,841989066
1021,22.5606,420994533,140331511,218801672,42947411,722037,136,420994533,1683978132,841989066
1022,22.316,420994533,140331511,218801672,43683081,722037,136,420994533,1683978132,841989066
1023,22.6957,420994533,140331511,218801672,43554060,722037,136,420994533,1683978132,841989066
1024,22.2466,420994533,140331511,218801672,43154797,722037,136,420994533,1683978132,841989066
1025,22.2581,420994533,140331511,218801672,43087324,722037,136,420994533,1683978132,841989066
1026,22.5609,420994533,140331511,218801672,43295255,722037,136,420994533,1683978132,841989066
1027,22.3331,420994533,140331511,218801672,43099821,722037,136,420994533,1683978132,841989066
1028,22.6683,420994533,140331511,218801672,43555078,722037,136,420994533,1683978132,841989066
1029,22.273,420994533,140331511,218801672,43019766,722037,136,420994533,1683978132,841989066
1030,22.3846,420994533,140331511,218801672,43616421,722037,136,420994533,1683978132,841989066
1031,22.246,420994533,140331511,218801672,43015786,722037,136,420994533,1683978132,841989066
1032,22.3579,420994533,140331511,218801672,43599287,722037,136,420994533,1683978132,841989066
1033,22.6964,420994533,140331511,218801672,43058005,722037,136,420994533,1683978132,841989066
1034,22.3027,420994533,140331511,218801672,43597016,722037,136,420994533,1683978132,841989066
1035,22.6654,420994533,140331511,218801672,43055406,722037,136,420994533,1683978132,841989066
1036,22.2491,420994533,140331511,218801672,43165055,722037,136,420994533,1683978132,841989066
1037,22.4437,420994533,140331511,218801672,43185784,722037,136,420994533,1683978132,841989066
1038,22.3989,420994533,140331511,218801672,43051625,722037,136,420994533,1683978132,841989066
1039,22.2668,420994533,140331511,218801672,43069418,722037,136,420994533,1683978132,841989066
1040,22.711,420994533,140331511,218801672,43761612,722037,136,420994533,1683978132,841989066
1041,22.2282,420994533,140331511,218801672,43049625,722037,136,420994533,1683978132,841989066
1042,22.6539,420994533,140331511,218801672,43718697,722037,136,420994533,1683978132,841989066
1043,22.2492,420994533,140331511,218801672,43070785,722037,136,420994533,1683978132,841989066
1044,22.3293,420994533,140331511,218801672,43018091,722037,136,420994533,1683978132,841989066
1045,22.545,420994533,140331511,218801672,43040842,722037,136,420994533,1683978132,841989066
1046,22.2255,420994533,140331511,218801672,43043507,722037,136,420994533,1683978132,841989066
1047,22.5374,420994533,140331511,218801672,43056432,722037,136,420994533,1683978132,841989066
1048,22.2351,420994533,140331511,218801672,43075056,722037,136,420994533,1683978132,841989066
1049,22.2393,420994533,140331511,218801672,43074996,722037,136,420994533,1683978132,841989066
1050,22.6215,420994533,140331511,218801672,43075320,722037,136,420994533,1683978132,841989066
1051,22.305,420994533,140331511,218801672,43058698,722037,136,420994533,1683978132,841989066
1052,22.5465,420994533,140331511,218801672,43615514,722037,136,420994533,1683978132,841989066
1053,22.2572,420994533,140331511,218801672,43032360,722037,136,420994533,1683978132,841989066
1054,22.2763,420994533,140331511,218801672,43687846,722037,136,420994533,1683978132,841989066
1055,22.2463,420994533,140331511,218801672,43018336,722037,136,420994533,1683978132,841989066
1056,22.3913,420994533,140331511,218801672,43541325,722037,136,420994533,1683978132,841989066
1057,22.574,420994533,140331511,218801672,43176908,722037,136,420994533,1683978132,841989066
1058,22.2349,420994533,140331511,218801672,43066236,722037,136,420994533,1683978132,841989066
1059,22.5647,420994533,140331511,218801672,43199749,722037,136,420994533,1683978132,841989066
1060,22.2266,420994533,140331511,218801672,43057665,722037,136,420994533,1683978132,841989066
1061,22.4383,420994533,140331511,218801672,43181418,722037,136,420994533,1683978132,841989066
1062,22.5689,420994533,140331511,218801672,43141423,722037,136,420994533,1683978132,841989066
1063,22.2674,420994533,140331511,218801672,43101922,722037,136,420994533,1683978132,841989066
1064,22.5985,420994533,140331511,218801672,43692632,722037,136,420994533,1683978132,841989066
1065,22.2601,420994533,140331511,218801672,43103480,722037,136,420994533,1683978132,841989066
1066,22.2703,420994533,140331511,218801672,43579937,722037,136,420994533,1683978132,841989066
1067,22.7301,420994533,140331511,218801672,43549048,722037,136,420994533,1683978132,841989066
1068,22.3119,420994533,140331511,218801672,43544957,722037,136,420994533,1683978132,841989066
1069,22.5652,420994533,140331511,218801672,43035718,722037,136,420994533,1683978132,841989066
1070,22.2385,420994533,140331511,218801672,43089796,722037,136,420994533,1683978132,841989066
1071,22.2844,420994533,140331511,218801672,43750617,722037,136,420994533,1683978132,841989066
1072,22.2222,420994533,140331511,218801672,43514777,722037,136,420994533,1683978132,841989066
1073,22.2746,420994533,140331511,218801672,43011237,722037,136,420994533,1683978132,841989066
1074,22.2438,420994533,140331511,218801672,43170972,722037,136,420994533,1683978132,841989066
1075,22.3105,420994533,140331511,218801672,43050195,722037,136,420994533,1683978132,841989066
1076,22.5547,420994533,140331511,218801672,43720797,722037,136,420994533,1683978132,841989066
1077,22.2305,420994533,140331511,218801672,43092698,722037,136,420994533,1683978132,841989066
1078,22.6729,420994533,140331511,218801672,44185785,722037,136,420994533,1683978132,841989066
1079,22.2999,420994533,140331511,218801672,43730506,722037,136,420994533,1683978132,841989066
1080,22.2911,420994533,140331511,218801672,43185908,722037,136,420994533,1683978132,841989066
1081,22.7811,420994533,140331511,218801672,43551610,722037,136,420994533,1683978132,841989066
1082,22.2532,420994533,140331511,218801672,43159353,722037,136,420994533,1683978132,841989066
1083,22.652,420994533,140331511,218801672,43029058,722037,136,420994533,1683978132,841989066
1084,22.243,420994533,140331511,218801672,43228666,722037,136,420994533,1683978132,841989066
1085,22.2565,420994533,140331511,218801672,43575390,722037,136,420994533,1683978132,841989066
1086,22.2887,420994533,140331511,218801672,43675774,722037,136,420994533,1683978132,841989066
1087,22.2762,420994533,140331511,218801672,43071271,722037,136,420994533,1683978132,841989066
1088,22.5517,420994533,140331511,218801672,43051048,722037,136,420994533,1683978132,841989066
1089,22.2532,420994533,140331511,218801672,43025936,722037,136,420994533,1683978132,841989066
1090,22.2406,420994533,140331511,218801672,43075392,722037,136,420994533,1683978132,841989066
1091,22.2127,420994533,140331511,218801672,43187251,722037,136,420994533,1683978132,841989066
1092,22.246,420994533,140331511,218801672,43582696,722037,136,420994533,1683978132,841989066
1093,22.4595,420994533,140331511,218801672,43031154,722037,136,420994533,1683978132,841989066
1094,22.245,420994533,140331511,218801672,43177345,722037,136,420994533,1683978132,841989066
1095,22.6654,420994533,140331511,218801672,43069444,722037,136,420994533,1683978132,841989066
1096,22.3586,420994533,140331511,218801672,43711734,722037,136,420994533,1683978132,841989066
1097,22.2646,420994533,140331511,218801672,43088233,722037,136,420994533,1683978132,841989066
1098,22.6735,420994533,140331511,218801672,43595296,722037,136,420994533,1683978132,841989066
1099,22.2392,420994533,140331511,218801672,43063286,722037,136,420994533,1683978132,841989066
1100,22.596,420994533,140331511,218801672,43144936,722037,136,420994533,1683978132,841989066
1101,22.2254,420994533,140331511,218801672,43063740,722037,136,420994533,1683978132,841989066
1102,22.5356,420994533,140331511,218801672,43168432,722037,136,420994533,1683978132,841989066
1103,22.333,420994533,140331511,218801672,43098061,722037,136,420994533,1683978132,841989066
1104,22.2718,420994533,140331511,218801672,43703912,722037,136,420994533,1683978132,841989066
1105,22.5621,420994533,140331511,218801672,43079056,722037,136,420994533,1683978132,841989066
1106,22.2124,420994533,140331511,218801672,43032303,722037,136,420994533,1683978132,841989066
1107,22.5836,420994533,140331511,218801672,43042726,722037,136,420994533,1683978132,841989066
1108,22.2398,420994533,140331511,218801672,43050500,722037,136,420994533,1683978132,841989066
1109,22.249,420994533,140331511,218801672,43189274,722037,136,420994533,1683978132,841989066
1110,22.5711,420994533,140331511,218801672,43521736,722037,136,420994533,1683978132,841989066
1111,22.248,420994533,140331511,218801672,43051365,722037,136,420994533,1683978132,841989066
1112,22.5936,420994533,140331511,218801672,43581146,722037,136,420994533,1683978132,841989066
1113,22.305,420994533,140331511,218801672,43093832,722037,136,420994533,1683978132,841989066
1114,22.3432,420994533,140331511,218801672,43710255,722037,136,420994533,1683978132,841989066
1115,22.6203,420994533,140331511,218801672,43590994,722037,136,420994533,1683978132,841989066
1116,22.3569,420994533,140331511,218801672,43079421,722037,136,420994533,1683978132,841989066
1117,22.5817,420994533,140331511,218801672,43009613,722037,136,420994533,1683978132,841989066
1118,22.2755,420994533,140331511,218801672,43159014,722037,136,420994533,1683978132,841989066
1119,22.2723,420994533,140331511,218801672,43035526,722037,136,420994533,1683978132,841989066
1120,22.591,420994533,140331511,218801672,43509054,722037,136,420994533,1683978132,841989066
1121,22.2544,420994533,140331511,218801672,43055185,722037,136,420994533,1683978132,841989066
1122,22.6167,420994533,140331511,218801672,43714665,722037,136,420994533,1683978132,841989066
1123,22.235,420994533,140331511,218801672,43041032,722037,136,420994533,1683978132,841989066
1124,22.3078,420994533,140331511,218801672,43704874,722037,136,420994533,1683978132,841989066
1125,22.6023,420994533,140331511,218801672,43080060,722037,136,420994533,1683978132,841989066
1126,22.281,420994533,140331511,218801672,43185492,722037,136,420994533,1683978132,841989066
1127,22.573,420994533,140331511,218801672,43068138,722037,136,420994533,1683978132,841989066
1128,22.2758,420994533,140331511,218801672,43018552,722037,136,420994533,1683978132,841989066
1129,22.2995,420994533,140331511,218801672,43082087,722037,136,420994533,1683978132,841989066
1130,22.5815,420994533,140331511,218801672,43047703,722037,136,420994533,1683978132,841989066
1131,22.2816,420994533,140331511,218801672,43074338,722037,136,420994533,1683978132,841989066
1132,22.5725,420994533,140331511,218801672,43058639,722037,136,420994533,1683978132,841989066
1133,22.2789,420994533,140331511,218801672,43203572,722037,136,420994533,1683978132,841989066
1134,22.2626,420994533,140331511,218801672,43078064,722037,136,420994533,1683978132,841989066
1135,22.5531,420994533,140331511,218801672,43186345,722037,136,420994533,1683978132,841989066
1136,22.2902,420994533,140331511,218801672,43507571,722037,136,420994533,1683978132,841989066
1137,22.5654,420994533,140331511,218801672,43023960,722037,136,420994533,1683978132,841989066
1138,22.2667,420994533,140331511,218801672,43553950,722037,136,420994533,1683978132,841989066
1139,22.2648,420994533,140331511,218801672,43027780,722037,136,420994533,1683978132,841989066
1140,22.8223,420994533,140331511,218801672,43639182,722037,136,420994533,1683978132,841989066
1141,22.2631,420994533,140331511,218801672,43132353,722037,136,420994533,1683978132,841989066
1142,22.7414,420994533,140331511,218801672,43193808,722037,136,420994533,1683978132,841989066
1143,22.2858,420994533,140331511,218801672,43168704,722037,136,420994533,1683978132,841989066
1144,22.3115,420994533,140331511,218801672,43226592,722037,136,420994533,1683978132,841989066
1145,22.5382,420994533,140331511,218801672,43024730,722037,136,420994533,1683978132,841989066
1146,22.2537,420994533,140331511,218801672,43553392,722037,136,420994533,1683978132,841989066
1147,22.6447,420994533,140331511,218801672,43010923,722037,136,420994533,1683978132,841989066
1148,22.2582,420994533,140331511,218801672,43700196,722037,136,420994533,1683978132,841989066
1149,22.3054,420994533,140331511,218801672,43034418,722037,136,420994533,1683978132,841989066
1150,22.5743,420994533,140331511,218801672,43082084,722037,136,420994533,1683978132,841989066
1151,22.3091,420994533,140331511,218801672,43067551,722037,136,420994533,1683978132,841989066
1152,22.6554,420994533,140331511,218801672,43042683,722037,136,420994533,1683978132,841989066
1153,22.2759,420994533,140331511,218801672,43220177,722037,136,420994533,1683978132,841989066
1154,22.305,420994533,140331511,218801672,43023272,722037,136,420994533,1683978132,841989066
1155,22.7406,420994533,140331511,218801672,42968637,722037,136,420994533,1683978132,841989066
1156,22.3221,420994533,140331511,218801672,43532238,722037,136,420994533,1683978132,841989066
1157,22.5157,420994533,140331511,218801672,43033434,722037,136,420994533,1683978132,841989066
1158,22.2687,420994533,140331511,218801672,43080716,722037,136,420994533,1683978132,841989066
1159,22.3213,420994533,140331511,218801672,43013028,722037,136,420994533,1683978132,841989066
1160,22.6808,420994533,140331511,218801672,43027007,722037,136,420994533,1683978132,841989066
1161,22.3902,420994533,140331511,218801672,43053118,722037,136,420994533,1683978132,841989066
1162,22.7466,420994533,140331511,218801672,43248087,722037,136,420994533,1683978132,841989066
1163,22.2487,420994533,140331511,218801672,43208721,722037,136,420994533,1683978132,841989066
1164,22.2784,420994533,140331511,218801672,43058305,722037,136,420994533,1683978132,841989066
1165,22.2222,420994533,140331511,218801672,43064512,722037,136,420994533,1683978132,841989066
1166,22.2547,420994533,140331511,218801672,43567411,722037,136,420994533,1683978132,841989066
1167,22.6065,420994533,140331511,218801672,43020013,722037,136,420994533,1683978132,841989066
1168,22.2783,420994533,140331511,218801672,43547590,722037,136,420994533,1683978132,841989066
1169,22.5777,420994533,140331511,218801672,43034984,722037,136,420994533,1683978132,841989066
1170,22.2526,420994533,140331511,218801672,43102024,722037,136,420994533,1683978132,841989066
1171,22.2737,420994533,140331511,218801672,43004530,722037,136,420994533,1683978132,841989066
1172,22.6869,420994533,140331511,218801672,43152922,722037,136,420994533,1683978132,841989066
1173,22.2628,420994533,140331511,218801672,43052664,722037,136,420994533,1683978132,841989066
1174,22.5595,420994533,140331511,218801672,43065678,722037,136,420994533,1683978132,841989066
1175,22.2271,420994533,140331511,218801672,43047080,722037,136,420994533,1683978132,841989066
1176,22.4525,420994533,140331511,218801672,43527759,722037,136,420994533,1683978132,841989066
1177,22.5862,420994533,140331511,218801672,42994001,722037,136,420994533,1683978132,841989066
1178,22.2673,420994533,140331511,218801672,43560096,722037,136,420994533,1683978132,841989066
1179,22.5825,420994533,140331511,218801672,43135315,722037,136,420994533,1683978132,841989066
1180,22.2433,420994533,140331511,218801672,43051244,722037,136,420994533,1683978132,841989066
1181,22.2564,420994533,140331511,218801672,43031127,722037,136,420994533,1683978132,841989066
1182,22.6938,420994533,140331511,218801672,43773417,722037,136,420994533,1683978132,841989066
1183,22.278,420994533,140331511,218801672,43064539,722037,136,420994533,1683978132,841989066
1184,22.5544,420994533,140331511,218801672,43594913,722037,136,420994533,1683978132,841989066
1185,22.2663,420994533,140331511,218801672,43062786,722037,136,420994533,1683978132,841989066
1186,22.2782,420994533,140331511,218801672,43096765,722037,136,420994533,1683978132,841989066
1187,22.7774,420994533,140331511,218801672,43012228,722037,136,420994533,1683978132,841989066
1188,22.2754,420994533,140331511,218801672,43560759,722037,136,420994533,1683978132,841989066
1189,22.551,420994533,140331511,218801672,43050681,722037,136,420994533,1683978132,841989066
1190,22.2813,420994533,140331511,218801672,43719593,722037,136,420994533,1683978132,841989066
1191,22.3496,420994533,140331511,218801672,44075479,722037,136,420994533,1683978132,841989066
1192,22.6969,420994533,140331511,218801672,43163094,722037,136,420994533,1683978132,841989066
1193,22.2624,420994533,140331511,218801672,43232664,722037,136,420994533,1683978132,841989066
1194,22.65,420994533,140331511,218801672,43004929,722037,136,420994533,1683978132,841989066
1195,22.2293,420994533,140331511,218801672,43043731,722037,136,420994533,1683978132,841989066
1196,22.2521,420994533,140331511,218801672,43598615,722037,136,420994533,1683978132,841989066
1197,22.3926,420994533,140331511,218801672,43057249,722037,136,420994533,1683978132,841989066
1198,22.3152,420994533,140331511,218801672,43058271,722037,136,420994533,1683978132,841989066
1199,22.5313,420994533,140331511,218801672,43035152,722037,136,420994533,1683978132,841989066
1200,22.2481,420994533,140331511,218801672,43553158,722037,136,420994533,1683978132,841989066
1201,22.6035,420994533,140331511,218801672,43072919,722037,136,420994533,1683978132,841989066
1202,22.2456,420994533,140331511,218801672,43168075,722037,136,420994533,1683978132,841989066
1203,22.3876,420994533,140331511,218801672,43053092,722037,136,420994533,1683978132,841989066
1204,22.646,420994533,140331511,218801672,43015530,722037,136,420994533,1683978132,841989066
1205,22.3139,420994533,140331511,218801672,43043255,722037,136,420994533,1683978132,841989066
1206,22.649,420994533,140331511,218801672,43113259,722037,136,420994533,1683978132,841989066
1207,22.2702,420994533,140331511,218801672,43037289,722037,136,420994533,1683978132,841989066
1208,22.3321,420994533,140331511,218801672,43690036,722037,136,420994533,1683978132,841989066
1209,22.5572,420994533,140331511,218801672,43228665,722037,136,420994533,1683978132,841989066
1210,22.3436,420994533,140331511,218801672,43013410,722037,136,420994533,1683978132,841989066
1211,22.5225,420994533,140331511,218801672,43064985,722037,136,420994533,1683978132,841989066
1212,22.2497,420994533,140331511,218801672,43251019,722037,136,420994533,1683978132,841989066
1213,22.4247,420994533,140331511,218801672,43048508,722037,136,420994533,1683978132,841989066
1214,22.2619,420994533,140331511,218801672,43655094,722037,136,420994533,1683978132,841989066
1215,22.3681,420994533,140331511,218801672,43023517,722037,136,420994533,1683978132,841989066
1216,22.6157,420994533,140331511,218801672,43207382,722037,136,420994533,1683978132,841989066
1217,22.3276,420994533,140331511,218801672,43200376,722037,136,420994533,1683978132,841989066
1218,22.5396,420994533,140331511,218801672,43564552,722037,136,420994533,1683978132,841989066
1219,22.3265,420994533,140331511,218801672,43187874,722037,136,420994533,1683978132,841989066
1220,22.3008,420994533,140331511,218801672,43057523,722037,136,420994533,1683978132,841989066
1221,22.5749,420994533,140331511,218801672,43027039,722037,136,420994533,1683978132,841989066
1222,22.4023,420994533,140331511,218801672,43045935,722037,136,420994533,1683978132,841989066
1223,22.6805,420994533,140331511,218801672,43196561,722037,136,420994533,1683978132,841989066
1224,22.2561,420994533,140331511,218801672,43585272,722037,136,420994533,1683978132,841989066
1225,22.3335,420994533,140331511,218801672,43114213,722037,136,420994533,1683978132,841989066
1226,22.3825,420994533,140331511,218801672,43094569,722037,136,420994533,1683978132,841989066
1227,22.3864,420994533,140331511,218801672,43189342,722037,136,420994533,1683978132,841989066
1228,22.5815,420994533,140331511,218801672,43569335,722037,136,420994533,1683978132,841989066
1229,22.2435,420994533,140331511,218801672,43159969,722037,136,420994533,1683978132,841989066
1230,22.514,420994533,140331511,218801672,43047531,722037,136,420994533,1683978132,841989066
1231,22.268,420994533,140331511,218801672,43061070,722037,136,420994533,1683978132,841989066
1232,22.2224,420994533,140331511,218801672,43061109,722037,136,420994533,1683978132,841989066
1233,22.5568,420994533,140331511,218801672,43671427,722037,136,420994533,1683978132,841989066
1234,22.3149,420994533,140331511,218801672,43558357,722037,136,420994533,1683978132,841989066
1235,22.5413,420994533,140331511,218801672,42987529,722037,136,420994533,1683978132,841989066
1236,22.2788,420994533,140331511,218801672,43212397,722037,136,420994533,1683978132,841989066
1237,22.235,420994533,140331511,218801672,43066481,722037,136,420994533,1683978132,841989066
1238,22.5924,420994533,140331511,218801672,43038264,722037,136,420994533,1683978132,841989066
1239,22.2575,420994533,140331511,218801672,43045782,722037,136,420994533,1683978132,841989066
1240,22.609,420994533,140331511,218801672,43185101,722037,136,420994533,1683978132,841989066
1241,22.2714,420994533,140331511,218801672,43136252,722037,136,420994533,1683978132,841989066
1242,22.339,420994533,140331511,218801672,43545733,722037,136,420994533,1683978132,841989066
1243,22.4157,420994533,140331511,218801672,43179616,722037,136,420994533,1683978132,841989066
1244,22.2643,420994533,140331511,218801672,43165381,722037,136,420994533,1683978132,841989066
1245,22.5355,420994533,140331511,218801672,43191136,722037,136,420994533,1683978132,841989066
1246,22.2499,420994533,140331511,218801672,43569294,722037,136,420994533,1683978132,841989066
1247,22.5337,420994533,140331511,218801672,43042674,722037,136,420994533,1683978132,841989066
1248,22.2672,420994533,140331511,218801672,43038353,722037,136,420994533,1683978132,841989066
1249,22.3738,420994533,140331511,218801672,43084374,722037,136,420994533,1683978132,841989066
1250,22.5431,420994533,140331511,218801672,43081863,722037,136,420994533,1683978132,841989066
1251,22.259,420994533,140331511,218801672,43063324,722037,136,420994533,1683978132,841989066
1252,22.5216,420994533,140331511,218801672,43027096,722037,136,420994533,1683978132,841989066
1253,22.2251,420994533,140331511,218801672,43073493,722037,136,420994533,1683978132,841989066
1254,22.2753,420994533,140331511,218801672,43599159,722037,136,420994533,1683978132,841989066
1255,22.5191,420994533,140331511,218801672,43019098,722037,136,420994533,1683978132,841989066
1256,22.2508,420994533,140331511,218801672,43236089,722037,136,420994533,1683978132,841989066
1257,22.6076,420994533,140331511,218801672,43714256,722037,136,420994533,1683978132,841989066
1258,22.2288,420994533,140331511,218801672,43034670,722037,136,420994533,1683978132,841989066
1259,22.4209,420994533,140331511,218801672,43030128,722037,136,420994533,1683978132,841989066
1260,22.7081,420994533,140331511,218801672,43074906,722037,136,420994533,1683978132,841989066
1261,22.3498,420994533,140331511,218801672,43056684,722037,136,420994533,1683978132,841989066
1262,22.5677,420994533,140331511,218801672,43562481,722037,136,420994533,1683978132,841989066
1263,22.2409,420994533,140331511,218801672,43176156,722037,136,420994533,1683978132,841989066
1264,22.2692,420994533,140331511,218801672,43030732,722037,136,420994533,1683978132,841989066
1265,22.3917,420994533,140331511,218801672,43518097,722037,136,420994533,1683978132,841989066
1266,22.3007,420994533,140331511,218801672,43030522,722037,136,420994533,1683978132,841989066
1267,22.6126,420994533,140331511,218801672,43097998,722037,136,420994533,1683978132,841989066
1268,22.2523,420994533,140331511,218801672,43580524,722037,136,420994533,1683978132,841989066
1269,22.6221,420994533,140331511,218801672,43043683,722037,136,420994533,1683978132,841989066
1270,22.2827,420994533,140331511,218801672,43561718,722037,136,420994533,1683978132,841989066
1271,22.3059,420994533,140331511,218801672,43681932,722037,136,420994533,1683978132,841989066
1272,22.6133,420994533,140331511,218801672,43670960,722037,136,420994533,1683978132,841989066
1273,22.2339,420994533,140331511,218801672,43037943,722037,136,420994533,1683978132,841989066
1274,22.2915,420994533,140331511,218801672,43027568,722037,136,420994533,1683978132,841989066
1275,22.2689,420994533,140331511,218801672,43101698,722037,136,420994533,1683978132,841989066
1276,22.3504,420994533,140331511,218801672,43077707,722037,136,420994533,1683978132,841989066
1277,22.5921,420994533,140331511,218801672,43561638,722037,136,420994533,1683978132,841989066
1278,22.3242,420994533,140331511,218801672,43064668,722037,136,420994533,1683978132,841989066
1279,22.2422,420994533,140331511,218801672,43122299,722037,136,420994533,1683978132,841989066
1280,22.2488,420994533,140331511,218801672,43062706,722037,136,420994533,1683978132,841989066
1281,22.2841,420994533,140331511,218801672,43201102,722037,136,420994533,1683978132,841989066
1282,22.6115,420994533,140331511,218801672,43660486,722037,136,420994533,1683978132,841989066
1283,22.2982,420994533,140331511,218801672,43116133,722037,136,420994533,1683978132,841989066
1284,22.2386,420994533,140331511,218801672,43047374,722037,136,420994533,1683978132,841989066
1285,22.2732,420994533,140331511,218801672,43177029,722037,136,420994533,1683978132,841989066
1286,22.3584,420994533,140331511,218801672,43691982,722037,136,420994533,1683978132,841989066
1287,22.5326,420994533,140331511,218801672,43140127,722037,136,420994533,1683978132,841989066
1288,22.2466,420994533,140331511,218801672,43210679,722037,136,420994533,1683978132,841989066
1289,22.6528,420994533,140331511,218801672,43608622,722037,136,420994533,1683978132,841989066
1290,22.2637,420994533,140331511,218801672,43027286,722037,136,420994533,1683978132,841989066
1291,22.2741,420994533,140331511,218801672,43064925,722037,136,420994533,1683978132,841989066
1292,22.5472,420994533,140331511,218801672,43166168,722037,136,420994533,1683978132,841989066
1293,22.271,420994533,140331511,218801672,43087082,722037,136,420994533,1683978132,841989066
1294,22.3741,420994533,140331511,218801672,43100296,722037,136,420994533,1683978132,841989066
1295,22.2819,420994533,140331511,218801672,43051995,722037,136,420994533,1683978132,841989066
1296,22.2435,420994533,140331511,218801672,43044614,722037,136,420994533,1683978132,841989066
1297,22.6546,420994533,140331511,218801672,43038951,722037,136,420994533,1683978132,841989066
1298,22.3266,420994533,140331511,218801672,43687149,722037,136,420994533,1683978132,841989066
1299,22.6712,420994533,140331511,218801672,43060006,722037,136,420994533,1683978132,841989066
1300,22.2407,420994533,140331511,218801672,43166752,722037,136,420994533,1683978132,841989066
1301,22.3234,420994533,140331511,218801672,43547813,722037,136,420994533,1683978132,841989066
1302,22.6242,420994533,140331511,218801672,43164743,722037,136,420994533,1683978132,841989066
1303,22.2733,420994533,140331511,218801672,43203745,722037,136,420994533,1683978132,841989066
1304,22.5473,420994533,140331511,218801672,43396965,722037,136,420994533,1683978132,841989066
1305,22.242,420994533,140331511,218801672,42921988,722037,136,420994533,1683978132,841989066
1306,22.2804,420994533,140331511,218801672,43663456,722037,136,420994533,1683978132,841989066
1307,22.5646,420994533,140331511,218801672,43048250,722037,136,420994533,1683978132,841989066
1308,22.2662,420994533,140331511,218801672,43594629,722037,136,420994533,1683978132,841989066
1309,22.6657,420994533,140331511,218801672,43074631,722037,136,420994533,1683978132,841989066
1310,22.2668,420994533,140331511,218801672,43199009,722037,136,420994533,1683978132,841989066
1311,22.4402,420994533,140331511,218801672,43076107,722037,136,420994533,1683978132,841989066
1312,22.43,420994533,140331511,218801672,43717616,722037,136,420994533,1683978132,841989066
1313,22.2655,420994533,140331511,218801672,43055364,722037,136,420994533,1683978132,841989066
1314,22.631,420994533,140331511,218801672,43563062,722037,136,420994533,1683978132,841989066
1315,22.2767,420994533,140331511,218801672,43090720,722037,136,420994533,1683978132,841989066
1316,22.4107,420994533,140331511,218801672,43083180,722037,136,420994533,1683978132,841989066
1317,22.4081,420994533,140331511,218801672,43041701,722037,136,420994533,1683978132,841989066
1318,22.2379,420994533,140331511,218801672,43067822,722037,136,420994533,1683978132,841989066
1319,22.5676,420994533,140331511,218801672,43081553,722037,136,420994533,1683978132,841989066
1320,22.2479,420994533,140331511,218801672,43656748,722037,136,420994533,1683978132,841989066
1321,22.6488,420994533,140331511,218801672,43129607,722037,136,420994533,1683978132,841989066
1322,22.2801,420994533,140331511,218801672,42996001,722037,136,420994533,1683978132,841989066
1323,22.3754,420994533,140331511,218801672,43038463,722037,136,420994533,1683978132,841989066
1324,22.6621,420994533,140331511,218801672,43072147,722037,136,420994533,1683978132,841989066
1325,22.2232,420994533,140331511,218801672,43017559,722037,136,420994533,1683978132,841989066
1326,22.5534,420994533,140331511,218801672,43215133,722037,136,420994533,1683978132,841989066
1327,22.262,420994533,140331511,218801672,43071985,722037,136,420994533,1683978132,841989066
1328,22.2368,420994533,140331511,218801672,43054876,722037,136,420994533,1683978132,841989066
1329,22.6052,420994533,140331511,218801672,43068154,722037,136,420994533,1683978132,841989066
1330,22.2776,420994533,140331511,218801672,43748348,722037,136,420994533,1683978132,841989066
1331,22.6421,420994533,140331511,218801672,43029957,722037,136,420994533,1683978132,841989066
1332,22.2522,420994533,140331511,218801672,43513019,722037,136,420994533,1683978132,841989066
1333,22.3059,420994533,140331511,218801672,43003853,722037,136,420994533,1683978132,841989066
1334,22.7159,420994533,140331511,218801672,43674552,722037,136,420994533,1683978132,841989066
1335,22.2976,420994533,140331511,218801672,43155819,722037,136,420994533,1683978132,841989066
1336,22.5555,420994533,140331511,218801672,43577611,722037,136,420994533,1683978132,841989066
1337,22.2507,420994533,140331511,218801672,43202515,722037,136,420994533,1683978132,841989066
1338,22.2798,420994533,140331511,218801672,43014909,722037,136,420994533,1683978132,841989066
1339,22.557,420994533,140331511,218801672,43218303,722037,136,420994533,1683978132,841989066
1340,22.3714,420994533,140331511,218801672,43250298,722037,136,420994533,1683978132,841989066
1341,22.6572,420994533,140331511,218801672,43039042,722037,136,420994533,1683978132,841989066
1342,22.2342,420994533,140331511,218801672,43108712,722037,136,420994533,1683978132,841989066
1343,22.428,420994533,140331511,218801672,43077700,722037,136,420994533,1683978132,841989066
1344,22.3856,420994533,140331511,218801672,43028619,722037,136,420994533,1683978132,841989066
1345,22.311,420994533,140331511,218801672,43100606,722037,136,420994533,1683978132,841989066
1346,22.5678,420994533,140331511,218801672,43600792,722037,136,420994533,1683978132,841989066
1347,22.2501,420994533,140331511,218801672,43044442,722037,136,420994533,1683978132,841989066
1348,22.3209,420994533,140331511,218801672,43047171,722037,136,420994533,1683978132,841989066
1349,22.2349,420994533,140331511,218801672,43051246,722037,136,420994533,1683978132,841989066
1350,22.2464,420994533,140331511,218801672,43090363,722037,136,420994533,1683978132,841989066
1351,22.6268,420994533,140331511,218801672,43061089,722037,136,420994533,1683978132,841989066
1352,22.2613,420994533,140331511,218801672,43562396,722037,136,420994533,1683978132,841989066
1353,22.5182,420994533,140331511,218801672,43069448,722037,136,420994533,1683978132,841989066
1354,22.3976,420994533,140331511,218801672,43034565,722037,136,420994533,1683978132,841989066
1355,22.2423,420994533,140331511,218801672,43063611,722037,136,420994533,1683978132,841989066
1356,22.5711,420994533,140331511,218801672,43247532,722037,136,420994533,1683978132,841989066
1357,22.2186,420994533,140331511,218801672,43119830,722037,136,420994533,1683978132,841989066
1358,22.405,420994533,140331511,218801672,43181754,722037,136,420994533,1683978132,841989066
1359,22.2855,420994533,140331511,218801672,43216293,722037,136,420994533,1683978132,841989066
1360,22.3134,420994533,140331511,218801672,43570745,722037,136,420994533,1683978132,841989066
1361,22.5896,420994533,140331511,218801672,43075553,722037,136,420994533,1683978132,841989066
1362,22.2858,420994533,140331511,218801672,43575382,722037,136,420994533,1683978132,841989066
1363,22.5827,420994533,140331511,218801672,43051161,722037,136,420994533,1683978132,841989066
1364,22.2535,420994533,140331511,218801672,43183319,722037,136,420994533,1683978132,841989066
1365,22.2698,420994533,140331511,218801672,43108643,722037,136,420994533,1683978132,841989066
1366,22.6176,420994533,140331511,218801672,43080089,722037,136,420994533,1683978132,841989066
1367,22.2639,420994533,140331511,218801672,43111096,722037,136,420994533,1683978132,841989066
1368,22.6484,420994533,140331511,218801672,43133676,722037,136,420994533,1683978132,841989066
1369,22.2633,420994533,140331511,218801672,43058113,722037,136,420994533,1683978132,841989066
1370,22.2764,420994533,140331511,218801672,43509854,722037,136,420994533,1683978132,841989066
1371,22.6666,420994533,140331511,218801672,44229008,722037,136,420994533,1683978132,841989066
1372,22.2689,420994533,140331511,218801672,43192707,722037,136,420994533,1683978132,841989066
1373,22.2601,420994533,140331511,218801672,43046521,722037,136,420994533,1683978132,841989066
