sample,gpu_forward_ms,ia_vertices,ia_primitives,vs_invocations,ps_invocations,visible_instances,active_mesh_lods,logical_indices,list_r32_bytes,list_r16_bytes
0,21.2711,420994533,140331511,206732558,41942926,722037,136,420994533,1683978132,841989066
1,21.6221,420994533,140331511,206732558,41931828,722037,136,420994533,1683978132,841989066
2,21.3803,420994533,140331511,206732558,41951972,722037,136,420994533,1683978132,841989066
3,21.2498,420994533,140331511,206732558,41992073,722037,136,420994533,1683978132,841989066
4,21.7261,420994533,140331511,206732558,41995831,722037,136,420994533,1683978132,841989066
5,21.2308,420994533,140331511,206732558,41940251,722037,136,420994533,1683978132,841989066
6,21.2355,420994533,140331511,206732558,41966224,722037,136,420994533,1683978132,841989066
7,21.6247,420994533,140331511,206732558,41940782,722037,136,420994533,1683978132,841989066
8,20.845,420994533,140331511,206732558,42009017,722037,136,420994533,1683978132,841989066
9,20.8901,420994533,140331511,206732558,42000784,722037,136,420994533,1683978132,841989066
10,21.2032,420994533,140331511,206732558,41997273,722037,136,420994533,1683978132,841989066
11,20.8569,420994533,140331511,206732558,42061175,722037,136,420994533,1683978132,841989066
12,20.8714,420994533,140331511,206732558,42010300,722037,136,420994533,1683978132,841989066
13,21.2123,420994533,140331511,206732558,41977791,722037,136,420994533,1683978132,841989066
14,20.8519,420994533,140331511,206732558,42053521,722037,136,420994533,1683978132,841989066
15,20.9784,420994533,140331511,206732558,42041551,722037,136,420994533,1683978132,841989066
16,21.1775,420994533,140331511,206732558,41980190,722037,136,420994533,1683978132,841989066
17,20.8766,420994533,140331511,206732558,42039469,722037,136,420994533,1683978132,841989066
18,20.8707,420994533,140331511,206732558,42043755,722037,136,420994533,1683978132,841989066
19,20.8732,420994533,140331511,206732558,42063190,722037,136,420994533,1683978132,841989066
20,20.853,420994533,140331511,206732558,41987046,722037,136,420994533,1683978132,841989066
21,20.8801,420994533,140331511,206732558,42039603,722037,136,420994533,1683978132,841989066
22,20.936,420994533,140331511,206732558,42058337,722037,136,420994533,1683978132,841989066
23,21.2869,420994533,140331511,206732558,42024724,722037,136,420994533,1683978132,841989066
24,20.8535,420994533,140331511,206732558,42021406,722037,136,420994533,1683978132,841989066
25,20.8735,420994533,140331511,206732558,41997179,722037,136,420994533,1683978132,841989066
26,21.3431,420994533,140331511,206732558,42044476,722037,136,420994533,1683978132,841989066
27,20.8926,420994533,140331511,206732558,42012531,722037,136,420994533,1683978132,841989066
28,20.8482,420994533,140331511,206732558,42026432,722037,136,420994533,1683978132,841989066
29,21.2063,420994533,140331511,206732558,42038966,722037,136,420994533,1683978132,841989066
30,20.854,420994533,140331511,206732558,42016494,722037,136,420994533,1683978132,841989066
31,20.867,420994533,140331511,206732558,42019251,722037,136,420994533,1683978132,841989066
32,21.1956,420994533,140331511,206732558,42063686,722037,136,420994533,1683978132,841989066
33,20.8545,420994533,140331511,206732558,41951595,722037,136,420994533,1683978132,841989066
34,20.8649,420994533,140331511,206732558,42018799,722037,136,420994533,1683978132,841989066
35,21.177,420994533,140331511,206732558,42024568,722037,136,420994533,1683978132,841989066
36,20.8571,420994533,140331511,206732558,42065021,722037,136,420994533,1683978132,841989066
37,20.8699,420994533,140331511,206732558,42019403,722037,136,420994533,1683978132,841989066
38,21.1133,420994533,140331511,206732558,42041058,722037,136,420994533,1683978132,841989066
39,20.9244,420994533,140331511,206732558,42024081,722037,136,420994533,1683978132,841989066
40,20.847,420994533,140331511,206732558,42037761,722037,136,420994533,1683978132,841989066
41,21.1196,420994533,140331511,206732558,42029885,722037,136,420994533,1683978132,841989066
42,21.1122,420994533,140331511,206732558,42030959,722037,136,420994533,1683978132,841989066
43,20.9724,420994533,140331511,206732558,42027047,722037,136,420994533,1683978132,841989066
44,20.858,420994533,140331511,206732558,42058558,722037,136,420994533,1683978132,841989066
45,21.4067,420994533,140331511,206732558,42051905,722037,136,420994533,1683978132,841989066
46,20.8371,420994533,140331511,206732558,42041752,722037,136,420994533,1683978132,841989066
47,20.8834,420994533,140331511,206732558,42041619,722037,136,420994533,1683978132,841989066
48,21.1724,420994533,140331511,206732558,42045481,722037,136,420994533,1683978132,841989066
49,20.8756,420994533,140331511,206732558,41963650,722037,136,420994533,1683978132,841989066
50,20.8941,420994533,140331511,206732558,42039437,722037,136,420994533,1683978132,841989066
51,21.3508,420994533,140331511,206732558,42022826,722037,136,420994533,1683978132,841989066
52,20.8579,420994533,140331511,206732558,42025698,722037,136,420994533,1683978132,841989066
53,20.8724,420994533,140331511,206732558,42033066,722037,136,420994533,1683978132,841989066
54,21.2926,420994533,140331511,206732558,42024894,722037,136,420994533,1683978132,841989066
55,20.9662,420994533,140331511,206732558,42020334,722037,136,420994533,1683978132,841989066
56,20.869,420994533,140331511,206732558,42059406,722037,136,420994533,1683978132,841989066
57,21.2693,420994533,140331511,206732558,42049092,722037,136,420994533,1683978132,841989066
58,20.8477,420994533,140331511,206732558,42006650,722037,136,420994533,1683978132,841989066
59,20.8537,420994533,140331511,206732558,41999918,722037,136,420994533,1683978132,841989066
60,21.2728,420994533,140331511,206732558,42039979,722037,136,420994533,1683978132,841989066
61,20.9817,420994533,140331511,206732558,41957488,722037,136,420994533,1683978132,841989066
62,21.0017,420994533,140331511,206732558,42048970,722037,136,420994533,1683978132,841989066
63,21.1952,420994533,140331511,206732558,41962726,722037,136,420994533,1683978132,841989066
64,20.9855,420994533,140331511,206732558,42081879,722037,136,420994533,1683978132,841989066
65,20.9812,420994533,140331511,206732558,41969227,722037,136,420994533,1683978132,841989066
66,20.9802,420994533,140331511,206732558,42042358,722037,136,420994533,1683978132,841989066
67,21.1332,420994533,140331511,206732558,42048789,722037,136,420994533,1683978132,841989066
68,20.8513,420994533,140331511,206732558,41973880,722037,136,420994533,1683978132,841989066
69,20.8711,420994533,140331511,206732558,42068646,722037,136,420994533,1683978132,841989066
70,21.1613,420994533,140331511,206732558,42014627,722037,136,420994533,1683978132,841989066
71,20.879,420994533,140331511,206732558,42014443,722037,136,420994533,1683978132,841989066
72,20.9633,420994533,140331511,206732558,42010068,722037,136,420994533,1683978132,841989066
73,21.1468,420994533,140331511,206732558,42017999,722037,136,420994533,1683978132,841989066
74,20.9779,420994533,140331511,206732558,42041071,722037,136,420994533,1683978132,841989066
75,20.8773,420994533,140331511,206732558,42016189,722037,136,420994533,1683978132,841989066
76,21.1574,420994533,140331511,206732558,42064936,722037,136,420994533,1683978132,841989066
77,20.9848,420994533,140331511,206732558,42010174,722037,136,420994533,1683978132,841989066
78,20.8666,420994533,140331511,206732558,42069846,722037,136,420994533,1683978132,841989066
79,21.31,420994533,140331511,206732558,42024771,722037,136,420994533,1683978132,841989066
80,20.9828,420994533,140331511,206732558,42019314,722037,136,420994533,1683978132,841989066
81,20.8652,420994533,140331511,206732558,41995218,722037,136,420994533,1683978132,841989066
82,21.2704,420994533,140331511,206732558,42014490,722037,136,420994533,1683978132,841989066
83,20.9889,420994533,140331511,206732558,42027364,722037,136,420994533,1683978132,841989066
84,20.9731,420994533,140331511,206732558,42019534,722037,136,420994533,1683978132,841989066
85,21.196,420994533,140331511,206732558,41988366,722037,136,420994533,1683978132,841989066
86,20.8766,420994533,140331511,206732558,42091410,722037,136,420994533,1683978132,841989066
87,20.8538,420994533,140331511,206732558,42043696,722037,136,420994533,1683978132,841989066
88,21.318,420994533,140331511,206732558,41980470,722037,136,420994533,1683978132,841989066
89,20.857,420994533,140331511,206732558,41997429,722037,136,420994533,1683978132,841989066
90,20.9714,420994533,140331511,206732558,42014344,722037,136,420994533,1683978132,841989066
91,21.2791,420994533,140331511,206732558,41967209,722037,136,420994533,1683978132,841989066
92,20.9893,420994533,140331511,206732558,42006226,722037,136,420994533,1683978132,841989066
93,20.991,420994533,140331511,206732558,41997402,722037,136,420994533,1683978132,841989066
94,21.262,420994533,140331511,206732558,41991855,722037,136,420994533,1683978132,841989066
95,21.0364,420994533,140331511,206732558,41947198,722037,136,420994533,1683978132,841989066
96,20.8549,420994533,140331511,206732558,42037458,722037,136,420994533,1683978132,841989066
97,21.2578,420994533,140331511,206732558,42028588,722037,136,420994533,1683978132,841989066
98,21.0704,420994533,140331511,206732558,42030473,722037,136,420994533,1683978132,841989066
99,20.8769,420994533,140331511,206732558,42016835,722037,136,420994533,1683978132,841989066
100,20.9871,420994533,140331511,206732558,41994956,722037,136,420994533,1683978132,841989066
101,20.9879,420994533,140331511,206732558,41936416,722037,136,420994533,1683978132,841989066
102,20.9888,420994533,140331511,206732558,42033772,722037,136,420994533,1683978132,841989066
103,21.2565,420994533,140331511,206732558,41971715,722037,136,420994533,1683978132,841989066
104,20.9754,420994533,140331511,206732558,42079129,722037,136,420994533,1683978132,841989066
105,20.9981,420994533,140331511,206732558,41995600,722037,136,420994533,1683978132,841989066
106,21.2689,420994533,140331511,206732558,42043385,722037,136,420994533,1683978132,841989066
107,20.8816,420994533,140331511,206732558,42034424,722037,136,420994533,1683978132,841989066
108,20.9852,420994533,140331511,206732558,41976656,722037,136,420994533,1683978132,841989066
109,21.0696,420994533,140331511,206732558,41999572,722037,136,420994533,1683978132,841989066
110,21.1337,420994533,140331511,206732558,42019233,722037,136,420994533,1683978132,841989066
111,20.8662,420994533,140331511,206732558,42044021,722037,136,420994533,1683978132,841989066
112,20.8827,420994533,140331511,206732558,41985976,722037,136,420994533,1683978132,841989066
113,20.8488,420994533,140331511,206732558,42018152,722037,136,420994533,1683978132,841989066
114,20.8865,420994533,140331511,206732558,42074994,722037,136,420994533,1683978132,841989066
115,21.1681,420994533,140331511,206732558,42040868,722037,136,420994533,1683978132,841989066
116,20.8919,420994533,140331511,206732558,42012263,722037,136,420994533,1683978132,841989066
117,20.8685,420994533,140331511,206732558,42016160,722037,136,420994533,1683978132,841989066
118,20.8635,420994533,140331511,206732558,42055039,722037,136,420994533,1683978132,841989066
119,21.0029,420994533,140331511,206732558,41939731,722037,136,420994533,1683978132,841989066
120,20.9025,420994533,140331511,206732558,42058507,722037,136,420994533,1683978132,841989066
121,20.8585,420994533,140331511,206732558,42032473,722037,136,420994533,1683978132,841989066
122,21.3044,420994533,140331511,206732558,42057969,722037,136,420994533,1683978132,841989066
123,20.8916,420994533,140331511,206732558,42021653,722037,136,420994533,1683978132,841989066
124,20.8934,420994533,140331511,206732558,42050512,722037,136,420994533,1683978132,841989066
125,21.1966,420994533,140331511,206732558,41960709,722037,136,420994533,1683978132,841989066
126,20.8824,420994533,140331511,206732558,42041929,722037,136,420994533,1683978132,841989066
127,20.882,420994533,140331511,206732558,42001133,722037,136,420994533,1683978132,841989066
128,21.1557,420994533,140331511,206732558,42053209,722037,136,420994533,1683978132,841989066
129,20.8599,420994533,140331511,206732558,42032550,722037,136,420994533,1683978132,841989066
130,20.8888,420994533,140331511,206732558,41993314,722037,136,420994533,1683978132,841989066
131,21.154,420994533,140331511,206732558,41979664,722037,136,420994533,1683978132,841989066
132,20.9121,420994533,140331511,206732558,42048026,722037,136,420994533,1683978132,841989066
133,20.866,420994533,140331511,206732558,42025682,722037,136,420994533,1683978132,841989066
134,20.9053,420994533,140331511,206732558,42055009,722037,136,420994533,1683978132,841989066
135,20.8665,420994533,140331511,206732558,41992788,722037,136,420994533,1683978132,841989066
136,20.8731,420994533,140331511,206732558,42071513,722037,136,420994533,1683978132,841989066
137,20.8821,420994533,140331511,206732558,41993124,722037,136,420994533,1683978132,841989066
138,21.2057,420994533,140331511,206732558,42059635,722037,136,420994533,1683978132,841989066
139,20.8832,420994533,140331511,206732558,42036425,722037,136,420994533,1683978132,841989066
140,20.8783,420994533,140331511,206732558,42063307,722037,136,420994533,1683978132,841989066
141,21.2226,420994533,140331511,206732558,42038029,722037,136,420994533,1683978132,841989066
142,20.9873,420994533,140331511,206732558,42031453,722037,136,420994533,1683978132,841989066
143,20.8903,420994533,140331511,206732558,42015272,722037,136,420994533,1683978132,841989066
144,21.316,420994533,140331511,206732558,41974785,722037,136,420994533,1683978132,841989066
145,20.9839,420994533,140331511,206732558,42036024,722037,136,420994533,1683978132,841989066
146,20.8884,420994533,140331511,206732558,42020072,722037,136,420994533,1683978132,841989066
147,21.1895,420994533,140331511,206732558,42055609,722037,136,420994533,1683978132,841989066
148,20.9727,420994533,140331511,206732558,42036454,722037,136,420994533,1683978132,841989066
149,20.8626,420994533,140331511,206732558,41993719,722037,136,420994533,1683978132,841989066
150,21.3067,420994533,140331511,206732558,41989125,722037,136,420994533,1683978132,841989066
151,20.978,420994533,140331511,206732558,41997328,722037,136,420994533,1683978132,841989066
152,20.9937,420994533,140331511,206732558,42080011,722037,136,420994533,1683978132,841989066
153,21.279,420994533,140331511,206732558,42079065,722037,136,420994533,1683978132,841989066
154,20.8499,420994533,140331511,206732558,42068071,722037,136,420994533,1683978132,841989066
155,20.8742,420994533,140331511,206732558,41964556,722037,136,420994533,1683978132,841989066
156,21.229,420994533,140331511,206732558,42054351,722037,136,420994533,1683978132,841989066
157,20.9777,420994533,140331511,206732558,42017130,722037,136,420994533,1683978132,841989066
158,20.8878,420994533,140331511,206732558,42041208,722037,136,420994533,1683978132,841989066
159,20.8671,420994533,140331511,206732558,42041770,722037,136,420994533,1683978132,841989066
160,21.1443,420994533,140331511,206732558,42016816,722037,136,420994533,1683978132,841989066
161,20.8621,420994533,140331511,206732558,42013834,722037,136,420994533,1683978132,841989066
162,20.8676,420994533,140331511,206732558,42005090,722037,136,420994533,1683978132,841989066
163,21.0341,420994533,140331511,206732558,41993670,722037,136,420994533,1683978132,841989066
164,20.867,420994533,140331511,206732558,42052244,722037,136,420994533,1683978132,841989066
165,20.9811,420994533,140331511,206732558,42035112,722037,136,420994533,1683978132,841989066
166,21.2995,420994533,140331511,206732558,42018609,722037,136,420994533,1683978132,841989066
167,20.8791,420994533,140331511,206732558,42018593,722037,136,420994533,1683978132,841989066
168,21.0034,420994533,140331511,206732558,42072078,722037,136,420994533,1683978132,841989066
169,21.2775,420994533,140331511,206732558,42013895,722037,136,420994533,1683978132,841989066
170,20.9858,420994533,140331511,206732558,42033961,722037,136,420994533,1683978132,841989066
171,20.9991,420994533,140331511,206732558,42020604,722037,136,420994533,1683978132,841989066
172,21.1533,420994533,140331511,206732558,41960902,722037,136,420994533,1683978132,841989066
173,20.8784,420994533,140331511,206732558,42022388,722037,136,420994533,1683978132,841989066
174,20.8913,420994533,140331511,206732558,42001983,722037,136,420994533,1683978132,841989066
175,21.2073,420994533,140331511,206732558,42094719,722037,136,420994533,1683978132,841989066
176,20.8695,420994533,140331511,206732558,42059360,722037,136,420994533,1683978132,841989066
177,20.8938,420994533,140331511,206732558,42044380,722037,136,420994533,1683978132,841989066
178,21.1658,420994533,140331511,206732558,42028781,722037,136,420994533,1683978132,841989066
179,20.893,420994533,140331511,206732558,41989917,722037,136,420994533,1683978132,841989066
180,20.8976,420994533,140331511,206732558,42081425,722037,136,420994533,1683978132,841989066
181,21.3079,420994533,140331511,206732558,42020693,722037,136,420994533,1683978132,841989066
182,20.8967,420994533,140331511,206732558,42085567,722037,136,420994533,1683978132,841989066
183,20.8904,420994533,140331511,206732558,41955477,722037,136,420994533,1683978132,841989066
184,21.2005,420994533,140331511,206732558,41999595,722037,136,420994533,1683978132,841989066
185,20.8679,420994533,140331511,206732558,42044059,722037,136,420994533,1683978132,841989066
186,20.8762,420994533,140331511,206732558,42058636,722037,136,420994533,1683978132,841989066
187,21.3663,420994533,140331511,206732558,42028760,722037,136,420994533,1683978132,841989066
188,20.986,420994533,140331511,206732558,42005126,722037,136,420994533,1683978132,841989066
189,20.8626,420994533,140331511,206732558,41942467,722037,136,420994533,1683978132,841989066
190,20.9268,420994533,140331511,206732558,42022749,722037,136,420994533,1683978132,841989066
191,20.9754,420994533,140331511,206732558,42051396,722037,136,420994533,1683978132,841989066
192,20.9044,420994533,140331511,206732558,42053151,722037,136,420994533,1683978132,841989066
193,20.9772,420994533,140331511,206732558,42010335,722037,136,420994533,1683978132,841989066
194,20.8877,420994533,140331511,206732558,41990157,722037,136,420994533,1683978132,841989066
195,20.854,420994533,140331511,206732558,42041762,722037,136,420994533,1683978132,841989066
196,21.2946,420994533,140331511,206732558,42516715,722037,136,420994533,1683978132,841989066
197,20.8627,420994533,140331511,206732558,42024205,722037,136,420994533,1683978132,841989066
198,20.8914,420994533,140331511,206732558,42027899,722037,136,420994533,1683978132,841989066
199,20.8852,420994533,140331511,206732558,42071443,722037,136,420994533,1683978132,841989066
200,20.8764,420994533,140331511,206732558,41993216,722037,136,420994533,1683978132,841989066
201,20.8887,420994533,140331511,206732558,42033396,722037,136,420994533,1683978132,841989066
202,20.8884,420994533,140331511,206732558,41983706,722037,136,420994533,1683978132,841989066
203,21.2268,420994533,140331511,206732558,41988479,722037,136,420994533,1683978132,841989066
204,20.897,420994533,140331511,206732558,42039111,722037,136,420994533,1683978132,841989066
205,20.8927,420994533,140331511,206732558,42008684,722037,136,420994533,1683978132,841989066
206,21.1885,420994533,140331511,206732558,42016512,722037,136,420994533,1683978132,841989066
207,20.9952,420994533,140331511,206732558,42001196,722037,136,420994533,1683978132,841989066
208,20.8625,420994533,140331511,206732558,42017316,722037,136,420994533,1683978132,841989066
209,21.1891,420994533,140331511,206732558,41995256,722037,136,420994533,1683978132,841989066
210,20.9943,420994533,140331511,206732558,41989473,722037,136,420994533,1683978132,841989066
211,20.8918,420994533,140331511,206732558,42061020,722037,136,420994533,1683978132,841989066
212,21.23,420994533,140331511,206732558,42051545,722037,136,420994533,1683978132,841989066
213,20.8968,420994533,140331511,206732558,42023751,722037,136,420994533,1683978132,841989066
214,20.8594,420994533,140331511,206732558,42048620,722037,136,420994533,1683978132,841989066
215,21.2207,420994533,140331511,206732558,41953502,722037,136,420994533,1683978132,841989066
216,20.8748,420994533,140331511,206732558,42034662,722037,136,420994533,1683978132,841989066
217,20.8882,420994533,140331511,206732558,42022125,722037,136,420994533,1683978132,841989066
218,20.9546,420994533,140331511,206732558,42039871,722037,136,420994533,1683978132,841989066
219,20.8773,420994533,140331511,206732558,41986344,722037,136,420994533,1683978132,841989066
220,20.8433,420994533,140331511,206732558,42027206,722037,136,420994533,1683978132,841989066
221,21.231,420994533,140331511,206732558,41974540,722037,136,420994533,1683978132,841989066
222,20.8653,420994533,140331511,206732558,42054561,722037,136,420994533,1683978132,841989066
223,20.969,420994533,140331511,206732558,42003967,722037,136,420994533,1683978132,841989066
224,21.276,420994533,140331511,206732558,42065135,722037,136,420994533,1683978132,841989066
225,21.0592,420994533,140331511,206732558,41993208,722037,136,420994533,1683978132,841989066
226,20.8605,420994533,140331511,206732558,42036861,722037,136,420994533,1683978132,841989066
227,21.1207,420994533,140331511,206732558,42009805,722037,136,420994533,1683978132,841989066
228,21.0868,420994533,140331511,206732558,42060805,722037,136,420994533,1683978132,841989066
229,20.8589,420994533,140331511,206732558,42034071,722037,136,420994533,1683978132,841989066
230,20.8808,420994533,140331511,206732558,41989353,722037,136,420994533,1683978132,841989066
231,21.015,420994533,140331511,206732558,42024374,722037,136,420994533,1683978132,841989066
232,20.8627,420994533,140331511,206732558,42005594,722037,136,420994533,1683978132,841989066
233,21.0191,420994533,140331511,206732558,42101505,722037,136,420994533,1683978132,841989066
234,20.8921,420994533,140331511,206732558,42046007,722037,136,420994533,1683978132,841989066
235,20.881,420994533,140331511,206732558,42061722,722037,136,420994533,1683978132,841989066
236,21.1493,420994533,140331511,206732558,42045346,722037,136,420994533,1683978132,841989066
237,21.0251,420994533,140331511,206732558,42013151,722037,136,420994533,1683978132,841989066
238,20.8575,420994533,140331511,206732558,42094178,722037,136,420994533,1683978132,841989066
239,20.8684,420994533,140331511,206732558,42015828,722037,136,420994533,1683978132,841989066
240,21.2681,420994533,140331511,206732558,42050171,722037,136,420994533,1683978132,841989066
241,20.8802,420994533,140331511,206732558,41991552,722037,136,420994533,1683978132,841989066
242,20.8595,420994533,140331511,206732558,42012823,722037,136,420994533,1683978132,841989066
243,21.1923,420994533,140331511,206732558,42074079,722037,136,420994533,1683978132,841989066
244,20.8608,420994533,140331511,206732558,42069826,722037,136,420994533,1683978132,841989066
245,20.8604,420994533,140331511,206732558,41930503,722037,136,420994533,1683978132,841989066
246,21.1779,420994533,140331511,206732558,42070153,722037,136,420994533,1683978132,841989066
247,20.9802,420994533,140331511,206732558,41977441,722037,136,420994533,1683978132,841989066
248,20.8662,420994533,140331511,206732558,42013119,722037,136,420994533,1683978132,841989066
249,21.2234,420994533,140331511,206732558,42032895,722037,136,420994533,1683978132,841989066
250,20.863,420994533,140331511,206732558,42084935,722037,136,420994533,1683978132,841989066
251,20.8554,420994533,140331511,206732558,41993777,722037,136,420994533,1683978132,841989066
252,21.2992,420994533,140331511,206732558,41974097,722037,136,420994533,1683978132,841989066
253,20.8831,420994533,140331511,206732558,42042843,722037,136,420994533,1683978132,841989066
254,20.8798,420994533,140331511,206732558,42064431,722037,136,420994533,1683978132,841989066
255,21.2504,420994533,140331511,206732558,42069225,722037,136,420994533,1683978132,841989066
256,20.8772,420994533,140331511,206732558,42059069,722037,136,420994533,1683978132,841989066
257,20.8711,420994533,140331511,206732558,42054250,722037,136,420994533,1683978132,841989066
258,21.2291,420994533,140331511,206732558,42053833,722037,136,420994533,1683978132,841989066
259,20.9825,420994533,140331511,206732558,41998478,722037,136,420994533,1683978132,841989066
260,20.8933,420994533,140331511,206732558,41984304,722037,136,420994533,1683978132,841989066
261,20.9961,420994533,140331511,206732558,41978851,722037,136,420994533,1683978132,841989066
262,20.8618,420994533,140331511,206732558,42077082,722037,136,420994533,1683978132,841989066
263,20.8646,420994533,140331511,206732558,42073850,722037,136,420994533,1683978132,841989066
264,20.8687,420994533,140331511,206732558,42059543,722037,136,420994533,1683978132,841989066
265,20.8725,420994533,140331511,206732558,41981876,722037,136,420994533,1683978132,841989066
266,20.8626,420994533,140331511,206732558,42098329,722037,136,420994533,1683978132,841989066
267,20.9947,420994533,140331511,206732558,42038046,722037,136,420994533,1683978132,841989066
268,21.4037,420994533,140331511,206732558,42011888,722037,136,420994533,1683978132,841989066
269,20.9762,420994533,140331511,206732558,42005967,722037,136,420994533,1683978132,841989066
270,20.8788,420994533,140331511,206732558,42050522,722037,136,420994533,1683978132,841989066
271,21.1599,420994533,140331511,206732558,41997376,722037,136,420994533,1683978132,841989066
272,20.8909,420994533,140331511,206732558,42034997,722037,136,420994533,1683978132,841989066
273,20.8907,420994533,140331511,206732558,42029080,722037,136,420994533,1683978132,841989066
274,21.1714,420994533,140331511,206732558,42029342,722037,136,420994533,1683978132,841989066
275,20.8715,420994533,140331511,206732558,41973738,722037,136,420994533,1683978132,841989066
276,20.8923,420994533,140331511,206732558,42024968,722037,136,420994533,1683978132,841989066
277,21.2174,420994533,140331511,206732558,41990336,722037,136,420994533,1683978132,841989066
278,20.8812,420994533,140331511,206732558,41983734,722037,136,420994533,1683978132,841989066
279,20.8921,420994533,140331511,206732558,42038291,722037,136,420994533,1683978132,841989066
280,21.1819,420994533,140331511,206732558,42044885,722037,136,420994533,1683978132,841989066
281,20.8655,420994533,140331511,206732558,42027494,722037,136,420994533,1683978132,841989066
282,20.8914,420994533,140331511,206732558,42042772,722037,136,420994533,1683978132,841989066
283,20.8706,420994533,140331511,206732558,42048107,722037,136,420994533,1683978132,841989066
284,21.0238,420994533,140331511,206732558,42023687,722037,136,420994533,1683978132,841989066
285,20.8829,420994533,140331511,206732558,41999498,722037,136,420994533,1683978132,841989066
286,20.8541,420994533,140331511,206732558,41991983,722037,136,420994533,1683978132,841989066
287,21.2085,420994533,140331511,206732558,42012767,722037,136,420994533,1683978132,841989066
288,20.89,420994533,140331511,206732558,42063944,722037,136,420994533,1683978132,841989066
289,20.8903,420994533,140331511,206732558,41992864,722037,136,420994533,1683978132,841989066
290,21.2316,420994533,140331511,206732558,42012495,722037,136,420994533,1683978132,841989066
291,20.8966,420994533,140331511,206732558,42001084,722037,136,420994533,1683978132,841989066
292,20.9816,420994533,140331511,206732558,42027214,722037,136,420994533,1683978132,841989066
293,21.1923,420994533,140331511,206732558,42033406,722037,136,420994533,1683978132,841989066
294,20.87,420994533,140331511,206732558,42036397,722037,136,420994533,1683978132,841989066
295,20.8561,420994533,140331511,206732558,42006928,722037,136,420994533,1683978132,841989066
296,21.2202,420994533,140331511,206732558,41983436,722037,136,420994533,1683978132,841989066
297,20.9818,420994533,140331511,206732558,41974659,722037,136,420994533,1683978132,841989066
298,20.8627,420994533,140331511,206732558,42012314,722037,136,420994533,1683978132,841989066
299,21.1518,420994533,140331511,206732558,42545098,722037,136,420994533,1683978132,841989066
300,21.0191,420994533,140331511,206732558,41965993,722037,136,420994533,1683978132,841989066
301,20.8788,420994533,140331511,206732558,42518943,722037,136,420994533,1683978132,841989066
302,21.0704,420994533,140331511,206732558,42013058,722037,136,420994533,1683978132,841989066
303,21.1684,420994533,140331511,206732558,42033028,722037,136,420994533,1683978132,841989066
304,20.8734,420994533,140331511,206732558,42577167,722037,136,420994533,1683978132,841989066
305,20.861,420994533,140331511,206732558,42023720,722037,136,420994533,1683978132,841989066
306,21.009,420994533,140331511,206732558,42020945,722037,136,420994533,1683978132,841989066
307,20.8648,420994533,140331511,206732558,42018904,722037,136,420994533,1683978132,841989066
308,20.9971,420994533,140331511,206732558,42019332,722037,136,420994533,1683978132,841989066
309,21.0474,420994533,140331511,206732558,42051489,722037,136,420994533,1683978132,841989066
310,20.9762,420994533,140331511,206732558,42026936,722037,136,420994533,1683978132,841989066
311,20.8907,420994533,140331511,206732558,42052144,722037,136,420994533,1683978132,841989066
312,21.0422,420994533,140331511,206732558,41997222,722037,136,420994533,1683978132,841989066
313,20.8552,420994533,140331511,206732558,42031326,722037,136,420994533,1683978132,841989066
314,20.9994,420994533,140331511,206732558,42042854,722037,136,420994533,1683978132,841989066
315,21.3211,420994533,140331511,206732558,42008336,722037,136,420994533,1683978132,841989066
316,20.995,420994533,140331511,206732558,42031953,722037,136,420994533,1683978132,841989066
317,20.8813,420994533,140331511,206732558,41987170,722037,136,420994533,1683978132,841989066
318,21.2011,420994533,140331511,206732558,42043359,722037,136,420994533,1683978132,841989066
319,20.988,420994533,140331511,206732558,42009877,722037,136,420994533,1683978132,841989066
320,20.9947,420994533,140331511,206732558,42034878,722037,136,420994533,1683978132,841989066
321,21.199,420994533,140331511,206732558,41991033,722037,136,420994533,1683978132,841989066
322,20.871,420994533,140331511,206732558,42037940,722037,136,420994533,1683978132,841989066
323,20.8701,420994533,140331511,206732558,42097505,722037,136,420994533,1683978132,841989066
324,21.2641,420994533,140331511,206732558,42007421,722037,136,420994533,1683978132,841989066
325,20.883,420994533,140331511,206732558,41996440,722037,136,420994533,1683978132,841989066
326,20.9965,420994533,140331511,206732558,42036994,722037,136,420994533,1683978132,841989066
327,21.1813,420994533,140331511,206732558,41964642,722037,136,420994533,1683978132,841989066
328,20.9912,420994533,140331511,206732558,42074270,722037,136,420994533,1683978132,841989066
329,20.87,420994533,140331511,206732558,42033042,722037,136,420994533,1683978132,841989066
330,21.1526,420994533,140331511,206732558,42088980,722037,136,420994533,1683978132,841989066
331,21.0512,420994533,140331511,206732558,41988789,722037,136,420994533,1683978132,841989066
332,20.8597,420994533,140331511,206732558,42023646,722037,136,420994533,1683978132,841989066
333,20.8893,420994533,140331511,206732558,42014584,722037,136,420994533,1683978132,841989066
334,20.9815,420994533,140331511,206732558,41990036,722037,136,420994533,1683978132,841989066
335,20.8676,420994533,140331511,206732558,42011154,722037,136,420994533,1683978132,841989066
336,21.348,420994533,140331511,206732558,41979402,722037,136,420994533,1683978132,841989066
337,20.8798,420994533,140331511,206732558,42023081,722037,136,420994533,1683978132,841989066
338,20.9979,420994533,140331511,206732558,42046060,722037,136,420994533,1683978132,841989066
339,21.1594,420994533,140331511,206732558,41985303,722037,136,420994533,1683978132,841989066
340,20.9755,420994533,140331511,206732558,42044738,722037,136,420994533,1683978132,841989066
341,20.8801,420994533,140331511,206732558,42074491,722037,136,420994533,1683978132,841989066
342,21.0077,420994533,140331511,206732558,42098582,722037,136,420994533,1683978132,841989066
343,20.9856,420994533,140331511,206732558,42052500,722037,136,420994533,1683978132,841989066
344,20.9947,420994533,140331511,206732558,42028422,722037,136,420994533,1683978132,841989066
345,21.34,420994533,140331511,206732558,41983927,722037,136,420994533,1683978132,841989066
346,20.9765,420994533,140331511,206732558,42070793,722037,136,420994533,1683978132,841989066
347,20.8738,420994533,140331511,206732558,42042147,722037,136,420994533,1683978132,841989066
348,20.8804,420994533,140331511,206732558,41990594,722037,136,420994533,1683978132,841989066
349,21.1413,420994533,140331511,206732558,42086312,722037,136,420994533,1683978132,841989066
350,20.9887,420994533,140331511,206732558,42027989,722037,136,420994533,1683978132,841989066
351,21.001,420994533,140331511,206732558,41980879,722037,136,420994533,1683978132,841989066
352,21.0704,420994533,140331511,206732558,42013347,722037,136,420994533,1683978132,841989066
353,20.8687,420994533,140331511,206732558,42028171,722037,136,420994533,1683978132,841989066
354,21.0568,420994533,140331511,206732558,42045608,722037,136,420994533,1683978132,841989066
355,20.9829,420994533,140331511,206732558,42037798,722037,136,420994533,1683978132,841989066
356,20.9944,420994533,140331511,206732558,42014921,722037,136,420994533,1683978132,841989066
357,20.8969,420994533,140331511,206732558,42071539,722037,136,420994533,1683978132,841989066
358,21.0302,420994533,140331511,206732558,42034500,722037,136,420994533,1683978132,841989066
359,20.859,420994533,140331511,206732558,42012126,722037,136,420994533,1683978132,841989066
360,20.8706,420994533,140331511,206732558,42022181,722037,136,420994533,1683978132,841989066
361,21.3783,420994533,140331511,206732558,42018089,722037,136,420994533,1683978132,841989066
362,20.9862,420994533,140331511,206732558,41982610,722037,136,420994533,1683978132,841989066
363,21.0012,420994533,140331511,206732558,42006094,722037,136,420994533,1683978132,841989066
364,21.1665,420994533,140331511,206732558,42067107,722037,136,420994533,1683978132,841989066
365,20.8656,420994533,140331511,206732558,42050580,722037,136,420994533,1683978132,841989066
366,20.8604,420994533,140331511,206732558,41994186,722037,136,420994533,1683978132,841989066
367,21.1864,420994533,140331511,206732558,42006536,722037,136,420994533,1683978132,841989066
368,20.8753,420994533,140331511,206732558,42054841,722037,136,420994533,1683978132,841989066
369,20.8732,420994533,140331511,206732558,41968268,722037,136,420994533,1683978132,841989066
370,21.2498,420994533,140331511,206732558,42029610,722037,136,420994533,1683978132,841989066
371,20.8879,420994533,140331511,206732558,41991707,722037,136,420994533,1683978132,841989066
372,20.9936,420994533,140331511,206732558,42088514,722037,136,420994533,1683978132,841989066
373,21.1769,420994533,140331511,206732558,41995907,722037,136,420994533,1683978132,841989066
374,20.9838,420994533,140331511,206732558,42018865,722037,136,420994533,1683978132,841989066
375,20.8681,420994533,140331511,206732558,42092278,722037,136,420994533,1683978132,841989066
376,21.2868,420994533,140331511,206732558,42059114,722037,136,420994533,1683978132,841989066
377,21.0338,420994533,140331511,206732558,41998939,722037,136,420994533,1683978132,841989066
378,20.8699,420994533,140331511,206732558,42015014,722037,136,420994533,1683978132,841989066
379,21.2344,420994533,140331511,206732558,41986566,722037,136,420994533,1683978132,841989066
380,20.9948,420994533,140331511,206732558,42038615,722037,136,420994533,1683978132,841989066
381,20.8984,420994533,140331511,206732558,42017314,722037,136,420994533,1683978132,841989066
382,21.1591,420994533,140331511,206732558,42021167,722037,136,420994533,1683978132,841989066
383,20.8809,420994533,140331511,206732558,42029228,722037,136,420994533,1683978132,841989066
384,20.9853,420994533,140331511,206732558,41981964,722037,136,420994533,1683978132,841989066
385,20.8578,420994533,140331511,206732558,42004309,722037,136,420994533,1683978132,841989066
386,21.0834,420994533,140331511,206732558,42029837,722037,136,420994533,1683978132,841989066
387,20.8693,420994533,140331511,206732558,42008609,722037,136,420994533,1683978132,841989066
388,20.8947,420994533,140331511,206732558,42021115,722037,136,420994533,1683978132,841989066
389,20.8696,420994533,140331511,206732558,42013836,722037,136,420994533,1683978132,841989066
390,20.8718,420994533,140331511,206732558,42049722,722037,136,420994533,1683978132,841989066
391,20.8867,420994533,140331511,206732558,42049029,722037,136,420994533,1683978132,841989066
392,21.2292,420994533,140331511,206732558,41994321,722037,136,420994533,1683978132,841989066
393,20.944,420994533,140331511,206732558,42007827,722037,136,420994533,1683978132,841989066
394,20.9906,420994533,140331511,206732558,42034505,722037,136,420994533,1683978132,841989066
395,20.86,420994533,140331511,206732558,41980808,722037,136,420994533,1683978132,841989066
396,20.8968,420994533,140331511,206732558,42080627,722037,136,420994533,1683978132,841989066
397,21.0118,420994533,140331511,206732558,42022345,722037,136,420994533,1683978132,841989066
398,20.8897,420994533,140331511,206732558,42071463,722037,136,420994533,1683978132,841989066
399,20.898,420994533,140331511,206732558,42085187,722037,136,420994533,1683978132,841989066
400,21.1597,420994533,140331511,206732558,42009125,722037,136,420994533,1683978132,841989066
401,20.8651,420994533,140331511,206732558,41993330,722037,136,420994533,1683978132,841989066
402,20.8719,420994533,140331511,206732558,41999945,722037,136,420994533,1683978132,841989066
403,20.9876,420994533,140331511,206732558,42003576,722037,136,420994533,1683978132,841989066
404,21.1917,420994533,140331511,206732558,42063789,722037,136,420994533,1683978132,841989066
405,20.8679,420994533,140331511,206732558,41988502,722037,136,420994533,1683978132,841989066
406,20.8705,420994533,140331511,206732558,42017184,722037,136,420994533,1683978132,841989066
407,21.2774,420994533,140331511,206732558,42000684,722037,136,420994533,1683978132,841989066
408,20.8656,420994533,140331511,206732558,42018355,722037,136,420994533,1683978132,841989066
409,20.8555,420994533,140331511,206732558,41969829,722037,136,420994533,1683978132,841989066
410,21.19,420994533,140331511,206732558,42012774,722037,136,420994533,1683978132,841989066
411,20.9952,420994533,140331511,206732558,42000615,722037,136,420994533,1683978132,841989066
412,20.9848,420994533,140331511,206732558,42018077,722037,136,420994533,1683978132,841989066
413,21.2282,420994533,140331511,206732558,42001394,722037,136,420994533,1683978132,841989066
414,20.878,420994533,140331511,206732558,42033715,722037,136,420994533,1683978132,841989066
415,20.8572,420994533,140331511,206732558,42054305,722037,136,420994533,1683978132,841989066
416,21.0942,420994533,140331511,206732558,42516209,722037,136,420994533,1683978132,841989066
417,21.0099,420994533,140331511,206732558,42059794,722037,136,420994533,1683978132,841989066
418,20.8771,420994533,140331511,206732558,42087883,722037,136,420994533,1683978132,841989066
419,21.2349,420994533,140331511,206732558,41992302,722037,136,420994533,1683978132,841989066
420,20.8858,420994533,140331511,206732558,42050381,722037,136,420994533,1683978132,841989066
421,21.0186,420994533,140331511,206732558,41978174,722037,136,420994533,1683978132,841989066
422,20.8888,420994533,140331511,206732558,42058961,722037,136,420994533,1683978132,841989066
423,20.9187,420994533,140331511,206732558,41973175,722037,136,420994533,1683978132,841989066
424,20.8635,420994533,140331511,206732558,42005062,722037,136,420994533,1683978132,841989066
425,20.8644,420994533,140331511,206732558,41985146,722037,136,420994533,1683978132,841989066
426,21.0739,420994533,140331511,206732558,42010411,722037,136,420994533,1683978132,841989066
427,20.8854,420994533,140331511,206732558,41986669,722037,136,420994533,1683978132,841989066
428,20.8667,420994533,140331511,206732558,42009397,722037,136,420994533,1683978132,841989066
429,21.0238,420994533,140331511,206732558,42002757,722037,136,420994533,1683978132,841989066
430,20.8606,420994533,140331511,206732558,42013060,722037,136,420994533,1683978132,841989066
431,20.8984,420994533,140331511,206732558,42044791,722037,136,420994533,1683978132,841989066
432,21.1983,420994533,140331511,206732558,42038815,722037,136,420994533,1683978132,841989066
433,20.8759,420994533,140331511,206732558,42042708,722037,136,420994533,1683978132,841989066
434,20.9039,420994533,140331511,206732558,41967929,722037,136,420994533,1683978132,841989066
435,21.1786,420994533,140331511,206732558,42042689,722037,136,420994533,1683978132,841989066
436,20.8605,420994533,140331511,206732558,42040189,722037,136,420994533,1683978132,841989066
437,20.9978,420994533,140331511,206732558,42012598,722037,136,420994533,1683978132,841989066
438,21.2062,420994533,140331511,206732558,42028399,722037,136,420994533,1683978132,841989066
439,20.8868,420994533,140331511,206732558,41980492,722037,136,420994533,1683978132,841989066
440,20.8913,420994533,140331511,206732558,42066322,722037,136,420994533,1683978132,841989066
441,21.1741,420994533,140331511,206732558,42023142,722037,136,420994533,1683978132,841989066
442,20.8764,420994533,140331511,206732558,42089149,722037,136,420994533,1683978132,841989066
443,20.9028,420994533,140331511,206732558,42611020,722037,136,420994533,1683978132,841989066
444,21.1571,420994533,140331511,206732558,42043676,722037,136,420994533,1683978132,841989066
445,20.886,420994533,140331511,206732558,42048568,722037,136,420994533,1683978132,841989066
446,20.9024,420994533,140331511,206732558,42020486,722037,136,420994533,1683978132,841989066
447,20.8994,420994533,140331511,206732558,41992794,722037,136,420994533,1683978132,841989066
448,21.191,420994533,140331511,206732558,42020889,722037,136,420994533,1683978132,841989066
449,20.8668,420994533,140331511,206732558,42008120,722037,136,420994533,1683978132,841989066
450,20.9845,420994533,140331511,206732558,42035086,722037,136,420994533,1683978132,841989066
451,21.1459,420994533,140331511,206732558,42011702,722037,136,420994533,1683978132,841989066
452,20.8963,420994533,140331511,206732558,42517070,722037,136,420994533,1683978132,841989066
453,20.9055,420994533,140331511,206732558,42100888,722037,136,420994533,1683978132,841989066
454,21.1582,420994533,140331511,206732558,41996881,722037,136,420994533,1683978132,841989066
455,20.9838,420994533,140331511,206732558,42022083,722037,136,420994533,1683978132,841989066
456,20.8728,420994533,140331511,206732558,42010764,722037,136,420994533,1683978132,841989066
457,21.1867,420994533,140331511,206732558,42030623,722037,136,420994533,1683978132,841989066
458,20.9042,420994533,140331511,206732558,42060733,722037,136,420994533,1683978132,841989066
459,20.8917,420994533,140331511,206732558,42037894,722037,136,420994533,1683978132,841989066
460,21.1784,420994533,140331511,206732558,42029594,722037,136,420994533,1683978132,841989066
461,20.8585,420994533,140331511,206732558,41968729,722037,136,420994533,1683978132,841989066
462,20.8704,420994533,140331511,206732558,42031910,722037,136,420994533,1683978132,841989066
463,20.8696,420994533,140331511,206732558,42033009,722037,136,420994533,1683978132,841989066
464,21.2858,420994533,140331511,206732558,42038398,722037,136,420994533,1683978132,841989066
465,20.9885,420994533,140331511,206732558,41979930,722037,136,420994533,1683978132,841989066
466,20.8681,420994533,140331511,206732558,42018106,722037,136,420994533,1683978132,841989066
467,21.299,420994533,140331511,206732558,42042058,722037,136,420994533,1683978132,841989066
468,20.8925,420994533,140331511,206732558,42011442,722037,136,420994533,1683978132,841989066
469,20.8912,420994533,140331511,206732558,42080029,722037,136,420994533,1683978132,841989066
470,21.169,420994533,140331511,206732558,42014233,722037,136,420994533,1683978132,841989066
471,20.8676,420994533,140331511,206732558,42043525,722037,136,420994533,1683978132,841989066
472,20.8888,420994533,140331511,206732558,42007290,722037,136,420994533,1683978132,841989066
473,21.1966,420994533,140331511,206732558,42031874,722037,136,420994533,1683978132,841989066
474,20.8798,420994533,140331511,206732558,42014988,722037,136,420994533,1683978132,841989066
475,20.8644,420994533,140331511,206732558,42053024,722037,136,420994533,1683978132,841989066
476,21.4298,420994533,140331511,206732558,42042301,722037,136,420994533,1683978132,841989066
477,20.8727,420994533,140331511,206732558,42004142,722037,136,420994533,1683978132,841989066
478,20.9778,420994533,140331511,206732558,42029459,722037,136,420994533,1683978132,841989066
479,21.2615,420994533,140331511,206732558,42046708,722037,136,420994533,1683978132,841989066
480,21.1876,420994533,140331511,206732558,42046997,722037,136,420994533,1683978132,841989066
481,20.8532,420994533,140331511,206732558,41970323,722037,136,420994533,1683978132,841989066
482,20.8945,420994533,140331511,206732558,42010375,722037,136,420994533,1683978132,841989066
483,21.1465,420994533,140331511,206732558,42024081,722037,136,420994533,1683978132,841989066
484,20.989,420994533,140331511,206732558,42060363,722037,136,420994533,1683978132,841989066
485,21.1163,420994533,140331511,206732558,42006350,722037,136,420994533,1683978132,841989066
486,21.0219,420994533,140331511,206732558,41995296,722037,136,420994533,1683978132,841989066
487,20.8823,420994533,140331511,206732558,42059702,722037,136,420994533,1683978132,841989066
488,21.0034,420994533,140331511,206732558,42054163,722037,136,420994533,1683978132,841989066
489,21.2453,420994533,140331511,206732558,41971623,722037,136,420994533,1683978132,841989066
490,20.9315,420994533,140331511,206732558,42035270,722037,136,420994533,1683978132,841989066
491,21.0014,420994533,140331511,206732558,42047156,722037,136,420994533,1683978132,841989066
492,21.2543,420994533,140331511,206732558,41982446,722037,136,420994533,1683978132,841989066
493,20.9786,420994533,140331511,206732558,41997478,722037,136,420994533,1683978132,841989066
494,20.9438,420994533,140331511,206732558,42003094,722037,136,420994533,1683978132,841989066
495,21.1635,420994533,140331511,206732558,42022718,722037,136,420994533,1683978132,841989066
496,20.8745,420994533,140331511,206732558,42000476,722037,136,420994533,1683978132,841989066
497,20.9904,420994533,140331511,206732558,41982042,722037,136,420994533,1683978132,841989066
498,21.192,420994533,140331511,206732558,42063089,722037,136,420994533,1683978132,841989066
499,20.8649,420994533,140331511,206732558,42045794,722037,136,420994533,1683978132,841989066
500,20.8723,420994533,140331511,206732558,41995486,722037,136,420994533,1683978132,841989066
501,21.2841,420994533,140331511,206732558,42051617,722037,136,420994533,1683978132,841989066
502,20.9867,420994533,140331511,206732558,41989892,722037,136,420994533,1683978132,841989066
503,20.8837,420994533,140331511,206732558,42001606,722037,136,420994533,1683978132,841989066
504,21.3776,420994533,140331511,206732558,42000879,722037,136,420994533,1683978132,841989066
505,20.8692,420994533,140331511,206732558,42029830,722037,136,420994533,1683978132,841989066
506,20.9881,420994533,140331511,206732558,42024595,722037,136,420994533,1683978132,841989066
507,21.2709,420994533,140331511,206732558,42053738,722037,136,420994533,1683978132,841989066
508,20.8704,420994533,140331511,206732558,42051255,722037,136,420994533,1683978132,841989066
509,20.9017,420994533,140331511,206732558,42007306,722037,136,420994533,1683978132,841989066
510,21.202,420994533,140331511,206732558,42049019,722037,136,420994533,1683978132,841989066
511,21.0074,420994533,140331511,206732558,42012296,722037,136,420994533,1683978132,841989066
512,20.8721,420994533,140331511,206732558,42039549,722037,136,420994533,1683978132,841989066
513,20.9833,420994533,140331511,206732558,42043791,722037,136,420994533,1683978132,841989066
514,21.2044,420994533,140331511,206732558,42054662,722037,136,420994533,1683978132,841989066
515,20.8842,420994533,140331511,206732558,41976722,722037,136,420994533,1683978132,841989066
516,20.8627,420994533,140331511,206732558,42046559,722037,136,420994533,1683978132,841989066
517,21.1467,420994533,140331511,206732558,42004267,722037,136,420994533,1683978132,841989066
518,20.8618,420994533,140331511,206732558,42052240,722037,136,420994533,1683978132,841989066
519,20.8628,420994533,140331511,206732558,42006357,722037,136,420994533,1683978132,841989066
520,21.2222,420994533,140331511,206732558,41996147,722037,136,420994533,1683978132,841989066
521,20.8864,420994533,140331511,206732558,42530817,722037,136,420994533,1683978132,841989066
522,20.9928,420994533,140331511,206732558,42046584,722037,136,420994533,1683978132,841989066
523,21.3006,420994533,140331511,206732558,41964232,722037,136,420994533,1683978132,841989066
524,20.8971,420994533,140331511,206732558,42035858,722037,136,420994533,1683978132,841989066
525,20.8861,420994533,140331511,206732558,42030917,722037,136,420994533,1683978132,841989066
526,21.3394,420994533,140331511,206732558,42071821,722037,136,420994533,1683978132,841989066
527,20.8868,420994533,140331511,206732558,42027796,722037,136,420994533,1683978132,841989066
528,20.9987,420994533,140331511,206732558,42012719,722037,136,420994533,1683978132,841989066
529,21.1513,420994533,140331511,206732558,41999730,722037,136,420994533,1683978132,841989066
530,20.8675,420994533,140331511,206732558,42044316,722037,136,420994533,1683978132,841989066
531,20.8729,420994533,140331511,206732558,42070979,722037,136,420994533,1683978132,841989066
532,20.9779,420994533,140331511,206732558,41999907,722037,136,420994533,1683978132,841989066
533,21.0516,420994533,140331511,206732558,41998589,722037,136,420994533,1683978132,841989066
534,20.9924,420994533,140331511,206732558,42064998,722037,136,420994533,1683978132,841989066
535,21.4006,420994533,140331511,206732558,42020677,722037,136,420994533,1683978132,841989066
536,21.058,420994533,140331511,206732558,41961323,722037,136,420994533,1683978132,841989066
537,20.8844,420994533,140331511,206732558,42043902,722037,136,420994533,1683978132,841989066
538,21.1726,420994533,140331511,206732558,42013213,722037,136,420994533,1683978132,841989066
539,21.0508,420994533,140331511,206732558,41997151,722037,136,420994533,1683978132,841989066
540,20.8777,420994533,140331511,206732558,42003759,722037,136,420994533,1683978132,841989066
541,21.2044,420994533,140331511,206732558,41976250,722037,136,420994533,1683978132,841989066
542,20.9343,420994533,140331511,206732558,42039462,722037,136,420994533,1683978132,841989066
543,20.8908,420994533,140331511,206732558,42026424,722037,136,420994533,1683978132,841989066
544,20.9844,420994533,140331511,206732558,41990506,722037,136,420994533,1683978132,841989066
545,20.8636,420994533,140331511,206732558,42019488,722037,136,420994533,1683978132,841989066
546,20.9904,420994533,140331511,206732558,41997277,722037,136,420994533,1683978132,841989066
547,20.9992,420994533,140331511,206732558,42543371,722037,136,420994533,1683978132,841989066
548,20.9861,420994533,140331511,206732558,42028628,722037,136,420994533,1683978132,841989066
549,20.9954,420994533,140331511,206732558,41991638,722037,136,420994533,1683978132,841989066
550,20.9431,420994533,140331511,206732558,41995691,722037,136,420994533,1683978132,841989066
551,20.9852,420994533,140331511,206732558,42003751,722037,136,420994533,1683978132,841989066
552,20.9456,420994533,140331511,206732558,41991598,722037,136,420994533,1683978132,841989066
553,21.1254,420994533,140331511,206732558,41972636,722037,136,420994533,1683978132,841989066
554,21.1564,420994533,140331511,206732558,42017685,722037,136,420994533,1683978132,841989066
555,20.8699,420994533,140331511,206732558,42033466,722037,136,420994533,1683978132,841989066
556,20.9826,420994533,140331511,206732558,42082505,722037,136,420994533,1683978132,841989066
557,21.1351,420994533,140331511,206732558,42057512,722037,136,420994533,1683978132,841989066
558,20.948,420994533,140331511,206732558,42014562,722037,136,420994533,1683978132,841989066
559,21.2881,420994533,140331511,206732558,42050888,722037,136,420994533,1683978132,841989066
560,20.9887,420994533,140331511,206732558,42010992,722037,136,420994533,1683978132,841989066
561,20.8682,420994533,140331511,206732558,42038376,722037,136,420994533,1683978132,841989066
562,21.2687,420994533,140331511,206732558,41978892,722037,136,420994533,1683978132,841989066
563,20.8935,420994533,140331511,206732558,42067331,722037,136,420994533,1683978132,841989066
564,20.9536,420994533,140331511,206732558,42032598,722037,136,420994533,1683978132,841989066
565,21.1106,420994533,140331511,206732558,42017834,722037,136,420994533,1683978132,841989066
566,21.0766,420994533,140331511,206732558,42020916,722037,136,420994533,1683978132,841989066
567,20.8651,420994533,140331511,206732558,42036798,722037,136,420994533,1683978132,841989066
568,20.9858,420994533,140331511,206732558,42022238,722037,136,420994533,1683978132,841989066
569,21.1897,420994533,140331511,206732558,42036845,722037,136,420994533,1683978132,841989066
570,20.9028,420994533,140331511,206732558,42031180,722037,136,420994533,1683978132,841989066
571,20.8655,420994533,140331511,206732558,42039111,722037,136,420994533,1683978132,841989066
572,21.2644,420994533,140331511,206732558,42040843,722037,136,420994533,1683978132,841989066
573,20.8832,420994533,140331511,206732558,42008625,722037,136,420994533,1683978132,841989066
574,20.8879,420994533,140331511,206732558,42017072,722037,136,420994533,1683978132,841989066
575,21.2891,420994533,140331511,206732558,42080339,722037,136,420994533,1683978132,841989066
576,20.9903,420994533,140331511,206732558,42031352,722037,136,420994533,1683978132,841989066
577,20.9806,420994533,140331511,206732558,42047918,722037,136,420994533,1683978132,841989066
578,21.2688,420994533,140331511,206732558,42023222,722037,136,420994533,1683978132,841989066
579,20.8726,420994533,140331511,206732558,42026239,722037,136,420994533,1683978132,841989066
580,20.8793,420994533,140331511,206732558,42077165,722037,136,420994533,1683978132,841989066
581,21.3568,420994533,140331511,206732558,42010047,722037,136,420994533,1683978132,841989066
582,20.982,420994533,140331511,206732558,42009501,722037,136,420994533,1683978132,841989066
583,20.855,420994533,140331511,206732558,42037672,722037,136,420994533,1683978132,841989066
584,21.2859,420994533,140331511,206732558,42035113,722037,136,420994533,1683978132,841989066
585,20.9797,420994533,140331511,206732558,42007188,722037,136,420994533,1683978132,841989066
586,20.8626,420994533,140331511,206732558,42073049,722037,136,420994533,1683978132,841989066
587,20.9463,420994533,140331511,206732558,42026455,722037,136,420994533,1683978132,841989066
588,20.9871,420994533,140331511,206732558,42045429,722037,136,420994533,1683978132,841989066
589,20.8672,420994533,140331511,206732558,42033204,722037,136,420994533,1683978132,841989066
590,20.9909,420994533,140331511,206732558,42037822,722037,136,420994533,1683978132,841989066
591,21.2924,420994533,140331511,206732558,42011399,722037,136,420994533,1683978132,841989066
592,20.8654,420994533,140331511,206732558,42018097,722037,136,420994533,1683978132,841989066
593,20.8743,420994533,140331511,206732558,42056932,722037,136,420994533,1683978132,841989066
594,21.2388,420994533,140331511,206732558,41990815,722037,136,420994533,1683978132,841989066
595,20.9103,420994533,140331511,206732558,42507343,722037,136,420994533,1683978132,841989066
596,20.8867,420994533,140331511,206732558,42021317,722037,136,420994533,1683978132,841989066
597,21.2014,420994533,140331511,206732558,42025962,722037,136,420994533,1683978132,841989066
598,20.9029,420994533,140331511,206732558,42063660,722037,136,420994533,1683978132,841989066
599,20.9005,420994533,140331511,206732558,41998915,722037,136,420994533,1683978132,841989066
600,21.3402,420994533,140331511,206732558,42049096,722037,136,420994533,1683978132,841989066
601,20.8648,420994533,140331511,206732558,42015421,722037,136,420994533,1683978132,841989066
602,20.8664,420994533,140331511,206732558,42019126,722037,136,420994533,1683978132,841989066
603,21.1726,420994533,140331511,206732558,42006410,722037,136,420994533,1683978132,841989066
604,20.8716,420994533,140331511,206732558,42049146,722037,136,420994533,1683978132,841989066
605,20.8772,420994533,140331511,206732558,42044648,722037,136,420994533,1683978132,841989066
606,20.8877,420994533,140331511,206732558,42018352,722037,136,420994533,1683978132,841989066
607,20.854,420994533,140331511,206732558,42016928,722037,136,420994533,1683978132,841989066
608,20.8884,420994533,140331511,206732558,42034887,722037,136,420994533,1683978132,841989066
609,20.8601,420994533,140331511,206732558,41983364,722037,136,420994533,1683978132,841989066
610,21.1463,420994533,140331511,206732558,42035588,722037,136,420994533,1683978132,841989066
611,20.8675,420994533,140331511,206732558,42053010,722037,136,420994533,1683978132,841989066
612,20.8622,420994533,140331511,206732558,42053890,722037,136,420994533,1683978132,841989066
613,21.1858,420994533,140331511,206732558,42027693,722037,136,420994533,1683978132,841989066
614,20.8604,420994533,140331511,206732558,42046106,722037,136,420994533,1683978132,841989066
615,20.9021,420994533,140331511,206732558,42006784,722037,136,420994533,1683978132,841989066
616,21.1605,420994533,140331511,206732558,42050502,722037,136,420994533,1683978132,841989066
617,20.8861,420994533,140331511,206732558,42012556,722037,136,420994533,1683978132,841989066
618,20.8664,420994533,140331511,206732558,42041151,722037,136,420994533,1683978132,841989066
619,21.2807,420994533,140331511,206732558,42052073,722037,136,420994533,1683978132,841989066
620,20.9871,420994533,140331511,206732558,42013190,722037,136,420994533,1683978132,841989066
621,20.9458,420994533,140331511,206732558,42046546,722037,136,420994533,1683978132,841989066
622,20.9304,420994533,140331511,206732558,42040219,722037,136,420994533,1683978132,841989066
623,20.9269,420994533,140331511,206732558,42021805,722037,136,420994533,1683978132,841989066
624,20.9443,420994533,140331511,206732558,42044347,722037,136,420994533,1683978132,841989066
625,21.2719,420994533,140331511,206732558,42030666,722037,136,420994533,1683978132,841989066
626,20.9791,420994533,140331511,206732558,42033791,722037,136,420994533,1683978132,841989066
627,20.9369,420994533,140331511,206732558,42005544,722037,136,420994533,1683978132,841989066
628,21.469,420994533,140331511,206732558,42042787,722037,136,420994533,1683978132,841989066
629,20.8675,420994533,140331511,206732558,42004206,722037,136,420994533,1683978132,841989066
630,20.8703,420994533,140331511,206732558,42023722,722037,136,420994533,1683978132,841989066
631,20.8599,420994533,140331511,206732558,41983399,722037,136,420994533,1683978132,841989066
632,21.201,420994533,140331511,206732558,41968593,722037,136,420994533,1683978132,841989066
633,20.8985,420994533,140331511,206732558,41983589,722037,136,420994533,1683978132,841989066
634,20.8683,420994533,140331511,206732558,42056415,722037,136,420994533,1683978132,841989066
635,21.0583,420994533,140331511,206732558,42029030,722037,136,420994533,1683978132,841989066
636,20.868,420994533,140331511,206732558,42029826,722037,136,420994533,1683978132,841989066
637,20.9753,420994533,140331511,206732558,42018734,722037,136,420994533,1683978132,841989066
638,21.1506,420994533,140331511,206732558,41979113,722037,136,420994533,1683978132,841989066
639,20.9996,420994533,140331511,206732558,41967528,722037,136,420994533,1683978132,841989066
640,20.8594,420994533,140331511,206732558,42030254,722037,136,420994533,1683978132,841989066
641,21.0215,420994533,140331511,206732558,42031890,722037,136,420994533,1683978132,841989066
642,20.8691,420994533,140331511,206732558,42016301,722037,136,420994533,1683978132,841989066
643,20.902,420994533,140331511,206732558,42042325,722037,136,420994533,1683978132,841989066
644,21.2121,420994533,140331511,206732558,42037309,722037,136,420994533,1683978132,841989066
645,21.01,420994533,140331511,206732558,42093139,722037,136,420994533,1683978132,841989066
646,20.8571,420994533,140331511,206732558,42032638,722037,136,420994533,1683978132,841989066
647,21.2858,420994533,140331511,206732558,42027953,722037,136,420994533,1683978132,841989066
648,20.9978,420994533,140331511,206732558,42019692,722037,136,420994533,1683978132,841989066
649,20.9862,420994533,140331511,206732558,42006160,722037,136,420994533,1683978132,841989066
650,21.3186,420994533,140331511,206732558,42053205,722037,136,420994533,1683978132,841989066
651,20.9974,420994533,140331511,206732558,42057679,722037,136,420994533,1683978132,841989066
652,21.0058,420994533,140331511,206732558,42050809,722037,136,420994533,1683978132,841989066
653,21.3172,420994533,140331511,206732558,42090649,722037,136,420994533,1683978132,841989066
654,20.9889,420994533,140331511,206732558,41985387,722037,136,420994533,1683978132,841989066
655,20.9371,420994533,140331511,206732558,42044300,722037,136,420994533,1683978132,841989066
656,21.1915,420994533,140331511,206732558,42064139,722037,136,420994533,1683978132,841989066
657,20.9964,420994533,140331511,206732558,41985428,722037,136,420994533,1683978132,841989066
658,20.8606,420994533,140331511,206732558,42025689,722037,136,420994533,1683978132,841989066
659,21.3111,420994533,140331511,206732558,42038535,722037,136,420994533,1683978132,841989066
660,20.9882,420994533,140331511,206732558,42010782,722037,136,420994533,1683978132,841989066
661,20.8953,420994533,140331511,206732558,41981326,722037,136,420994533,1683978132,841989066
662,21.3693,420994533,140331511,206732558,42113136,722037,136,420994533,1683978132,841989066
663,20.9972,420994533,140331511,206732558,42034800,722037,136,420994533,1683978132,841989066
664,20.8756,420994533,140331511,206732558,42080147,722037,136,420994533,1683978132,841989066
665,21.274,420994533,140331511,206732558,42008459,722037,136,420994533,1683978132,841989066
666,20.9939,420994533,140331511,206732558,42028814,722037,136,420994533,1683978132,841989066
667,20.9899,420994533,140331511,206732558,41994062,722037,136,420994533,1683978132,841989066
668,20.9501,420994533,140331511,206732558,42027412,722037,136,420994533,1683978132,841989066
669,20.9828,420994533,140331511,206732558,41967406,722037,136,420994533,1683978132,841989066
670,20.9313,420994533,140331511,206732558,42002152,722037,136,420994533,1683978132,841989066
671,21.1884,420994533,140331511,206732558,41984180,722037,136,420994533,1683978132,841989066
672,20.9059,420994533,140331511,206732558,42592176,722037,136,420994533,1683978132,841989066
673,20.8812,420994533,140331511,206732558,41988296,722037,136,420994533,1683978132,841989066
674,20.8546,420994533,140331511,206732558,42041381,722037,136,420994533,1683978132,841989066
675,21.208,420994533,140331511,206732558,42028261,722037,136,420994533,1683978132,841989066
676,20.8651,420994533,140331511,206732558,41999441,722037,136,420994533,1683978132,841989066
677,21.0072,420994533,140331511,206732558,42046190,722037,136,420994533,1683978132,841989066
678,20.9291,420994533,140331511,206732558,42073788,722037,136,420994533,1683978132,841989066
679,20.8856,420994533,140331511,206732558,42047297,722037,136,420994533,1683978132,841989066
680,21.1993,420994533,140331511,206732558,42078725,722037,136,420994533,1683978132,841989066
681,21.133,420994533,140331511,206732558,41996306,722037,136,420994533,1683978132,841989066
682,20.8511,420994533,140331511,206732558,42033800,722037,136,420994533,1683978132,841989066
683,20.9858,420994533,140331511,206732558,42025187,722037,136,420994533,1683978132,841989066
684,21.1738,420994533,140331511,206732558,42025304,722037,136,420994533,1683978132,841989066
685,20.9937,420994533,140331511,206732558,41999356,722037,136,420994533,1683978132,841989066
686,20.898,420994533,140331511,206732558,42016729,722037,136,420994533,1683978132,841989066
687,20.9959,420994533,140331511,206732558,41994528,722037,136,420994533,1683978132,841989066
688,20.8864,420994533,140331511,206732558,42048069,722037,136,420994533,1683978132,841989066
689,20.9038,420994533,140331511,206732558,42064635,722037,136,420994533,1683978132,841989066
690,20.9966,420994533,140331511,206732558,42036325,722037,136,420994533,1683978132,841989066
691,20.8781,420994533,140331511,206732558,41998592,722037,136,420994533,1683978132,841989066
692,20.8738,420994533,140331511,206732558,42030349,722037,136,420994533,1683978132,841989066
693,21.2674,420994533,140331511,206732558,41988558,722037,136,420994533,1683978132,841989066
694,20.8907,420994533,140331511,206732558,42076555,722037,136,420994533,1683978132,841989066
695,20.8758,420994533,140331511,206732558,41995762,722037,136,420994533,1683978132,841989066
696,20.8599,420994533,140331511,206732558,41991158,722037,136,420994533,1683978132,841989066
697,20.9818,420994533,140331511,206732558,42042649,722037,136,420994533,1683978132,841989066
698,20.9862,420994533,140331511,206732558,42036507,722037,136,420994533,1683978132,841989066
699,21.0448,420994533,140331511,206732558,41995061,722037,136,420994533,1683978132,841989066
700,20.8598,420994533,140331511,206732558,42073360,722037,136,420994533,1683978132,841989066
701,20.995,420994533,140331511,206732558,42008433,722037,136,420994533,1683978132,841989066
702,21.046,420994533,140331511,206732558,42048797,722037,136,420994533,1683978132,841989066
703,20.8849,420994533,140331511,206732558,42008082,722037,136,420994533,1683978132,841989066
704,20.9017,420994533,140331511,206732558,42045468,722037,136,420994533,1683978132,841989066
705,21.4161,420994533,140331511,206732558,42043380,722037,136,420994533,1683978132,841989066
706,20.8649,420994533,140331511,206732558,42019722,722037,136,420994533,1683978132,841989066
707,20.9993,420994533,140331511,206732558,42056873,722037,136,420994533,1683978132,841989066
708,21.2112,420994533,140331511,206732558,42030226,722037,136,420994533,1683978132,841989066
709,20.9822,420994533,140331511,206732558,42010894,722037,136,420994533,1683978132,841989066
710,20.8705,420994533,140331511,206732558,41995825,722037,136,420994533,1683978132,841989066
711,21.3054,420994533,140331511,206732558,42005289,722037,136,420994533,1683978132,841989066
712,20.8674,420994533,140331511,206732558,42029784,722037,136,420994533,1683978132,841989066
713,20.8689,420994533,140331511,206732558,42025003,722037,136,420994533,1683978132,841989066
714,21.2914,420994533,140331511,206732558,42059571,722037,136,420994533,1683978132,841989066
715,20.9796,420994533,140331511,206732558,42063552,722037,136,420994533,1683978132,841989066
716,20.8978,420994533,140331511,206732558,42045942,722037,136,420994533,1683978132,841989066
717,21.3587,420994533,140331511,206732558,42040232,722037,136,420994533,1683978132,841989066
718,20.86,420994533,140331511,206732558,42038270,722037,136,420994533,1683978132,841989066
719,20.9521,420994533,140331511,206732558,41984180,722037,136,420994533,1683978132,841989066
720,21.1506,420994533,140331511,206732558,42091101,722037,136,420994533,1683978132,841989066
721,20.9869,420994533,140331511,206732558,41998944,722037,136,420994533,1683978132,841989066
722,20.8814,420994533,140331511,206732558,42031985,722037,136,420994533,1683978132,841989066
723,21.283,420994533,140331511,206732558,42025335,722037,136,420994533,1683978132,841989066
724,20.8728,420994533,140331511,206732558,42003461,722037,136,420994533,1683978132,841989066
725,20.8788,420994533,140331511,206732558,41996566,722037,136,420994533,1683978132,841989066
726,21.4229,420994533,140331511,206732558,41984038,722037,136,420994533,1683978132,841989066
727,20.9752,420994533,140331511,206732558,42053005,722037,136,420994533,1683978132,841989066
728,20.8776,420994533,140331511,206732558,42030012,722037,136,420994533,1683978132,841989066
729,21.2978,420994533,140331511,206732558,42486837,722037,136,420994533,1683978132,841989066
730,20.95,420994533,140331511,206732558,41999042,722037,136,420994533,1683978132,841989066
731,20.9052,420994533,140331511,206732558,42006646,722037,136,420994533,1683978132,841989066
732,20.999,420994533,140331511,206732558,42051184,722037,136,420994533,1683978132,841989066
733,20.9756,420994533,140331511,206732558,41992111,722037,136,420994533,1683978132,841989066
734,20.8764,420994533,140331511,206732558,42049180,722037,136,420994533,1683978132,841989066
735,20.9927,420994533,140331511,206732558,42100084,722037,136,420994533,1683978132,841989066
736,21.0236,420994533,140331511,206732558,42008856,722037,136,420994533,1683978132,841989066
737,20.8822,420994533,140331511,206732558,42083061,722037,136,420994533,1683978132,841989066
738,20.8756,420994533,140331511,206732558,42071908,722037,136,420994533,1683978132,841989066
739,21.0636,420994533,140331511,206732558,42016324,722037,136,420994533,1683978132,841989066
740,20.8721,420994533,140331511,206732558,41998401,722037,136,420994533,1683978132,841989066
741,20.8614,420994533,140331511,206732558,42003892,722037,136,420994533,1683978132,841989066
742,20.8688,420994533,140331511,206732558,42027418,722037,136,420994533,1683978132,841989066
743,20.9874,420994533,140331511,206732558,42002176,722037,136,420994533,1683978132,841989066
744,20.9917,420994533,140331511,206732558,42059838,722037,136,420994533,1683978132,841989066
745,21.1258,420994533,140331511,206732558,42044341,722037,136,420994533,1683978132,841989066
746,20.869,420994533,140331511,206732558,42021418,722037,136,420994533,1683978132,841989066
747,20.9258,420994533,140331511,206732558,41993072,722037,136,420994533,1683978132,841989066
748,21.124,420994533,140331511,206732558,42009981,722037,136,420994533,1683978132,841989066
749,20.9459,420994533,140331511,206732558,42020978,722037,136,420994533,1683978132,841989066
750,20.8636,420994533,140331511,206732558,42092411,722037,136,420994533,1683978132,841989066
751,21.0633,420994533,140331511,206732558,42043018,722037,136,420994533,1683978132,841989066
752,20.8758,420994533,140331511,206732558,41990027,722037,136,420994533,1683978132,841989066
753,20.8756,420994533,140331511,206732558,42073570,722037,136,420994533,1683978132,841989066
754,20.8953,420994533,140331511,206732558,42068277,722037,136,420994533,1683978132,841989066
755,20.8893,420994533,140331511,206732558,42033255,722037,136,420994533,1683978132,841989066
756,20.8686,420994533,140331511,206732558,42067196,722037,136,420994533,1683978132,841989066
757,21.0302,420994533,140331511,206732558,42041102,722037,136,420994533,1683978132,841989066
758,20.8997,420994533,140331511,206732558,42022587,722037,136,420994533,1683978132,841989066
759,20.8907,420994533,140331511,206732558,42058258,722037,136,420994533,1683978132,841989066
760,21.0597,420994533,140331511,206732558,41999907,722037,136,420994533,1683978132,841989066
761,20.8618,420994533,140331511,206732558,42028973,722037,136,420994533,1683978132,841989066
762,20.9031,420994533,140331511,206732558,42050851,722037,136,420994533,1683978132,841989066
763,21.2332,420994533,140331511,206732558,42010952,722037,136,420994533,1683978132,841989066
764,20.8974,420994533,140331511,206732558,42018778,722037,136,420994533,1683978132,841989066
765,20.9041,420994533,140331511,206732558,42028590,722037,136,420994533,1683978132,841989066
766,21.4557,420994533,140331511,206732558,42008346,722037,136,420994533,1683978132,841989066
767,20.8643,420994533,140331511,206732558,41994249,722037,136,420994533,1683978132,841989066
768,20.898,420994533,140331511,206732558,42033037,722037,136,420994533,1683978132,841989066
769,21.1894,420994533,140331511,206732558,41966291,722037,136,420994533,1683978132,841989066
770,20.852,420994533,140331511,206732558,42027251,722037,136,420994533,1683978132,841989066
771,20.8676,420994533,140331511,206732558,41982705,722037,136,420994533,1683978132,841989066
772,21.1945,420994533,140331511,206732558,41987040,722037,136,420994533,1683978132,841989066
773,20.8684,420994533,140331511,206732558,42026107,722037,136,420994533,1683978132,841989066
774,20.8796,420994533,140331511,206732558,42033528,722037,136,420994533,1683978132,841989066
775,20.8908,420994533,140331511,206732558,42011693,722037,136,420994533,1683978132,841989066
776,21.0636,420994533,140331511,206732558,42007760,722037,136,420994533,1683978132,841989066
777,21.0063,420994533,140331511,206732558,42024377,722037,136,420994533,1683978132,841989066
778,20.8578,420994533,140331511,206732558,42005785,722037,136,420994533,1683978132,841989066
779,21.1498,420994533,140331511,206732558,42030449,722037,136,420994533,1683978132,841989066
780,21.0024,420994533,140331511,206732558,42006054,722037,136,420994533,1683978132,841989066
781,20.887,420994533,140331511,206732558,41948676,722037,136,420994533,1683978132,841989066
782,21.1559,420994533,140331511,206732558,42005589,722037,136,420994533,1683978132,841989066
783,20.9771,420994533,140331511,206732558,42011377,722037,136,420994533,1683978132,841989066
784,21.1957,420994533,140331511,206732558,42077752,722037,136,420994533,1683978132,841989066
785,21.0148,420994533,140331511,206732558,41940026,722037,136,420994533,1683978132,841989066
786,20.8937,420994533,140331511,206732558,42087826,722037,136,420994533,1683978132,841989066
787,20.8773,420994533,140331511,206732558,41982237,722037,136,420994533,1683978132,841989066
788,21.37,420994533,140331511,206732558,42014394,722037,136,420994533,1683978132,841989066
789,21.0716,420994533,140331511,206732558,42043688,722037,136,420994533,1683978132,841989066
790,21.0652,420994533,140331511,206732558,42019917,722037,136,420994533,1683978132,841989066
791,21.1744,420994533,140331511,206732558,41997762,722037,136,420994533,1683978132,841989066
792,20.8828,420994533,140331511,206732558,42016544,722037,136,420994533,1683978132,841989066
793,20.9876,420994533,140331511,206732558,42018925,722037,136,420994533,1683978132,841989066
794,21.2827,420994533,140331511,206732558,42039322,722037,136,420994533,1683978132,841989066
795,20.9948,420994533,140331511,206732558,41963885,722037,136,420994533,1683978132,841989066
796,20.8638,420994533,140331511,206732558,42094197,722037,136,420994533,1683978132,841989066
797,21.2929,420994533,140331511,206732558,41993618,722037,136,420994533,1683978132,841989066
798,20.8801,420994533,140331511,206732558,42036298,722037,136,420994533,1683978132,841989066
799,20.9813,420994533,140331511,206732558,42022742,722037,136,420994533,1683978132,841989066
800,21.3298,420994533,140331511,206732558,42056824,722037,136,420994533,1683978132,841989066
801,21.006,420994533,140331511,206732558,41954027,722037,136,420994533,1683978132,841989066
802,20.9933,420994533,140331511,206732558,42028312,722037,136,420994533,1683978132,841989066
803,21.3147,420994533,140331511,206732558,42020608,722037,136,420994533,1683978132,841989066
804,20.9864,420994533,140331511,206732558,42052228,722037,136,420994533,1683978132,841989066
805,20.862,420994533,140331511,206732558,42027525,722037,136,420994533,1683978132,841989066
806,21.184,420994533,140331511,206732558,41972235,722037,136,420994533,1683978132,841989066
807,21.0077,420994533,140331511,206732558,42581149,722037,136,420994533,1683978132,841989066
808,20.9631,420994533,140331511,206732558,42068205,722037,136,420994533,1683978132,841989066
809,21.381,420994533,140331511,206732558,42016347,722037,136,420994533,1683978132,841989066
810,20.9969,420994533,140331511,206732558,42021736,722037,136,420994533,1683978132,841989066
811,20.8876,420994533,140331511,206732558,41965629,722037,136,420994533,1683978132,841989066
812,21.0662,420994533,140331511,206732558,41994323,722037,136,420994533,1683978132,841989066
813,21.0473,420994533,140331511,206732558,41991866,722037,136,420994533,1683978132,841989066
814,20.9719,420994533,140331511,206732558,42058593,722037,136,420994533,1683978132,841989066
815,21.0654,420994533,140331511,206732558,42007598,722037,136,420994533,1683978132,841989066
816,21.1989,420994533,140331511,206732558,42053252,722037,136,420994533,1683978132,841989066
817,20.9604,420994533,140331511,206732558,42010502,722037,136,420994533,1683978132,841989066
818,21.2827,420994533,140331511,206732558,42018626,722037,136,420994533,1683978132,841989066
819,21.0559,420994533,140331511,206732558,42021005,722037,136,420994533,1683978132,841989066
820,20.8915,420994533,140331511,206732558,42046648,722037,136,420994533,1683978132,841989066
821,21.2051,420994533,140331511,206732558,42029160,722037,136,420994533,1683978132,841989066
822,20.9945,420994533,140331511,206732558,42071862,722037,136,420994533,1683978132,841989066
823,20.9695,420994533,140331511,206732558,42049615,722037,136,420994533,1683978132,841989066
824,20.9959,420994533,140331511,206732558,41993717,722037,136,420994533,1683978132,841989066
825,20.9947,420994533,140331511,206732558,41979298,722037,136,420994533,1683978132,841989066
826,20.8724,420994533,140331511,206732558,42026995,722037,136,420994533,1683978132,841989066
827,21.2754,420994533,140331511,206732558,42017447,722037,136,420994533,1683978132,841989066
828,21.1461,420994533,140331511,206732558,42021013,722037,136,420994533,1683978132,841989066
829,20.9883,420994533,140331511,206732558,42044667,722037,136,420994533,1683978132,841989066
830,21.1431,420994533,140331511,206732558,42025650,722037,136,420994533,1683978132,841989066
831,21.1358,420994533,140331511,206732558,42005168,722037,136,420994533,1683978132,841989066
832,20.978,420994533,140331511,206732558,42057726,722037,136,420994533,1683978132,841989066
833,21.1851,420994533,140331511,206732558,41989026,722037,136,420994533,1683978132,841989066
834,20.8911,420994533,140331511,206732558,41998741,722037,136,420994533,1683978132,841989066
835,20.8783,420994533,140331511,206732558,42033863,722037,136,420994533,1683978132,841989066
836,21.0001,420994533,140331511,206732558,42030865,722037,136,420994533,1683978132,841989066
837,20.8648,420994533,140331511,206732558,42062992,722037,136,420994533,1683978132,841989066
838,20.981,420994533,140331511,206732558,42038572,722037,136,420994533,1683978132,841989066
839,20.859,420994533,140331511,206732558,42060899,722037,136,420994533,1683978132,841989066
840,21.0146,420994533,140331511,206732558,42014067,722037,136,420994533,1683978132,841989066
841,20.9405,420994533,140331511,206732558,42014647,722037,136,420994533,1683978132,841989066
842,20.8615,420994533,140331511,206732558,42002750,722037,136,420994533,1683978132,841989066
843,20.9947,420994533,140331511,206732558,42005761,722037,136,420994533,1683978132,841989066
844,20.9309,420994533,140331511,206732558,42032300,722037,136,420994533,1683978132,841989066
845,20.9989,420994533,140331511,206732558,41992549,722037,136,420994533,1683978132,841989066
846,21.2356,420994533,140331511,206732558,42031023,722037,136,420994533,1683978132,841989066
847,20.9983,420994533,140331511,206732558,41953854,722037,136,420994533,1683978132,841989066
848,20.8779,420994533,140331511,206732558,42032479,722037,136,420994533,1683978132,841989066
849,21.214,420994533,140331511,206732558,41991721,722037,136,420994533,1683978132,841989066
850,20.9846,420994533,140331511,206732558,42029138,722037,136,420994533,1683978132,841989066
851,20.8676,420994533,140331511,206732558,42053955,722037,136,420994533,1683978132,841989066
852,21.1366,420994533,140331511,206732558,42029489,722037,136,420994533,1683978132,841989066
853,20.9322,420994533,140331511,206732558,42019785,722037,136,420994533,1683978132,841989066
854,21.0726,420994533,140331511,206732558,42017127,722037,136,420994533,1683978132,841989066
855,21.1439,420994533,140331511,206732558,42033978,722037,136,420994533,1683978132,841989066
856,20.89,420994533,140331511,206732558,42006364,722037,136,420994533,1683978132,841989066
857,20.9793,420994533,140331511,206732558,42022639,722037,136,420994533,1683978132,841989066
858,20.9959,420994533,140331511,206732558,42038565,722037,136,420994533,1683978132,841989066
859,20.9848,420994533,140331511,206732558,42013472,722037,136,420994533,1683978132,841989066
860,21.206,420994533,140331511,206732558,42076324,722037,136,420994533,1683978132,841989066
861,21.1301,420994533,140331511,206732558,42060521,722037,136,420994533,1683978132,841989066
862,20.93,420994533,140331511,206732558,42003351,722037,136,420994533,1683978132,841989066
863,20.9637,420994533,140331511,206732558,42029194,722037,136,420994533,1683978132,841989066
864,21.0804,420994533,140331511,206732558,42021481,722037,136,420994533,1683978132,841989066
865,20.9866,420994533,140331511,206732558,41958875,722037,136,420994533,1683978132,841989066
866,20.8914,420994533,140331511,206732558,41987821,722037,136,420994533,1683978132,841989066
867,21.1464,420994533,140331511,206732558,42010875,722037,136,420994533,1683978132,841989066
868,20.9943,420994533,140331511,206732558,42075413,722037,136,420994533,1683978132,841989066
869,21.2005,420994533,140331511,206732558,41965583,722037,136,420994533,1683978132,841989066
870,20.9871,420994533,140331511,206732558,42042396,722037,136,420994533,1683978132,841989066
871,20.9714,420994533,140331511,206732558,42039821,722037,136,420994533,1683978132,841989066
872,20.9587,420994533,140331511,206732558,42034629,722037,136,420994533,1683978132,841989066
873,21.155,420994533,140331511,206732558,41984117,722037,136,420994533,1683978132,841989066
874,20.9866,420994533,140331511,206732558,42009913,722037,136,420994533,1683978132,841989066
875,20.8848,420994533,140331511,206732558,42020393,722037,136,420994533,1683978132,841989066
876,20.8703,420994533,140331511,206732558,42037252,722037,136,420994533,1683978132,841989066
877,20.9227,420994533,140331511,206732558,42023971,722037,136,420994533,1683978132,841989066
878,21.2598,420994533,140331511,206732558,42058202,722037,136,420994533,1683978132,841989066
879,21.0603,420994533,140331511,206732558,41984842,722037,136,420994533,1683978132,841989066
880,20.9251,420994533,140331511,206732558,42018556,722037,136,420994533,1683978132,841989066
881,20.9531,420994533,140331511,206732558,42058005,722037,136,420994533,1683978132,841989066
882,21.1036,420994533,140331511,206732558,41988956,722037,136,420994533,1683978132,841989066
883,20.9912,420994533,140331511,206732558,42039560,722037,136,420994533,1683978132,841989066
884,20.8622,420994533,140331511,206732558,41983311,722037,136,420994533,1683978132,841989066
885,20.8968,420994533,140331511,206732558,42010593,722037,136,420994533,1683978132,841989066
886,20.8802,420994533,140331511,206732558,42063269,722037,136,420994533,1683978132,841989066
887,20.8956,420994533,140331511,206732558,41954086,722037,136,420994533,1683978132,841989066
888,20.5706,420994533,140331511,206732558,42039952,722037,136,420994533,1683978132,841989066
889,20.9633,420994533,140331511,206732558,42032674,722037,136,420994533,1683978132,841989066
890,20.9843,420994533,140331511,206732558,42017518,722037,136,420994533,1683978132,841989066
891,21.323,420994533,140331511,206732558,42056965,722037,136,420994533,1683978132,841989066
892,20.9009,420994533,140331511,206732558,41993256,722037,136,420994533,1683978132,841989066
893,21.0019,420994533,140331511,206732558,41981294,722037,136,420994533,1683978132,841989066
894,21.1916,420994533,140331511,206732558,42072069,722037,136,420994533,1683978132,841989066
895,20.9836,420994533,140331511,206732558,42033351,722037,136,420994533,1683978132,841989066
896,20.9888,420994533,140331511,206732558,42015660,722037,136,420994533,1683978132,841989066
897,21.346,420994533,140331511,206732558,42044307,722037,136,420994533,1683978132,841989066
898,20.8714,420994533,140331511,206732558,42036462,722037,136,420994533,1683978132,841989066
899,20.9621,420994533,140331511,206732558,42024263,722037,136,420994533,1683978132,841989066
900,21.348,420994533,140331511,206732558,42042717,722037,136,420994533,1683978132,841989066
901,20.9787,420994533,140331511,206732558,42047670,722037,136,420994533,1683978132,841989066
902,20.8678,420994533,140331511,206732558,42047744,722037,136,420994533,1683978132,841989066
903,21.223,420994533,140331511,206732558,42067860,722037,136,420994533,1683978132,841989066
904,20.9852,420994533,140331511,206732558,42058391,722037,136,420994533,1683978132,841989066
905,20.8819,420994533,140331511,206732558,42040523,722037,136,420994533,1683978132,841989066
906,21.1498,420994533,140331511,206732558,42072388,722037,136,420994533,1683978132,841989066
907,20.9334,420994533,140331511,206732558,41984090,722037,136,420994533,1683978132,841989066
908,20.9974,420994533,140331511,206732558,42021234,722037,136,420994533,1683978132,841989066
909,20.9644,420994533,140331511,206732558,42024644,722037,136,420994533,1683978132,841989066
910,21.1366,420994533,140331511,206732558,42046327,722037,136,420994533,1683978132,841989066
911,20.9819,420994533,140331511,206732558,42013588,722037,136,420994533,1683978132,841989066
912,20.887,420994533,140331511,206732558,42021351,722037,136,420994533,1683978132,841989066
913,21.2027,420994533,140331511,206732558,41989772,722037,136,420994533,1683978132,841989066
914,20.8954,420994533,140331511,206732558,42040764,722037,136,420994533,1683978132,841989066
915,20.8751,420994533,140331511,206732558,41962633,722037,136,420994533,1683978132,841989066
916,21.278,420994533,140331511,206732558,42030234,722037,136,420994533,1683978132,841989066
917,20.8632,420994533,140331511,206732558,42062605,722037,136,420994533,1683978132,841989066
918,20.8899,420994533,140331511,206732558,42067234,722037,136,420994533,1683978132,841989066
919,21.2442,420994533,140331511,206732558,41970458,722037,136,420994533,1683978132,841989066
920,20.973,420994533,140331511,206732558,42015670,722037,136,420994533,1683978132,841989066
921,20.9695,420994533,140331511,206732558,41934519,722037,136,420994533,1683978132,841989066
922,21.2449,420994533,140331511,206732558,42007332,722037,136,420994533,1683978132,841989066
923,20.8633,420994533,140331511,206732558,42015919,722037,136,420994533,1683978132,841989066
924,20.8656,420994533,140331511,206732558,42030675,722037,136,420994533,1683978132,841989066
925,21.22,420994533,140331511,206732558,42039669,722037,136,420994533,1683978132,841989066
926,21.0208,420994533,140331511,206732558,41986613,722037,136,420994533,1683978132,841989066
927,20.8908,420994533,140331511,206732558,42035326,722037,136,420994533,1683978132,841989066
928,20.858,420994533,140331511,206732558,42012333,722037,136,420994533,1683978132,841989066
929,20.8556,420994533,140331511,206732558,42021855,722037,136,420994533,1683978132,841989066
930,20.9064,420994533,140331511,206732558,42021742,722037,136,420994533,1683978132,841989066
931,21.2251,420994533,140331511,206732558,42065029,722037,136,420994533,1683978132,841989066
932,20.8674,420994533,140331511,206732558,42045804,722037,136,420994533,1683978132,841989066
933,20.8628,420994533,140331511,206732558,42000733,722037,136,420994533,1683978132,841989066
934,21.0708,420994533,140331511,206732558,41974106,722037,136,420994533,1683978132,841989066
935,21.0504,420994533,140331511,206732558,41971421,722037,136,420994533,1683978132,841989066
936,20.8817,420994533,140331511,206732558,42031694,722037,136,420994533,1683978132,841989066
937,20.8835,420994533,140331511,206732558,42044162,722037,136,420994533,1683978132,841989066
938,21.3062,420994533,140331511,206732558,42028934,722037,136,420994533,1683978132,841989066
939,20.9375,420994533,140331511,206732558,42056231,722037,136,420994533,1683978132,841989066
940,21.0668,420994533,140331511,206732558,42019994,722037,136,420994533,1683978132,841989066
941,21.3679,420994533,140331511,206732558,42055377,722037,136,420994533,1683978132,841989066
942,20.8754,420994533,140331511,206732558,42032934,722037,136,420994533,1683978132,841989066
943,20.9884,420994533,140331511,206732558,42031472,722037,136,420994533,1683978132,841989066
944,21.2934,420994533,140331511,206732558,41988523,722037,136,420994533,1683978132,841989066
945,20.8604,420994533,140331511,206732558,41978336,722037,136,420994533,1683978132,841989066
946,20.8789,420994533,140331511,206732558,42019876,722037,136,420994533,1683978132,841989066
947,21.2229,420994533,140331511,206732558,41994617,722037,136,420994533,1683978132,841989066
948,20.8779,420994533,140331511,206732558,42076657,722037,136,420994533,1683978132,841989066
949,20.9447,420994533,140331511,206732558,42054230,722037,136,420994533,1683978132,841989066
950,21.3653,420994533,140331511,206732558,42012042,722037,136,420994533,1683978132,841989066
951,20.9582,420994533,140331511,206732558,42023834,722037,136,420994533,1683978132,841989066
952,20.998,420994533,140331511,206732558,42019286,722037,136,420994533,1683978132,841989066
953,21.4779,420994533,140331511,206732558,41990437,722037,136,420994533,1683978132,841989066
954,21.0183,420994533,140331511,206732558,42039484,722037,136,420994533,1683978132,841989066
955,20.9411,420994533,140331511,206732558,41967753,722037,136,420994533,1683978132,841989066
956,21.1829,420994533,140331511,206732558,42050787,722037,136,420994533,1683978132,841989066
957,20.8943,420994533,140331511,206732558,41999451,722037,136,420994533,1683978132,841989066
958,20.8692,420994533,140331511,206732558,42039164,722037,136,420994533,1683978132,841989066
959,20.9833,420994533,140331511,206732558,42053462,722037,136,420994533,1683978132,841989066
960,20.9949,420994533,140331511,206732558,42063110,722037,136,420994533,1683978132,841989066
961,20.8692,420994533,140331511,206732558,42025452,722037,136,420994533,1683978132,841989066
962,20.8705,420994533,140331511,206732558,42028358,722037,136,420994533,1683978132,841989066
963,21.2367,420994533,140331511,206732558,42089568,722037,136,420994533,1683978132,841989066
964,20.8555,420994533,140331511,206732558,42014386,722037,136,420994533,1683978132,841989066
965,20.8708,420994533,140331511,206732558,42015810,722037,136,420994533,1683978132,841989066
966,21.3292,420994533,140331511,206732558,42027069,722037,136,420994533,1683978132,841989066
967,20.9866,420994533,140331511,206732558,41956750,722037,136,420994533,1683978132,841989066
968,20.8734,420994533,140331511,206732558,41999571,722037,136,420994533,1683978132,841989066
969,21.2244,420994533,140331511,206732558,42003739,722037,136,420994533,1683978132,841989066
970,20.871,420994533,140331511,206732558,42059543,722037,136,420994533,1683978132,841989066
971,20.8684,420994533,140331511,206732558,42015503,722037,136,420994533,1683978132,841989066
972,21.1988,420994533,140331511,206732558,42052943,722037,136,420994533,1683978132,841989066
973,20.9758,420994533,140331511,206732558,41999786,722037,136,420994533,1683978132,841989066
974,20.9957,420994533,140331511,206732558,42046162,722037,136,420994533,1683978132,841989066
975,21.3242,420994533,140331511,206732558,42026469,722037,136,420994533,1683978132,841989066
976,20.9044,420994533,140331511,206732558,42056973,722037,136,420994533,1683978132,841989066
977,20.9028,420994533,140331511,206732558,41999711,722037,136,420994533,1683978132,841989066
978,20.9062,420994533,140331511,206732558,42052057,722037,136,420994533,1683978132,841989066
979,20.8628,420994533,140331511,206732558,41963870,722037,136,420994533,1683978132,841989066
980,20.8942,420994533,140331511,206732558,42045619,722037,136,420994533,1683978132,841989066
981,20.875,420994533,140331511,206732558,42008510,722037,136,420994533,1683978132,841989066
982,21.2964,420994533,140331511,206732558,42025459,722037,136,420994533,1683978132,841989066
983,20.9047,420994533,140331511,206732558,42040939,722037,136,420994533,1683978132,841989066
984,20.9087,420994533,140331511,206732558,42066775,722037,136,420994533,1683978132,841989066
985,21.2036,420994533,140331511,206732558,41953621,722037,136,420994533,1683978132,841989066
986,20.9831,420994533,140331511,206732558,42024620,722037,136,420994533,1683978132,841989066
987,20.9503,420994533,140331511,206732558,42094446,722037,136,420994533,1683978132,841989066
988,21.397,420994533,140331511,206732558,42019667,722037,136,420994533,1683978132,841989066
989,20.9835,420994533,140331511,206732558,42034733,722037,136,420994533,1683978132,841989066
990,20.9412,420994533,140331511,206732558,42017734,722037,136,420994533,1683978132,841989066
991,21.2508,420994533,140331511,206732558,41995797,722037,136,420994533,1683978132,841989066
992,20.9613,420994533,140331511,206732558,42001782,722037,136,420994533,1683978132,841989066
993,20.9971,420994533,140331511,206732558,42001770,722037,136,420994533,1683978132,841989066
994,21.1713,420994533,140331511,206732558,42043394,722037,136,420994533,1683978132,841989066
995,20.9831,420994533,140331511,206732558,42007717,722037,136,420994533,1683978132,841989066
996,20.9886,420994533,140331511,206732558,42046381,722037,136,420994533,1683978132,841989066
997,21.1814,420994533,140331511,206732558,42005481,722037,136,420994533,1683978132,841989066
998,20.8945,420994533,140331511,206732558,42115108,722037,136,420994533,1683978132,841989066
999,20.8703,420994533,140331511,206732558,41982134,722037,136,420994533,1683978132,841989066
1000,20.9595,420994533,140331511,206732558,42031528,722037,136,420994533,1683978132,841989066
1001,21.4203,420994533,140331511,206732558,42039790,722037,136,420994533,1683978132,841989066
1002,21.2027,420994533,140331511,206732558,42011557,722037,136,420994533,1683978132,841989066
1003,20.8907,420994533,140331511,206732558,41991526,722037,136,420994533,1683978132,841989066
1004,21.2071,420994533,140331511,206732558,41985141,722037,136,420994533,1683978132,841989066
1005,20.8785,420994533,140331511,206732558,42019364,722037,136,420994533,1683978132,841989066
1006,20.8903,420994533,140331511,206732558,42033835,722037,136,420994533,1683978132,841989066
1007,21.2317,420994533,140331511,206732558,42067256,722037,136,420994533,1683978132,841989066
1008,20.9397,420994533,140331511,206732558,42050130,722037,136,420994533,1683978132,841989066
1009,20.8613,420994533,140331511,206732558,41998782,722037,136,420994533,1683978132,841989066
1010,21.2609,420994533,140331511,206732558,42031582,722037,136,420994533,1683978132,841989066
1011,20.94,420994533,140331511,206732558,42030659,722037,136,420994533,1683978132,841989066
1012,20.9381,420994533,140331511,206732558,41987899,722037,136,420994533,1683978132,841989066
1013,21.2757,420994533,140331511,206732558,41983356,722037,136,420994533,1683978132,841989066
1014,20.9823,420994533,140331511,206732558,42050852,722037,136,420994533,1683978132,841989066
1015,20.8897,420994533,140331511,206732558,42024000,722037,136,420994533,1683978132,841989066
1016,20.8756,420994533,140331511,206732558,42043554,722037,136,420994533,1683978132,841989066
1017,21.1236,420994533,140331511,206732558,42038976,722037,136,420994533,1683978132,841989066
1018,20.8842,420994533,140331511,206732558,42013581,722037,136,420994533,1683978132,841989066
1019,20.8571,420994533,140331511,206732558,42002789,722037,136,420994533,1683978132,841989066
1020,21.3226,420994533,140331511,206732558,42060660,722037,136,420994533,1683978132,841989066
1021,20.9525,420994533,140331511,206732558,42011880,722037,136,420994533,1683978132,841989066
1022,20.9592,420994533,140331511,206732558,42008454,722037,136,420994533,1683978132,841989066
1023,21.3688,420994533,140331511,206732558,42016373,722037,136,420994533,1683978132,841989066
1024,20.8665,420994533,140331511,206732558,42024033,722037,136,420994533,1683978132,841989066
1025,20.8707,420994533,140331511,206732558,42530245,722037,136,420994533,1683978132,841989066
1026,21.2477,420994533,140331511,206732558,42006076,722037,136,420994533,1683978132,841989066
1027,20.8835,420994533,140331511,206732558,42026911,722037,136,420994533,1683978132,841989066
1028,20.9083,420994533,140331511,206732558,42036761,722037,136,420994533,1683978132,841989066
1029,21.2006,420994533,140331511,206732558,41986482,722037,136,420994533,1683978132,841989066
1030,20.8648,420994533,140331511,206732558,41980544,722037,136,420994533,1683978132,841989066
1031,20.9476,420994533,140331511,206732558,42022093,722037,136,420994533,1683978132,841989066
1032,21.2585,420994533,140331511,206732558,42068807,722037,136,420994533,1683978132,841989066
1033,20.9774,420994533,140331511,206732558,42054135,722037,136,420994533,1683978132,841989066
1034,20.8927,420994533,140331511,206732558,42086835,722037,136,420994533,1683978132,841989066
1035,20.8815,420994533,140331511,206732558,42031671,722037,136,420994533,1683978132,841989066
1036,20.8869,420994533,140331511,206732558,42063387,722037,136,420994533,1683978132,841989066
1037,20.9726,420994533,140331511,206732558,42037249,722037,136,420994533,1683978132,841989066
1038,20.9906,420994533,140331511,206732558,42009095,722037,136,420994533,1683978132,841989066
1039,21.2363,420994533,140331511,206732558,42004691,722037,136,420994533,1683978132,841989066
1040,20.8971,420994533,140331511,206732558,42014268,722037,136,420994533,1683978132,841989066
1041,20.9502,420994533,140331511,206732558,41973757,722037,136,420994533,1683978132,841989066
1042,21.2455,420994533,140331511,206732558,42010389,722037,136,420994533,1683978132,841989066
1043,21.0507,420994533,140331511,206732558,42011279,722037,136,420994533,1683978132,841989066
1044,20.8842,420994533,140331511,206732558,42045969,722037,136,420994533,1683978132,841989066
1045,21.3105,420994533,140331511,206732558,42073928,722037,136,420994533,1683978132,841989066
1046,20.9026,420994533,140331511,206732558,42050128,722037,136,420994533,1683978132,841989066
1047,20.8973,420994533,140331511,206732558,42008078,722037,136,420994533,1683978132,841989066
1048,21.1999,420994533,140331511,206732558,42036507,722037,136,420994533,1683978132,841989066
1049,20.9063,420994533,140331511,206732558,41971364,722037,136,420994533,1683978132,841989066
1050,20.9991,420994533,140331511,206732558,42051823,722037,136,420994533,1683978132,841989066
1051,21.2016,420994533,140331511,206732558,42007957,722037,136,420994533,1683978132,841989066
1052,21.0084,420994533,140331511,206732558,42025007,722037,136,420994533,1683978132,841989066
1053,20.9986,420994533,140331511,206732558,42025162,722037,136,420994533,1683978132,841989066
1054,21.3754,420994533,140331511,206732558,41961682,722037,136,420994533,1683978132,841989066
1055,20.8997,420994533,140331511,206732558,42001065,722037,136,420994533,1683978132,841989066
1056,20.8887,420994533,140331511,206732558,42031224,722037,136,420994533,1683978132,841989066
1057,20.8957,420994533,140331511,206732558,42056760,722037,136,420994533,1683978132,841989066
1058,21.1771,420994533,140331511,206732558,42036399,722037,136,420994533,1683978132,841989066
1059,20.9858,420994533,140331511,206732558,41976720,722037,136,420994533,1683978132,841989066
1060,20.896,420994533,140331511,206732558,42030693,722037,136,420994533,1683978132,841989066
1061,21.1977,420994533,140331511,206732558,42031812,722037,136,420994533,1683978132,841989066
1062,20.9495,420994533,140331511,206732558,42015929,722037,136,420994533,1683978132,841989066
1063,20.9791,420994533,140331511,206732558,42041999,722037,136,420994533,1683978132,841989066
1064,21.2493,420994533,140331511,206732558,42059615,722037,136,420994533,1683978132,841989066
1065,20.8779,420994533,140331511,206732558,41996736,722037,136,420994533,1683978132,841989066
1066,20.9483,420994533,140331511,206732558,42040158,722037,136,420994533,1683978132,841989066
1067,21.3322,420994533,140331511,206732558,41953860,722037,136,420994533,1683978132,841989066
1068,20.9534,420994533,140331511,206732558,42067901,722037,136,420994533,1683978132,841989066
1069,20.8673,420994533,140331511,206732558,42063167,722037,136,420994533,1683978132,841989066
1070,21.2453,420994533,140331511,206732558,42073446,722037,136,420994533,1683978132,841989066
1071,20.887,420994533,140331511,206732558,42561051,722037,136,420994533,1683978132,841989066
1072,20.9289,420994533,140331511,206732558,42030233,722037,136,420994533,1683978132,841989066
1073,20.9842,420994533,140331511,206732558,42040048,722037,136,420994533,1683978132,841989066
1074,21.0127,420994533,140331511,206732558,42045616,722037,136,420994533,1683978132,841989066
1075,20.8724,420994533,140331511,206732558,41988080,722037,136,420994533,1683978132,841989066
1076,20.8997,420994533,140331511,206732558,41978789,722037,136,420994533,1683978132,841989066
1077,21.1934,420994533,140331511,206732558,41997232,722037,136,420994533,1683978132,841989066
1078,20.8615,420994533,140331511,206732558,42082019,722037,136,420994533,1683978132,841989066
1079,20.8882,420994533,140331511,206732558,41990061,722037,136,420994533,1683978132,841989066
1080,21.1922,420994533,140331511,206732558,42042093,722037,136,420994533,1683978132,841989066
1081,20.8771,420994533,140331511,206732558,42010448,722037,136,420994533,1683978132,841989066
1082,20.9646,420994533,140331511,206732558,41979062,722037,136,420994533,1683978132,841989066
1083,21.2827,420994533,140331511,206732558,41986497,722037,136,420994533,1683978132,841989066
1084,20.9708,420994533,140331511,206732558,42010388,722037,136,420994533,1683978132,841989066
1085,20.9854,420994533,140331511,206732558,42022903,722037,136,420994533,1683978132,841989066
1086,21.3125,420994533,140331511,206732558,42013076,722037,136,420994533,1683978132,841989066
1087,20.9759,420994533,140331511,206732558,42047370,722037,136,420994533,1683978132,841989066
1088,20.9646,420994533,140331511,206732558,42068420,722037,136,420994533,1683978132,841989066
1089,21.226,420994533,140331511,206732558,42052597,722037,136,420994533,1683978132,841989066
1090,20.8953,420994533,140331511,206732558,42045571,722037,136,420994533,1683978132,841989066
1091,20.9059,420994533,140331511,206732558,42006176,722037,136,420994533,1683978132,841989066
1092,20.8773,420994533,140331511,206732558,42055849,722037,136,420994533,1683978132,841989066
1093,20.9335,420994533,140331511,206732558,42051974,722037,136,420994533,1683978132,841989066
1094,20.9803,420994533,140331511,206732558,42029939,722037,136,420994533,1683978132,841989066
1095,20.9576,420994533,140331511,206732558,42054141,722037,136,420994533,1683978132,841989066
1096,21.2421,420994533,140331511,206732558,42014617,722037,136,420994533,1683978132,841989066
1097,20.8685,420994533,140331511,206732558,42008706,722037,136,420994533,1683978132,841989066
1098,20.8679,420994533,140331511,206732558,42047131,722037,136,420994533,1683978132,841989066
1099,21.1608,420994533,140331511,206732558,41993431,722037,136,420994533,1683978132,841989066
1100,20.8718,420994533,140331511,206732558,42086895,722037,136,420994533,1683978132,841989066
1101,20.9852,420994533,140331511,206732558,42052025,722037,136,420994533,1683978132,841989066
1102,21.2907,420994533,140331511,206732558,41999583,722037,136,420994533,1683978132,841989066
1103,20.8638,420994533,140331511,206732558,42049367,722037,136,420994533,1683978132,841989066
1104,20.968,420994533,140331511,206732558,42013494,722037,136,420994533,1683978132,841989066
1105,21.271,420994533,140331511,206732558,41992612,722037,136,420994533,1683978132,841989066
1106,20.9829,420994533,140331511,206732558,42078916,722037,136,420994533,1683978132,841989066
1107,21.2007,420994533,140331511,206732558,42007044,722037,136,420994533,1683978132,841989066
1108,21.1592,420994533,140331511,206732558,42030509,722037,136,420994533,1683978132,841989066
1109,20.972,420994533,140331511,206732558,42058800,722037,136,420994533,1683978132,841989066
1110,20.976,420994533,140331511,206732558,42015646,722037,136,420994533,1683978132,841989066
1111,21.2859,420994533,140331511,206732558,42022340,722037,136,420994533,1683978132,841989066
1112,20.9837,420994533,140331511,206732558,42044885,722037,136,420994533,1683978132,841989066
1113,20.986,420994533,140331511,206732558,42055391,722037,136,420994533,1683978132,841989066
1114,21.3686,420994533,140331511,206732558,41976788,722037,136,420994533,1683978132,841989066
1115,21.0686,420994533,140331511,206732558,41986372,722037,136,420994533,1683978132,841989066
1116,20.8674,420994533,140331511,206732558,42024068,722037,136,420994533,1683978132,841989066
1117,20.8662,420994533,140331511,206732558,41990600,722037,136,420994533,1683978132,841989066
1118,20.8873,420994533,140331511,206732558,42084977,722037,136,420994533,1683978132,841989066
1119,20.9017,420994533,140331511,206732558,42078010,722037,136,420994533,1683978132,841989066
1120,20.8947,420994533,140331511,206732558,42046877,722037,136,420994533,1683978132,841989066
1121,21.3161,420994533,140331511,206732558,42029288,722037,136,420994533,1683978132,841989066
1122,20.9888,420994533,140331511,206732558,42057922,722037,136,420994533,1683978132,841989066
1123,20.9196,420994533,140331511,206732558,41964897,722037,136,420994533,1683978132,841989066
1124,21.2665,420994533,140331511,206732558,42041999,722037,136,420994533,1683978132,841989066
1125,20.9912,420994533,140331511,206732558,42531376,722037,136,420994533,1683978132,841989066
1126,20.8844,420994533,140331511,206732558,41986172,722037,136,420994533,1683978132,841989066
1127,21.2044,420994533,140331511,206732558,42019879,722037,136,420994533,1683978132,841989066
1128,20.873,420994533,140331511,206732558,42075499,722037,136,420994533,1683978132,841989066
1129,20.9809,420994533,140331511,206732558,42004836,722037,136,420994533,1683978132,841989066
1130,21.2354,420994533,140331511,206732558,42056629,722037,136,420994533,1683978132,841989066
1131,20.8996,420994533,140331511,206732558,42000491,722037,136,420994533,1683978132,841989066
1132,20.8567,420994533,140331511,206732558,42006450,722037,136,420994533,1683978132,841989066
1133,21.3435,420994533,140331511,206732558,42016223,722037,136,420994533,1683978132,841989066
1134,20.9647,420994533,140331511,206732558,42004876,722037,136,420994533,1683978132,841989066
1135,20.9473,420994533,140331511,206732558,41976597,722037,136,420994533,1683978132,841989066
1136,21.082,420994533,140331511,206732558,42070139,722037,136,420994533,1683978132,841989066
1137,20.9753,420994533,140331511,206732558,42026058,722037,136,420994533,1683978132,841989066
1138,20.8953,420994533,140331511,206732558,42014897,722037,136,420994533,1683978132,841989066
1139,20.8951,420994533,140331511,206732558,41957430,722037,136,420994533,1683978132,841989066
1140,20.589,420994533,140331511,206732558,42010844,722037,136,420994533,1683978132,841989066
1141,20.9013,420994533,140331511,206732558,41973701,722037,136,420994533,1683978132,841989066
1142,20.8799,420994533,140331511,206732558,42056769,722037,136,420994533,1683978132,841989066
1143,21.2569,420994533,140331511,206732558,42049759,722037,136,420994533,1683978132,841989066
1144,20.9697,420994533,140331511,206732558,42026679,722037,136,420994533,1683978132,841989066
1145,20.9452,420994533,140331511,206732558,42015734,722037,136,420994533,1683978132,841989066
1146,21.3237,420994533,140331511,206732558,42057402,722037,136,420994533,1683978132,841989066
1147,21.0523,420994533,140331511,206732558,41962807,722037,136,420994533,1683978132,841989066
1148,20.898,420994533,140331511,206732558,42051487,722037,136,420994533,1683978132,841989066
1149,21.1671,420994533,140331511,206732558,42051102,722037,136,420994533,1683978132,841989066
1150,20.9873,420994533,140331511,206732558,42069955,722037,136,420994533,1683978132,841989066
1151,20.8952,420994533,140331511,206732558,42034958,722037,136,420994533,1683978132,841989066
1152,21.1986,420994533,140331511,206732558,41997154,722037,136,420994533,1683978132,841989066
1153,20.8533,420994533,140331511,206732558,42082239,722037,136,420994533,1683978132,841989066
1154,20.9699,420994533,140331511,206732558,42044799,722037,136,420994533,1683978132,841989066
1155,21.2706,420994533,140331511,206732558,42035627,722037,136,420994533,1683978132,841989066
1156,21.0545,420994533,140331511,206732558,42086509,722037,136,420994533,1683978132,841989066
1157,20.9599,420994533,140331511,206732558,42043861,722037,136,420994533,1683978132,841989066
1158,20.9535,420994533,140331511,206732558,42012135,722037,136,420994533,1683978132,841989066
1159,20.6544,420994533,140331511,206732558,42011380,722037,136,420994533,1683978132,841989066
1160,21.0742,420994533,140331511,206732558,42047799,722037,136,420994533,1683978132,841989066
1161,20.996,420994533,140331511,206732558,42020851,722037,136,420994533,1683978132,841989066
1162,21.217,420994533,140331511,206732558,42044860,722037,136,420994533,1683978132,841989066
1163,21.0825,420994533,140331511,206732558,42020400,722037,136,420994533,1683978132,841989066
1164,21.0219,420994533,140331511,206732558,42044118,722037,136,420994533,1683978132,841989066
1165,20.9447,420994533,140331511,206732558,42048788,722037,136,420994533,1683978132,841989066
1166,20.8778,420994533,140331511,206732558,42040773,722037,136,420994533,1683978132,841989066
1167,20.866,420994533,140331511,206732558,42009485,722037,136,420994533,1683978132,841989066
1168,20.8574,420994533,140331511,206732558,42080907,722037,136,420994533,1683978132,841989066
1169,20.8906,420994533,140331511,206732558,42041739,722037,136,420994533,1683978132,841989066
1170,20.865,420994533,140331511,206732558,42050966,722037,136,420994533,1683978132,841989066
1171,21.3003,420994533,140331511,206732558,41989670,722037,136,420994533,1683978132,841989066
1172,20.8949,420994533,140331511,206732558,42033336,722037,136,420994533,1683978132,841989066
1173,20.9599,420994533,140331511,206732558,42034797,722037,136,420994533,1683978132,841989066
1174,21.3602,420994533,140331511,206732558,41973318,722037,136,420994533,1683978132,841989066
1175,20.9892,420994533,140331511,206732558,42053588,722037,136,420994533,1683978132,841989066
1176,20.9595,420994533,140331511,206732558,42041158,722037,136,420994533,1683978132,841989066
1177,21.2663,420994533,140331511,206732558,42030164,722037,136,420994533,1683978132,841989066
1178,21.0746,420994533,140331511,206732558,42046934,722037,136,420994533,1683978132,841989066
1179,20.9561,420994533,140331511,206732558,41998341,722037,136,420994533,1683978132,841989066
1180,21.3097,420994533,140331511,206732558,42000345,722037,136,420994533,1683978132,841989066
1181,20.9903,420994533,140331511,206732558,42035115,722037,136,420994533,1683978132,841989066
1182,20.9899,420994533,140331511,206732558,42038507,722037,136,420994533,1683978132,841989066
1183,21.2856,420994533,140331511,206732558,42032151,722037,136,420994533,1683978132,841989066
1184,20.9895,420994533,140331511,206732558,42021359,722037,136,420994533,1683978132,841989066
1185,20.9836,420994533,140331511,206732558,42062183,722037,136,420994533,1683978132,841989066
1186,21.235,420994533,140331511,206732558,42006210,722037,136,420994533,1683978132,841989066
1187,21.2923,420994533,140331511,206732558,42078246,722037,136,420994533,1683978132,841989066
1188,20.9686,420994533,140331511,206732558,42053853,722037,136,420994533,1683978132,841989066
1189,21.3774,420994533,140331511,206732558,42038562,722037,136,420994533,1683978132,841989066
1190,21.0744,420994533,140331511,206732558,42021851,722037,136,420994533,1683978132,841989066
1191,21.0905,420994533,140331511,206732558,42073775,722037,136,420994533,1683978132,841989066
1192,21.3028,420994533,140331511,206732558,42088631,722037,136,420994533,1683978132,841989066
1193,20.9937,420994533,140331511,206732558,41966933,722037,136,420994533,1683978132,841989066
1194,20.9504,420994533,140331511,206732558,42053704,722037,136,420994533,1683978132,841989066
1195,21.2788,420994533,140331511,206732558,42012250,722037,136,420994533,1683978132,841989066
1196,20.8982,420994533,140331511,206732558,42080643,722037,136,420994533,1683978132,841989066
1197,21.008,420994533,140331511,206732558,42017147,722037,136,420994533,1683978132,841989066
1198,21.2513,420994533,140331511,206732558,42040474,722037,136,420994533,1683978132,841989066
1199,20.8656,420994533,140331511,206732558,42040477,722037,136,420994533,1683978132,841989066
1200,20.8929,420994533,140331511,206732558,42092761,722037,136,420994533,1683978132,841989066
1201,21.2891,420994533,140331511,206732558,42075402,722037,136,420994533,1683978132,841989066
1202,21.0212,420994533,140331511,206732558,42042412,722037,136,420994533,1683978132,841989066
1203,21.0318,420994533,140331511,206732558,42030594,722037,136,420994533,1683978132,841989066
1204,20.9532,420994533,140331511,206732558,42075289,722037,136,420994533,1683978132,841989066
1205,21.1432,420994533,140331511,206732558,42047291,722037,136,420994533,1683978132,841989066
1206,20.88,420994533,140331511,206732558,41994209,722037,136,420994533,1683978132,841989066
1207,20.887,420994533,140331511,206732558,41975456,722037,136,420994533,1683978132,841989066
1208,20.991,420994533,140331511,206732558,42040189,722037,136,420994533,1683978132,841989066
1209,20.9611,420994533,140331511,206732558,41996461,722037,136,420994533,1683978132,841989066
1210,20.8909,420994533,140331511,206732558,42007729,722037,136,420994533,1683978132,841989066
1211,20.9489,420994533,140331511,206732558,42033189,722037,136,420994533,1683978132,841989066
1212,20.9541,420994533,140331511,206732558,42039954,722037,136,420994533,1683978132,841989066
1213,20.8782,420994533,140331511,206732558,42015563,722037,136,420994533,1683978132,841989066
1214,20.868,420994533,140331511,206732558,42047374,722037,136,420994533,1683978132,841989066
1215,20.9911,420994533,140331511,206732558,42003990,722037,136,420994533,1683978132,841989066
1216,21.1515,420994533,140331511,206732558,42089047,722037,136,420994533,1683978132,841989066
1217,20.9898,420994533,140331511,206732558,41962509,722037,136,420994533,1683978132,841989066
1218,20.8915,420994533,140331511,206732558,42076330,722037,136,420994533,1683978132,841989066
1219,20.8726,420994533,140331511,206732558,42045409,722037,136,420994533,1683978132,841989066
1220,21.3065,420994533,140331511,206732558,42059204,722037,136,420994533,1683978132,841989066
1221,20.9898,420994533,140331511,206732558,42110449,722037,136,420994533,1683978132,841989066
1222,21.0807,420994533,140331511,206732558,42027894,722037,136,420994533,1683978132,841989066
1223,21.3894,420994533,140331511,206732558,42000456,722037,136,420994533,1683978132,841989066
1224,20.9802,420994533,140331511,206732558,42031278,722037,136,420994533,1683978132,841989066
1225,21.0642,420994533,140331511,206732558,42018730,722037,136,420994533,1683978132,841989066
1226,21.2997,420994533,140331511,206732558,42025638,722037,136,420994533,1683978132,841989066
1227,20.9818,420994533,140331511,206732558,42053695,722037,136,420994533,1683978132,841989066
1228,20.9729,420994533,140331511,206732558,42060367,722037,136,420994533,1683978132,841989066
1229,21.308,420994533,140331511,206732558,42037060,722037,136,420994533,1683978132,841989066
1230,20.986,420994533,140331511,206732558,42086955,722037,136,420994533,1683978132,841989066
1231,20.9796,420994533,140331511,206732558,42063555,722037,136,420994533,1683978132,841989066
1232,21.3325,420994533,140331511,206732558,41993480,722037,136,420994533,1683978132,841989066
1233,20.9974,420994533,140331511,206732558,42011778,722037,136,420994533,1683978132,841989066
1234,20.9729,420994533,140331511,206732558,42085794,722037,136,420994533,1683978132,841989066
1235,21.27,420994533,140331511,206732558,42015420,722037,136,420994533,1683978132,841989066
1236,20.9822,420994533,140331511,206732558,42040731,722037,136,420994533,1683978132,841989066
1237,20.9614,420994533,140331511,206732558,42033148,722037,136,420994533,1683978132,841989066
1238,21.2917,420994533,140331511,206732558,42061010,722037,136,420994533,1683978132,841989066
1239,20.9892,420994533,140331511,206732558,42023497,722037,136,420994533,1683978132,841989066
1240,20.9831,420994533,140331511,206732558,42032582,722037,136,420994533,1683978132,841989066
1241,20.9893,420994533,140331511,206732558,42014987,722037,136,420994533,1683978132,841989066
1242,21.0006,420994533,140331511,206732558,42011899,722037,136,420994533,1683978132,841989066
1243,20.9733,420994533,140331511,206732558,42024255,722037,136,420994533,1683978132,841989066
1244,20.9942,420994533,140331511,206732558,42018015,722037,136,420994533,1683978132,841989066
1245,21.3276,420994533,140331511,206732558,42024197,722037,136,420994533,1683978132,841989066
1246,20.9456,420994533,140331511,206732558,42042877,722037,136,420994533,1683978132,841989066
1247,20.984,420994533,140331511,206732558,42035562,722037,136,420994533,1683978132,841989066
1248,21.3203,420994533,140331511,206732558,41972783,722037,136,420994533,1683978132,841989066
1249,20.9629,420994533,140331511,206732558,41992438,722037,136,420994533,1683978132,841989066
1250,20.9858,420994533,140331511,206732558,41975688,722037,136,420994533,1683978132,841989066
1251,21.319,420994533,140331511,206732558,42031235,722037,136,420994533,1683978132,841989066
1252,20.9747,420994533,140331511,206732558,42004410,722037,136,420994533,1683978132,841989066
1253,20.9788,420994533,140331511,206732558,42083890,722037,136,420994533,1683978132,841989066
1254,21.316,420994533,140331511,206732558,42043756,722037,136,420994533,1683978132,841989066
1255,20.9812,420994533,140331511,206732558,42023464,722037,136,420994533,1683978132,841989066
1256,20.9942,420994533,140331511,206732558,42036766,722037,136,420994533,1683978132,841989066
1257,21.4128,420994533,140331511,206732558,42018255,722037,136,420994533,1683978132,841989066
1258,20.9766,420994533,140331511,206732558,42089623,722037,136,420994533,1683978132,841989066
1259,20.9818,420994533,140331511,206732558,41993418,722037,136,420994533,1683978132,841989066
1260,21.2312,420994533,140331511,206732558,42029504,722037,136,420994533,1683978132,841989066
1261,21.167,420994533,140331511,206732558,42007860,722037,136,420994533,1683978132,841989066
1262,21.0339,420994533,140331511,206732558,42007849,722037,136,420994533,1683978132,841989066
1263,20.9874,420994533,140331511,206732558,42024368,722037,136,420994533,1683978132,841989066
1264,20.9454,420994533,140331511,206732558,42023745,722037,136,420994533,1683978132,841989066
1265,20.9727,420994533,140331511,206732558,42064834,722037,136,420994533,1683978132,841989066
1266,21.0249,420994533,140331511,206732558,42018726,722037,136,420994533,1683978132,841989066
1267,21.2812,420994533,140331511,206732558,42017427,722037,136,420994533,1683978132,841989066
1268,20.9864,420994533,140331511,206732558,42067045,722037,136,420994533,1683978132,841989066
1269,21.0045,420994533,140331511,206732558,42049561,722037,136,420994533,1683978132,841989066
1270,21.279,420994533,140331511,206732558,42026009,722037,136,420994533,1683978132,841989066
1271,20.9648,420994533,140331511,206732558,42006479,722037,136,420994533,1683978132,841989066
1272,20.9853,420994533,140331511,206732558,41978558,722037,136,420994533,1683978132,841989066
1273,21.3775,420994533,140331511,206732558,42517087,722037,136,420994533,1683978132,841989066
1274,20.9601,420994533,140331511,206732558,42075239,722037,136,420994533,1683978132,841989066
1275,20.9825,420994533,140331511,206732558,41987218,722037,136,420994533,1683978132,841989066
1276,21.3046,420994533,140331511,206732558,42054638,722037,136,420994533,1683978132,841989066
1277,20.9817,420994533,140331511,206732558,41992297,722037,136,420994533,1683978132,841989066
1278,20.9771,420994533,140331511,206732558,41984417,722037,136,420994533,1683978132,841989066
1279,21.3006,420994533,140331511,206732558,42023632,722037,136,420994533,1683978132,841989066
1280,20.9678,420994533,140331511,206732558,42029280,722037,136,420994533,1683978132,841989066
1281,20.9844,420994533,140331511,206732558,42027201,722037,136,420994533,1683978132,841989066
1282,21.2629,420994533,140331511,206732558,42008598,722037,136,420994533,1683978132,841989066
1283,20.9405,420994533,140331511,206732558,41949277,722037,136,420994533,1683978132,841989066
1284,21.0768,420994533,140331511,206732558,42047669,722037,136,420994533,1683978132,841989066
1285,20.9522,420994533,140331511,206732558,42041814,722037,136,420994533,1683978132,841989066
1286,20.9543,420994533,140331511,206732558,42025898,722037,136,420994533,1683978132,841989066
1287,21.0313,420994533,140331511,206732558,41985193,722037,136,420994533,1683978132,841989066
1288,21.0852,420994533,140331511,206732558,42092147,722037,136,420994533,1683978132,841989066
1289,20.9619,420994533,140331511,206732558,42044969,722037,136,420994533,1683978132,841989066
1290,20.975,420994533,140331511,206732558,42037702,722037,136,420994533,1683978132,841989066
1291,20.9695,420994533,140331511,206732558,42059856,722037,136,420994533,1683978132,841989066
1292,21.3784,420994533,140331511,206732558,42032158,722037,136,420994533,1683978132,841989066
1293,21.0778,420994533,140331511,206732558,41951972,722037,136,420994533,1683978132,841989066
1294,21.0755,420994533,140331511,206732558,41985996,722037,136,420994533,1683978132,841989066
1295,21.3107,420994533,140331511,206732558,42064447,722037,136,420994533,1683978132,841989066
1296,20.975,420994533,140331511,206732558,42048818,722037,136,420994533,1683978132,841989066
1297,20.9483,420994533,140331511,206732558,42003552,722037,136,420994533,1683978132,841989066
1298,21.3084,420994533,140331511,206732558,42006882,722037,136,420994533,1683978132,841989066
1299,20.9886,420994533,140331511,206732558,42003975,722037,136,420994533,1683978132,841989066
1300,20.9526,420994533,140331511,206732558,42017953,722037,136,420994533,1683978132,841989066
1301,21.3192,420994533,140331511,206732558,42001416,722037,136,420994533,1683978132,841989066
1302,20.9819,420994533,140331511,206732558,41988979,722037,136,420994533,1683978132,841989066
1303,20.9731,420994533,140331511,206732558,41991673,722037,136,420994533,1683978132,841989066
1304,21.2857,420994533,140331511,206732558,42031956,722037,136,420994533,1683978132,841989066
1305,20.988,420994533,140331511,206732558,42008164,722037,136,420994533,1683978132,841989066
1306,20.9767,420994533,140331511,206732558,42035665,722037,136,420994533,1683978132,841989066
1307,21.2547,420994533,140331511,206732558,42021572,722037,136,420994533,1683978132,841989066
1308,20.9828,420994533,140331511,206732558,42006540,722037,136,420994533,1683978132,841989066
1309,20.9745,420994533,140331511,206732558,42060746,722037,136,420994533,1683978132,841989066
1310,21.3516,420994533,140331511,206732558,42003959,722037,136,420994533,1683978132,841989066
1311,21.0241,420994533,140331511,206732558,41991841,722037,136,420994533,1683978132,841989066
1312,20.9857,420994533,140331511,206732558,42024039,722037,136,420994533,1683978132,841989066
1313,20.9827,420994533,140331511,206732558,42031982,722037,136,420994533,1683978132,841989066
1314,21.0302,420994533,140331511,206732558,42069040,722037,136,420994533,1683978132,841989066
1315,20.9482,420994533,140331511,206732558,41980462,722037,136,420994533,1683978132,841989066
1316,20.9836,420994533,140331511,206732558,42034782,722037,136,420994533,1683978132,841989066
1317,20.9754,420994533,140331511,206732558,41978231,722037,136,420994533,1683978132,841989066
1318,20.9555,420994533,140331511,206732558,42024827,722037,136,420994533,1683978132,841989066
1319,21.0004,420994533,140331511,206732558,42035487,722037,136,420994533,1683978132,841989066
1320,20.9551,420994533,140331511,206732558,42021356,722037,136,420994533,1683978132,841989066
1321,20.9812,420994533,140331511,206732558,42034351,722037,136,420994533,1683978132,841989066
1322,21.0007,420994533,140331511,206732558,42065671,722037,136,420994533,1683978132,841989066
1323,20.997,420994533,140331511,206732558,42020508,722037,136,420994533,1683978132,841989066
1324,20.9779,420994533,140331511,206732558,41985106,722037,136,420994533,1683978132,841989066
1325,20.9812,420994533,140331511,206732558,42022410,722037,136,420994533,1683978132,841989066
1326,21.4088,420994533,140331511,206732558,42019887,722037,136,420994533,1683978132,841989066
1327,20.9795,420994533,140331511,206732558,42049277,722037,136,420994533,1683978132,841989066
1328,20.9809,420994533,140331511,206732558,42037889,722037,136,420994533,1683978132,841989066
1329,21.4118,420994533,140331511,206732558,41959287,722037,136,420994533,1683978132,841989066
1330,20.9499,420994533,140331511,206732558,42003137,722037,136,420994533,1683978132,841989066
