sample,gpu_forward_ms,ia_vertices,ia_primitives,vs_invocations,ps_invocations,visible_instances,active_mesh_lods,logical_indices,list_r32_bytes,list_r16_bytes
0,24.1751,420994533,140331511,234436786,41913916,722037,136,420994533,1683978132,841989066
1,24.1827,420994533,140331511,234436786,41920096,722037,136,420994533,1683978132,841989066
2,24.2374,420994533,140331511,234436786,41961745,722037,136,420994533,1683978132,841989066
3,24.4132,420994533,140331511,234436786,41920066,722037,136,420994533,1683978132,841989066
4,23.8884,420994533,140331511,234436786,42040339,722037,136,420994533,1683978132,841989066
5,23.5761,420994533,140331511,234436786,41974932,722037,136,420994533,1683978132,841989066
6,23.5881,420994533,140331511,234436786,41975447,722037,136,420994533,1683978132,841989066
7,23.6214,420994533,140331511,234436786,41997767,722037,136,420994533,1683978132,841989066
8,23.6396,420994533,140331511,234436786,42000054,722037,136,420994533,1683978132,841989066
9,23.8572,420994533,140331511,234436786,41966786,722037,136,420994533,1683978132,841989066
10,23.769,420994533,140331511,234436786,42031649,722037,136,420994533,1683978132,841989066
11,23.9099,420994533,140331511,234436786,41996288,722037,136,420994533,1683978132,841989066
12,23.9378,420994533,140331511,234436786,42030606,722037,136,420994533,1683978132,841989066
13,23.6479,420994533,140331511,234436786,42004819,722037,136,420994533,1683978132,841989066
14,23.7147,420994533,140331511,234436786,41934208,722037,136,420994533,1683978132,841989066
15,23.7353,420994533,140331511,234436786,41993823,722037,136,420994533,1683978132,841989066
16,23.9254,420994533,140331511,234436786,41986969,722037,136,420994533,1683978132,841989066
17,23.6521,420994533,140331511,234436786,42018891,722037,136,420994533,1683978132,841989066
18,23.6426,420994533,140331511,234436786,41991662,722037,136,420994533,1683978132,841989066
19,23.7694,420994533,140331511,234436786,42059722,722037,136,420994533,1683978132,841989066
20,23.8524,420994533,140331511,234436786,42001772,722037,136,420994533,1683978132,841989066
21,23.9364,420994533,140331511,234436786,42034022,722037,136,420994533,1683978132,841989066
22,23.6817,420994533,140331511,234436786,42040081,722037,136,420994533,1683978132,841989066
23,23.6733,420994533,140331511,234436786,41980546,722037,136,420994533,1683978132,841989066
24,23.9996,420994533,140331511,234436786,41999026,722037,136,420994533,1683978132,841989066
25,23.6667,420994533,140331511,234436786,41989768,722037,136,420994533,1683978132,841989066
26,23.6782,420994533,140331511,234436786,41985616,722037,136,420994533,1683978132,841989066
27,23.7955,420994533,140331511,234436786,42054999,722037,136,420994533,1683978132,841989066
28,23.8031,420994533,140331511,234436786,41984595,722037,136,420994533,1683978132,841989066
29,23.794,420994533,140331511,234436786,42028748,722037,136,420994533,1683978132,841989066
30,23.8118,420994533,140331511,234436786,42037912,722037,136,420994533,1683978132,841989066
31,23.9744,420994533,140331511,234436786,41987511,722037,136,420994533,1683978132,841989066
32,24.0907,420994533,140331511,234436786,41998664,722037,136,420994533,1683978132,841989066
33,23.6789,420994533,140331511,234436786,42041989,722037,136,420994533,1683978132,841989066
34,23.8865,420994533,140331511,234436786,42051782,722037,136,420994533,1683978132,841989066
35,23.9315,420994533,140331511,234436786,42018891,722037,136,420994533,1683978132,841989066
36,23.9622,420994533,140331511,234436786,42033613,722037,136,420994533,1683978132,841989066
37,23.7506,420994533,140331511,234436786,42015574,722037,136,420994533,1683978132,841989066
38,24.0143,420994533,140331511,234436786,42032460,722037,136,420994533,1683978132,841989066
39,23.8409,420994533,140331511,234436786,41992286,722037,136,420994533,1683978132,841989066
40,23.9581,420994533,140331511,234436786,42064947,722037,136,420994533,1683978132,841989066
41,23.7345,420994533,140331511,234436786,41967724,722037,136,420994533,1683978132,841989066
42,23.9383,420994533,140331511,234436786,41970891,722037,136,420994533,1683978132,841989066
43,23.7978,420994533,140331511,234436786,42561236,722037,136,420994533,1683978132,841989066
44,24.0948,420994533,140331511,234436786,42039848,722037,136,420994533,1683978132,841989066
45,23.7927,420994533,140331511,234436786,41991151,722037,136,420994533,1683978132,841989066
46,23.8291,420994533,140331511,234436786,42036879,722037,136,420994533,1683978132,841989066
47,23.7967,420994533,140331511,234436786,41973269,722037,136,420994533,1683978132,841989066
48,23.9742,420994533,140331511,234436786,41981124,722037,136,420994533,1683978132,841989066
49,23.789,420994533,140331511,234436786,41983312,722037,136,420994533,1683978132,841989066
50,24.1172,420994533,140331511,234436786,42041546,722037,136,420994533,1683978132,841989066
51,23.6888,420994533,140331511,234436786,42040002,722037,136,420994533,1683978132,841989066
52,24.033,420994533,140331511,234436786,41994811,722037,136,420994533,1683978132,841989066
53,23.7005,420994533,140331511,234436786,42009516,722037,136,420994533,1683978132,841989066
54,24.0206,420994533,140331511,234436786,42076176,722037,136,420994533,1683978132,841989066
55,23.7054,420994533,140331511,234436786,42025424,722037,136,420994533,1683978132,841989066
56,23.6667,420994533,140331511,234436786,41977179,722037,136,420994533,1683978132,841989066
57,23.6841,420994533,140331511,234436786,42037002,722037,136,420994533,1683978132,841989066
58,23.6996,420994533,140331511,234436786,42012702,722037,136,420994533,1683978132,841989066
59,23.6879,420994533,140331511,234436786,42046620,722037,136,420994533,1683978132,841989066
60,23.7534,420994533,140331511,234436786,42084443,722037,136,420994533,1683978132,841989066
61,23.8208,420994533,140331511,234436786,42022367,722037,136,420994533,1683978132,841989066
62,23.705,420994533,140331511,234436786,41999285,722037,136,420994533,1683978132,841989066
63,23.8517,420994533,140331511,234436786,41963808,722037,136,420994533,1683978132,841989066
64,23.6696,420994533,140331511,234436786,42072469,722037,136,420994533,1683978132,841989066
65,23.6696,420994533,140331511,234436786,42091766,722037,136,420994533,1683978132,841989066
66,23.6654,420994533,140331511,234436786,42033998,722037,136,420994533,1683978132,841989066
67,23.6693,420994533,140331511,234436786,42016819,722037,136,420994533,1683978132,841989066
68,23.973,420994533,140331511,234436786,42014228,722037,136,420994533,1683978132,841989066
69,23.6895,420994533,140331511,234436786,42015731,722037,136,420994533,1683978132,841989066
70,24.0873,420994533,140331511,234436786,42038654,722037,136,420994533,1683978132,841989066
71,23.7263,420994533,140331511,234436786,42035956,722037,136,420994533,1683978132,841989066
72,23.8822,420994533,140331511,234436786,42068370,722037,136,420994533,1683978132,841989066
73,23.9795,420994533,140331511,234436786,42010962,722037,136,420994533,1683978132,841989066
74,23.7045,420994533,140331511,234436786,42043067,722037,136,420994533,1683978132,841989066
75,23.9727,420994533,140331511,234436786,42009771,722037,136,420994533,1683978132,841989066
76,23.98,420994533,140331511,234436786,42005697,722037,136,420994533,1683978132,841989066
77,23.6951,420994533,140331511,234436786,42021297,722037,136,420994533,1683978132,841989066
78,24.0685,420994533,140331511,234436786,42000213,722037,136,420994533,1683978132,841989066
79,23.8507,420994533,140331511,234436786,42001905,722037,136,420994533,1683978132,841989066
80,23.9908,420994533,140331511,234436786,42013822,722037,136,420994533,1683978132,841989066
81,23.6846,420994533,140331511,234436786,42004354,722037,136,420994533,1683978132,841989066
82,23.6652,420994533,140331511,234436786,42004242,722037,136,420994533,1683978132,841989066
83,24.0449,420994533,140331511,234436786,41985737,722037,136,420994533,1683978132,841989066
84,23.6971,420994533,140331511,234436786,42022200,722037,136,420994533,1683978132,841989066
85,24.0313,420994533,140331511,234436786,42023892,722037,136,420994533,1683978132,841989066
86,23.6815,420994533,140331511,234436786,42007620,722037,136,420994533,1683978132,841989066
87,24.1032,420994533,140331511,234436786,42010174,722037,136,420994533,1683978132,841989066
88,23.7144,420994533,140331511,234436786,42021173,722037,136,420994533,1683978132,841989066
89,24.0793,420994533,140331511,234436786,42037402,722037,136,420994533,1683978132,841989066
90,23.7019,420994533,140331511,234436786,42008435,722037,136,420994533,1683978132,841989066
91,24.0215,420994533,140331511,234436786,42035529,722037,136,420994533,1683978132,841989066
92,23.6849,420994533,140331511,234436786,42044156,722037,136,420994533,1683978132,841989066
93,24.0154,420994533,140331511,234436786,42025058,722037,136,420994533,1683978132,841989066
94,23.7984,420994533,140331511,234436786,42058225,722037,136,420994533,1683978132,841989066
95,24.1904,420994533,140331511,234436786,41968716,722037,136,420994533,1683978132,841989066
96,23.7027,420994533,140331511,234436786,41990640,722037,136,420994533,1683978132,841989066
97,24.0137,420994533,140331511,234436786,41992562,722037,136,420994533,1683978132,841989066
98,23.6875,420994533,140331511,234436786,42070449,722037,136,420994533,1683978132,841989066
99,24.1576,420994533,140331511,234436786,42012406,722037,136,420994533,1683978132,841989066
100,23.7022,420994533,140331511,234436786,42010978,722037,136,420994533,1683978132,841989066
101,24.0551,420994533,140331511,234436786,41968188,722037,136,420994533,1683978132,841989066
102,23.7026,420994533,140331511,234436786,42032838,722037,136,420994533,1683978132,841989066
103,23.9948,420994533,140331511,234436786,42011917,722037,136,420994533,1683978132,841989066
104,23.6826,420994533,140331511,234436786,41978768,722037,136,420994533,1683978132,841989066
105,23.9947,420994533,140331511,234436786,42006430,722037,136,420994533,1683978132,841989066
106,23.7893,420994533,140331511,234436786,41930257,722037,136,420994533,1683978132,841989066
107,24.0105,420994533,140331511,234436786,42027822,722037,136,420994533,1683978132,841989066
108,23.701,420994533,140331511,234436786,41996471,722037,136,420994533,1683978132,841989066
109,23.9454,420994533,140331511,234436786,42008549,722037,136,420994533,1683978132,841989066
110,23.6828,420994533,140331511,234436786,41997910,722037,136,420994533,1683978132,841989066
111,23.9881,420994533,140331511,234436786,42011459,722037,136,420994533,1683978132,841989066
112,23.8202,420994533,140331511,234436786,42075484,722037,136,420994533,1683978132,841989066
113,24.154,420994533,140331511,234436786,42040921,722037,136,420994533,1683978132,841989066
114,23.678,420994533,140331511,234436786,41977389,722037,136,420994533,1683978132,841989066
115,23.9446,420994533,140331511,234436786,41973569,722037,136,420994533,1683978132,841989066
116,23.8096,420994533,140331511,234436786,41998963,722037,136,420994533,1683978132,841989066
117,24.0044,420994533,140331511,234436786,42508595,722037,136,420994533,1683978132,841989066
118,23.7984,420994533,140331511,234436786,42010204,722037,136,420994533,1683978132,841989066
119,24.007,420994533,140331511,234436786,41946938,722037,136,420994533,1683978132,841989066
120,23.6626,420994533,140331511,234436786,42047763,722037,136,420994533,1683978132,841989066
121,23.952,420994533,140331511,234436786,42008151,722037,136,420994533,1683978132,841989066
122,23.6942,420994533,140331511,234436786,42006818,722037,136,420994533,1683978132,841989066
123,23.9803,420994533,140331511,234436786,41992784,722037,136,420994533,1683978132,841989066
124,23.7887,420994533,140331511,234436786,42055820,722037,136,420994533,1683978132,841989066
125,24.0214,420994533,140331511,234436786,41981885,722037,136,420994533,1683978132,841989066
126,23.8036,420994533,140331511,234436786,42060755,722037,136,420994533,1683978132,841989066
127,24.0328,420994533,140331511,234436786,42018065,722037,136,420994533,1683978132,841989066
128,23.7533,420994533,140331511,234436786,42021429,722037,136,420994533,1683978132,841989066
129,24.0827,420994533,140331511,234436786,42011686,722037,136,420994533,1683978132,841989066
130,23.6734,420994533,140331511,234436786,41993269,722037,136,420994533,1683978132,841989066
131,23.8822,420994533,140331511,234436786,42016581,722037,136,420994533,1683978132,841989066
132,23.8025,420994533,140331511,234436786,41990706,722037,136,420994533,1683978132,841989066
133,24.1144,420994533,140331511,234436786,42005833,722037,136,420994533,1683978132,841989066
134,23.7969,420994533,140331511,234436786,42022397,722037,136,420994533,1683978132,841989066
135,23.9674,420994533,140331511,234436786,42026642,722037,136,420994533,1683978132,841989066
136,23.6754,420994533,140331511,234436786,42008367,722037,136,420994533,1683978132,841989066
137,23.9657,420994533,140331511,234436786,41997294,722037,136,420994533,1683978132,841989066
138,23.7908,420994533,140331511,234436786,42011488,722037,136,420994533,1683978132,841989066
139,24.0692,420994533,140331511,234436786,42051837,722037,136,420994533,1683978132,841989066
140,23.7983,420994533,140331511,234436786,42037805,722037,136,420994533,1683978132,841989066
141,23.9707,420994533,140331511,234436786,42058580,722037,136,420994533,1683978132,841989066
142,23.6976,420994533,140331511,234436786,41998521,722037,136,420994533,1683978132,841989066
143,24.1063,420994533,140331511,234436786,42020132,722037,136,420994533,1683978132,841989066
144,23.6981,420994533,140331511,234436786,42056687,722037,136,420994533,1683978132,841989066
145,23.9992,420994533,140331511,234436786,42580230,722037,136,420994533,1683978132,841989066
146,23.7067,420994533,140331511,234436786,42006021,722037,136,420994533,1683978132,841989066
147,23.6933,420994533,140331511,234436786,41977864,722037,136,420994533,1683978132,841989066
148,23.9488,420994533,140331511,234436786,42013583,722037,136,420994533,1683978132,841989066
149,23.9003,420994533,140331511,234436786,41995997,722037,136,420994533,1683978132,841989066
150,23.8662,420994533,140331511,234436786,42032454,722037,136,420994533,1683978132,841989066
151,23.6798,420994533,140331511,234436786,42060266,722037,136,420994533,1683978132,841989066
152,23.9726,420994533,140331511,234436786,41991679,722037,136,420994533,1683978132,841989066
153,24.0049,420994533,140331511,234436786,42018512,722037,136,420994533,1683978132,841989066
154,23.8039,420994533,140331511,234436786,42037128,722037,136,420994533,1683978132,841989066
155,24.0011,420994533,140331511,234436786,41996530,722037,136,420994533,1683978132,841989066
156,23.8236,420994533,140331511,234436786,41998340,722037,136,420994533,1683978132,841989066
157,24.0837,420994533,140331511,234436786,42041308,722037,136,420994533,1683978132,841989066
158,23.7009,420994533,140331511,234436786,42010540,722037,136,420994533,1683978132,841989066
159,24.0478,420994533,140331511,234436786,42025846,722037,136,420994533,1683978132,841989066
160,23.6703,420994533,140331511,234436786,42023889,722037,136,420994533,1683978132,841989066
161,23.9971,420994533,140331511,234436786,42031176,722037,136,420994533,1683978132,841989066
162,23.845,420994533,140331511,234436786,42085602,722037,136,420994533,1683978132,841989066
163,23.6778,420994533,140331511,234436786,41953541,722037,136,420994533,1683978132,841989066
164,23.8344,420994533,140331511,234436786,41987517,722037,136,420994533,1683978132,841989066
165,24.0894,420994533,140331511,234436786,42008272,722037,136,420994533,1683978132,841989066
166,23.7852,420994533,140331511,234436786,42057679,722037,136,420994533,1683978132,841989066
167,23.8803,420994533,140331511,234436786,41969404,722037,136,420994533,1683978132,841989066
168,23.6736,420994533,140331511,234436786,42008871,722037,136,420994533,1683978132,841989066
169,23.9923,420994533,140331511,234436786,42053725,722037,136,420994533,1683978132,841989066
170,23.955,420994533,140331511,234436786,42022017,722037,136,420994533,1683978132,841989066
171,23.8034,420994533,140331511,234436786,41994849,722037,136,420994533,1683978132,841989066
172,23.946,420994533,140331511,234436786,42062319,722037,136,420994533,1683978132,841989066
173,24.0116,420994533,140331511,234436786,42029698,722037,136,420994533,1683978132,841989066
174,23.6706,420994533,140331511,234436786,42025339,722037,136,420994533,1683978132,841989066
175,23.7932,420994533,140331511,234436786,42000881,722037,136,420994533,1683978132,841989066
176,23.7969,420994533,140331511,234436786,42008763,722037,136,420994533,1683978132,841989066
177,23.9781,420994533,140331511,234436786,41968349,722037,136,420994533,1683978132,841989066
178,23.6761,420994533,140331511,234436786,41956704,722037,136,420994533,1683978132,841989066
179,23.8714,420994533,140331511,234436786,42013386,722037,136,420994533,1683978132,841989066
180,23.8298,420994533,140331511,234436786,42015201,722037,136,420994533,1683978132,841989066
181,24.065,420994533,140331511,234436786,41972317,722037,136,420994533,1683978132,841989066
182,23.7933,420994533,140331511,234436786,41973377,722037,136,420994533,1683978132,841989066
183,23.9735,420994533,140331511,234436786,42016426,722037,136,420994533,1683978132,841989066
184,23.6725,420994533,140331511,234436786,42028089,722037,136,420994533,1683978132,841989066
185,23.9003,420994533,140331511,234436786,42007633,722037,136,420994533,1683978132,841989066
186,23.833,420994533,140331511,234436786,42002006,722037,136,420994533,1683978132,841989066
187,23.9514,420994533,140331511,234436786,41971292,722037,136,420994533,1683978132,841989066
188,23.7943,420994533,140331511,234436786,42064742,722037,136,420994533,1683978132,841989066
189,24.0813,420994533,140331511,234436786,42002000,722037,136,420994533,1683978132,841989066
190,23.6694,420994533,140331511,234436786,42019974,722037,136,420994533,1683978132,841989066
191,24.1001,420994533,140331511,234436786,42002604,722037,136,420994533,1683978132,841989066
192,23.6791,420994533,140331511,234436786,42005071,722037,136,420994533,1683978132,841989066
193,23.992,420994533,140331511,234436786,42001361,722037,136,420994533,1683978132,841989066
194,23.7751,420994533,140331511,234436786,42035829,722037,136,420994533,1683978132,841989066
195,23.9814,420994533,140331511,234436786,42052349,722037,136,420994533,1683978132,841989066
196,23.7915,420994533,140331511,234436786,42058983,722037,136,420994533,1683978132,841989066
197,23.9796,420994533,140331511,234436786,41995880,722037,136,420994533,1683978132,841989066
198,23.759,420994533,140331511,234436786,42049622,722037,136,420994533,1683978132,841989066
199,23.6836,420994533,140331511,234436786,42017345,722037,136,420994533,1683978132,841989066
200,23.6738,420994533,140331511,234436786,42037091,722037,136,420994533,1683978132,841989066
201,23.6936,420994533,140331511,234436786,41946199,722037,136,420994533,1683978132,841989066
202,23.7334,420994533,140331511,234436786,42027094,722037,136,420994533,1683978132,841989066
203,23.6884,420994533,140331511,234436786,42036801,722037,136,420994533,1683978132,841989066
204,23.7123,420994533,140331511,234436786,42067975,722037,136,420994533,1683978132,841989066
205,23.9857,420994533,140331511,234436786,41972196,722037,136,420994533,1683978132,841989066
206,23.7612,420994533,140331511,234436786,42021132,722037,136,420994533,1683978132,841989066
207,24.0278,420994533,140331511,234436786,42021752,722037,136,420994533,1683978132,841989066
208,23.6778,420994533,140331511,234436786,42043441,722037,136,420994533,1683978132,841989066
209,23.6615,420994533,140331511,234436786,42042033,722037,136,420994533,1683978132,841989066
210,23.7582,420994533,140331511,234436786,41995273,722037,136,420994533,1683978132,841989066
211,23.7184,420994533,140331511,234436786,42011586,722037,136,420994533,1683978132,841989066
212,23.8602,420994533,140331511,234436786,42062633,722037,136,420994533,1683978132,841989066
213,23.8003,420994533,140331511,234436786,42031997,722037,136,420994533,1683978132,841989066
214,23.8579,420994533,140331511,234436786,42006026,722037,136,420994533,1683978132,841989066
215,24.0115,420994533,140331511,234436786,42001032,722037,136,420994533,1683978132,841989066
216,23.7293,420994533,140331511,234436786,42004616,722037,136,420994533,1683978132,841989066
217,23.7954,420994533,140331511,234436786,41980081,722037,136,420994533,1683978132,841989066
218,23.9226,420994533,140331511,234436786,42017474,722037,136,420994533,1683978132,841989066
219,24.0062,420994533,140331511,234436786,42032618,722037,136,420994533,1683978132,841989066
220,23.8323,420994533,140331511,234436786,42023395,722037,136,420994533,1683978132,841989066
221,23.691,420994533,140331511,234436786,42002433,722037,136,420994533,1683978132,841989066
222,23.9058,420994533,140331511,234436786,41990331,722037,136,420994533,1683978132,841989066
223,23.7042,420994533,140331511,234436786,42029155,722037,136,420994533,1683978132,841989066
224,23.8574,420994533,140331511,234436786,42486996,722037,136,420994533,1683978132,841989066
225,23.8733,420994533,140331511,234436786,41988090,722037,136,420994533,1683978132,841989066
226,23.8774,420994533,140331511,234436786,42008589,722037,136,420994533,1683978132,841989066
227,23.6795,420994533,140331511,234436786,41993147,722037,136,420994533,1683978132,841989066
228,23.8385,420994533,140331511,234436786,42014708,722037,136,420994533,1683978132,841989066
229,23.9676,420994533,140331511,234436786,41989502,722037,136,420994533,1683978132,841989066
230,23.8665,420994533,140331511,234436786,42017899,722037,136,420994533,1683978132,841989066
231,24.0181,420994533,140331511,234436786,42001948,722037,136,420994533,1683978132,841989066
232,23.9633,420994533,140331511,234436786,42013965,722037,136,420994533,1683978132,841989066
233,24.0704,420994533,140331511,234436786,42051570,722037,136,420994533,1683978132,841989066
234,23.7471,420994533,140331511,234436786,42044329,722037,136,420994533,1683978132,841989066
235,23.7544,420994533,140331511,234436786,42040419,722037,136,420994533,1683978132,841989066
236,23.9377,420994533,140331511,234436786,42037372,722037,136,420994533,1683978132,841989066
237,23.9643,420994533,140331511,234436786,41981704,722037,136,420994533,1683978132,841989066
238,23.8566,420994533,140331511,234436786,42025141,722037,136,420994533,1683978132,841989066
239,23.8715,420994533,140331511,234436786,41988834,722037,136,420994533,1683978132,841989066
240,23.9644,420994533,140331511,234436786,42061807,722037,136,420994533,1683978132,841989066
241,23.8665,420994533,140331511,234436786,41951594,722037,136,420994533,1683978132,841989066
242,23.8898,420994533,140331511,234436786,42045523,722037,136,420994533,1683978132,841989066
243,23.688,420994533,140331511,234436786,42050391,722037,136,420994533,1683978132,841989066
244,23.9932,420994533,140331511,234436786,41982455,722037,136,420994533,1683978132,841989066
245,23.9943,420994533,140331511,234436786,41996269,722037,136,420994533,1683978132,841989066
246,24.0156,420994533,140331511,234436786,42057138,722037,136,420994533,1683978132,841989066
247,23.9714,420994533,140331511,234436786,42023366,722037,136,420994533,1683978132,841989066
248,23.8355,420994533,140331511,234436786,42009043,722037,136,420994533,1683978132,841989066
249,24.0735,420994533,140331511,234436786,42005380,722037,136,420994533,1683978132,841989066
250,23.8658,420994533,140331511,234436786,42007628,722037,136,420994533,1683978132,841989066
251,23.9677,420994533,140331511,234436786,42024129,722037,136,420994533,1683978132,841989066
252,23.7949,420994533,140331511,234436786,42007224,722037,136,420994533,1683978132,841989066
253,23.9636,420994533,140331511,234436786,42033849,722037,136,420994533,1683978132,841989066
254,23.8588,420994533,140331511,234436786,41999130,722037,136,420994533,1683978132,841989066
255,24.0192,420994533,140331511,234436786,42005680,722037,136,420994533,1683978132,841989066
256,23.7921,420994533,140331511,234436786,42040000,722037,136,420994533,1683978132,841989066
257,24.0005,420994533,140331511,234436786,41994784,722037,136,420994533,1683978132,841989066
258,23.7324,420994533,140331511,234436786,42020649,722037,136,420994533,1683978132,841989066
259,23.9645,420994533,140331511,234436786,42011295,722037,136,420994533,1683978132,841989066
260,23.6765,420994533,140331511,234436786,42078234,722037,136,420994533,1683978132,841989066
261,23.9971,420994533,140331511,234436786,41992503,722037,136,420994533,1683978132,841989066
262,24.0234,420994533,140331511,234436786,42524022,722037,136,420994533,1683978132,841989066
263,23.898,420994533,140331511,234436786,41970379,722037,136,420994533,1683978132,841989066
264,23.7973,420994533,140331511,234436786,42005493,722037,136,420994533,1683978132,841989066
265,23.8544,420994533,140331511,234436786,42026344,722037,136,420994533,1683978132,841989066
266,23.9996,420994533,140331511,234436786,42000776,722037,136,420994533,1683978132,841989066
267,24.0924,420994533,140331511,234436786,42042494,722037,136,420994533,1683978132,841989066
268,23.7989,420994533,140331511,234436786,42013465,722037,136,420994533,1683978132,841989066
269,23.9362,420994533,140331511,234436786,42003919,722037,136,420994533,1683978132,841989066
270,23.8499,420994533,140331511,234436786,42011485,722037,136,420994533,1683978132,841989066
271,24.0995,420994533,140331511,234436786,41990957,722037,136,420994533,1683978132,841989066
272,23.8065,420994533,140331511,234436786,41965268,722037,136,420994533,1683978132,841989066
273,23.968,420994533,140331511,234436786,41993706,722037,136,420994533,1683978132,841989066
274,23.7365,420994533,140331511,234436786,42012362,722037,136,420994533,1683978132,841989066
275,23.8707,420994533,140331511,234436786,41996302,722037,136,420994533,1683978132,841989066
276,23.9483,420994533,140331511,234436786,42026085,722037,136,420994533,1683978132,841989066
277,24.0104,420994533,140331511,234436786,42528121,722037,136,420994533,1683978132,841989066
278,23.9157,420994533,140331511,234436786,42003408,722037,136,420994533,1683978132,841989066
279,23.7387,420994533,140331511,234436786,41989752,722037,136,420994533,1683978132,841989066
280,23.6646,420994533,140331511,234436786,42031064,722037,136,420994533,1683978132,841989066
281,23.9484,420994533,140331511,234436786,42053741,722037,136,420994533,1683978132,841989066
282,23.8565,420994533,140331511,234436786,42020604,722037,136,420994533,1683978132,841989066
283,24.0011,420994533,140331511,234436786,42056483,722037,136,420994533,1683978132,841989066
284,23.8023,420994533,140331511,234436786,42028283,722037,136,420994533,1683978132,841989066
285,24.0808,420994533,140331511,234436786,41990385,722037,136,420994533,1683978132,841989066
286,23.8488,420994533,140331511,234436786,42013218,722037,136,420994533,1683978132,841989066
287,24.0921,420994533,140331511,234436786,42513313,722037,136,420994533,1683978132,841989066
288,23.7951,420994533,140331511,234436786,42040664,722037,136,420994533,1683978132,841989066
289,23.9652,420994533,140331511,234436786,42040780,722037,136,420994533,1683978132,841989066
290,23.739,420994533,140331511,234436786,41979956,722037,136,420994533,1683978132,841989066
291,24.1873,420994533,140331511,234436786,42018613,722037,136,420994533,1683978132,841989066
292,23.7917,420994533,140331511,234436786,42023705,722037,136,420994533,1683978132,841989066
293,24.0979,420994533,140331511,234436786,42002767,722037,136,420994533,1683978132,841989066
294,23.7513,420994533,140331511,234436786,42024614,722037,136,420994533,1683978132,841989066
295,24.0843,420994533,140331511,234436786,41997198,722037,136,420994533,1683978132,841989066
296,23.8007,420994533,140331511,234436786,42056607,722037,136,420994533,1683978132,841989066
297,24.1084,420994533,140331511,234436786,41985130,722037,136,420994533,1683978132,841989066
298,23.8553,420994533,140331511,234436786,42047821,722037,136,420994533,1683978132,841989066
299,24.095,420994533,140331511,234436786,42005406,722037,136,420994533,1683978132,841989066
300,23.6703,420994533,140331511,234436786,41972409,722037,136,420994533,1683978132,841989066
301,24.0817,420994533,140331511,234436786,42025325,722037,136,420994533,1683978132,841989066
302,23.8485,420994533,140331511,234436786,42034430,722037,136,420994533,1683978132,841989066
303,24.0958,420994533,140331511,234436786,42034491,722037,136,420994533,1683978132,841989066
304,23.7874,420994533,140331511,234436786,42015450,722037,136,420994533,1683978132,841989066
305,24.1988,420994533,140331511,234436786,42046560,722037,136,420994533,1683978132,841989066
306,23.7367,420994533,140331511,234436786,42039440,722037,136,420994533,1683978132,841989066
307,23.9912,420994533,140331511,234436786,42006122,722037,136,420994533,1683978132,841989066
308,23.7982,420994533,140331511,234436786,41970992,722037,136,420994533,1683978132,841989066
309,23.9956,420994533,140331511,234436786,42016037,722037,136,420994533,1683978132,841989066
310,24.0242,420994533,140331511,234436786,41980520,722037,136,420994533,1683978132,841989066
311,24.0873,420994533,140331511,234436786,42030011,722037,136,420994533,1683978132,841989066
312,23.68,420994533,140331511,234436786,42005007,722037,136,420994533,1683978132,841989066
313,24.0177,420994533,140331511,234436786,42039436,722037,136,420994533,1683978132,841989066
314,23.8839,420994533,140331511,234436786,42003051,722037,136,420994533,1683978132,841989066
315,24.0644,420994533,140331511,234436786,42024894,722037,136,420994533,1683978132,841989066
316,23.8003,420994533,140331511,234436786,42038479,722037,136,420994533,1683978132,841989066
317,23.9865,420994533,140331511,234436786,42005583,722037,136,420994533,1683978132,841989066
318,23.8616,420994533,140331511,234436786,42035845,722037,136,420994533,1683978132,841989066
319,24.0822,420994533,140331511,234436786,42023399,722037,136,420994533,1683978132,841989066
320,23.8013,420994533,140331511,234436786,42036442,722037,136,420994533,1683978132,841989066
321,24.1056,420994533,140331511,234436786,41991159,722037,136,420994533,1683978132,841989066
322,23.7232,420994533,140331511,234436786,42046142,722037,136,420994533,1683978132,841989066
323,23.9735,420994533,140331511,234436786,41997739,722037,136,420994533,1683978132,841989066
324,23.7827,420994533,140331511,234436786,42026853,722037,136,420994533,1683978132,841989066
325,23.9876,420994533,140331511,234436786,42002229,722037,136,420994533,1683978132,841989066
326,24.016,420994533,140331511,234436786,42026877,722037,136,420994533,1683978132,841989066
327,24.0222,420994533,140331511,234436786,42525030,722037,136,420994533,1683978132,841989066
328,23.8076,420994533,140331511,234436786,42018133,722037,136,420994533,1683978132,841989066
329,24.0887,420994533,140331511,234436786,42107071,722037,136,420994533,1683978132,841989066
330,23.807,420994533,140331511,234436786,42030444,722037,136,420994533,1683978132,841989066
331,24.0889,420994533,140331511,234436786,41986739,722037,136,420994533,1683978132,841989066
332,23.8441,420994533,140331511,234436786,42032107,722037,136,420994533,1683978132,841989066
333,23.9838,420994533,140331511,234436786,42048134,722037,136,420994533,1683978132,841989066
334,23.7605,420994533,140331511,234436786,42067183,722037,136,420994533,1683978132,841989066
335,24.0168,420994533,140331511,234436786,42056544,722037,136,420994533,1683978132,841989066
336,23.7974,420994533,140331511,234436786,42021510,722037,136,420994533,1683978132,841989066
337,24.1095,420994533,140331511,234436786,42039802,722037,136,420994533,1683978132,841989066
338,23.8571,420994533,140331511,234436786,42041181,722037,136,420994533,1683978132,841989066
339,23.7039,420994533,140331511,234436786,42023961,722037,136,420994533,1683978132,841989066
340,23.6758,420994533,140331511,234436786,42520974,722037,136,420994533,1683978132,841989066
341,23.7483,420994533,140331511,234436786,42021607,722037,136,420994533,1683978132,841989066
342,24.1456,420994533,140331511,234436786,42025361,722037,136,420994533,1683978132,841989066
343,23.6787,420994533,140331511,234436786,42047316,722037,136,420994533,1683978132,841989066
344,24.0007,420994533,140331511,234436786,42019441,722037,136,420994533,1683978132,841989066
345,23.6822,420994533,140331511,234436786,42017131,722037,136,420994533,1683978132,841989066
346,24.0752,420994533,140331511,234436786,42007189,722037,136,420994533,1683978132,841989066
347,23.7502,420994533,140331511,234436786,42025227,722037,136,420994533,1683978132,841989066
348,24.0759,420994533,140331511,234436786,42006928,722037,136,420994533,1683978132,841989066
349,23.7421,420994533,140331511,234436786,41963988,722037,136,420994533,1683978132,841989066
350,24.0324,420994533,140331511,234436786,42021192,722037,136,420994533,1683978132,841989066
351,23.7708,420994533,140331511,234436786,42029312,722037,136,420994533,1683978132,841989066
352,24.0387,420994533,140331511,234436786,42009283,722037,136,420994533,1683978132,841989066
353,23.8754,420994533,140331511,234436786,42107256,722037,136,420994533,1683978132,841989066
354,24.0475,420994533,140331511,234436786,42037584,722037,136,420994533,1683978132,841989066
355,23.748,420994533,140331511,234436786,42489244,722037,136,420994533,1683978132,841989066
356,24.1748,420994533,140331511,234436786,42017837,722037,136,420994533,1683978132,841989066
357,23.8608,420994533,140331511,234436786,42046485,722037,136,420994533,1683978132,841989066
358,24.1998,420994533,140331511,234436786,42020123,722037,136,420994533,1683978132,841989066
359,23.7691,420994533,140331511,234436786,42028633,722037,136,420994533,1683978132,841989066
360,24.0386,420994533,140331511,234436786,41954775,722037,136,420994533,1683978132,841989066
361,23.7685,420994533,140331511,234436786,42019259,722037,136,420994533,1683978132,841989066
362,24.1565,420994533,140331511,234436786,42009307,722037,136,420994533,1683978132,841989066
363,23.8176,420994533,140331511,234436786,42021672,722037,136,420994533,1683978132,841989066
364,23.9862,420994533,140331511,234436786,42067165,722037,136,420994533,1683978132,841989066
365,23.6772,420994533,140331511,234436786,42032786,722037,136,420994533,1683978132,841989066
366,24.0903,420994533,140331511,234436786,42002543,722037,136,420994533,1683978132,841989066
367,23.7472,420994533,140331511,234436786,41998350,722037,136,420994533,1683978132,841989066
368,24.1368,420994533,140331511,234436786,42028264,722037,136,420994533,1683978132,841989066
369,23.684,420994533,140331511,234436786,42020146,722037,136,420994533,1683978132,841989066
370,24.0182,420994533,140331511,234436786,42044762,722037,136,420994533,1683978132,841989066
371,23.78,420994533,140331511,234436786,41978729,722037,136,420994533,1683978132,841989066
372,24.0832,420994533,140331511,234436786,41990606,722037,136,420994533,1683978132,841989066
373,23.7495,420994533,140331511,234436786,42000271,722037,136,420994533,1683978132,841989066
374,24.0583,420994533,140331511,234436786,42025451,722037,136,420994533,1683978132,841989066
375,23.7373,420994533,140331511,234436786,41975002,722037,136,420994533,1683978132,841989066
376,24.0551,420994533,140331511,234436786,42012685,722037,136,420994533,1683978132,841989066
377,23.7607,420994533,140331511,234436786,42048768,722037,136,420994533,1683978132,841989066
378,24.0498,420994533,140331511,234436786,42017877,722037,136,420994533,1683978132,841989066
379,23.8698,420994533,140331511,234436786,42060638,722037,136,420994533,1683978132,841989066
380,24.1668,420994533,140331511,234436786,42012534,722037,136,420994533,1683978132,841989066
381,23.6727,420994533,140331511,234436786,42044057,722037,136,420994533,1683978132,841989066
382,24.0805,420994533,140331511,234436786,42002694,722037,136,420994533,1683978132,841989066
383,23.763,420994533,140331511,234436786,42017056,722037,136,420994533,1683978132,841989066
384,24.0534,420994533,140331511,234436786,41978492,722037,136,420994533,1683978132,841989066
385,23.6962,420994533,140331511,234436786,42077094,722037,136,420994533,1683978132,841989066
386,23.8765,420994533,140331511,234436786,42040631,722037,136,420994533,1683978132,841989066
387,23.4523,420994533,140331511,234436786,42016541,722037,136,420994533,1683978132,841989066
388,24.0497,420994533,140331511,234436786,42062907,722037,136,420994533,1683978132,841989066
389,23.7998,420994533,140331511,234436786,42026663,722037,136,420994533,1683978132,841989066
390,23.9471,420994533,140331511,234436786,41980396,722037,136,420994533,1683978132,841989066
391,23.7311,420994533,140331511,234436786,42011503,722037,136,420994533,1683978132,841989066
392,23.7815,420994533,140331511,234436786,42069337,722037,136,420994533,1683978132,841989066
393,23.7519,420994533,140331511,234436786,41994531,722037,136,420994533,1683978132,841989066
394,23.7543,420994533,140331511,234436786,42019021,722037,136,420994533,1683978132,841989066
395,23.7756,420994533,140331511,234436786,42060437,722037,136,420994533,1683978132,841989066
396,24.0792,420994533,140331511,234436786,42020224,722037,136,420994533,1683978132,841989066
397,23.9478,420994533,140331511,234436786,41964755,722037,136,420994533,1683978132,841989066
398,23.7549,420994533,140331511,234436786,41984852,722037,136,420994533,1683978132,841989066
399,23.8684,420994533,140331511,234436786,42030003,722037,136,420994533,1683978132,841989066
400,24.0672,420994533,140331511,234436786,41984901,722037,136,420994533,1683978132,841989066
401,23.744,420994533,140331511,234436786,42039267,722037,136,420994533,1683978132,841989066
402,23.8171,420994533,140331511,234436786,42043065,722037,136,420994533,1683978132,841989066
403,23.8978,420994533,140331511,234436786,42508301,722037,136,420994533,1683978132,841989066
404,24.1422,420994533,140331511,234436786,42038897,722037,136,420994533,1683978132,841989066
405,24.0087,420994533,140331511,234436786,42010852,722037,136,420994533,1683978132,841989066
406,23.8722,420994533,140331511,234436786,42025566,722037,136,420994533,1683978132,841989066
407,23.7424,420994533,140331511,234436786,41970703,722037,136,420994533,1683978132,841989066
408,24.0206,420994533,140331511,234436786,42023575,722037,136,420994533,1683978132,841989066
409,23.3964,420994533,140331511,234436786,42520420,722037,136,420994533,1683978132,841989066
410,24.0031,420994533,140331511,234436786,41965799,722037,136,420994533,1683978132,841989066
411,24.0183,420994533,140331511,234436786,41989933,722037,136,420994533,1683978132,841989066
412,24.0023,420994533,140331511,234436786,42003604,722037,136,420994533,1683978132,841989066
413,23.7484,420994533,140331511,234436786,42022010,722037,136,420994533,1683978132,841989066
414,24.0265,420994533,140331511,234436786,42030361,722037,136,420994533,1683978132,841989066
415,23.8613,420994533,140331511,234436786,42042083,722037,136,420994533,1683978132,841989066
416,24.0813,420994533,140331511,234436786,42050998,722037,136,420994533,1683978132,841989066
417,23.7055,420994533,140331511,234436786,42009418,722037,136,420994533,1683978132,841989066
418,24.0274,420994533,140331511,234436786,42029552,722037,136,420994533,1683978132,841989066
419,23.731,420994533,140331511,234436786,42036855,722037,136,420994533,1683978132,841989066
420,23.9621,420994533,140331511,234436786,42028281,722037,136,420994533,1683978132,841989066
421,23.7908,420994533,140331511,234436786,41979910,722037,136,420994533,1683978132,841989066
422,23.9624,420994533,140331511,234436786,42013631,722037,136,420994533,1683978132,841989066
423,23.8603,420994533,140331511,234436786,42042302,722037,136,420994533,1683978132,841989066
424,23.8787,420994533,140331511,234436786,42032681,722037,136,420994533,1683978132,841989066
425,23.873,420994533,140331511,234436786,42029505,722037,136,420994533,1683978132,841989066
426,24.018,420994533,140331511,234436786,42047316,722037,136,420994533,1683978132,841989066
427,23.928,420994533,140331511,234436786,42035771,722037,136,420994533,1683978132,841989066
428,24.045,420994533,140331511,234436786,42011170,722037,136,420994533,1683978132,841989066
429,23.9098,420994533,140331511,234436786,42012652,722037,136,420994533,1683978132,841989066
430,23.9529,420994533,140331511,234436786,42018277,722037,136,420994533,1683978132,841989066
431,23.9138,420994533,140331511,234436786,41999140,722037,136,420994533,1683978132,841989066
432,24.0771,420994533,140331511,234436786,41974131,722037,136,420994533,1683978132,841989066
433,24.0362,420994533,140331511,234436786,41985143,722037,136,420994533,1683978132,841989066
434,24.0747,420994533,140331511,234436786,41964454,722037,136,420994533,1683978132,841989066
435,24.0072,420994533,140331511,234436786,41989470,722037,136,420994533,1683978132,841989066
436,23.8959,420994533,140331511,234436786,42038905,722037,136,420994533,1683978132,841989066
437,23.8803,420994533,140331511,234436786,42008813,722037,136,420994533,1683978132,841989066
438,23.8968,420994533,140331511,234436786,41987384,722037,136,420994533,1683978132,841989066
439,23.9026,420994533,140331511,234436786,42063680,722037,136,420994533,1683978132,841989066
440,24.0786,420994533,140331511,234436786,42052118,722037,136,420994533,1683978132,841989066
441,23.7989,420994533,140331511,234436786,41989582,722037,136,420994533,1683978132,841989066
442,24.0795,420994533,140331511,234436786,41975476,722037,136,420994533,1683978132,841989066
443,23.7407,420994533,140331511,234436786,41987769,722037,136,420994533,1683978132,841989066
444,24.1256,420994533,140331511,234436786,42014037,722037,136,420994533,1683978132,841989066
445,23.7298,420994533,140331511,234436786,42006749,722037,136,420994533,1683978132,841989066
446,24.0344,420994533,140331511,234436786,42005329,722037,136,420994533,1683978132,841989066
447,23.74,420994533,140331511,234436786,41984025,722037,136,420994533,1683978132,841989066
448,24.0306,420994533,140331511,234436786,42020150,722037,136,420994533,1683978132,841989066
449,23.8843,420994533,140331511,234436786,42029924,722037,136,420994533,1683978132,841989066
450,23.8593,420994533,140331511,234436786,42001534,722037,136,420994533,1683978132,841989066
451,23.7437,420994533,140331511,234436786,42025834,722037,136,420994533,1683978132,841989066
452,23.748,420994533,140331511,234436786,42018232,722037,136,420994533,1683978132,841989066
453,23.7528,420994533,140331511,234436786,42016971,722037,136,420994533,1683978132,841989066
454,24.1334,420994533,140331511,234436786,41993587,722037,136,420994533,1683978132,841989066
455,24.0118,420994533,140331511,234436786,42022533,722037,136,420994533,1683978132,841989066
456,24.0346,420994533,140331511,234436786,42052278,722037,136,420994533,1683978132,841989066
457,23.7538,420994533,140331511,234436786,42002981,722037,136,420994533,1683978132,841989066
458,24.149,420994533,140331511,234436786,41993707,722037,136,420994533,1683978132,841989066
459,23.8607,420994533,140331511,234436786,41959164,722037,136,420994533,1683978132,841989066
460,24.0874,420994533,140331511,234436786,41993642,722037,136,420994533,1683978132,841989066
461,23.8158,420994533,140331511,234436786,42014950,722037,136,420994533,1683978132,841989066
462,24.1582,420994533,140331511,234436786,41959345,722037,136,420994533,1683978132,841989066
463,23.8803,420994533,140331511,234436786,42020205,722037,136,420994533,1683978132,841989066
464,24.196,420994533,140331511,234436786,41992864,722037,136,420994533,1683978132,841989066
465,23.8608,420994533,140331511,234436786,42081150,722037,136,420994533,1683978132,841989066
466,24.0444,420994533,140331511,234436786,42017276,722037,136,420994533,1683978132,841989066
467,23.7394,420994533,140331511,234436786,42022522,722037,136,420994533,1683978132,841989066
468,24.0282,420994533,140331511,234436786,42003610,722037,136,420994533,1683978132,841989066
469,23.744,420994533,140331511,234436786,42004008,722037,136,420994533,1683978132,841989066
470,24.1713,420994533,140331511,234436786,42052019,722037,136,420994533,1683978132,841989066
471,23.8287,420994533,140331511,234436786,42044875,722037,136,420994533,1683978132,841989066
472,24.1568,420994533,140331511,234436786,41994166,722037,136,420994533,1683978132,841989066
473,23.7772,420994533,140331511,234436786,42048023,722037,136,420994533,1683978132,841989066
474,24.0603,420994533,140331511,234436786,42017395,722037,136,420994533,1683978132,841989066
475,23.779,420994533,140331511,234436786,42037973,722037,136,420994533,1683978132,841989066
476,24.0589,420994533,140331511,234436786,42002539,722037,136,420994533,1683978132,841989066
477,23.7419,420994533,140331511,234436786,42042615,722037,136,420994533,1683978132,841989066
478,23.9022,420994533,140331511,234436786,42020071,722037,136,420994533,1683978132,841989066
479,23.7456,420994533,140331511,234436786,42025079,722037,136,420994533,1683978132,841989066
480,23.7788,420994533,140331511,234436786,41984233,722037,136,420994533,1683978132,841989066
481,23.7748,420994533,140331511,234436786,42047463,722037,136,420994533,1683978132,841989066
482,23.7393,420994533,140331511,234436786,41979531,722037,136,420994533,1683978132,841989066
483,24.0921,420994533,140331511,234436786,41963221,722037,136,420994533,1683978132,841989066
484,23.7745,420994533,140331511,234436786,42040539,722037,136,420994533,1683978132,841989066
485,24.0539,420994533,140331511,234436786,42518605,722037,136,420994533,1683978132,841989066
486,23.7261,420994533,140331511,234436786,42037505,722037,136,420994533,1683978132,841989066
487,24.0699,420994533,140331511,234436786,42028107,722037,136,420994533,1683978132,841989066
488,23.773,420994533,140331511,234436786,41940832,722037,136,420994533,1683978132,841989066
489,24.0712,420994533,140331511,234436786,42010236,722037,136,420994533,1683978132,841989066
490,23.7561,420994533,140331511,234436786,42010162,722037,136,420994533,1683978132,841989066
491,24.0753,420994533,140331511,234436786,42038427,722037,136,420994533,1683978132,841989066
492,23.776,420994533,140331511,234436786,42065571,722037,136,420994533,1683978132,841989066
493,24.079,420994533,140331511,234436786,42009338,722037,136,420994533,1683978132,841989066
494,23.767,420994533,140331511,234436786,42015366,722037,136,420994533,1683978132,841989066
495,24.1085,420994533,140331511,234436786,41981682,722037,136,420994533,1683978132,841989066
496,23.8378,420994533,140331511,234436786,42052018,722037,136,420994533,1683978132,841989066
497,24.1647,420994533,140331511,234436786,42014934,722037,136,420994533,1683978132,841989066
498,23.757,420994533,140331511,234436786,42027197,722037,136,420994533,1683978132,841989066
499,24.1617,420994533,140331511,234436786,41996275,722037,136,420994533,1683978132,841989066
500,23.7347,420994533,140331511,234436786,41962773,722037,136,420994533,1683978132,841989066
501,24.1671,420994533,140331511,234436786,42012302,722037,136,420994533,1683978132,841989066
502,23.8621,420994533,140331511,234436786,42038416,722037,136,420994533,1683978132,841989066
503,24.1626,420994533,140331511,234436786,42053136,722037,136,420994533,1683978132,841989066
504,23.8868,420994533,140331511,234436786,41982948,722037,136,420994533,1683978132,841989066
505,24.2183,420994533,140331511,234436786,42055749,722037,136,420994533,1683978132,841989066
506,23.7451,420994533,140331511,234436786,41958346,722037,136,420994533,1683978132,841989066
507,24.1646,420994533,140331511,234436786,41974914,722037,136,420994533,1683978132,841989066
508,23.8803,420994533,140331511,234436786,41997753,722037,136,420994533,1683978132,841989066
509,24.1711,420994533,140331511,234436786,41948106,722037,136,420994533,1683978132,841989066
510,23.741,420994533,140331511,234436786,41962869,722037,136,420994533,1683978132,841989066
511,24.2056,420994533,140331511,234436786,42014275,722037,136,420994533,1683978132,841989066
512,23.8735,420994533,140331511,234436786,42049357,722037,136,420994533,1683978132,841989066
513,24.1941,420994533,140331511,234436786,42015280,722037,136,420994533,1683978132,841989066
514,23.876,420994533,140331511,234436786,41955996,722037,136,420994533,1683978132,841989066
515,24.3033,420994533,140331511,234436786,42000453,722037,136,420994533,1683978132,841989066
516,23.7825,420994533,140331511,234436786,42007687,722037,136,420994533,1683978132,841989066
517,24.2209,420994533,140331511,234436786,42041307,722037,136,420994533,1683978132,841989066
518,23.8699,420994533,140331511,234436786,42056141,722037,136,420994533,1683978132,841989066
519,24.2307,420994533,140331511,234436786,42013521,722037,136,420994533,1683978132,841989066
520,23.7671,420994533,140331511,234436786,42039355,722037,136,420994533,1683978132,841989066
521,24.0797,420994533,140331511,234436786,42025936,722037,136,420994533,1683978132,841989066
522,23.8684,420994533,140331511,234436786,42009892,722037,136,420994533,1683978132,841989066
523,24.2058,420994533,140331511,234436786,42022057,722037,136,420994533,1683978132,841989066
524,23.8339,420994533,140331511,234436786,42001689,722037,136,420994533,1683978132,841989066
525,24.1686,420994533,140331511,234436786,41994513,722037,136,420994533,1683978132,841989066
526,23.745,420994533,140331511,234436786,42013086,722037,136,420994533,1683978132,841989066
527,24.1805,420994533,140331511,234436786,42017335,722037,136,420994533,1683978132,841989066
528,23.874,420994533,140331511,234436786,41995016,722037,136,420994533,1683978132,841989066
529,24.0535,420994533,140331511,234436786,42029256,722037,136,420994533,1683978132,841989066
530,23.7426,420994533,140331511,234436786,42006696,722037,136,420994533,1683978132,841989066
531,24.2843,420994533,140331511,234436786,41987886,722037,136,420994533,1683978132,841989066
532,23.7567,420994533,140331511,234436786,41969989,722037,136,420994533,1683978132,841989066
533,24.1835,420994533,140331511,234436786,42011322,722037,136,420994533,1683978132,841989066
534,23.8664,420994533,140331511,234436786,42013085,722037,136,420994533,1683978132,841989066
535,24.2445,420994533,140331511,234436786,42013139,722037,136,420994533,1683978132,841989066
536,23.742,420994533,140331511,234436786,42063787,722037,136,420994533,1683978132,841989066
537,24.0518,420994533,140331511,234436786,42005950,722037,136,420994533,1683978132,841989066
538,23.8897,420994533,140331511,234436786,42046677,722037,136,420994533,1683978132,841989066
539,24.2759,420994533,140331511,234436786,41997222,722037,136,420994533,1683978132,841989066
540,23.7771,420994533,140331511,234436786,42020988,722037,136,420994533,1683978132,841989066
541,24.0741,420994533,140331511,234436786,41966406,722037,136,420994533,1683978132,841989066
542,23.739,420994533,140331511,234436786,42023665,722037,136,420994533,1683978132,841989066
543,24.204,420994533,140331511,234436786,42047589,722037,136,420994533,1683978132,841989066
544,23.8754,420994533,140331511,234436786,41963680,722037,136,420994533,1683978132,841989066
545,24.0401,420994533,140331511,234436786,41997193,722037,136,420994533,1683978132,841989066
546,23.7631,420994533,140331511,234436786,41998922,722037,136,420994533,1683978132,841989066
547,24.1943,420994533,140331511,234436786,42024620,722037,136,420994533,1683978132,841989066
548,23.7506,420994533,140331511,234436786,42081929,722037,136,420994533,1683978132,841989066
549,24.1491,420994533,140331511,234436786,42036436,722037,136,420994533,1683978132,841989066
550,23.8605,420994533,140331511,234436786,41987307,722037,136,420994533,1683978132,841989066
551,24.1904,420994533,140331511,234436786,42010974,722037,136,420994533,1683978132,841989066
552,23.8891,420994533,140331511,234436786,42032103,722037,136,420994533,1683978132,841989066
553,23.9574,420994533,140331511,234436786,41999854,722037,136,420994533,1683978132,841989066
554,24.08,420994533,140331511,234436786,42015388,722037,136,420994533,1683978132,841989066
555,23.9647,420994533,140331511,234436786,41983558,722037,136,420994533,1683978132,841989066
556,23.872,420994533,140331511,234436786,42003462,722037,136,420994533,1683978132,841989066
557,24.0275,420994533,140331511,234436786,42007311,722037,136,420994533,1683978132,841989066
558,23.7471,420994533,140331511,234436786,41987365,722037,136,420994533,1683978132,841989066
559,23.748,420994533,140331511,234436786,42030220,722037,136,420994533,1683978132,841989066
560,23.7864,420994533,140331511,234436786,42013854,722037,136,420994533,1683978132,841989066
561,23.8573,420994533,140331511,234436786,42021134,722037,136,420994533,1683978132,841989066
562,24.0034,420994533,140331511,234436786,42012801,722037,136,420994533,1683978132,841989066
563,23.8839,420994533,140331511,234436786,42038566,722037,136,420994533,1683978132,841989066
564,24.0397,420994533,140331511,234436786,41964471,722037,136,420994533,1683978132,841989066
565,23.7501,420994533,140331511,234436786,42067299,722037,136,420994533,1683978132,841989066
566,23.7793,420994533,140331511,234436786,41975053,722037,136,420994533,1683978132,841989066
567,23.9183,420994533,140331511,234436786,41980097,722037,136,420994533,1683978132,841989066
568,23.7765,420994533,140331511,234436786,42035127,722037,136,420994533,1683978132,841989066
569,23.7692,420994533,140331511,234436786,42019434,722037,136,420994533,1683978132,841989066
570,23.7773,420994533,140331511,234436786,42015242,722037,136,420994533,1683978132,841989066
571,23.7806,420994533,140331511,234436786,42033248,722037,136,420994533,1683978132,841989066
572,23.768,420994533,140331511,234436786,42037730,722037,136,420994533,1683978132,841989066
573,23.7694,420994533,140331511,234436786,41996575,722037,136,420994533,1683978132,841989066
574,24.0285,420994533,140331511,234436786,42029389,722037,136,420994533,1683978132,841989066
575,23.7646,420994533,140331511,234436786,42042805,722037,136,420994533,1683978132,841989066
576,24.0463,420994533,140331511,234436786,42015717,722037,136,420994533,1683978132,841989066
577,23.7351,420994533,140331511,234436786,41985454,722037,136,420994533,1683978132,841989066
578,24.053,420994533,140331511,234436786,42025351,722037,136,420994533,1683978132,841989066
579,23.7737,420994533,140331511,234436786,42014386,722037,136,420994533,1683978132,841989066
580,24.1514,420994533,140331511,234436786,42029996,722037,136,420994533,1683978132,841989066
581,23.8643,420994533,140331511,234436786,41984033,722037,136,420994533,1683978132,841989066
582,24.1477,420994533,140331511,234436786,42010087,722037,136,420994533,1683978132,841989066
583,23.8643,420994533,140331511,234436786,42033978,722037,136,420994533,1683978132,841989066
584,24.0766,420994533,140331511,234436786,42031011,722037,136,420994533,1683978132,841989066
585,23.7442,420994533,140331511,234436786,42013966,722037,136,420994533,1683978132,841989066
586,23.8994,420994533,140331511,234436786,42044085,722037,136,420994533,1683978132,841989066
587,23.7465,420994533,140331511,234436786,42011712,722037,136,420994533,1683978132,841989066
588,23.8892,420994533,140331511,234436786,42022425,722037,136,420994533,1683978132,841989066
589,24.0866,420994533,140331511,234436786,41989885,722037,136,420994533,1683978132,841989066
590,23.7342,420994533,140331511,234436786,41987402,722037,136,420994533,1683978132,841989066
591,23.7578,420994533,140331511,234436786,42006360,722037,136,420994533,1683978132,841989066
592,24.0183,420994533,140331511,234436786,41993646,722037,136,420994533,1683978132,841989066
593,23.903,420994533,140331511,234436786,42085402,722037,136,420994533,1683978132,841989066
594,23.9772,420994533,140331511,234436786,42007717,722037,136,420994533,1683978132,841989066
595,23.917,420994533,140331511,234436786,42073842,722037,136,420994533,1683978132,841989066
596,23.9237,420994533,140331511,234436786,42013787,722037,136,420994533,1683978132,841989066
597,23.8613,420994533,140331511,234436786,42004409,722037,136,420994533,1683978132,841989066
598,23.8701,420994533,140331511,234436786,42013241,722037,136,420994533,1683978132,841989066
599,23.7736,420994533,140331511,234436786,42009151,722037,136,420994533,1683978132,841989066
600,24.097,420994533,140331511,234436786,42027470,722037,136,420994533,1683978132,841989066
601,23.7301,420994533,140331511,234436786,42004829,722037,136,420994533,1683978132,841989066
602,24.1511,420994533,140331511,234436786,42014273,722037,136,420994533,1683978132,841989066
603,23.7778,420994533,140331511,234436786,42056367,722037,136,420994533,1683978132,841989066
604,24.1625,420994533,140331511,234436786,41998289,722037,136,420994533,1683978132,841989066
605,23.7756,420994533,140331511,234436786,41983687,722037,136,420994533,1683978132,841989066
606,24.0893,420994533,140331511,234436786,42086309,722037,136,420994533,1683978132,841989066
607,23.8732,420994533,140331511,234436786,42036460,722037,136,420994533,1683978132,841989066
608,24.0773,420994533,140331511,234436786,42012113,722037,136,420994533,1683978132,841989066
609,23.7016,420994533,140331511,234436786,41995335,722037,136,420994533,1683978132,841989066
610,23.9328,420994533,140331511,234436786,42032214,722037,136,420994533,1683978132,841989066
611,23.7008,420994533,140331511,234436786,41977721,722037,136,420994533,1683978132,841989066
612,24.0036,420994533,140331511,234436786,41957434,722037,136,420994533,1683978132,841989066
613,23.6726,420994533,140331511,234436786,42012051,722037,136,420994533,1683978132,841989066
614,23.6982,420994533,140331511,234436786,42021095,722037,136,420994533,1683978132,841989066
615,23.7088,420994533,140331511,234436786,42567175,722037,136,420994533,1683978132,841989066
616,23.7034,420994533,140331511,234436786,42052496,722037,136,420994533,1683978132,841989066
617,23.7036,420994533,140331511,234436786,41991584,722037,136,420994533,1683978132,841989066
618,23.7085,420994533,140331511,234436786,42007816,722037,136,420994533,1683978132,841989066
619,23.7598,420994533,140331511,234436786,41985185,722037,136,420994533,1683978132,841989066
620,23.7777,420994533,140331511,234436786,42043377,722037,136,420994533,1683978132,841989066
621,23.78,420994533,140331511,234436786,42005265,722037,136,420994533,1683978132,841989066
622,23.7747,420994533,140331511,234436786,42006900,722037,136,420994533,1683978132,841989066
623,23.7554,420994533,140331511,234436786,42517067,722037,136,420994533,1683978132,841989066
624,23.7769,420994533,140331511,234436786,42040071,722037,136,420994533,1683978132,841989066
625,23.7838,420994533,140331511,234436786,42003399,722037,136,420994533,1683978132,841989066
626,23.7629,420994533,140331511,234436786,42001652,722037,136,420994533,1683978132,841989066
627,23.7788,420994533,140331511,234436786,42047506,722037,136,420994533,1683978132,841989066
628,23.7911,420994533,140331511,234436786,42031205,722037,136,420994533,1683978132,841989066
629,23.8612,420994533,140331511,234436786,41965460,722037,136,420994533,1683978132,841989066
630,24.0828,420994533,140331511,234436786,41986155,722037,136,420994533,1683978132,841989066
631,23.7755,420994533,140331511,234436786,42024554,722037,136,420994533,1683978132,841989066
632,23.7884,420994533,140331511,234436786,42044043,722037,136,420994533,1683978132,841989066
633,23.7587,420994533,140331511,234436786,42048932,722037,136,420994533,1683978132,841989066
634,23.8268,420994533,140331511,234436786,42040946,722037,136,420994533,1683978132,841989066
635,23.8793,420994533,140331511,234436786,42006857,722037,136,420994533,1683978132,841989066
636,24.089,420994533,140331511,234436786,41980601,722037,136,420994533,1683978132,841989066
637,24.018,420994533,140331511,234436786,42039984,722037,136,420994533,1683978132,841989066
638,24.0769,420994533,140331511,234436786,42061577,722037,136,420994533,1683978132,841989066
639,23.9003,420994533,140331511,234436786,41994748,722037,136,420994533,1683978132,841989066
640,23.9662,420994533,140331511,234436786,42039168,722037,136,420994533,1683978132,841989066
641,24.0273,420994533,140331511,234436786,42041386,722037,136,420994533,1683978132,841989066
642,24.1528,420994533,140331511,234436786,41968406,722037,136,420994533,1683978132,841989066
643,23.8668,420994533,140331511,234436786,42033377,722037,136,420994533,1683978132,841989066
644,24.0773,420994533,140331511,234436786,42043210,722037,136,420994533,1683978132,841989066
645,24.0314,420994533,140331511,234436786,42018906,722037,136,420994533,1683978132,841989066
646,24.0216,420994533,140331511,234436786,42074576,722037,136,420994533,1683978132,841989066
647,23.7402,420994533,140331511,234436786,42048500,722037,136,420994533,1683978132,841989066
648,24.156,420994533,140331511,234436786,42060857,722037,136,420994533,1683978132,841989066
649,23.7366,420994533,140331511,234436786,42003141,722037,136,420994533,1683978132,841989066
650,24.1433,420994533,140331511,234436786,42047922,722037,136,420994533,1683978132,841989066
651,23.7448,420994533,140331511,234436786,42012652,722037,136,420994533,1683978132,841989066
652,24.152,420994533,140331511,234436786,41964911,722037,136,420994533,1683978132,841989066
653,23.887,420994533,140331511,234436786,42016364,722037,136,420994533,1683978132,841989066
654,24.1565,420994533,140331511,234436786,42066995,722037,136,420994533,1683978132,841989066
655,23.7422,420994533,140331511,234436786,42034007,722037,136,420994533,1683978132,841989066
656,24.1385,420994533,140331511,234436786,42034389,722037,136,420994533,1683978132,841989066
657,23.7617,420994533,140331511,234436786,42039734,722037,136,420994533,1683978132,841989066
658,24.0534,420994533,140331511,234436786,42044810,722037,136,420994533,1683978132,841989066
659,23.7552,420994533,140331511,234436786,42006988,722037,136,420994533,1683978132,841989066
660,24.1524,420994533,140331511,234436786,42013118,722037,136,420994533,1683978132,841989066
661,23.7339,420994533,140331511,234436786,41998070,722037,136,420994533,1683978132,841989066
662,24.1757,420994533,140331511,234436786,42030202,722037,136,420994533,1683978132,841989066
663,23.786,420994533,140331511,234436786,41987051,722037,136,420994533,1683978132,841989066
664,24.0828,420994533,140331511,234436786,42038120,722037,136,420994533,1683978132,841989066
665,24.0216,420994533,140331511,234436786,42023665,722037,136,420994533,1683978132,841989066
666,24.1604,420994533,140331511,234436786,42049370,722037,136,420994533,1683978132,841989066
667,23.7695,420994533,140331511,234436786,42030256,722037,136,420994533,1683978132,841989066
668,24.1585,420994533,140331511,234436786,42021983,722037,136,420994533,1683978132,841989066
669,23.7386,420994533,140331511,234436786,42005277,722037,136,420994533,1683978132,841989066
670,24.1271,420994533,140331511,234436786,42003854,722037,136,420994533,1683978132,841989066
671,23.8198,420994533,140331511,234436786,42015150,722037,136,420994533,1683978132,841989066
672,24.0417,420994533,140331511,234436786,42040864,722037,136,420994533,1683978132,841989066
673,23.8566,420994533,140331511,234436786,42052228,722037,136,420994533,1683978132,841989066
674,24.1477,420994533,140331511,234436786,42007493,722037,136,420994533,1683978132,841989066
675,23.759,420994533,140331511,234436786,42053872,722037,136,420994533,1683978132,841989066
676,24.2898,420994533,140331511,234436786,42057614,722037,136,420994533,1683978132,841989066
677,23.7516,420994533,140331511,234436786,42041662,722037,136,420994533,1683978132,841989066
678,24.1446,420994533,140331511,234436786,42056011,722037,136,420994533,1683978132,841989066
679,23.7534,420994533,140331511,234436786,41992849,722037,136,420994533,1683978132,841989066
680,24.166,420994533,140331511,234436786,42072271,722037,136,420994533,1683978132,841989066
681,23.776,420994533,140331511,234436786,42020155,722037,136,420994533,1683978132,841989066
682,24.0489,420994533,140331511,234436786,42022616,722037,136,420994533,1683978132,841989066
683,23.765,420994533,140331511,234436786,42064205,722037,136,420994533,1683978132,841989066
684,24.0927,420994533,140331511,234436786,42050480,722037,136,420994533,1683978132,841989066
685,23.7541,420994533,140331511,234436786,41940144,722037,136,420994533,1683978132,841989066
686,24.1442,420994533,140331511,234436786,42047544,722037,136,420994533,1683978132,841989066
687,23.7767,420994533,140331511,234436786,42045086,722037,136,420994533,1683978132,841989066
688,24.1375,420994533,140331511,234436786,41985662,722037,136,420994533,1683978132,841989066
689,23.7741,420994533,140331511,234436786,42046408,722037,136,420994533,1683978132,841989066
690,24.086,420994533,140331511,234436786,42031844,722037,136,420994533,1683978132,841989066
691,23.767,420994533,140331511,234436786,41978360,722037,136,420994533,1683978132,841989066
692,24.0863,420994533,140331511,234436786,42059029,722037,136,420994533,1683978132,841989066
693,23.7855,420994533,140331511,234436786,42525404,722037,136,420994533,1683978132,841989066
694,23.7367,420994533,140331511,234436786,42044255,722037,136,420994533,1683978132,841989066
695,24.0345,420994533,140331511,234436786,42036317,722037,136,420994533,1683978132,841989066
696,23.9439,420994533,140331511,234436786,41989805,722037,136,420994533,1683978132,841989066
697,23.9339,420994533,140331511,234436786,42000572,722037,136,420994533,1683978132,841989066
698,23.8228,420994533,140331511,234436786,42046956,722037,136,420994533,1683978132,841989066
699,23.7553,420994533,140331511,234436786,42073605,722037,136,420994533,1683978132,841989066
700,23.9554,420994533,140331511,234436786,42027958,722037,136,420994533,1683978132,841989066
701,24.0125,420994533,140331511,234436786,42052327,722037,136,420994533,1683978132,841989066
702,23.7627,420994533,140331511,234436786,42029664,722037,136,420994533,1683978132,841989066
703,23.7781,420994533,140331511,234436786,42027546,722037,136,420994533,1683978132,841989066
704,23.7597,420994533,140331511,234436786,41993112,722037,136,420994533,1683978132,841989066
705,23.8736,420994533,140331511,234436786,42059132,722037,136,420994533,1683978132,841989066
706,24.0759,420994533,140331511,234436786,41994776,722037,136,420994533,1683978132,841989066
707,23.8248,420994533,140331511,234436786,42003675,722037,136,420994533,1683978132,841989066
708,24.0805,420994533,140331511,234436786,42072058,722037,136,420994533,1683978132,841989066
709,23.7626,420994533,140331511,234436786,42020756,722037,136,420994533,1683978132,841989066
710,24.0245,420994533,140331511,234436786,42093928,722037,136,420994533,1683978132,841989066
711,23.8762,420994533,140331511,234436786,42026004,722037,136,420994533,1683978132,841989066
712,24.0657,420994533,140331511,234436786,42061403,722037,136,420994533,1683978132,841989066
713,23.8707,420994533,140331511,234436786,41997976,722037,136,420994533,1683978132,841989066
714,24.1465,420994533,140331511,234436786,42007551,722037,136,420994533,1683978132,841989066
715,23.7524,420994533,140331511,234436786,41982431,722037,136,420994533,1683978132,841989066
716,24.0345,420994533,140331511,234436786,42019496,722037,136,420994533,1683978132,841989066
717,23.7451,420994533,140331511,234436786,42000456,722037,136,420994533,1683978132,841989066
718,24.0713,420994533,140331511,234436786,42017305,722037,136,420994533,1683978132,841989066
719,23.9907,420994533,140331511,234436786,42000300,722037,136,420994533,1683978132,841989066
720,23.9622,420994533,140331511,234436786,42002964,722037,136,420994533,1683978132,841989066
721,24.0213,420994533,140331511,234436786,42012055,722037,136,420994533,1683978132,841989066
722,23.8216,420994533,140331511,234436786,42037664,722037,136,420994533,1683978132,841989066
723,23.7554,420994533,140331511,234436786,42013930,722037,136,420994533,1683978132,841989066
724,24.067,420994533,140331511,234436786,41996923,722037,136,420994533,1683978132,841989066
725,23.7559,420994533,140331511,234436786,42009455,722037,136,420994533,1683978132,841989066
726,24.1553,420994533,140331511,234436786,42015912,722037,136,420994533,1683978132,841989066
727,23.7565,420994533,140331511,234436786,41985491,722037,136,420994533,1683978132,841989066
728,24.1712,420994533,140331511,234436786,42036686,722037,136,420994533,1683978132,841989066
729,23.7699,420994533,140331511,234436786,42009126,722037,136,420994533,1683978132,841989066
730,24.1786,420994533,140331511,234436786,41999320,722037,136,420994533,1683978132,841989066
731,23.8804,420994533,140331511,234436786,41986039,722037,136,420994533,1683978132,841989066
732,24.1527,420994533,140331511,234436786,42061610,722037,136,420994533,1683978132,841989066
733,23.8788,420994533,140331511,234436786,42043515,722037,136,420994533,1683978132,841989066
734,24.1758,420994533,140331511,234436786,42007522,722037,136,420994533,1683978132,841989066
735,23.8675,420994533,140331511,234436786,42028279,722037,136,420994533,1683978132,841989066
736,24.0266,420994533,140331511,234436786,41972466,722037,136,420994533,1683978132,841989066
737,23.8749,420994533,140331511,234436786,42026778,722037,136,420994533,1683978132,841989066
738,24.0491,420994533,140331511,234436786,41982128,722037,136,420994533,1683978132,841989066
739,23.7676,420994533,140331511,234436786,42028280,722037,136,420994533,1683978132,841989066
740,24.0891,420994533,140331511,234436786,41996481,722037,136,420994533,1683978132,841989066
741,23.7466,420994533,140331511,234436786,42045191,722037,136,420994533,1683978132,841989066
742,24.04,420994533,140331511,234436786,42026723,722037,136,420994533,1683978132,841989066
743,23.8691,420994533,140331511,234436786,42030771,722037,136,420994533,1683978132,841989066
744,24.1704,420994533,140331511,234436786,41983121,722037,136,420994533,1683978132,841989066
745,23.8593,420994533,140331511,234436786,42002509,722037,136,420994533,1683978132,841989066
746,24.0683,420994533,140331511,234436786,42046190,722037,136,420994533,1683978132,841989066
747,23.8719,420994533,140331511,234436786,41959421,722037,136,420994533,1683978132,841989066
748,24.1588,420994533,140331511,234436786,42024750,722037,136,420994533,1683978132,841989066
749,23.7725,420994533,140331511,234436786,42029177,722037,136,420994533,1683978132,841989066
750,24.0414,420994533,140331511,234436786,41956960,722037,136,420994533,1683978132,841989066
751,23.7646,420994533,140331511,234436786,42027129,722037,136,420994533,1683978132,841989066
752,24.0296,420994533,140331511,234436786,42030712,722037,136,420994533,1683978132,841989066
753,23.7379,420994533,140331511,234436786,41993045,722037,136,420994533,1683978132,841989066
754,24.0444,420994533,140331511,234436786,42012240,722037,136,420994533,1683978132,841989066
755,23.7759,420994533,140331511,234436786,42020922,722037,136,420994533,1683978132,841989066
756,24.1151,420994533,140331511,234436786,42011610,722037,136,420994533,1683978132,841989066
757,23.8606,420994533,140331511,234436786,42015553,722037,136,420994533,1683978132,841989066
758,24.0242,420994533,140331511,234436786,42029574,722037,136,420994533,1683978132,841989066
759,23.7725,420994533,140331511,234436786,41989624,722037,136,420994533,1683978132,841989066
760,23.7631,420994533,140331511,234436786,42017757,722037,136,420994533,1683978132,841989066
761,23.7702,420994533,140331511,234436786,41987721,722037,136,420994533,1683978132,841989066
762,23.7843,420994533,140331511,234436786,42008035,722037,136,420994533,1683978132,841989066
763,23.7431,420994533,140331511,234436786,42006483,722037,136,420994533,1683978132,841989066
764,23.7809,420994533,140331511,234436786,42052618,722037,136,420994533,1683978132,841989066
765,23.7769,420994533,140331511,234436786,42031826,722037,136,420994533,1683978132,841989066
766,23.7807,420994533,140331511,234436786,42057310,722037,136,420994533,1683978132,841989066
767,23.7491,420994533,140331511,234436786,42032435,722037,136,420994533,1683978132,841989066
768,23.7823,420994533,140331511,234436786,42018406,722037,136,420994533,1683978132,841989066
769,23.8642,420994533,140331511,234436786,42048369,722037,136,420994533,1683978132,841989066
770,23.7554,420994533,140331511,234436786,42025661,722037,136,420994533,1683978132,841989066
771,23.8641,420994533,140331511,234436786,42025855,722037,136,420994533,1683978132,841989066
772,24.1504,420994533,140331511,234436786,42017330,722037,136,420994533,1683978132,841989066
773,23.741,420994533,140331511,234436786,41980137,722037,136,420994533,1683978132,841989066
774,24.0525,420994533,140331511,234436786,41999978,722037,136,420994533,1683978132,841989066
775,23.7509,420994533,140331511,234436786,42534139,722037,136,420994533,1683978132,841989066
776,24.0661,420994533,140331511,234436786,42020892,722037,136,420994533,1683978132,841989066
777,23.8635,420994533,140331511,234436786,42026801,722037,136,420994533,1683978132,841989066
778,24.1651,420994533,140331511,234436786,42052654,722037,136,420994533,1683978132,841989066
779,23.7547,420994533,140331511,234436786,42021254,722037,136,420994533,1683978132,841989066
780,23.9693,420994533,140331511,234436786,42021499,722037,136,420994533,1683978132,841989066
781,24.02,420994533,140331511,234436786,42045530,722037,136,420994533,1683978132,841989066
782,24.2009,420994533,140331511,234436786,41995103,722037,136,420994533,1683978132,841989066
783,23.8756,420994533,140331511,234436786,42006408,722037,136,420994533,1683978132,841989066
784,24.0652,420994533,140331511,234436786,42084018,722037,136,420994533,1683978132,841989066
785,23.7839,420994533,140331511,234436786,42028136,722037,136,420994533,1683978132,841989066
786,24.1844,420994533,140331511,234436786,42053075,722037,136,420994533,1683978132,841989066
787,23.7651,420994533,140331511,234436786,42019501,722037,136,420994533,1683978132,841989066
788,24.1593,420994533,140331511,234436786,42022682,722037,136,420994533,1683978132,841989066
789,23.7468,420994533,140331511,234436786,42033269,722037,136,420994533,1683978132,841989066
790,24.0354,420994533,140331511,234436786,42033532,722037,136,420994533,1683978132,841989066
791,23.7655,420994533,140331511,234436786,41981705,722037,136,420994533,1683978132,841989066
792,23.9718,420994533,140331511,234436786,41980746,722037,136,420994533,1683978132,841989066
793,24.014,420994533,140331511,234436786,42051069,722037,136,420994533,1683978132,841989066
794,24.1439,420994533,140331511,234436786,42005647,722037,136,420994533,1683978132,841989066
795,23.7447,420994533,140331511,234436786,42018945,722037,136,420994533,1683978132,841989066
796,24.0702,420994533,140331511,234436786,42018661,722037,136,420994533,1683978132,841989066
797,24.0109,420994533,140331511,234436786,41969465,722037,136,420994533,1683978132,841989066
798,24.1391,420994533,140331511,234436786,42036994,722037,136,420994533,1683978132,841989066
799,23.8707,420994533,140331511,234436786,42043823,722037,136,420994533,1683978132,841989066
800,24.0412,420994533,140331511,234436786,41975282,722037,136,420994533,1683978132,841989066
801,23.7725,420994533,140331511,234436786,42027956,722037,136,420994533,1683978132,841989066
802,24.1709,420994533,140331511,234436786,42002203,722037,136,420994533,1683978132,841989066
803,23.8813,420994533,140331511,234436786,41962317,722037,136,420994533,1683978132,841989066
804,24.0728,420994533,140331511,234436786,42056604,722037,136,420994533,1683978132,841989066
805,23.879,420994533,140331511,234436786,42011363,722037,136,420994533,1683978132,841989066
806,24.035,420994533,140331511,234436786,42022374,722037,136,420994533,1683978132,841989066
807,23.8686,420994533,140331511,234436786,41994249,722037,136,420994533,1683978132,841989066
808,24.1681,420994533,140331511,234436786,42024786,722037,136,420994533,1683978132,841989066
809,23.8263,420994533,140331511,234436786,42037166,722037,136,420994533,1683978132,841989066
810,24.2001,420994533,140331511,234436786,42074347,722037,136,420994533,1683978132,841989066
811,23.7729,420994533,140331511,234436786,42012757,722037,136,420994533,1683978132,841989066
812,24.0688,420994533,140331511,234436786,42026679,722037,136,420994533,1683978132,841989066
813,23.867,420994533,140331511,234436786,42022953,722037,136,420994533,1683978132,841989066
814,24.1562,420994533,140331511,234436786,41999346,722037,136,420994533,1683978132,841989066
815,23.877,420994533,140331511,234436786,42044581,722037,136,420994533,1683978132,841989066
816,24.1726,420994533,140331511,234436786,42024018,722037,136,420994533,1683978132,841989066
817,23.763,420994533,140331511,234436786,42047435,722037,136,420994533,1683978132,841989066
818,24.1505,420994533,140331511,234436786,41978642,722037,136,420994533,1683978132,841989066
819,23.8798,420994533,140331511,234436786,42057641,722037,136,420994533,1683978132,841989066
820,24.0651,420994533,140331511,234436786,41989712,722037,136,420994533,1683978132,841989066
821,23.7749,420994533,140331511,234436786,41998415,722037,136,420994533,1683978132,841989066
822,24.059,420994533,140331511,234436786,42065382,722037,136,420994533,1683978132,841989066
823,23.7633,420994533,140331511,234436786,42015839,722037,136,420994533,1683978132,841989066
824,24.1549,420994533,140331511,234436786,42027539,722037,136,420994533,1683978132,841989066
825,23.7782,420994533,140331511,234436786,42013831,722037,136,420994533,1683978132,841989066
826,24.1711,420994533,140331511,234436786,42039458,722037,136,420994533,1683978132,841989066
827,23.7525,420994533,140331511,234436786,41983838,722037,136,420994533,1683978132,841989066
828,24.1575,420994533,140331511,234436786,42034866,722037,136,420994533,1683978132,841989066
829,23.8649,420994533,140331511,234436786,42013058,722037,136,420994533,1683978132,841989066
830,24.0871,420994533,140331511,234436786,42062523,722037,136,420994533,1683978132,841989066
831,23.8641,420994533,140331511,234436786,41965852,722037,136,420994533,1683978132,841989066
832,24.1449,420994533,140331511,234436786,42020934,722037,136,420994533,1683978132,841989066
833,23.8731,420994533,140331511,234436786,42039726,722037,136,420994533,1683978132,841989066
834,24.1447,420994533,140331511,234436786,41992592,722037,136,420994533,1683978132,841989066
835,23.887,420994533,140331511,234436786,41978350,722037,136,420994533,1683978132,841989066
836,24.1884,420994533,140331511,234436786,42032274,722037,136,420994533,1683978132,841989066
837,23.7422,420994533,140331511,234436786,42022633,722037,136,420994533,1683978132,841989066
838,24.1561,420994533,140331511,234436786,42023295,722037,136,420994533,1683978132,841989066
839,23.8824,420994533,140331511,234436786,42034136,722037,136,420994533,1683978132,841989066
840,24.0524,420994533,140331511,234436786,41973285,722037,136,420994533,1683978132,841989066
841,23.777,420994533,140331511,234436786,42072551,722037,136,420994533,1683978132,841989066
842,24.1612,420994533,140331511,234436786,42019188,722037,136,420994533,1683978132,841989066
843,23.7608,420994533,140331511,234436786,42011036,722037,136,420994533,1683978132,841989066
844,24.0415,420994533,140331511,234436786,42018778,722037,136,420994533,1683978132,841989066
845,23.7758,420994533,140331511,234436786,42014250,722037,136,420994533,1683978132,841989066
846,24.0605,420994533,140331511,234436786,41983520,722037,136,420994533,1683978132,841989066
847,23.774,420994533,140331511,234436786,42056211,722037,136,420994533,1683978132,841989066
848,24.0613,420994533,140331511,234436786,42039145,722037,136,420994533,1683978132,841989066
849,23.7809,420994533,140331511,234436786,41982358,722037,136,420994533,1683978132,841989066
850,24.0511,420994533,140331511,234436786,41983722,722037,136,420994533,1683978132,841989066
851,23.7672,420994533,140331511,234436786,42043741,722037,136,420994533,1683978132,841989066
852,23.7774,420994533,140331511,234436786,41983577,722037,136,420994533,1683978132,841989066
853,23.8271,420994533,140331511,234436786,42526289,722037,136,420994533,1683978132,841989066
854,24.0913,420994533,140331511,234436786,42015229,722037,136,420994533,1683978132,841989066
855,23.7749,420994533,140331511,234436786,42029475,722037,136,420994533,1683978132,841989066
856,23.762,420994533,140331511,234436786,42015797,722037,136,420994533,1683978132,841989066
857,23.7743,420994533,140331511,234436786,41999292,722037,136,420994533,1683978132,841989066
858,24.0803,420994533,140331511,234436786,42028877,722037,136,420994533,1683978132,841989066
859,23.7882,420994533,140331511,234436786,41984482,722037,136,420994533,1683978132,841989066
860,23.7847,420994533,140331511,234436786,41991343,722037,136,420994533,1683978132,841989066
861,23.8811,420994533,140331511,234436786,42041319,722037,136,420994533,1683978132,841989066
862,23.8801,420994533,140331511,234436786,42051002,722037,136,420994533,1683978132,841989066
863,24.0257,420994533,140331511,234436786,42000628,722037,136,420994533,1683978132,841989066
864,23.9524,420994533,140331511,234436786,42016322,722037,136,420994533,1683978132,841989066
865,24.0274,420994533,140331511,234436786,42011852,722037,136,420994533,1683978132,841989066
866,23.8698,420994533,140331511,234436786,41979827,722037,136,420994533,1683978132,841989066
867,23.8287,420994533,140331511,234436786,42061947,722037,136,420994533,1683978132,841989066
868,24.1896,420994533,140331511,234436786,42033039,722037,136,420994533,1683978132,841989066
869,23.7424,420994533,140331511,234436786,41990221,722037,136,420994533,1683978132,841989066
870,24.0565,420994533,140331511,234436786,42011788,722037,136,420994533,1683978132,841989066
871,23.7492,420994533,140331511,234436786,42041527,722037,136,420994533,1683978132,841989066
872,24.0779,420994533,140331511,234436786,42006511,722037,136,420994533,1683978132,841989066
873,24.0306,420994533,140331511,234436786,41987466,722037,136,420994533,1683978132,841989066
874,24.1579,420994533,140331511,234436786,42048955,722037,136,420994533,1683978132,841989066
875,23.8721,420994533,140331511,234436786,42040089,722037,136,420994533,1683978132,841989066
876,24.1569,420994533,140331511,234436786,42060168,722037,136,420994533,1683978132,841989066
877,23.8616,420994533,140331511,234436786,42033140,722037,136,420994533,1683978132,841989066
878,24.1602,420994533,140331511,234436786,41967793,722037,136,420994533,1683978132,841989066
879,23.8543,420994533,140331511,234436786,41954139,722037,136,420994533,1683978132,841989066
880,24.0328,420994533,140331511,234436786,42048343,722037,136,420994533,1683978132,841989066
881,23.7585,420994533,140331511,234436786,42062583,722037,136,420994533,1683978132,841989066
882,24.05,420994533,140331511,234436786,42011333,722037,136,420994533,1683978132,841989066
883,23.8433,420994533,140331511,234436786,42066482,722037,136,420994533,1683978132,841989066
884,24.1396,420994533,140331511,234436786,42023900,722037,136,420994533,1683978132,841989066
885,23.7862,420994533,140331511,234436786,42018192,722037,136,420994533,1683978132,841989066
886,24.0873,420994533,140331511,234436786,42006187,722037,136,420994533,1683978132,841989066
887,23.7575,420994533,140331511,234436786,42517844,722037,136,420994533,1683978132,841989066
888,24.0968,420994533,140331511,234436786,42085583,722037,136,420994533,1683978132,841989066
889,23.858,420994533,140331511,234436786,42087587,722037,136,420994533,1683978132,841989066
890,24.0464,420994533,140331511,234436786,42082435,722037,136,420994533,1683978132,841989066
891,23.7472,420994533,140331511,234436786,42020501,722037,136,420994533,1683978132,841989066
892,23.9723,420994533,140331511,234436786,41998887,722037,136,420994533,1683978132,841989066
893,23.8954,420994533,140331511,234436786,41976274,722037,136,420994533,1683978132,841989066
894,23.743,420994533,140331511,234436786,41975833,722037,136,420994533,1683978132,841989066
895,23.781,420994533,140331511,234436786,42019955,722037,136,420994533,1683978132,841989066
896,23.7489,420994533,140331511,234436786,42033135,722037,136,420994533,1683978132,841989066
897,23.742,420994533,140331511,234436786,42052219,722037,136,420994533,1683978132,841989066
898,23.7692,420994533,140331511,234436786,42045819,722037,136,420994533,1683978132,841989066
899,23.8871,420994533,140331511,234436786,42031337,722037,136,420994533,1683978132,841989066
900,24.1117,420994533,140331511,234436786,42007573,722037,136,420994533,1683978132,841989066
901,23.7352,420994533,140331511,234436786,42018478,722037,136,420994533,1683978132,841989066
902,24.0219,420994533,140331511,234436786,42032708,722037,136,420994533,1683978132,841989066
903,23.7806,420994533,140331511,234436786,42005829,722037,136,420994533,1683978132,841989066
904,23.7527,420994533,140331511,234436786,41996726,722037,136,420994533,1683978132,841989066
905,23.7808,420994533,140331511,234436786,42071259,722037,136,420994533,1683978132,841989066
906,23.7382,420994533,140331511,234436786,41971314,722037,136,420994533,1683978132,841989066
907,23.9541,420994533,140331511,234436786,42050190,722037,136,420994533,1683978132,841989066
908,23.7878,420994533,140331511,234436786,42036251,722037,136,420994533,1683978132,841989066
909,23.8863,420994533,140331511,234436786,42008740,722037,136,420994533,1683978132,841989066
910,23.8732,420994533,140331511,234436786,42005323,722037,136,420994533,1683978132,841989066
911,23.8882,420994533,140331511,234436786,41986456,722037,136,420994533,1683978132,841989066
912,23.9745,420994533,140331511,234436786,42024048,722037,136,420994533,1683978132,841989066
913,23.9207,420994533,140331511,234436786,42015172,722037,136,420994533,1683978132,841989066
914,24.1521,420994533,140331511,234436786,42023954,722037,136,420994533,1683978132,841989066
915,23.877,420994533,140331511,234436786,42022754,722037,136,420994533,1683978132,841989066
916,24.1666,420994533,140331511,234436786,42038884,722037,136,420994533,1683978132,841989066
917,23.7414,420994533,140331511,234436786,42067156,722037,136,420994533,1683978132,841989066
918,24.0338,420994533,140331511,234436786,41995474,722037,136,420994533,1683978132,841989066
919,23.8292,420994533,140331511,234436786,42056498,722037,136,420994533,1683978132,841989066
920,24.166,420994533,140331511,234436786,41997022,722037,136,420994533,1683978132,841989066
921,23.8237,420994533,140331511,234436786,42034543,722037,136,420994533,1683978132,841989066
922,24.1887,420994533,140331511,234436786,42034758,722037,136,420994533,1683978132,841989066
923,23.7573,420994533,140331511,234436786,41995588,722037,136,420994533,1683978132,841989066
924,24.098,420994533,140331511,234436786,42034185,722037,136,420994533,1683978132,841989066
925,23.8673,420994533,140331511,234436786,42040067,722037,136,420994533,1683978132,841989066
926,24.1419,420994533,140331511,234436786,42018842,722037,136,420994533,1683978132,841989066
927,23.8762,420994533,140331511,234436786,42071208,722037,136,420994533,1683978132,841989066
928,24.0463,420994533,140331511,234436786,42019435,722037,136,420994533,1683978132,841989066
929,23.8765,420994533,140331511,234436786,42063684,722037,136,420994533,1683978132,841989066
930,24.0771,420994533,140331511,234436786,42019303,722037,136,420994533,1683978132,841989066
931,23.8762,420994533,140331511,234436786,42025700,722037,136,420994533,1683978132,841989066
932,24.1548,420994533,140331511,234436786,42003145,722037,136,420994533,1683978132,841989066
933,23.7629,420994533,140331511,234436786,41995967,722037,136,420994533,1683978132,841989066
934,24.031,420994533,140331511,234436786,42015147,722037,136,420994533,1683978132,841989066
935,23.7749,420994533,140331511,234436786,42022256,722037,136,420994533,1683978132,841989066
936,24.1499,420994533,140331511,234436786,41986073,722037,136,420994533,1683978132,841989066
937,23.8865,420994533,140331511,234436786,41952405,722037,136,420994533,1683978132,841989066
938,24.1463,420994533,140331511,234436786,42034553,722037,136,420994533,1683978132,841989066
939,23.7659,420994533,140331511,234436786,42051998,722037,136,420994533,1683978132,841989066
940,24.1775,420994533,140331511,234436786,41997784,722037,136,420994533,1683978132,841989066
941,23.8772,420994533,140331511,234436786,42019032,722037,136,420994533,1683978132,841989066
942,24.1606,420994533,140331511,234436786,41982281,722037,136,420994533,1683978132,841989066
943,23.8762,420994533,140331511,234436786,42036618,722037,136,420994533,1683978132,841989066
944,24.0555,420994533,140331511,234436786,42017861,722037,136,420994533,1683978132,841989066
945,23.8652,420994533,140331511,234436786,41980331,722037,136,420994533,1683978132,841989066
946,24.1574,420994533,140331511,234436786,42049951,722037,136,420994533,1683978132,841989066
947,23.7516,420994533,140331511,234436786,42045811,722037,136,420994533,1683978132,841989066
948,24.0476,420994533,140331511,234436786,42050377,722037,136,420994533,1683978132,841989066
949,23.7324,420994533,140331511,234436786,42015232,722037,136,420994533,1683978132,841989066
950,24.0228,420994533,140331511,234436786,41975161,722037,136,420994533,1683978132,841989066
951,23.87,420994533,140331511,234436786,42022210,722037,136,420994533,1683978132,841989066
952,24.1582,420994533,140331511,234436786,42051984,722037,136,420994533,1683978132,841989066
953,23.8682,420994533,140331511,234436786,42053252,722037,136,420994533,1683978132,841989066
954,24.1686,420994533,140331511,234436786,42056698,722037,136,420994533,1683978132,841989066
955,23.7499,420994533,140331511,234436786,42044153,722037,136,420994533,1683978132,841989066
956,24.194,420994533,140331511,234436786,42004103,722037,136,420994533,1683978132,841989066
957,23.8643,420994533,140331511,234436786,42038883,722037,136,420994533,1683978132,841989066
958,24.1491,420994533,140331511,234436786,41996490,722037,136,420994533,1683978132,841989066
959,23.8865,420994533,140331511,234436786,42038609,722037,136,420994533,1683978132,841989066
960,24.0299,420994533,140331511,234436786,41982232,722037,136,420994533,1683978132,841989066
961,23.751,420994533,140331511,234436786,42014821,722037,136,420994533,1683978132,841989066
962,24.1621,420994533,140331511,234436786,42018426,722037,136,420994533,1683978132,841989066
963,23.7675,420994533,140331511,234436786,41963001,722037,136,420994533,1683978132,841989066
964,24.1553,420994533,140331511,234436786,42038174,722037,136,420994533,1683978132,841989066
965,23.7487,420994533,140331511,234436786,42042527,722037,136,420994533,1683978132,841989066
966,24.0207,420994533,140331511,234436786,41957397,722037,136,420994533,1683978132,841989066
967,23.8771,420994533,140331511,234436786,42038868,722037,136,420994533,1683978132,841989066
968,24.0549,420994533,140331511,234436786,42018482,722037,136,420994533,1683978132,841989066
969,23.8782,420994533,140331511,234436786,42023476,722037,136,420994533,1683978132,841989066
970,24.1736,420994533,140331511,234436786,42550851,722037,136,420994533,1683978132,841989066
971,23.7644,420994533,140331511,234436786,41981462,722037,136,420994533,1683978132,841989066
972,24.2512,420994533,140331511,234436786,42005042,722037,136,420994533,1683978132,841989066
973,23.8733,420994533,140331511,234436786,42027876,722037,136,420994533,1683978132,841989066
974,24.1532,420994533,140331511,234436786,42078293,722037,136,420994533,1683978132,841989066
975,23.8254,420994533,140331511,234436786,42034919,722037,136,420994533,1683978132,841989066
976,24.0291,420994533,140331511,234436786,41998122,722037,136,420994533,1683978132,841989066
977,23.8212,420994533,140331511,234436786,41994092,722037,136,420994533,1683978132,841989066
978,24.0635,420994533,140331511,234436786,42510303,722037,136,420994533,1683978132,841989066
979,23.8786,420994533,140331511,234436786,42047809,722037,136,420994533,1683978132,841989066
980,24.1616,420994533,140331511,234436786,42021956,722037,136,420994533,1683978132,841989066
981,23.7536,420994533,140331511,234436786,42021369,722037,136,420994533,1683978132,841989066
982,24.1748,420994533,140331511,234436786,41994519,722037,136,420994533,1683978132,841989066
983,23.8798,420994533,140331511,234436786,41994527,722037,136,420994533,1683978132,841989066
984,24.1583,420994533,140331511,234436786,42047913,722037,136,420994533,1683978132,841989066
985,23.878,420994533,140331511,234436786,41952651,722037,136,420994533,1683978132,841989066
986,24.0599,420994533,140331511,234436786,41977171,722037,136,420994533,1683978132,841989066
987,23.7724,420994533,140331511,234436786,42009409,722037,136,420994533,1683978132,841989066
988,24.0866,420994533,140331511,234436786,42062576,722037,136,420994533,1683978132,841989066
989,23.7537,420994533,140331511,234436786,42023628,722037,136,420994533,1683978132,841989066
990,24.1285,420994533,140331511,234436786,42032320,722037,136,420994533,1683978132,841989066
991,23.7794,420994533,140331511,234436786,42034510,722037,136,420994533,1683978132,841989066
992,24.0465,420994533,140331511,234436786,42020345,722037,136,420994533,1683978132,841989066
993,23.8669,420994533,140331511,234436786,41999078,722037,136,420994533,1683978132,841989066
994,24.1502,420994533,140331511,234436786,42036952,722037,136,420994533,1683978132,841989066
995,23.7562,420994533,140331511,234436786,42010037,722037,136,420994533,1683978132,841989066
996,24.1524,420994533,140331511,234436786,42022328,722037,136,420994533,1683978132,841989066
997,23.8812,420994533,140331511,234436786,42001328,722037,136,420994533,1683978132,841989066
998,24.0408,420994533,140331511,234436786,42025937,722037,136,420994533,1683978132,841989066
999,23.8749,420994533,140331511,234436786,41973629,722037,136,420994533,1683978132,841989066
1000,23.9786,420994533,140331511,234436786,42017908,722037,136,420994533,1683978132,841989066
1001,23.7709,420994533,140331511,234436786,41985930,722037,136,420994533,1683978132,841989066
1002,24.0197,420994533,140331511,234436786,42075395,722037,136,420994533,1683978132,841989066
1003,23.7838,420994533,140331511,234436786,42031654,722037,136,420994533,1683978132,841989066
1004,23.9552,420994533,140331511,234436786,41994554,722037,136,420994533,1683978132,841989066
1005,23.7578,420994533,140331511,234436786,41938212,722037,136,420994533,1683978132,841989066
1006,24.0278,420994533,140331511,234436786,42048734,722037,136,420994533,1683978132,841989066
1007,23.932,420994533,140331511,234436786,42055951,722037,136,420994533,1683978132,841989066
1008,23.9448,420994533,140331511,234436786,42034786,722037,136,420994533,1683978132,841989066
1009,24.0308,420994533,140331511,234436786,41950609,722037,136,420994533,1683978132,841989066
1010,24.0666,420994533,140331511,234436786,42023812,722037,136,420994533,1683978132,841989066
1011,24.0168,420994533,140331511,234436786,42050100,722037,136,420994533,1683978132,841989066
1012,24.0696,420994533,140331511,234436786,42063422,722037,136,420994533,1683978132,841989066
1013,23.9331,420994533,140331511,234436786,42009727,722037,136,420994533,1683978132,841989066
1014,24.1358,420994533,140331511,234436786,42051879,722037,136,420994533,1683978132,841989066
1015,23.8719,420994533,140331511,234436786,42018101,722037,136,420994533,1683978132,841989066
1016,24.1524,420994533,140331511,234436786,41980318,722037,136,420994533,1683978132,841989066
1017,23.8633,420994533,140331511,234436786,41986002,722037,136,420994533,1683978132,841989066
1018,24.0554,420994533,140331511,234436786,42041554,722037,136,420994533,1683978132,841989066
1019,23.7627,420994533,140331511,234436786,42017365,722037,136,420994533,1683978132,841989066
1020,24.1745,420994533,140331511,234436786,42008144,722037,136,420994533,1683978132,841989066
1021,23.8673,420994533,140331511,234436786,42054161,722037,136,420994533,1683978132,841989066
1022,24.142,420994533,140331511,234436786,41998856,722037,136,420994533,1683978132,841989066
1023,23.8714,420994533,140331511,234436786,42072058,722037,136,420994533,1683978132,841989066
1024,24.0722,420994533,140331511,234436786,42028703,722037,136,420994533,1683978132,841989066
1025,23.7815,420994533,140331511,234436786,41992795,722037,136,420994533,1683978132,841989066
1026,24.0578,420994533,140331511,234436786,42045151,722037,136,420994533,1683978132,841989066
1027,24.0251,420994533,140331511,234436786,42555024,722037,136,420994533,1683978132,841989066
1028,24.0756,420994533,140331511,234436786,42031000,722037,136,420994533,1683978132,841989066
1029,23.9159,420994533,140331511,234436786,42009910,722037,136,420994533,1683978132,841989066
1030,24.0374,420994533,140331511,234436786,42088251,722037,136,420994533,1683978132,841989066
1031,23.7681,420994533,140331511,234436786,42055765,722037,136,420994533,1683978132,841989066
1032,24.0633,420994533,140331511,234436786,41997615,722037,136,420994533,1683978132,841989066
1033,23.7503,420994533,140331511,234436786,42001169,722037,136,420994533,1683978132,841989066
1034,23.9726,420994533,140331511,234436786,41983375,722037,136,420994533,1683978132,841989066
1035,23.9257,420994533,140331511,234436786,42001905,722037,136,420994533,1683978132,841989066
1036,23.8897,420994533,140331511,234436786,42055909,722037,136,420994533,1683978132,841989066
1037,23.7568,420994533,140331511,234436786,42059562,722037,136,420994533,1683978132,841989066
1038,23.7478,420994533,140331511,234436786,42000403,722037,136,420994533,1683978132,841989066
1039,23.7619,420994533,140331511,234436786,41962408,722037,136,420994533,1683978132,841989066
1040,23.7849,420994533,140331511,234436786,42038203,722037,136,420994533,1683978132,841989066
1041,23.7616,420994533,140331511,234436786,42071349,722037,136,420994533,1683978132,841989066
1042,23.9541,420994533,140331511,234436786,41955044,722037,136,420994533,1683978132,841989066
1043,23.9157,420994533,140331511,234436786,42030465,722037,136,420994533,1683978132,841989066
1044,23.7579,420994533,140331511,234436786,42052895,722037,136,420994533,1683978132,841989066
1045,23.7787,420994533,140331511,234436786,41995745,722037,136,420994533,1683978132,841989066
1046,23.7664,420994533,140331511,234436786,42064869,722037,136,420994533,1683978132,841989066
1047,23.883,420994533,140331511,234436786,42003819,722037,136,420994533,1683978132,841989066
1048,23.7871,420994533,140331511,234436786,42499240,722037,136,420994533,1683978132,841989066
1049,23.811,420994533,140331511,234436786,42004181,722037,136,420994533,1683978132,841989066
1050,23.77,420994533,140331511,234436786,42018607,722037,136,420994533,1683978132,841989066
1051,23.8991,420994533,140331511,234436786,41996641,722037,136,420994533,1683978132,841989066
1052,24.2069,420994533,140331511,234436786,41996966,722037,136,420994533,1683978132,841989066
1053,23.7507,420994533,140331511,234436786,42014328,722037,136,420994533,1683978132,841989066
1054,23.8204,420994533,140331511,234436786,41976434,722037,136,420994533,1683978132,841989066
1055,24.0151,420994533,140331511,234436786,42038321,722037,136,420994533,1683978132,841989066
1056,23.7493,420994533,140331511,234436786,42055094,722037,136,420994533,1683978132,841989066
1057,23.8666,420994533,140331511,234436786,41998215,722037,136,420994533,1683978132,841989066
1058,24.0494,420994533,140331511,234436786,42022853,722037,136,420994533,1683978132,841989066
1059,23.8737,420994533,140331511,234436786,42041552,722037,136,420994533,1683978132,841989066
1060,24.1865,420994533,140331511,234436786,42003654,722037,136,420994533,1683978132,841989066
1061,23.8696,420994533,140331511,234436786,41972313,722037,136,420994533,1683978132,841989066
1062,24.1901,420994533,140331511,234436786,42043363,722037,136,420994533,1683978132,841989066
1063,23.7577,420994533,140331511,234436786,41993011,722037,136,420994533,1683978132,841989066
1064,24.0967,420994533,140331511,234436786,42017097,722037,136,420994533,1683978132,841989066
1065,24.0308,420994533,140331511,234436786,42039323,722037,136,420994533,1683978132,841989066
1066,24.1793,420994533,140331511,234436786,42066063,722037,136,420994533,1683978132,841989066
1067,23.7537,420994533,140331511,234436786,42016591,722037,136,420994533,1683978132,841989066
1068,24.1962,420994533,140331511,234436786,41983729,722037,136,420994533,1683978132,841989066
1069,23.8783,420994533,140331511,234436786,42007823,722037,136,420994533,1683978132,841989066
1070,24.1775,420994533,140331511,234436786,42016255,722037,136,420994533,1683978132,841989066
1071,23.7431,420994533,140331511,234436786,41989045,722037,136,420994533,1683978132,841989066
1072,24.1451,420994533,140331511,234436786,42022629,722037,136,420994533,1683978132,841989066
1073,23.8777,420994533,140331511,234436786,42051632,722037,136,420994533,1683978132,841989066
1074,24.1194,420994533,140331511,234436786,42021270,722037,136,420994533,1683978132,841989066
1075,23.7586,420994533,140331511,234436786,41990239,722037,136,420994533,1683978132,841989066
1076,24.164,420994533,140331511,234436786,42003648,722037,136,420994533,1683978132,841989066
1077,23.7765,420994533,140331511,234436786,42032575,722037,136,420994533,1683978132,841989066
1078,24.0522,420994533,140331511,234436786,42045575,722037,136,420994533,1683978132,841989066
1079,23.8759,420994533,140331511,234436786,42009020,722037,136,420994533,1683978132,841989066
1080,24.1994,420994533,140331511,234436786,42002347,722037,136,420994533,1683978132,841989066
1081,23.8699,420994533,140331511,234436786,42029590,722037,136,420994533,1683978132,841989066
1082,24.0505,420994533,140331511,234436786,42050981,722037,136,420994533,1683978132,841989066
1083,23.7576,420994533,140331511,234436786,42006410,722037,136,420994533,1683978132,841989066
1084,24.0454,420994533,140331511,234436786,42007967,722037,136,420994533,1683978132,841989066
1085,23.908,420994533,140331511,234436786,42029149,722037,136,420994533,1683978132,841989066
1086,24.0426,420994533,140331511,234436786,42068338,722037,136,420994533,1683978132,841989066
1087,23.7548,420994533,140331511,234436786,41992803,722037,136,420994533,1683978132,841989066
1088,23.959,420994533,140331511,234436786,42027200,722037,136,420994533,1683978132,841989066
1089,23.8968,420994533,140331511,234436786,41989018,722037,136,420994533,1683978132,841989066
1090,24.1569,420994533,140331511,234436786,41995803,722037,136,420994533,1683978132,841989066
1091,23.874,420994533,140331511,234436786,42006665,722037,136,420994533,1683978132,841989066
1092,24.1541,420994533,140331511,234436786,41978595,722037,136,420994533,1683978132,841989066
1093,23.8805,420994533,140331511,234436786,42044667,722037,136,420994533,1683978132,841989066
1094,24.177,420994533,140331511,234436786,42024984,722037,136,420994533,1683978132,841989066
1095,23.8793,420994533,140331511,234436786,42018893,722037,136,420994533,1683978132,841989066
1096,24.0366,420994533,140331511,234436786,42060774,722037,136,420994533,1683978132,841989066
1097,23.8767,420994533,140331511,234436786,41994487,722037,136,420994533,1683978132,841989066
1098,24.0662,420994533,140331511,234436786,42014108,722037,136,420994533,1683978132,841989066
1099,23.8286,420994533,140331511,234436786,42014508,722037,136,420994533,1683978132,841989066
1100,24.1207,420994533,140331511,234436786,42053333,722037,136,420994533,1683978132,841989066
1101,23.8283,420994533,140331511,234436786,42009378,722037,136,420994533,1683978132,841989066
1102,24.0696,420994533,140331511,234436786,42012500,722037,136,420994533,1683978132,841989066
1103,23.8909,420994533,140331511,234436786,41956420,722037,136,420994533,1683978132,841989066
1104,24.051,420994533,140331511,234436786,42030510,722037,136,420994533,1683978132,841989066
1105,23.8756,420994533,140331511,234436786,41993205,722037,136,420994533,1683978132,841989066
1106,24.0397,420994533,140331511,234436786,42047403,722037,136,420994533,1683978132,841989066
1107,23.8682,420994533,140331511,234436786,42017256,722037,136,420994533,1683978132,841989066
1108,24.0301,420994533,140331511,234436786,42000062,722037,136,420994533,1683978132,841989066
1109,23.7582,420994533,140331511,234436786,42029860,722037,136,420994533,1683978132,841989066
1110,24.1587,420994533,140331511,234436786,41999820,722037,136,420994533,1683978132,841989066
1111,23.7719,420994533,140331511,234436786,41995650,722037,136,420994533,1683978132,841989066
1112,24.1676,420994533,140331511,234436786,42015935,722037,136,420994533,1683978132,841989066
1113,23.8779,420994533,140331511,234436786,42024808,722037,136,420994533,1683978132,841989066
1114,24.1534,420994533,140331511,234436786,42059434,722037,136,420994533,1683978132,841989066
1115,23.758,420994533,140331511,234436786,42072657,722037,136,420994533,1683978132,841989066
1116,24.1595,420994533,140331511,234436786,42028433,722037,136,420994533,1683978132,841989066
1117,23.8721,420994533,140331511,234436786,42040853,722037,136,420994533,1683978132,841989066
1118,24.1313,420994533,140331511,234436786,42012763,722037,136,420994533,1683978132,841989066
1119,23.8763,420994533,140331511,234436786,41980750,722037,136,420994533,1683978132,841989066
1120,24.0772,420994533,140331511,234436786,42003993,722037,136,420994533,1683978132,841989066
1121,23.745,420994533,140331511,234436786,42018057,722037,136,420994533,1683978132,841989066
1122,24.0322,420994533,140331511,234436786,42006284,722037,136,420994533,1683978132,841989066
1123,23.7524,420994533,140331511,234436786,42012399,722037,136,420994533,1683978132,841989066
1124,24.1395,420994533,140331511,234436786,42006026,722037,136,420994533,1683978132,841989066
1125,23.7794,420994533,140331511,234436786,42046482,722037,136,420994533,1683978132,841989066
1126,24.061,420994533,140331511,234436786,42003375,722037,136,420994533,1683978132,841989066
1127,23.8753,420994533,140331511,234436786,42021758,722037,136,420994533,1683978132,841989066
1128,24.0536,420994533,140331511,234436786,42049395,722037,136,420994533,1683978132,841989066
1129,23.7776,420994533,140331511,234436786,41986955,722037,136,420994533,1683978132,841989066
1130,23.9686,420994533,140331511,234436786,41966855,722037,136,420994533,1683978132,841989066
1131,23.9135,420994533,140331511,234436786,41997167,722037,136,420994533,1683978132,841989066
1132,23.7856,420994533,140331511,234436786,42034982,722037,136,420994533,1683978132,841989066
1133,23.7713,420994533,140331511,234436786,42039357,722037,136,420994533,1683978132,841989066
1134,24.0808,420994533,140331511,234436786,42055895,722037,136,420994533,1683978132,841989066
1135,23.7511,420994533,140331511,234436786,42021265,722037,136,420994533,1683978132,841989066
1136,23.7596,420994533,140331511,234436786,42005550,722037,136,420994533,1683978132,841989066
1137,23.7741,420994533,140331511,234436786,42041866,722037,136,420994533,1683978132,841989066
1138,24.0894,420994533,140331511,234436786,42033577,722037,136,420994533,1683978132,841989066
1139,23.7819,420994533,140331511,234436786,42029700,722037,136,420994533,1683978132,841989066
1140,23.7839,420994533,140331511,234436786,42017915,722037,136,420994533,1683978132,841989066
1141,23.864,420994533,140331511,234436786,42024280,722037,136,420994533,1683978132,841989066
1142,23.9297,420994533,140331511,234436786,42039661,722037,136,420994533,1683978132,841989066
1143,23.7892,420994533,140331511,234436786,42065089,722037,136,420994533,1683978132,841989066
1144,23.7701,420994533,140331511,234436786,41968950,722037,136,420994533,1683978132,841989066
1145,23.7734,420994533,140331511,234436786,41976255,722037,136,420994533,1683978132,841989066
1146,23.7843,420994533,140331511,234436786,42086462,722037,136,420994533,1683978132,841989066
1147,23.7693,420994533,140331511,234436786,42036272,722037,136,420994533,1683978132,841989066
1148,24.1771,420994533,140331511,234436786,42006407,722037,136,420994533,1683978132,841989066
1149,23.7718,420994533,140331511,234436786,41962578,722037,136,420994533,1683978132,841989066
1150,23.7841,420994533,140331511,234436786,42001621,722037,136,420994533,1683978132,841989066
1151,23.7824,420994533,140331511,234436786,42003074,722037,136,420994533,1683978132,841989066
1152,23.783,420994533,140331511,234436786,41989641,722037,136,420994533,1683978132,841989066
1153,23.8278,420994533,140331511,234436786,41979858,722037,136,420994533,1683978132,841989066
1154,23.8677,420994533,140331511,234436786,42003052,722037,136,420994533,1683978132,841989066
1155,23.878,420994533,140331511,234436786,41910601,722037,136,420994533,1683978132,841989066
1156,24.101,420994533,140331511,234436786,42006792,722037,136,420994533,1683978132,841989066
1157,23.8772,420994533,140331511,234436786,42000961,722037,136,420994533,1683978132,841989066
1158,23.7451,420994533,140331511,234436786,42013766,722037,136,420994533,1683978132,841989066
1159,23.7633,420994533,140331511,234436786,42007633,722037,136,420994533,1683978132,841989066
1160,23.7537,420994533,140331511,234436786,42038061,722037,136,420994533,1683978132,841989066
1161,23.7467,420994533,140331511,234436786,42060112,722037,136,420994533,1683978132,841989066
1162,24.1696,420994533,140331511,234436786,41997193,722037,136,420994533,1683978132,841989066
1163,23.7476,420994533,140331511,234436786,42028008,722037,136,420994533,1683978132,841989066
1164,24.153,420994533,140331511,234436786,41972577,722037,136,420994533,1683978132,841989066
1165,23.7498,420994533,140331511,234436786,41960171,722037,136,420994533,1683978132,841989066
1166,24.0226,420994533,140331511,234436786,42027437,722037,136,420994533,1683978132,841989066
1167,23.775,420994533,140331511,234436786,42073983,722037,136,420994533,1683978132,841989066
1168,24.0678,420994533,140331511,234436786,41992658,722037,136,420994533,1683978132,841989066
1169,23.8745,420994533,140331511,234436786,42029091,722037,136,420994533,1683978132,841989066
1170,24.1176,420994533,140331511,234436786,42053262,722037,136,420994533,1683978132,841989066
1171,23.774,420994533,140331511,234436786,42015057,722037,136,420994533,1683978132,841989066
1172,24.0753,420994533,140331511,234436786,42008030,722037,136,420994533,1683978132,841989066
1173,23.7754,420994533,140331511,234436786,42017189,722037,136,420994533,1683978132,841989066
1174,23.918,420994533,140331511,234436786,42026355,722037,136,420994533,1683978132,841989066
1175,23.7549,420994533,140331511,234436786,42029365,722037,136,420994533,1683978132,841989066
1176,24.0843,420994533,140331511,234436786,42028534,722037,136,420994533,1683978132,841989066
1177,23.863,420994533,140331511,234436786,42058869,722037,136,420994533,1683978132,841989066
1178,24.0932,420994533,140331511,234436786,42068769,722037,136,420994533,1683978132,841989066
1179,23.7762,420994533,140331511,234436786,41989359,722037,136,420994533,1683978132,841989066
1180,23.7777,420994533,140331511,234436786,42022834,722037,136,420994533,1683978132,841989066
1181,23.7488,420994533,140331511,234436786,42066275,722037,136,420994533,1683978132,841989066
1182,23.8852,420994533,140331511,234436786,41995947,722037,136,420994533,1683978132,841989066
1183,23.7554,420994533,140331511,234436786,42043171,722037,136,420994533,1683978132,841989066
1184,23.7976,420994533,140331511,234436786,41994182,722037,136,420994533,1683978132,841989066
1185,23.7732,420994533,140331511,234436786,42061946,722037,136,420994533,1683978132,841989066
1186,23.8895,420994533,140331511,234436786,42009897,722037,136,420994533,1683978132,841989066
1187,23.783,420994533,140331511,234436786,41977195,722037,136,420994533,1683978132,841989066
1188,23.746,420994533,140331511,234436786,42047957,722037,136,420994533,1683978132,841989066
1189,23.751,420994533,140331511,234436786,42010176,722037,136,420994533,1683978132,841989066
1190,23.9558,420994533,140331511,234436786,42037352,722037,136,420994533,1683978132,841989066
1191,24.0389,420994533,140331511,234436786,42054825,722037,136,420994533,1683978132,841989066
1192,24.083,420994533,140331511,234436786,42021157,722037,136,420994533,1683978132,841989066
1193,24.034,420994533,140331511,234436786,42576454,722037,136,420994533,1683978132,841989066
1194,23.8804,420994533,140331511,234436786,42016877,722037,136,420994533,1683978132,841989066
1195,23.749,420994533,140331511,234436786,42012205,722037,136,420994533,1683978132,841989066
1196,24.1799,420994533,140331511,234436786,41988474,722037,136,420994533,1683978132,841989066
1197,23.8776,420994533,140331511,234436786,42014212,722037,136,420994533,1683978132,841989066
1198,24.0375,420994533,140331511,234436786,42012742,722037,136,420994533,1683978132,841989066
1199,23.8418,420994533,140331511,234436786,42514040,722037,136,420994533,1683978132,841989066
1200,24.0404,420994533,140331511,234436786,42014740,722037,136,420994533,1683978132,841989066
1201,23.8801,420994533,140331511,234436786,42046905,722037,136,420994533,1683978132,841989066
1202,24.0832,420994533,140331511,234436786,42062116,722037,136,420994533,1683978132,841989066
1203,23.8539,420994533,140331511,234436786,42011244,722037,136,420994533,1683978132,841989066
1204,24.1828,420994533,140331511,234436786,42016431,722037,136,420994533,1683978132,841989066
1205,23.7509,420994533,140331511,234436786,42024468,722037,136,420994533,1683978132,841989066
1206,24.0226,420994533,140331511,234436786,42032186,722037,136,420994533,1683978132,841989066
1207,23.8515,420994533,140331511,234436786,41984764,722037,136,420994533,1683978132,841989066
1208,24.1605,420994533,140331511,234436786,42035706,722037,136,420994533,1683978132,841989066
1209,23.8771,420994533,140331511,234436786,42013726,722037,136,420994533,1683978132,841989066
1210,24.0328,420994533,140331511,234436786,42020513,722037,136,420994533,1683978132,841989066
1211,23.7549,420994533,140331511,234436786,41968409,722037,136,420994533,1683978132,841989066
1212,24.1077,420994533,140331511,234436786,42009309,722037,136,420994533,1683978132,841989066
1213,23.7638,420994533,140331511,234436786,42020289,722037,136,420994533,1683978132,841989066
1214,24.0717,420994533,140331511,234436786,42038761,722037,136,420994533,1683978132,841989066
1215,23.7764,420994533,140331511,234436786,42022399,722037,136,420994533,1683978132,841989066
1216,24.0579,420994533,140331511,234436786,42024264,722037,136,420994533,1683978132,841989066
1217,23.7604,420994533,140331511,234436786,42046498,722037,136,420994533,1683978132,841989066
1218,24.0764,420994533,140331511,234436786,42011581,722037,136,420994533,1683978132,841989066
1219,23.886,420994533,140331511,234436786,42017358,722037,136,420994533,1683978132,841989066
1220,24.1686,420994533,140331511,234436786,41997915,722037,136,420994533,1683978132,841989066
1221,23.7573,420994533,140331511,234436786,41980229,722037,136,420994533,1683978132,841989066
1222,24.0876,420994533,140331511,234436786,42022416,722037,136,420994533,1683978132,841989066
1223,23.773,420994533,140331511,234436786,41989245,722037,136,420994533,1683978132,841989066
1224,24.168,420994533,140331511,234436786,42037656,722037,136,420994533,1683978132,841989066
1225,23.885,420994533,140331511,234436786,41985293,722037,136,420994533,1683978132,841989066
1226,24.1606,420994533,140331511,234436786,41976930,722037,136,420994533,1683978132,841989066
1227,23.7635,420994533,140331511,234436786,41980700,722037,136,420994533,1683978132,841989066
1228,24.1354,420994533,140331511,234436786,42052734,722037,136,420994533,1683978132,841989066
1229,23.7527,420994533,140331511,234436786,42066876,722037,136,420994533,1683978132,841989066
1230,24.1039,420994533,140331511,234436786,42047248,722037,136,420994533,1683978132,841989066
1231,23.7524,420994533,140331511,234436786,42047342,722037,136,420994533,1683978132,841989066
1232,24.0365,420994533,140331511,234436786,41994338,722037,136,420994533,1683978132,841989066
1233,23.8717,420994533,140331511,234436786,42042035,722037,136,420994533,1683978132,841989066
1234,24.0329,420994533,140331511,234436786,42038226,722037,136,420994533,1683978132,841989066
1235,23.8358,420994533,140331511,234436786,42003997,722037,136,420994533,1683978132,841989066
1236,24.0729,420994533,140331511,234436786,42010836,722037,136,420994533,1683978132,841989066
1237,23.758,420994533,140331511,234436786,42046622,722037,136,420994533,1683978132,841989066
1238,24.0591,420994533,140331511,234436786,42020323,722037,136,420994533,1683978132,841989066
1239,23.8486,420994533,140331511,234436786,41996135,722037,136,420994533,1683978132,841989066
1240,24.1624,420994533,140331511,234436786,42027787,722037,136,420994533,1683978132,841989066
1241,23.7617,420994533,140331511,234436786,42032831,722037,136,420994533,1683978132,841989066
1242,24.0398,420994533,140331511,234436786,42026374,722037,136,420994533,1683978132,841989066
1243,23.7618,420994533,140331511,234436786,42066153,722037,136,420994533,1683978132,841989066
1244,24.1552,420994533,140331511,234436786,42021264,722037,136,420994533,1683978132,841989066
1245,23.8666,420994533,140331511,234436786,41970758,722037,136,420994533,1683978132,841989066
1246,24.1548,420994533,140331511,234436786,42020274,722037,136,420994533,1683978132,841989066
1247,23.8692,420994533,140331511,234436786,42036869,722037,136,420994533,1683978132,841989066
1248,24.1494,420994533,140331511,234436786,42031490,722037,136,420994533,1683978132,841989066
1249,23.8672,420994533,140331511,234436786,41986499,722037,136,420994533,1683978132,841989066
1250,24.154,420994533,140331511,234436786,41979572,722037,136,420994533,1683978132,841989066
1251,23.872,420994533,140331511,234436786,41996405,722037,136,420994533,1683978132,841989066
1252,24.1504,420994533,140331511,234436786,42035314,722037,136,420994533,1683978132,841989066
1253,23.7716,420994533,140331511,234436786,41991318,722037,136,420994533,1683978132,841989066
1254,24.0344,420994533,140331511,234436786,42032216,722037,136,420994533,1683978132,841989066
1255,23.8775,420994533,140331511,234436786,41955674,722037,136,420994533,1683978132,841989066
1256,24.0398,420994533,140331511,234436786,42001015,722037,136,420994533,1683978132,841989066
1257,23.8573,420994533,140331511,234436786,41989360,722037,136,420994533,1683978132,841989066
1258,24.1418,420994533,140331511,234436786,42003473,722037,136,420994533,1683978132,841989066
1259,23.7696,420994533,140331511,234436786,42010414,722037,136,420994533,1683978132,841989066
1260,24.0649,420994533,140331511,234436786,42038179,722037,136,420994533,1683978132,841989066
1261,23.7422,420994533,140331511,234436786,42006926,722037,136,420994533,1683978132,841989066
1262,24.0373,420994533,140331511,234436786,42046656,722037,136,420994533,1683978132,841989066
1263,23.7561,420994533,140331511,234436786,42086525,722037,136,420994533,1683978132,841989066
1264,24.096,420994533,140331511,234436786,42057709,722037,136,420994533,1683978132,841989066
1265,23.7906,420994533,140331511,234436786,42004640,722037,136,420994533,1683978132,841989066
1266,23.771,420994533,140331511,234436786,42048709,722037,136,420994533,1683978132,841989066
1267,23.7613,420994533,140331511,234436786,42041352,722037,136,420994533,1683978132,841989066
1268,23.9683,420994533,140331511,234436786,42010730,722037,136,420994533,1683978132,841989066
1269,23.9079,420994533,140331511,234436786,42071735,722037,136,420994533,1683978132,841989066
1270,23.8267,420994533,140331511,234436786,41991097,722037,136,420994533,1683978132,841989066
