submesh_id,mesh_id,lod,mesh_name,submesh_name,vertex_count,triangle_count,list_indices,restart_strip_indices,restart_tokens,degenerate_strip_indices,restart_reduction_percent,degenerate_reduction_percent
0,0,0,RiverSeedling_01_Translucent,MI_RiverFamily_Branches,6132,2920,8760,7737,1605,9342,11.678082,-6.643836
1,0,0,RiverSeedling_01_Translucent,MI_RiverFamily_Trunk,2068,1002,3006,2600,532,3132,13.506321,-4.191617
2,0,0,RiverSeedling_01_Translucent,MI_RiverFamily_Leaves_TwoSided,6076,2852,8556,7687,1611,9298,10.156615,-8.672277
3,0,1,RiverSeedling_01_Translucent,MI_RiverFamily_Branches,6132,1434,4302,4072,867,4934,5.346351,-14.690841
4,0,1,RiverSeedling_01_Translucent,MI_RiverFamily_Trunk,2068,500,1500,1376,287,1671,8.266667,-11.400000
5,0,1,RiverSeedling_01_Translucent,MI_RiverFamily_Leaves_TwoSided,6076,1426,4278,4476,1000,5470,-4.628331,-27.863488
6,0,2,RiverSeedling_01_Translucent,MI_RiverFamily_Branches,6132,714,2142,2127,462,2594,0.700280,-21.101774
7,0,2,RiverSeedling_01_Translucent,MI_RiverFamily_Trunk,2068,250,750,701,143,846,6.533333,-12.800000
8,0,2,RiverSeedling_01_Translucent,MI_RiverFamily_Leaves_TwoSided,6076,703,2109,1320,134,1453,37.411095,31.104789
9,0,3,RiverSeedling_01_Translucent,MI_RiverFamily_Branches,6132,348,1044,1067,234,1303,-2.203065,-24.808429
10,0,3,RiverSeedling_01_Translucent,MI_RiverFamily_Trunk,2068,120,360,267,44,316,25.833333,12.222222
11,0,3,RiverSeedling_01_Translucent,MI_RiverFamily_Leaves_TwoSided,6076,335,1005,749,111,858,25.472637,14.626866
12,0,4,RiverSeedling_01_Translucent,MI_RiverFamily_Branches,6132,168,504,507,109,615,-0.595238,-22.023810
13,0,4,RiverSeedling_01_Translucent,MI_RiverFamily_Trunk,2068,58,174,140,25,167,19.540230,4.022989
14,0,4,RiverSeedling_01_Translucent,MI_RiverFamily_Leaves_TwoSided,6076,162,486,378,61,439,22.222222,9.670782
15,0,5,RiverSeedling_01_Translucent,MI_RiverFamily_Branches,6132,84,252,266,59,323,-5.555556,-28.174603
16,0,5,RiverSeedling_01_Translucent,MI_RiverFamily_Trunk,2068,30,90,73,13,87,18.888889,3.333333
17,0,5,RiverSeedling_01_Translucent,MI_RiverFamily_Leaves_TwoSided,6076,84,252,219,42,263,13.095238,-4.365079
18,0,6,RiverSeedling_01_Translucent,MI_RiverFamily_Branches,6132,28,84,82,17,98,2.380952,-16.666667
19,0,6,RiverSeedling_01_Translucent,MI_RiverFamily_Trunk,2068,10,30,20,2,22,33.333333,26.666667
20,0,6,RiverSeedling_01_Translucent,MI_RiverFamily_Leaves_TwoSided,6076,20,60,61,13,74,-1.666667,-23.333333
21,1,0,RiverSeedling_02_Translucent,MI_RiverFamily_Branches,6132,2920,8760,7737,1605,9342,11.678082,-6.643836
22,1,0,RiverSeedling_02_Translucent,MI_RiverFamily_Trunk,2068,1002,3006,2600,532,3132,13.506321,-4.191617
23,1,0,RiverSeedling_02_Translucent,MI_RiverFamily_Leaves_TwoSided,6027,2829,8487,7625,1598,9223,10.156710,-8.672087
24,1,1,RiverSeedling_02_Translucent,MI_RiverFamily_Branches,6132,1436,4308,3952,826,4770,8.263695,-10.724234
25,1,1,RiverSeedling_02_Translucent,MI_RiverFamily_Trunk,2068,500,1500,1346,275,1618,10.266667,-7.866667
26,1,1,RiverSeedling_02_Translucent,MI_RiverFamily_Leaves_TwoSided,6027,1413,4239,4415,984,5390,-4.151923,-27.152630
27,1,2,RiverSeedling_02_Translucent,MI_RiverFamily_Branches,6132,720,2160,2121,456,2575,1.805556,-19.212963
28,1,2,RiverSeedling_02_Translucent,MI_RiverFamily_Trunk,2068,250,750,670,134,810,10.666667,-8.000000
29,1,2,RiverSeedling_02_Translucent,MI_RiverFamily_Leaves_TwoSided,6027,689,2067,1311,134,1447,36.574746,29.995162
30,1,3,RiverSeedling_02_Translucent,MI_RiverFamily_Branches,6132,340,1020,1047,229,1271,-2.647059,-24.607843
31,1,3,RiverSeedling_02_Translucent,MI_RiverFamily_Trunk,2068,118,354,316,62,376,10.734463,-6.214689
32,1,3,RiverSeedling_02_Translucent,MI_RiverFamily_Leaves_TwoSided,6027,309,927,676,98,777,27.076591,16.181230
33,1,4,RiverSeedling_02_Translucent,MI_RiverFamily_Branches,6132,168,504,512,111,622,-1.587302,-23.412698
34,1,4,RiverSeedling_02_Translucent,MI_RiverFamily_Trunk,2068,60,180,156,28,182,13.333333,-1.111111
35,1,4,RiverSeedling_02_Translucent,MI_RiverFamily_Leaves_TwoSided,6027,139,417,337,62,399,19.184652,4.316547
36,1,5,RiverSeedling_02_Translucent,MI_RiverFamily_Branches,6132,86,258,269,59,326,-4.263566,-26.356589
37,1,5,RiverSeedling_02_Translucent,MI_RiverFamily_Trunk,2068,28,84,66,11,75,21.428571,10.714286
38,1,5,RiverSeedling_02_Translucent,MI_RiverFamily_Leaves_TwoSided,6027,66,198,175,34,206,11.616162,-4.040404
39,1,6,RiverSeedling_02_Translucent,MI_RiverFamily_Branches,6132,28,84,81,17,99,3.571429,-17.857143
40,1,6,RiverSeedling_02_Translucent,MI_RiverFamily_Trunk,2068,10,30,25,4,29,16.666667,3.333333
41,1,6,RiverSeedling_02_Translucent,MI_RiverFamily_Leaves_TwoSided,6027,27,81,79,16,96,2.469136,-18.518519
42,2,0,RiverSeedling_04_Translucent,MI_RiverFamily_Branches,6132,2920,8760,7737,1605,9342,11.678082,-6.643836
43,2,0,RiverSeedling_04_Translucent,MI_RiverFamily_Trunk,2068,1002,3006,2600,532,3132,13.506321,-4.191617
44,2,0,RiverSeedling_04_Translucent,MI_RiverFamily_Leaves_TwoSided,6076,2852,8556,7687,1611,9298,10.156615,-8.672277
45,2,1,RiverSeedling_04_Translucent,MI_RiverFamily_Branches,6132,1444,4332,4070,864,4928,6.048015,-13.758079
46,2,1,RiverSeedling_04_Translucent,MI_RiverFamily_Trunk,2068,500,1500,1341,274,1617,10.600000,-7.800000
47,2,1,RiverSeedling_04_Translucent,MI_RiverFamily_Leaves_TwoSided,6076,1426,4278,4446,989,5428,-3.927069,-26.881720
48,2,2,RiverSeedling_04_Translucent,MI_RiverFamily_Branches,6132,722,2166,2136,459,2589,1.385042,-19.529086
49,2,2,RiverSeedling_04_Translucent,MI_RiverFamily_Trunk,2068,250,750,687,139,829,8.400000,-10.533333
50,2,2,RiverSeedling_04_Translucent,MI_RiverFamily_Leaves_TwoSided,6076,627,1881,1244,141,1382,33.864965,26.528442
51,2,3,RiverSeedling_04_Translucent,MI_RiverFamily_Branches,6132,340,1020,1044,230,1272,-2.352941,-24.705882
52,2,3,RiverSeedling_04_Translucent,MI_RiverFamily_Trunk,2068,120,360,280,47,323,22.222222,10.277778
53,2,3,RiverSeedling_04_Translucent,MI_RiverFamily_Leaves_TwoSided,6076,327,981,713,105,826,27.319062,15.800204
54,2,4,RiverSeedling_04_Translucent,MI_RiverFamily_Branches,6132,172,516,525,115,640,-1.744186,-24.031008
55,2,4,RiverSeedling_04_Translucent,MI_RiverFamily_Trunk,2068,60,180,149,27,177,17.222222,1.666667
56,2,4,RiverSeedling_04_Translucent,MI_RiverFamily_Leaves_TwoSided,6076,171,513,408,68,473,20.467836,7.797271
57,2,5,RiverSeedling_04_Translucent,MI_RiverFamily_Branches,6132,86,258,267,58,326,-3.488372,-26.356589
58,2,5,RiverSeedling_04_Translucent,MI_RiverFamily_Trunk,2068,30,90,80,15,94,11.111111,-4.444444
59,2,5,RiverSeedling_04_Translucent,MI_RiverFamily_Leaves_TwoSided,6076,81,243,210,38,251,13.580247,-3.292181
60,2,6,RiverSeedling_04_Translucent,MI_RiverFamily_Branches,6132,28,84,85,18,103,-1.190476,-22.619048
61,2,6,RiverSeedling_04_Translucent,MI_RiverFamily_Trunk,2068,10,30,33,7,40,-10.000000,-33.333333
62,2,6,RiverSeedling_04_Translucent,MI_RiverFamily_Leaves_TwoSided,6076,28,84,79,15,92,5.952381,-9.523810
63,3,0,RiverSeedling_03_Translucent,MI_RiverFamily_Branches,6132,2920,8760,7737,1605,9342,11.678082,-6.643836
64,3,0,RiverSeedling_03_Translucent,MI_RiverFamily_Trunk,2068,1002,3006,2600,532,3132,13.506321,-4.191617
65,3,0,RiverSeedling_03_Translucent,MI_RiverFamily_Leaves_TwoSided,6076,2852,8556,7687,1611,9298,10.156615,-8.672277
66,3,1,RiverSeedling_03_Translucent,MI_RiverFamily_Branches,6132,1442,4326,4061,863,4919,6.125751,-13.707813
67,3,1,RiverSeedling_03_Translucent,MI_RiverFamily_Trunk,2068,500,1500,1391,292,1687,7.266667,-12.466667
68,3,1,RiverSeedling_03_Translucent,MI_RiverFamily_Leaves_TwoSided,6076,1426,4278,4446,989,5428,-3.927069,-26.881720
69,3,2,RiverSeedling_03_Translucent,MI_RiverFamily_Branches,6132,730,2190,2176,472,2643,0.639269,-20.684932
70,3,2,RiverSeedling_03_Translucent,MI_RiverFamily_Trunk,2068,250,750,684,138,823,8.800000,-9.733333
71,3,2,RiverSeedling_03_Translucent,MI_RiverFamily_Leaves_TwoSided,6076,682,2046,1335,147,1485,34.750733,27.419355
72,3,3,RiverSeedling_03_Translucent,MI_RiverFamily_Branches,6132,332,996,1014,223,1239,-1.807229,-24.397590
73,3,3,RiverSeedling_03_Translucent,MI_RiverFamily_Trunk,2068,120,360,295,54,352,18.055556,2.222222
74,3,3,RiverSeedling_03_Translucent,MI_RiverFamily_Leaves_TwoSided,6076,321,963,690,97,794,28.348910,17.549325
75,3,4,RiverSeedling_03_Translucent,MI_RiverFamily_Branches,6132,164,492,500,110,609,-1.626016,-23.780488
76,3,4,RiverSeedling_03_Translucent,MI_RiverFamily_Trunk,2068,60,180,153,28,179,15.000000,0.555556
77,3,4,RiverSeedling_03_Translucent,MI_RiverFamily_Leaves_TwoSided,6076,170,510,396,66,459,22.352941,10.000000
78,3,5,RiverSeedling_03_Translucent,MI_RiverFamily_Branches,6132,86,258,264,58,322,-2.325581,-24.806202
79,3,5,RiverSeedling_03_Translucent,MI_RiverFamily_Trunk,2068,30,90,75,13,89,16.666667,1.111111
80,3,5,RiverSeedling_03_Translucent,MI_RiverFamily_Leaves_TwoSided,6076,83,249,202,36,242,18.875502,2.811245
81,3,6,RiverSeedling_03_Translucent,MI_RiverFamily_Branches,6132,28,84,78,15,93,7.142857,-10.714286
82,3,6,RiverSeedling_03_Translucent,MI_RiverFamily_Trunk,2068,10,30,30,6,37,0.000000,-23.333333
83,3,6,RiverSeedling_03_Translucent,MI_RiverFamily_Leaves_TwoSided,6076,25,75,64,11,74,14.666667,1.333333
84,4,0,RiverSeedling_05_Translucent,MI_RiverFamily_Branches,6132,2920,8760,7737,1605,9342,11.678082,-6.643836
85,4,0,RiverSeedling_05_Translucent,MI_RiverFamily_Trunk,2068,1002,3006,2600,532,3132,13.506321,-4.191617
86,4,0,RiverSeedling_05_Translucent,MI_RiverFamily_Leaves_TwoSided,6125,2875,8625,7749,1624,9373,10.156522,-8.672464
87,4,1,RiverSeedling_05_Translucent,MI_RiverFamily_Branches,6132,1438,4314,4048,858,4897,6.165971,-13.514140
88,4,1,RiverSeedling_05_Translucent,MI_RiverFamily_Trunk,2068,500,1500,1378,286,1668,8.133333,-11.200000
89,4,1,RiverSeedling_05_Translucent,MI_RiverFamily_Leaves_TwoSided,6125,1437,4311,4480,997,5466,-3.920204,-26.791928
90,4,2,RiverSeedling_05_Translucent,MI_RiverFamily_Branches,6132,726,2178,2196,480,2671,-0.826446,-22.635445
91,4,2,RiverSeedling_05_Translucent,MI_RiverFamily_Trunk,2068,250,750,658,128,784,12.266667,-4.533333
92,4,2,RiverSeedling_05_Translucent,MI_RiverFamily_Leaves_TwoSided,6125,710,2130,1363,142,1506,36.009390,29.295775
93,4,3,RiverSeedling_05_Translucent,MI_RiverFamily_Branches,6132,342,1026,1051,230,1284,-2.436647,-25.146199
94,4,3,RiverSeedling_05_Translucent,MI_RiverFamily_Trunk,2068,116,348,285,51,336,18.103448,3.448276
95,4,3,RiverSeedling_05_Translucent,MI_RiverFamily_Leaves_TwoSided,6125,315,945,688,98,812,27.195767,14.074074
96,4,4,RiverSeedling_05_Translucent,MI_RiverFamily_Branches,6132,170,510,532,118,650,-4.313725,-27.450980
97,4,4,RiverSeedling_05_Translucent,MI_RiverFamily_Trunk,2068,60,180,143,24,168,20.555556,6.666667
98,4,4,RiverSeedling_05_Translucent,MI_RiverFamily_Leaves_TwoSided,6125,162,486,393,68,462,19.135802,4.938272
99,4,5,RiverSeedling_05_Translucent,MI_RiverFamily_Branches,6132,86,258,271,60,330,-5.038760,-27.906977
100,4,5,RiverSeedling_05_Translucent,MI_RiverFamily_Trunk,2068,30,90,71,11,80,21.111111,11.111111
101,4,5,RiverSeedling_05_Translucent,MI_RiverFamily_Leaves_TwoSided,6125,82,246,187,31,218,23.983740,11.382114
102,4,6,RiverSeedling_05_Translucent,MI_RiverFamily_Branches,6132,28,84,90,20,110,-7.142857,-30.952381
103,4,6,RiverSeedling_05_Translucent,MI_RiverFamily_Trunk,2068,8,24,19,3,24,20.833333,0.000000
104,4,6,RiverSeedling_05_Translucent,MI_RiverFamily_Leaves_TwoSided,6125,25,75,65,12,76,13.333333,-1.333333
105,5,0,RiverSapling_02_Translucent,MI_RiverFamily_Trunk,8096,3988,11964,10149,2053,12203,15.170512,-1.997660
106,5,0,RiverSapling_02_Translucent,MI_RiverFamily_Branches,62862,29986,89958,79299,16437,95736,11.848863,-6.422997
107,5,0,RiverSapling_02_Translucent,MI_RiverFamily_Leaves_TwoSided,143766,67482,202446,181907,38141,220048,10.145421,-8.694664
108,5,1,RiverSapling_02_Translucent,MI_RiverFamily_Trunk,8096,1994,5982,5190,1040,6210,13.239719,-3.811434
109,5,1,RiverSapling_02_Translucent,MI_RiverFamily_Branches,62862,14560,43680,41704,8971,50690,4.523810,-16.048535
110,5,1,RiverSapling_02_Translucent,MI_RiverFamily_Leaves_TwoSided,143766,33740,101220,106798,24044,130527,-5.510769,-28.953764
111,5,2,RiverSapling_02_Translucent,MI_RiverFamily_Trunk,8096,996,2988,2678,531,3212,10.374833,-7.496653
112,5,2,RiverSapling_02_Translucent,MI_RiverFamily_Branches,62862,7398,22194,22864,5087,27938,-3.018834,-25.880869
113,5,2,RiverSapling_02_Translucent,MI_RiverFamily_Leaves_TwoSided,143766,16705,50115,32636,3561,36395,34.877781,27.377033
114,5,3,RiverSapling_02_Translucent,MI_RiverFamily_Trunk,8096,478,1434,1274,252,1526,11.157601,-6.415621
115,5,3,RiverSapling_02_Translucent,MI_RiverFamily_Branches,62862,3504,10512,10927,2430,13352,-3.947869,-27.016743
116,5,3,RiverSapling_02_Translucent,MI_RiverFamily_Leaves_TwoSided,143766,7917,23751,17873,2789,20676,24.748432,12.946823
117,5,4,RiverSapling_02_Translucent,MI_RiverFamily_Trunk,8096,238,714,589,105,690,17.507003,3.361345
118,5,4,RiverSapling_02_Translucent,MI_RiverFamily_Branches,62862,1788,5364,5460,1196,6664,-1.789709,-24.235645
119,5,4,RiverSapling_02_Translucent,MI_RiverFamily_Leaves_TwoSided,143766,4025,12075,10572,2032,12621,12.447205,-4.521739
120,5,5,RiverSapling_02_Translucent,MI_RiverFamily_Trunk,8096,118,354,272,43,315,23.163842,11.016949
121,5,5,RiverSapling_02_Translucent,MI_RiverFamily_Branches,62862,898,2694,2681,579,3257,0.482554,-20.898293
122,5,5,RiverSapling_02_Translucent,MI_RiverFamily_Leaves_TwoSided,143766,2002,6006,5792,1217,7016,3.563104,-16.816517
123,5,6,RiverSapling_02_Translucent,MI_RiverFamily_Trunk,8096,38,114,81,13,95,28.947368,16.666667
124,5,6,RiverSapling_02_Translucent,MI_RiverFamily_Branches,62862,298,894,858,179,1034,4.026846,-15.659955
125,5,6,RiverSapling_02_Translucent,MI_RiverFamily_Leaves_TwoSided,143766,648,1944,2084,472,2561,-7.201646,-31.738683
126,6,0,RiverSapling_05_Translucent,MI_RiverFamily_Trunk,7996,3938,11814,10024,2028,12053,15.151515,-2.023024
127,6,0,RiverSapling_05_Translucent,MI_RiverFamily_Branches,59400,28336,85008,74931,15531,90462,11.854178,-6.415867
128,6,0,RiverSapling_05_Translucent,MI_RiverFamily_Leaves_TwoSided,132790,62330,186990,168019,35229,203248,10.145462,-8.694583
129,6,1,RiverSapling_05_Translucent,MI_RiverFamily_Trunk,7996,1968,5904,5199,1054,6244,11.941057,-5.758808
130,6,1,RiverSapling_05_Translucent,MI_RiverFamily_Branches,59400,13784,41352,39498,8494,48021,4.483459,-16.127394
131,6,1,RiverSapling_05_Translucent,MI_RiverFamily_Leaves_TwoSided,132790,31164,93492,98947,22318,120973,-5.834724,-29.393959
132,6,2,RiverSapling_05_Translucent,MI_RiverFamily_Trunk,7996,984,2952,2676,546,3215,9.349593,-8.909214
133,6,2,RiverSapling_05_Translucent,MI_RiverFamily_Branches,59400,6996,20988,21225,4673,25884,-1.129217,-23.327616
134,6,2,RiverSapling_05_Translucent,MI_RiverFamily_Leaves_TwoSided,132790,15364,46092,29893,3255,33245,35.144928,27.872516
135,6,3,RiverSapling_05_Translucent,MI_RiverFamily_Trunk,7996,472,1416,1254,241,1506,11.440678,-6.355932
136,6,3,RiverSapling_05_Translucent,MI_RiverFamily_Branches,59400,3312,9936,10319,2291,12593,-3.854670,-26.741143
137,6,3,RiverSapling_05_Translucent,MI_RiverFamily_Leaves_TwoSided,132790,7345,22035,16589,2621,19241,24.715226,12.679828
138,6,4,RiverSapling_05_Translucent,MI_RiverFamily_Trunk,7996,236,708,585,106,691,17.372881,2.401130
139,6,4,RiverSapling_05_Translucent,MI_RiverFamily_Branches,59400,1694,5082,5136,1122,6260,-1.062574,-23.179850
140,6,4,RiverSapling_05_Translucent,MI_RiverFamily_Leaves_TwoSided,132790,3707,11121,9471,1783,11264,14.836795,-1.285856
141,6,5,RiverSapling_05_Translucent,MI_RiverFamily_Trunk,7996,118,354,269,44,315,24.011299,11.016949
142,6,5,RiverSapling_05_Translucent,MI_RiverFamily_Branches,59400,844,2532,2491,536,3032,1.619273,-19.747235
143,6,5,RiverSapling_05_Translucent,MI_RiverFamily_Leaves_TwoSided,132790,1848,5544,5305,1108,6410,4.310967,-15.620491
144,6,6,RiverSapling_05_Translucent,MI_RiverFamily_Trunk,7996,38,114,85,13,98,25.438596,14.035088
145,6,6,RiverSapling_05_Translucent,MI_RiverFamily_Branches,59400,280,840,767,155,927,8.690476,-10.357143
146,6,6,RiverSapling_05_Translucent,MI_RiverFamily_Leaves_TwoSided,132790,558,1674,1764,394,2151,-5.376344,-28.494624
147,7,0,RiverSapling_01_Translucent,MI_RiverFamily_Trunk,8596,4238,12714,10777,2179,12956,15.235174,-1.903414
148,7,0,RiverSapling_01_Translucent,MI_RiverFamily_Branches,62360,29746,89238,78666,16306,94972,11.846971,-6.425514
149,7,0,RiverSapling_01_Translucent,MI_RiverFamily_Leaves_TwoSided,144011,67597,202791,182217,38206,220423,10.145421,-8.694666
150,7,1,RiverSapling_01_Translucent,MI_RiverFamily_Trunk,8596,2118,6354,5624,1146,6768,11.488826,-6.515581
151,7,1,RiverSapling_01_Translucent,MI_RiverFamily_Branches,62360,14458,43374,41568,8956,50520,4.163785,-16.475308
152,7,1,RiverSapling_01_Translucent,MI_RiverFamily_Leaves_TwoSided,144011,33797,101391,106910,24062,130647,-5.443284,-28.854632
153,7,2,RiverSapling_01_Translucent,MI_RiverFamily_Trunk,8596,1058,3174,2871,584,3460,9.546314,-9.010712
154,7,2,RiverSapling_01_Translucent,MI_RiverFamily_Branches,62360,7320,21960,22417,4964,27364,-2.081056,-24.608379
155,7,2,RiverSapling_01_Translucent,MI_RiverFamily_Leaves_TwoSided,144011,16604,49812,32249,3517,35957,35.258572,27.814583
156,7,3,RiverSapling_01_Translucent,MI_RiverFamily_Trunk,8596,508,1524,1403,278,1686,7.939633,-10.629921
157,7,3,RiverSapling_01_Translucent,MI_RiverFamily_Branches,62360,3472,10416,10898,2434,13338,-4.627496,-28.052995
158,7,3,RiverSapling_01_Translucent,MI_RiverFamily_Leaves_TwoSided,144011,8053,24159,18092,2825,21023,25.112794,12.980670
159,7,4,RiverSapling_01_Translucent,MI_RiverFamily_Trunk,8596,254,762,622,114,739,18.372703,3.018373
160,7,4,RiverSapling_01_Translucent,MI_RiverFamily_Branches,62360,1782,5346,5435,1190,6627,-1.664796,-23.961841
161,7,4,RiverSapling_01_Translucent,MI_RiverFamily_Leaves_TwoSided,144011,3989,11967,10181,1909,12104,14.924375,-1.144815
162,7,5,RiverSapling_01_Translucent,MI_RiverFamily_Trunk,8596,126,378,290,47,333,23.280423,11.904762
163,7,5,RiverSapling_01_Translucent,MI_RiverFamily_Branches,62360,892,2676,2640,567,3218,1.345291,-20.254111
164,7,5,RiverSapling_01_Translucent,MI_RiverFamily_Leaves_TwoSided,144011,2018,6054,5732,1186,6901,5.318797,-13.990750
165,7,6,RiverSapling_01_Translucent,MI_RiverFamily_Trunk,8596,42,126,90,13,106,28.571429,15.873016
166,7,6,RiverSapling_01_Translucent,MI_RiverFamily_Branches,62360,296,888,874,186,1059,1.576577,-19.256757
167,7,6,RiverSapling_01_Translucent,MI_RiverFamily_Leaves_TwoSided,144011,667,2001,2098,464,2560,-4.847576,-27.936032
168,8,0,RiverSapling_04_Translucent,MI_RiverFamily_Trunk,8194,4038,12114,10271,2077,12349,15.213802,-1.939904
169,8,0,RiverSapling_04_Translucent,MI_RiverFamily_Branches,67312,32102,96306,84916,17604,102520,11.826885,-6.452350
170,8,0,RiverSapling_04_Translucent,MI_RiverFamily_Leaves_TwoSided,161406,75762,227286,204227,42821,247048,10.145368,-8.694772
171,8,1,RiverSapling_04_Translucent,MI_RiverFamily_Trunk,8194,2018,6054,5266,1054,6310,13.016188,-4.228609
172,8,1,RiverSapling_04_Translucent,MI_RiverFamily_Branches,67312,15638,46914,44891,9669,54557,4.312146,-16.291512
173,8,1,RiverSapling_04_Translucent,MI_RiverFamily_Leaves_TwoSided,161406,37880,113640,119798,26955,146434,-5.418867,-28.857797
174,8,2,RiverSapling_04_Translucent,MI_RiverFamily_Trunk,8194,1008,3024,2766,562,3331,8.531746,-10.152116
175,8,2,RiverSapling_04_Translucent,MI_RiverFamily_Branches,67312,7898,23694,24120,5330,29448,-1.797924,-24.284629
176,8,2,RiverSapling_04_Translucent,MI_RiverFamily_Leaves_TwoSided,161406,18826,56478,36623,4045,40871,35.155282,27.633769
177,8,3,RiverSapling_04_Translucent,MI_RiverFamily_Trunk,8194,484,1452,1279,249,1528,11.914601,-5.234160
178,8,3,RiverSapling_04_Translucent,MI_RiverFamily_Branches,67312,3752,11256,11573,2563,14139,-2.816276,-25.613006
179,8,3,RiverSapling_04_Translucent,MI_RiverFamily_Leaves_TwoSided,161406,8991,26973,20197,3159,23445,25.121418,13.079746
180,8,4,RiverSapling_04_Translucent,MI_RiverFamily_Trunk,8194,242,726,584,104,689,19.559229,5.096419
181,8,4,RiverSapling_04_Translucent,MI_RiverFamily_Branches,67312,1924,5772,5823,1273,7102,-0.883576,-23.042273
182,8,4,RiverSapling_04_Translucent,MI_RiverFamily_Leaves_TwoSided,161406,4487,13461,11579,2189,13778,13.981131,-2.354951
183,8,5,RiverSapling_04_Translucent,MI_RiverFamily_Trunk,8194,120,360,276,45,320,23.333333,11.111111
184,8,5,RiverSapling_04_Translucent,MI_RiverFamily_Branches,67312,962,2886,2844,611,3452,1.455301,-19.611920
185,8,5,RiverSapling_04_Translucent,MI_RiverFamily_Leaves_TwoSided,161406,2254,6762,6559,1384,7944,3.002070,-17.480035
186,8,6,RiverSapling_04_Translucent,MI_RiverFamily_Trunk,8194,40,120,91,14,106,24.166667,11.666667
187,8,6,RiverSapling_04_Translucent,MI_RiverFamily_Branches,67312,316,948,893,185,1078,5.801688,-13.713080
188,8,6,RiverSapling_04_Translucent,MI_RiverFamily_Leaves_TwoSided,161406,743,2229,2462,566,3034,-10.453118,-36.114850
189,9,0,RiverSapling_03_Translucent,MI_RiverFamily_Trunk,8295,4088,12264,10399,2103,12503,15.207110,-1.948793
190,9,0,RiverSapling_03_Translucent,MI_RiverFamily_Branches,62742,29928,89784,79148,16406,95554,11.846209,-6.426535
191,9,0,RiverSapling_03_Translucent,MI_RiverFamily_Leaves_TwoSided,145383,68241,204723,183953,38570,222523,10.145416,-8.694675
192,9,1,RiverSapling_03_Translucent,MI_RiverFamily_Trunk,8295,2044,6132,5373,1084,6444,12.377691,-5.088063
193,9,1,RiverSapling_03_Translucent,MI_RiverFamily_Branches,62742,14526,43578,41666,8965,50616,4.387535,-16.150351
194,9,1,RiverSapling_03_Translucent,MI_RiverFamily_Leaves_TwoSided,145383,34119,102357,108043,24336,132090,-5.555067,-29.048331
195,9,2,RiverSapling_03_Translucent,MI_RiverFamily_Trunk,8295,1022,3066,2701,538,3252,11.904762,-6.066536
196,9,2,RiverSapling_03_Translucent,MI_RiverFamily_Branches,62742,7350,22050,22495,4976,27468,-2.018141,-24.571429
197,9,2,RiverSapling_03_Translucent,MI_RiverFamily_Leaves_TwoSided,145383,16968,50904,32992,3571,36647,35.187804,28.007622
198,9,3,RiverSapling_03_Translucent,MI_RiverFamily_Trunk,8295,490,1470,1317,261,1594,10.408163,-8.435374
199,9,3,RiverSapling_03_Translucent,MI_RiverFamily_Branches,62742,3484,10452,10997,2460,13444,-5.214313,-28.626100
200,9,3,RiverSapling_03_Translucent,MI_RiverFamily_Leaves_TwoSided,145383,7918,23754,17806,2777,20630,25.039993,13.151469
201,9,4,RiverSapling_03_Translucent,MI_RiverFamily_Trunk,8295,244,732,614,114,734,16.120219,-0.273224
202,9,4,RiverSapling_03_Translucent,MI_RiverFamily_Branches,62742,1794,5382,5496,1206,6713,-2.118172,-24.730583
203,9,4,RiverSapling_03_Translucent,MI_RiverFamily_Leaves_TwoSided,145383,3957,11871,10307,1963,12255,13.174964,-3.234774
204,9,5,RiverSapling_03_Translucent,MI_RiverFamily_Trunk,8295,122,366,290,51,341,20.765027,6.830601
205,9,5,RiverSapling_03_Translucent,MI_RiverFamily_Branches,62742,888,2664,2676,580,3262,-0.450450,-22.447447
206,9,5,RiverSapling_03_Translucent,MI_RiverFamily_Leaves_TwoSided,145383,1973,5919,5663,1179,6837,4.325055,-15.509377
207,9,6,RiverSapling_03_Translucent,MI_RiverFamily_Trunk,8295,40,120,88,12,100,26.666667,16.666667
208,9,6,RiverSapling_03_Translucent,MI_RiverFamily_Branches,62742,286,858,820,170,993,4.428904,-15.734266
209,9,6,RiverSapling_03_Translucent,MI_RiverFamily_Leaves_TwoSided,145383,641,1923,2052,464,2515,-6.708268,-30.785231
210,10,0,RiverForest_03_Animated_Translucent,MI_RiverFamily_Trunk,28182,13648,40944,35448,7266,42714,13.423212,-4.322978
211,10,0,RiverForest_03_Animated_Translucent,MI_RiverFamily_Branches,285964,136282,408846,360804,74840,435644,11.750635,-6.554546
212,10,0,RiverForest_03_Animated_Translucent,MI_RiverFamily_Leaves_TwoSided,383817,180159,540477,485645,101828,587473,10.145113,-8.695282
213,10,1,RiverForest_03_Animated_Translucent,MI_RiverFamily_Trunk,28182,6820,20460,19152,4036,23212,6.392962,-13.450635
214,10,1,RiverForest_03_Animated_Translucent,MI_RiverFamily_Branches,285964,66046,198138,191261,41552,232972,3.470813,-17.580676
215,10,1,RiverForest_03_Animated_Translucent,MI_RiverFamily_Leaves_TwoSided,383817,90079,270237,282733,63222,344957,-4.624089,-27.649804
216,10,2,RiverForest_03_Animated_Translucent,MI_RiverFamily_Trunk,28182,3410,10230,9617,1992,11591,5.992180,-13.304008
217,10,2,RiverForest_03_Animated_Translucent,MI_RiverFamily_Branches,285964,32658,97974,97076,21288,118433,0.916570,-20.882071
218,10,2,RiverForest_03_Animated_Translucent,MI_RiverFamily_Leaves_TwoSided,383817,43859,131577,87229,10669,97856,33.704979,25.628339
219,10,3,RiverForest_03_Animated_Translucent,MI_RiverFamily_Trunk,28182,1628,4884,4392,874,5254,10.073710,-7.575758
220,10,3,RiverForest_03_Animated_Translucent,MI_RiverFamily_Branches,285964,15848,47544,47198,10303,57538,0.727747,-21.020528
221,10,3,RiverForest_03_Animated_Translucent,MI_RiverFamily_Leaves_TwoSided,383817,20734,62202,43945,6433,50399,29.351146,18.975274
222,10,4,RiverForest_03_Animated_Translucent,MI_RiverFamily_Trunk,28182,812,2436,2139,417,2557,12.192118,-4.967159
223,10,4,RiverForest_03_Animated_Translucent,MI_RiverFamily_Branches,285964,8054,24162,23869,5165,29041,1.212648,-20.192865
224,10,4,RiverForest_03_Animated_Translucent,MI_RiverFamily_Leaves_TwoSided,383817,10171,30513,22613,3616,26218,25.890604,14.075968
225,10,5,RiverForest_03_Animated_Translucent,MI_RiverFamily_Trunk,28182,404,1212,1017,190,1215,16.089109,-0.247525
226,10,5,RiverForest_03_Animated_Translucent,MI_RiverFamily_Branches,285964,4050,12150,11651,2449,14087,4.106996,-15.942387
227,10,5,RiverForest_03_Animated_Translucent,MI_RiverFamily_Leaves_TwoSided,383817,5016,15048,11568,1957,13522,23.125997,10.140883
228,10,6,RiverForest_03_Animated_Translucent,MI_RiverFamily_Trunk,28182,134,402,316,56,378,21.393035,5.970149
229,10,6,RiverForest_03_Animated_Translucent,MI_RiverFamily_Branches,285964,1334,4002,3794,786,4563,5.197401,-14.017991
230,10,6,RiverForest_03_Animated_Translucent,MI_RiverFamily_Leaves_TwoSided,383817,1569,4707,3906,729,4631,17.017208,1.614617
231,11,0,RiverForest_01_Animated_Translucent,MI_RiverFamily_Trunk,28182,13648,40944,35448,7266,42714,13.423212,-4.322978
232,11,0,RiverForest_01_Animated_Translucent,MI_RiverFamily_Branches,289706,138066,414198,365525,75819,441344,11.751143,-6.553870
233,11,0,RiverForest_01_Animated_Translucent,MI_RiverFamily_Leaves_TwoSided,389599,182873,548619,492961,103362,596323,10.145110,-8.695288
234,11,1,RiverForest_01_Animated_Translucent,MI_RiverFamily_Trunk,28182,6820,20460,19189,4043,23215,6.212121,-13.465298
235,11,1,RiverForest_01_Animated_Translucent,MI_RiverFamily_Branches,289706,66778,200334,192021,41579,233776,4.149570,-16.693122
236,11,1,RiverForest_01_Animated_Translucent,MI_RiverFamily_Leaves_TwoSided,389599,91435,274305,286748,64088,349806,-4.536191,-27.524471
237,11,2,RiverForest_01_Animated_Translucent,MI_RiverFamily_Trunk,28182,3408,10224,9548,1966,11498,6.611894,-12.460876
238,11,2,RiverForest_01_Animated_Translucent,MI_RiverFamily_Branches,289706,33324,99972,98564,21574,120225,1.408394,-20.258672
239,11,2,RiverForest_01_Animated_Translucent,MI_RiverFamily_Leaves_TwoSided,389599,44996,134988,89411,10831,100107,33.763742,25.840075
240,11,3,RiverForest_01_Animated_Translucent,MI_RiverFamily_Trunk,28182,1634,4902,4396,873,5267,10.322317,-7.445940
241,11,3,RiverForest_01_Animated_Translucent,MI_RiverFamily_Branches,289706,16002,48006,47546,10359,57902,0.958214,-20.614090
242,11,3,RiverForest_01_Animated_Translucent,MI_RiverFamily_Leaves_TwoSided,389599,20925,62775,44237,6399,50556,29.530864,19.464755
243,11,4,RiverForest_01_Animated_Translucent,MI_RiverFamily_Trunk,28182,814,2442,2101,398,2506,13.963964,-2.620803
244,11,4,RiverForest_01_Animated_Translucent,MI_RiverFamily_Branches,289706,8148,24444,23788,5095,28859,2.683685,-18.061692
245,11,4,RiverForest_01_Animated_Translucent,MI_RiverFamily_Leaves_TwoSided,389599,10401,31203,22935,3634,26687,26.497452,14.472967
246,11,5,RiverForest_01_Animated_Translucent,MI_RiverFamily_Trunk,28182,404,1212,990,182,1168,18.316832,3.630363
247,11,5,RiverForest_01_Animated_Translucent,MI_RiverFamily_Branches,289706,4108,12324,11668,2437,14096,5.322947,-14.378449
248,11,5,RiverForest_01_Animated_Translucent,MI_RiverFamily_Leaves_TwoSided,389599,5085,15255,11691,1963,13632,23.362832,10.639135
249,11,6,RiverForest_01_Animated_Translucent,MI_RiverFamily_Trunk,28182,136,408,327,58,382,19.852941,6.372549
250,11,6,RiverForest_01_Animated_Translucent,MI_RiverFamily_Branches,289706,1352,4056,3815,792,4601,5.941815,-13.436884
251,11,6,RiverForest_01_Animated_Translucent,MI_RiverFamily_Leaves_TwoSided,389599,1659,4977,4191,785,4964,15.792646,0.261202
252,12,0,RiverForest_05_Animated_Translucent,MI_RiverFamily_Trunk,28132,13624,40872,35385,7253,42638,13.424839,-4.320806
253,12,0,RiverForest_05_Animated_Translucent,MI_RiverFamily_Branches,289168,137808,413424,364847,75679,440526,11.749923,-6.555498
254,12,0,RiverForest_05_Animated_Translucent,MI_RiverFamily_Leaves_TwoSided,389599,182873,548619,492961,103362,596323,10.145110,-8.695288
255,12,1,RiverForest_05_Animated_Translucent,MI_RiverFamily_Trunk,28132,6808,20424,19109,4023,23146,6.438504,-13.327458
256,12,1,RiverForest_05_Animated_Translucent,MI_RiverFamily_Branches,289168,66674,200022,192494,41748,234386,3.763586,-17.180110
257,12,1,RiverForest_05_Animated_Translucent,MI_RiverFamily_Leaves_TwoSided,389599,91435,274305,286547,64000,349495,-4.462915,-27.411093
258,12,2,RiverForest_05_Animated_Translucent,MI_RiverFamily_Trunk,28132,3404,10212,9498,1951,11442,6.991774,-12.044653
259,12,2,RiverForest_05_Animated_Translucent,MI_RiverFamily_Branches,289168,33074,99222,98144,21516,119694,1.086453,-20.632521
260,12,2,RiverForest_05_Animated_Translucent,MI_RiverFamily_Leaves_TwoSided,389599,44569,133707,89086,11044,100430,33.372224,24.888001
261,12,3,RiverForest_05_Animated_Translucent,MI_RiverFamily_Trunk,28132,1626,4878,4404,874,5274,9.717097,-8.118081
262,12,3,RiverForest_05_Animated_Translucent,MI_RiverFamily_Branches,289168,16032,48096,47934,10482,58437,0.336826,-21.500749
263,12,3,RiverForest_05_Animated_Translucent,MI_RiverFamily_Leaves_TwoSided,389599,20920,62760,44506,6495,50937,29.085405,18.838432
264,12,4,RiverForest_05_Animated_Translucent,MI_RiverFamily_Trunk,28132,810,2430,2069,393,2462,14.855967,-1.316872
265,12,4,RiverForest_05_Animated_Translucent,MI_RiverFamily_Branches,289168,8106,24318,23869,5139,29008,1.846369,-19.286126
266,12,4,RiverForest_05_Animated_Translucent,MI_RiverFamily_Leaves_TwoSided,389599,10490,31470,23331,3711,27060,25.862726,14.013346
267,12,5,RiverForest_05_Animated_Translucent,MI_RiverFamily_Trunk,28132,406,1218,1027,193,1218,15.681445,0.000000
268,12,5,RiverForest_05_Animated_Translucent,MI_RiverFamily_Branches,289168,4112,12336,11787,2483,14277,4.450389,-15.734436
269,12,5,RiverForest_05_Animated_Translucent,MI_RiverFamily_Leaves_TwoSided,389599,5179,15537,12024,2041,13994,22.610543,9.931132
270,12,6,RiverForest_05_Animated_Translucent,MI_RiverFamily_Trunk,28132,134,402,323,57,378,19.651741,5.970149
271,12,6,RiverForest_05_Animated_Translucent,MI_RiverFamily_Branches,289168,1346,4038,3732,762,4493,7.578009,-11.267954
272,12,6,RiverForest_05_Animated_Translucent,MI_RiverFamily_Leaves_TwoSided,389599,1645,4935,4058,754,4812,17.771023,2.492401
273,13,0,QueenForest_02_Animated_Translucent,MI_QueenPalm_Trunk,5046,2500,7500,6318,1272,7591,15.760000,-1.213333
274,13,0,QueenForest_02_Animated_Translucent,MI_QueenPalm_Leaves_TwoSided,414800,207400,622200,518499,103699,622198,16.666827,0.000321
275,13,0,QueenForest_02_Animated_Translucent,MI_QueenPalm_FruitBranches,80136,38736,116208,100835,20699,121534,13.228865,-4.583161
276,13,0,QueenForest_02_Animated_Translucent,MI_QueenPalm_DriedBranches,16440,8160,24480,20579,4139,24718,15.935458,-0.972222
277,13,0,QueenForest_02_Animated_Translucent,MI_QueenPalm_Branches,22656,11136,33408,28415,5759,34174,14.945522,-2.292864
278,13,0,QueenForest_02_Animated_Translucent,MI_QueenPalm_OldBranches,18816,9216,27648,23615,4799,28414,14.586950,-2.770544
279,13,0,QueenForest_02_Animated_Translucent,MI_QueenPalm_DeadLeaves_TwoSided,82880,40256,120768,104191,21311,125502,13.726318,-3.919913
280,13,0,QueenForest_02_Animated_Translucent,MI_QueenPalm_Berries,234600,110400,331200,296699,62099,358798,10.416969,-8.332729
281,13,1,QueenForest_02_Animated_Translucent,MI_QueenPalm_Trunk,5046,1250,3750,3222,646,3872,14.080000,-3.253333
282,13,1,QueenForest_02_Animated_Translucent,MI_QueenPalm_Leaves_TwoSided,414800,103699,311097,289021,60671,349686,7.096179,-12.404170
283,13,1,QueenForest_02_Animated_Translucent,MI_QueenPalm_FruitBranches,80136,19368,58104,56145,12102,68201,3.371541,-17.377461
284,13,1,QueenForest_02_Animated_Translucent,MI_QueenPalm_DriedBranches,16440,4080,12240,10936,2230,13169,10.653595,-7.589869
285,13,1,QueenForest_02_Animated_Translucent,MI_QueenPalm_Branches,22656,5568,16704,15987,3425,19438,4.292385,-16.367337
286,13,1,QueenForest_02_Animated_Translucent,MI_QueenPalm_OldBranches,18816,4608,13824,12588,2613,15192,8.940972,-9.895833
287,13,1,QueenForest_02_Animated_Translucent,MI_QueenPalm_DeadLeaves_TwoSided,82880,20128,60384,56555,11901,68511,6.341084,-13.458863
288,13,1,QueenForest_02_Animated_Translucent,MI_QueenPalm_Berries,234600,55200,165600,153284,32226,185913,7.437198,-12.266304
289,13,2,QueenForest_02_Animated_Translucent,MI_QueenPalm_Trunk,5046,624,1872,1645,324,1974,12.126068,-5.448718
290,13,2,QueenForest_02_Animated_Translucent,MI_QueenPalm_Leaves_TwoSided,414800,51850,155550,138033,26924,165071,11.261331,-6.120861
291,13,2,QueenForest_02_Animated_Translucent,MI_QueenPalm_FruitBranches,80136,9678,29034,27903,5883,33762,3.895433,-16.284356
292,13,2,QueenForest_02_Animated_Translucent,MI_QueenPalm_DriedBranches,16440,2040,6120,5477,1089,6571,10.506536,-7.369281
293,13,2,QueenForest_02_Animated_Translucent,MI_QueenPalm_Branches,22656,2784,8352,7765,1592,9368,7.028257,-12.164751
294,13,2,QueenForest_02_Animated_Translucent,MI_QueenPalm_OldBranches,18816,2304,6912,6319,1267,7584,8.579282,-9.722222
295,13,2,QueenForest_02_Animated_Translucent,MI_QueenPalm_DeadLeaves_TwoSided,82880,10063,30189,27989,5652,33642,7.287423,-11.437941
296,13,2,QueenForest_02_Animated_Translucent,MI_QueenPalm_Berries,234600,27600,82800,79130,16696,95731,4.432367,-15.617150
297,13,3,QueenForest_02_Animated_Translucent,MI_QueenPalm_Trunk,5046,300,900,758,140,894,15.777778,0.666667
298,13,3,QueenForest_02_Animated_Translucent,MI_QueenPalm_Leaves_TwoSided,414800,24812,74436,47630,5783,53299,36.012145,28.396206
299,13,3,QueenForest_02_Animated_Translucent,MI_QueenPalm_FruitBranches,80136,4596,13788,12932,2668,15603,6.208297,-13.163621
300,13,3,QueenForest_02_Animated_Translucent,MI_QueenPalm_DriedBranches,16440,978,2934,2461,459,2924,16.121336,0.340832
301,13,3,QueenForest_02_Animated_Translucent,MI_QueenPalm_Branches,22656,1336,4008,3418,638,4061,14.720559,-1.322355
302,13,3,QueenForest_02_Animated_Translucent,MI_QueenPalm_OldBranches,18816,1104,3312,2811,521,3320,15.126812,-0.241546
303,13,3,QueenForest_02_Animated_Translucent,MI_QueenPalm_DeadLeaves_TwoSided,82880,4750,14250,7958,725,8651,44.154386,39.291228
304,13,3,QueenForest_02_Animated_Translucent,MI_QueenPalm_Berries,234600,13248,39744,35695,7056,42783,10.187701,-7.646437
305,13,4,QueenForest_02_Animated_Translucent,MI_QueenPalm_Trunk,5046,150,450,368,63,428,18.222222,4.888889
306,13,4,QueenForest_02_Animated_Translucent,MI_QueenPalm_Leaves_TwoSided,414800,12269,36807,24746,3517,28148,32.768223,23.525416
307,13,4,QueenForest_02_Animated_Translucent,MI_QueenPalm_FruitBranches,80136,2304,6912,6402,1304,7715,7.378472,-11.617477
308,13,4,QueenForest_02_Animated_Translucent,MI_QueenPalm_DriedBranches,16440,488,1464,1193,212,1403,18.510929,4.166667
309,13,4,QueenForest_02_Animated_Translucent,MI_QueenPalm_Branches,22656,666,1998,1605,278,1878,19.669670,6.006006
310,13,4,QueenForest_02_Animated_Translucent,MI_QueenPalm_OldBranches,18816,552,1656,1353,240,1582,18.297101,4.468599
311,13,4,QueenForest_02_Animated_Translucent,MI_QueenPalm_DeadLeaves_TwoSided,82880,2397,7191,4260,494,4784,40.759282,33.472396
312,13,4,QueenForest_02_Animated_Translucent,MI_QueenPalm_Berries,234600,6624,19872,16730,3092,19810,15.811192,0.311997
313,13,5,QueenForest_02_Animated_Translucent,MI_QueenPalm_Trunk,5046,74,222,163,24,183,26.576577,17.567568
314,13,5,QueenForest_02_Animated_Translucent,MI_QueenPalm_Leaves_TwoSided,414800,6028,18084,12773,1987,14721,29.368503,18.596549
315,13,5,QueenForest_02_Animated_Translucent,MI_QueenPalm_FruitBranches,80136,1142,3426,3266,676,3949,4.670169,-15.265616
316,13,5,QueenForest_02_Animated_Translucent,MI_QueenPalm_DriedBranches,16440,244,732,552,88,633,24.590164,13.524590
317,13,5,QueenForest_02_Animated_Translucent,MI_QueenPalm_Branches,22656,332,996,808,142,947,18.875502,4.919679
318,13,5,QueenForest_02_Animated_Translucent,MI_QueenPalm_OldBranches,18816,276,828,661,114,774,20.169082,6.521739
319,13,5,QueenForest_02_Animated_Translucent,MI_QueenPalm_DeadLeaves_TwoSided,82880,1129,3387,2336,368,2722,31.030410,19.633894
320,13,5,QueenForest_02_Animated_Translucent,MI_QueenPalm_Berries,234600,3312,9936,8301,1527,9821,16.455314,1.157407
321,13,6,QueenForest_02_Animated_Translucent,MI_QueenPalm_Trunk,5046,24,72,49,7,56,31.944444,22.222222
322,13,6,QueenForest_02_Animated_Translucent,MI_QueenPalm_Leaves_TwoSided,414800,1935,5805,4322,724,5088,25.546942,12.351421
323,13,6,QueenForest_02_Animated_Translucent,MI_QueenPalm_FruitBranches,80136,382,1146,1031,202,1225,10.034904,-6.893543
324,13,6,QueenForest_02_Animated_Translucent,MI_QueenPalm_DriedBranches,16440,80,240,173,26,198,27.916667,17.500000
325,13,6,QueenForest_02_Animated_Translucent,MI_QueenPalm_Branches,22656,106,318,269,51,321,15.408805,-0.943396
326,13,6,QueenForest_02_Animated_Translucent,MI_QueenPalm_OldBranches,18816,92,276,208,35,246,24.637681,10.869565
327,13,6,QueenForest_02_Animated_Translucent,MI_QueenPalm_DeadLeaves_TwoSided,82880,398,1194,935,172,1105,21.691792,7.453936
328,13,6,QueenForest_02_Animated_Translucent,MI_QueenPalm_Berries,234600,1104,3312,2887,566,3448,12.832126,-4.106280
329,14,0,QueenForest_05_Animated_Translucent,MI_QueenPalm_Trunk,4948,2450,7350,6199,1249,7448,15.659864,-1.333333
330,14,0,QueenForest_05_Animated_Translucent,MI_QueenPalm_Leaves_TwoSided,417240,208620,625860,521549,104309,625858,16.666826,0.000320
331,14,0,QueenForest_05_Animated_Translucent,MI_QueenPalm_FruitBranches,80880,39096,117288,101771,20891,122662,13.229827,-4.581884
332,14,0,QueenForest_05_Animated_Translucent,MI_QueenPalm_DriedBranches,16632,8256,24768,20819,4187,25006,15.943960,-0.960917
333,14,0,QueenForest_05_Animated_Translucent,MI_QueenPalm_Branches,22656,11136,33408,28415,5759,34174,14.945522,-2.292864
334,14,0,QueenForest_05_Animated_Translucent,MI_QueenPalm_OldBranches,18816,9216,27648,23615,4799,28414,14.586950,-2.770544
335,14,0,QueenForest_05_Animated_Translucent,MI_QueenPalm_DeadLeaves_TwoSided,84000,40800,122400,105599,21599,127198,13.726307,-3.919935
336,14,0,QueenForest_05_Animated_Translucent,MI_QueenPalm_Berries,240720,113280,339840,304439,63719,368158,10.416961,-8.332745
337,14,1,QueenForest_05_Animated_Translucent,MI_QueenPalm_Trunk,4948,1224,3672,3234,659,3892,11.928105,-5.991285
338,14,1,QueenForest_05_Animated_Translucent,MI_QueenPalm_Leaves_TwoSided,417240,104310,312930,291391,61254,352518,6.883009,-12.650753
339,14,1,QueenForest_05_Animated_Translucent,MI_QueenPalm_FruitBranches,80880,19548,58644,56606,12199,68753,3.475206,-17.237910
340,14,1,QueenForest_05_Animated_Translucent,MI_QueenPalm_DriedBranches,16632,4128,12384,11051,2246,13279,10.763889,-7.227067
341,14,1,QueenForest_05_Animated_Translucent,MI_QueenPalm_Branches,22656,5568,16704,16010,3437,19466,4.154693,-16.534962
342,14,1,QueenForest_05_Animated_Translucent,MI_QueenPalm_OldBranches,18816,4608,13824,12567,2607,15170,9.092882,-9.736690
343,14,1,QueenForest_05_Animated_Translucent,MI_QueenPalm_DeadLeaves_TwoSided,84000,20400,61200,57337,12055,69411,6.312092,-13.416667
344,14,1,QueenForest_05_Animated_Translucent,MI_QueenPalm_Berries,240720,56640,169920,157353,33074,190841,7.395833,-12.312265
345,14,2,QueenForest_05_Animated_Translucent,MI_QueenPalm_Trunk,4948,612,1836,1654,335,1999,9.912854,-8.877996
346,14,2,QueenForest_05_Animated_Translucent,MI_QueenPalm_Leaves_TwoSided,417240,52154,156462,138386,26982,165550,11.552965,-5.808439
347,14,2,QueenForest_05_Animated_Translucent,MI_QueenPalm_FruitBranches,80880,9752,29256,28245,5975,34203,3.455701,-16.909352
348,14,2,QueenForest_05_Animated_Translucent,MI_QueenPalm_DriedBranches,16632,2064,6192,5609,1120,6723,9.415375,-8.575581
349,14,2,QueenForest_05_Animated_Translucent,MI_QueenPalm_Branches,22656,2784,8352,7727,1575,9323,7.483238,-11.625958
350,14,2,QueenForest_05_Animated_Translucent,MI_QueenPalm_OldBranches,18816,2304,6912,6228,1243,7483,9.895833,-8.260995
351,14,2,QueenForest_05_Animated_Translucent,MI_QueenPalm_DeadLeaves_TwoSided,84000,10200,30600,28537,5771,34298,6.741830,-12.084967
352,14,2,QueenForest_05_Animated_Translucent,MI_QueenPalm_Berries,240720,28320,84960,81730,17296,98936,3.801789,-16.450094
353,14,3,QueenForest_05_Animated_Translucent,MI_QueenPalm_Trunk,4948,294,882,752,143,898,14.739229,-1.814059
354,14,3,QueenForest_05_Animated_Translucent,MI_QueenPalm_Leaves_TwoSided,417240,24716,74148,47365,5715,53152,36.121001,28.316340
355,14,3,QueenForest_05_Animated_Translucent,MI_QueenPalm_FruitBranches,80880,4614,13842,12861,2630,15485,7.087126,-11.869672
356,14,3,QueenForest_05_Animated_Translucent,MI_QueenPalm_DriedBranches,16632,990,2970,2500,463,2950,15.824916,0.673401
357,14,3,QueenForest_05_Animated_Translucent,MI_QueenPalm_Branches,22656,1336,4008,3420,636,4065,14.670659,-1.422156
358,14,3,QueenForest_05_Animated_Translucent,MI_QueenPalm_OldBranches,18816,1104,3312,2870,541,3414,13.345411,-3.079710
359,14,3,QueenForest_05_Animated_Translucent,MI_QueenPalm_DeadLeaves_TwoSided,84000,4738,14214,7853,683,8576,44.751653,39.665119
360,14,3,QueenForest_05_Animated_Translucent,MI_QueenPalm_Berries,240720,13592,40776,36940,7365,44346,9.407495,-8.755150
361,14,4,QueenForest_05_Animated_Translucent,MI_QueenPalm_Trunk,4948,146,438,353,59,414,19.406393,5.479452
362,14,4,QueenForest_05_Animated_Translucent,MI_QueenPalm_Leaves_TwoSided,417240,11952,35856,24074,3415,27464,32.859215,23.404730
363,14,4,QueenForest_05_Animated_Translucent,MI_QueenPalm_FruitBranches,80880,2328,6984,6400,1297,7691,8.361970,-10.123139
364,14,4,QueenForest_05_Animated_Translucent,MI_QueenPalm_DriedBranches,16632,494,1482,1216,219,1438,17.948718,2.968961
365,14,4,QueenForest_05_Animated_Translucent,MI_QueenPalm_Branches,22656,668,2004,1638,290,1921,18.263473,4.141717
366,14,4,QueenForest_05_Animated_Translucent,MI_QueenPalm_OldBranches,18816,552,1656,1349,241,1590,18.538647,3.985507
367,14,4,QueenForest_05_Animated_Translucent,MI_QueenPalm_DeadLeaves_TwoSided,84000,2406,7218,4346,510,4869,39.789415,32.543641
368,14,4,QueenForest_05_Animated_Translucent,MI_QueenPalm_Berries,240720,6796,20388,17355,3240,20581,14.876398,-0.946635
369,14,5,QueenForest_05_Animated_Translucent,MI_QueenPalm_Trunk,4948,72,216,160,25,183,25.925926,15.277778
370,14,5,QueenForest_05_Animated_Translucent,MI_QueenPalm_Leaves_TwoSided,417240,5962,17886,12762,1996,14775,28.648105,17.393492
371,14,5,QueenForest_05_Animated_Translucent,MI_QueenPalm_FruitBranches,80880,1156,3468,3177,640,3816,8.391003,-10.034602
372,14,5,QueenForest_05_Animated_Translucent,MI_QueenPalm_DriedBranches,16632,246,738,536,84,632,27.371274,14.363144
373,14,5,QueenForest_05_Animated_Translucent,MI_QueenPalm_Branches,22656,326,978,785,136,917,19.734151,6.237219
374,14,5,QueenForest_05_Animated_Translucent,MI_QueenPalm_OldBranches,18816,276,828,679,121,798,17.995169,3.623188
375,14,5,QueenForest_05_Animated_Translucent,MI_QueenPalm_DeadLeaves_TwoSided,84000,1181,3543,2416,369,2794,31.809201,21.140277
376,14,5,QueenForest_05_Animated_Translucent,MI_QueenPalm_Berries,240720,3398,10194,8573,1583,10171,15.901511,0.225623
377,14,6,QueenForest_05_Animated_Translucent,MI_QueenPalm_Trunk,4948,24,72,50,6,56,30.555556,22.222222
378,14,6,QueenForest_05_Animated_Translucent,MI_QueenPalm_Leaves_TwoSided,417240,1896,5688,4261,716,4964,25.087904,12.728551
379,14,6,QueenForest_05_Animated_Translucent,MI_QueenPalm_FruitBranches,80880,382,1146,1034,205,1251,9.773124,-9.162304
380,14,6,QueenForest_05_Animated_Translucent,MI_QueenPalm_DriedBranches,16632,82,246,194,33,219,21.138211,10.975610
381,14,6,QueenForest_05_Animated_Translucent,MI_QueenPalm_Branches,22656,108,324,287,55,344,11.419753,-6.172840
382,14,6,QueenForest_05_Animated_Translucent,MI_QueenPalm_OldBranches,18816,92,276,209,34,241,24.275362,12.681159
383,14,6,QueenForest_05_Animated_Translucent,MI_QueenPalm_DeadLeaves_TwoSided,84000,391,1173,901,160,1064,23.188406,9.292413
384,14,6,QueenForest_05_Animated_Translucent,MI_QueenPalm_Berries,240720,1132,3396,3032,602,3633,10.718492,-6.978799
385,15,0,QueenForest_06_Animated_Translucent,MI_QueenPalm_Trunk,4948,2450,7350,6196,1248,7445,15.700680,-1.292517
386,15,0,QueenForest_06_Animated_Translucent,MI_QueenPalm_Leaves_TwoSided,472384,236192,708576,590479,118095,708574,16.666808,0.000282
387,15,0,QueenForest_06_Animated_Translucent,MI_QueenPalm_FruitBranches,97704,47232,141696,122939,25235,148174,13.237494,-4.571759
388,15,0,QueenForest_06_Animated_Translucent,MI_QueenPalm_DriedBranches,18504,9192,27576,23159,4655,27814,16.017551,-0.863069
389,15,0,QueenForest_06_Animated_Translucent,MI_QueenPalm_Branches,22656,11136,33408,28415,5759,34174,14.945522,-2.292864
390,15,0,QueenForest_06_Animated_Translucent,MI_QueenPalm_OldBranches,18816,9216,27648,23615,4799,28414,14.586950,-2.770544
391,15,0,QueenForest_06_Animated_Translucent,MI_QueenPalm_DeadLeaves_TwoSided,94920,46104,138312,119327,24407,143734,13.726213,-3.920123
392,15,0,QueenForest_06_Animated_Translucent,MI_QueenPalm_Berries,327080,153920,461760,413659,86579,500238,10.416883,-8.332900
393,15,1,QueenForest_06_Animated_Translucent,MI_QueenPalm_Trunk,4948,1224,3672,3246,666,3908,11.601307,-6.427015
394,15,1,QueenForest_06_Animated_Translucent,MI_QueenPalm_Leaves_TwoSided,472384,118095,354285,333457,70518,403874,5.878883,-13.996923
395,15,1,QueenForest_06_Animated_Translucent,MI_QueenPalm_FruitBranches,97704,23616,70848,68568,14803,83314,3.218157,-17.595416
396,15,1,QueenForest_06_Animated_Translucent,MI_QueenPalm_DriedBranches,18504,4596,13788,12085,2425,14498,12.351320,-5.149405
397,15,1,QueenForest_06_Animated_Translucent,MI_QueenPalm_Branches,22656,5568,16704,16022,3438,19481,4.082854,-16.624761
398,15,1,QueenForest_06_Animated_Translucent,MI_QueenPalm_OldBranches,18816,4608,13824,12525,2587,15089,9.396701,-9.150752
399,15,1,QueenForest_06_Animated_Translucent,MI_QueenPalm_DeadLeaves_TwoSided,94920,23051,69153,64555,13551,78116,6.649025,-12.961115
400,15,1,QueenForest_06_Animated_Translucent,MI_QueenPalm_Berries,327080,76960,230880,213284,44755,258580,7.621275,-11.997574
401,15,2,QueenForest_06_Animated_Translucent,MI_QueenPalm_Trunk,4948,612,1836,1641,330,1977,10.620915,-7.679739
402,15,2,QueenForest_06_Animated_Translucent,MI_QueenPalm_Leaves_TwoSided,472384,59048,177144,158017,30947,189044,10.797430,-6.717699
403,15,2,QueenForest_06_Animated_Translucent,MI_QueenPalm_FruitBranches,97704,11798,35394,34093,7193,41257,3.675764,-16.564955
404,15,2,QueenForest_06_Animated_Translucent,MI_QueenPalm_DriedBranches,18504,2298,6894,6111,1203,7303,11.357702,-5.932695
405,15,2,QueenForest_06_Animated_Translucent,MI_QueenPalm_Branches,22656,2784,8352,7854,1620,9484,5.962644,-13.553640
406,15,2,QueenForest_06_Animated_Translucent,MI_QueenPalm_OldBranches,18816,2304,6912,6204,1226,7404,10.243056,-7.118056
407,15,2,QueenForest_06_Animated_Translucent,MI_QueenPalm_DeadLeaves_TwoSided,94920,11526,34578,32190,6517,38736,6.906125,-12.024987
408,15,2,QueenForest_06_Animated_Translucent,MI_QueenPalm_Berries,327080,38480,115440,111073,23470,134442,3.782918,-16.460499
409,15,3,QueenForest_06_Animated_Translucent,MI_QueenPalm_Trunk,4948,294,882,716,130,847,18.820862,3.968254
410,15,3,QueenForest_06_Animated_Translucent,MI_QueenPalm_Leaves_TwoSided,472384,27998,83994,53548,6414,59895,36.247827,28.691335
411,15,3,QueenForest_06_Animated_Translucent,MI_QueenPalm_FruitBranches,97704,5604,16812,15575,3168,18737,7.357840,-11.450155
412,15,3,QueenForest_06_Animated_Translucent,MI_QueenPalm_DriedBranches,18504,1102,3306,2756,507,3252,16.636419,1.633394
413,15,3,QueenForest_06_Animated_Translucent,MI_QueenPalm_Branches,22656,1336,4008,3425,642,4066,14.545908,-1.447106
414,15,3,QueenForest_06_Animated_Translucent,MI_QueenPalm_OldBranches,18816,1104,3312,2904,563,3465,12.318841,-4.619565
415,15,3,QueenForest_06_Animated_Translucent,MI_QueenPalm_DeadLeaves_TwoSided,94920,5481,16443,9163,809,9997,44.274159,39.202092
416,15,3,QueenForest_06_Animated_Translucent,MI_QueenPalm_Berries,327080,18470,55410,50090,9953,60037,9.601155,-8.350478
417,15,4,QueenForest_06_Animated_Translucent,MI_QueenPalm_Trunk,4948,146,438,337,56,391,23.059361,10.730594
418,15,4,QueenForest_06_Animated_Translucent,MI_QueenPalm_Leaves_TwoSided,472384,13887,41661,27984,3955,31901,32.829265,23.427186
419,15,4,QueenForest_06_Animated_Translucent,MI_QueenPalm_FruitBranches,97704,2798,8394,7723,1559,9276,7.993805,-10.507505
420,15,4,QueenForest_06_Animated_Translucent,MI_QueenPalm_DriedBranches,18504,550,1650,1376,251,1617,16.606061,2.000000
421,15,4,QueenForest_06_Animated_Translucent,MI_QueenPalm_Branches,22656,668,2004,1626,290,1909,18.862275,4.740519
422,15,4,QueenForest_06_Animated_Translucent,MI_QueenPalm_OldBranches,18816,552,1656,1354,244,1586,18.236715,4.227053
423,15,4,QueenForest_06_Animated_Translucent,MI_QueenPalm_DeadLeaves_TwoSided,94920,2738,8214,4925,579,5534,40.041393,32.627222
424,15,4,QueenForest_06_Animated_Translucent,MI_QueenPalm_Berries,327080,9234,27702,23791,4466,28229,14.118114,-1.902390
425,15,5,QueenForest_06_Animated_Translucent,MI_QueenPalm_Trunk,4948,72,216,158,26,186,26.851852,13.888889
426,15,5,QueenForest_06_Animated_Translucent,MI_QueenPalm_Leaves_TwoSided,472384,6962,20886,14677,2280,16982,29.728047,18.691947
427,15,5,QueenForest_06_Animated_Translucent,MI_QueenPalm_FruitBranches,97704,1402,4206,3940,809,4741,6.324299,-12.719924
428,15,5,QueenForest_06_Animated_Translucent,MI_QueenPalm_DriedBranches,18504,274,822,630,102,729,23.357664,11.313869
429,15,5,QueenForest_06_Animated_Translucent,MI_QueenPalm_Branches,22656,330,990,783,134,919,20.909091,7.171717
430,15,5,QueenForest_06_Animated_Translucent,MI_QueenPalm_OldBranches,18816,276,828,666,116,787,19.565217,4.951691
431,15,5,QueenForest_06_Animated_Translucent,MI_QueenPalm_DeadLeaves_TwoSided,94920,1329,3987,2738,424,3170,31.326812,20.491598
432,15,5,QueenForest_06_Animated_Translucent,MI_QueenPalm_Berries,327080,4616,13848,11775,2211,13977,14.969671,-0.931542
433,15,6,QueenForest_06_Animated_Translucent,MI_QueenPalm_Trunk,4948,24,72,54,9,59,25.000000,18.055556
434,15,6,QueenForest_06_Animated_Translucent,MI_QueenPalm_Leaves_TwoSided,472384,2179,6537,5053,883,5950,22.701545,8.979654
435,15,6,QueenForest_06_Animated_Translucent,MI_QueenPalm_FruitBranches,97704,472,1416,1269,246,1513,10.381356,-6.850282
436,15,6,QueenForest_06_Animated_Translucent,MI_QueenPalm_DriedBranches,18504,88,264,212,38,255,19.696970,3.409091
437,15,6,QueenForest_06_Animated_Translucent,MI_QueenPalm_Branches,22656,110,330,268,47,312,18.787879,5.454545
438,15,6,QueenForest_06_Animated_Translucent,MI_QueenPalm_OldBranches,18816,92,276,221,38,261,19.927536,5.434783
439,15,6,QueenForest_06_Animated_Translucent,MI_QueenPalm_DeadLeaves_TwoSided,94920,371,1113,870,156,1027,21.832884,7.726864
440,15,6,QueenForest_06_Animated_Translucent,MI_QueenPalm_Berries,327080,1538,4614,4075,808,4890,11.681838,-5.981795
441,16,0,Moss_01,MI_Moss_01_TwoSided,221,239,717,391,34,428,45.467225,40.306834
442,16,1,Moss_01,MI_Moss_01_TwoSided,221,119,357,216,25,237,39.495798,33.613445
443,16,2,Moss_01,MI_Moss_01_TwoSided,221,58,174,101,9,108,41.954023,37.931034
444,16,3,Moss_01,MI_Moss_01_TwoSided,221,28,84,47,3,54,44.047619,35.714286
445,16,4,Moss_01,MI_Moss_01_TwoSided,221,14,42,24,2,26,42.857143,38.095238
446,16,5,Moss_01,MI_Moss_01_TwoSided,221,7,21,15,1,16,28.571429,23.809524
447,16,6,Moss_01,MI_Moss_01_TwoSided,221,2,6,4,0,4,33.333333,33.333333
448,17,0,Moss_03,MI_Moss_01_TwoSided,200,229,687,393,34,423,42.794760,38.427948
449,17,1,Moss_03,MI_Moss_01_TwoSided,200,113,339,197,20,210,41.887906,38.053097
450,17,2,Moss_03,MI_Moss_01_TwoSided,200,57,171,102,10,110,40.350877,35.672515
451,17,3,Moss_03,MI_Moss_01_TwoSided,200,26,78,48,4,51,38.461538,34.615385
452,17,4,Moss_03,MI_Moss_01_TwoSided,200,13,39,24,2,27,38.461538,30.769231
453,17,5,Moss_03,MI_Moss_01_TwoSided,200,6,18,10,0,10,44.444444,44.444444
454,17,6,Moss_03,MI_Moss_01_TwoSided,200,2,6,4,0,4,33.333333,33.333333
455,18,0,Moss_02,MI_Moss_01_TwoSided,220,233,699,391,32,424,44.062947,39.341917
456,18,1,Moss_02,MI_Moss_01_TwoSided,220,116,348,206,23,231,40.804598,33.620690
457,18,2,Moss_02,MI_Moss_01_TwoSided,220,58,174,106,10,118,39.080460,32.183908
458,18,3,Moss_02,MI_Moss_01_TwoSided,220,26,78,44,3,47,43.589744,39.743590
459,18,4,Moss_02,MI_Moss_01_TwoSided,220,13,39,22,2,24,43.589744,38.461538
460,18,5,Moss_02,MI_Moss_01_TwoSided,220,6,18,12,1,13,33.333333,27.777778
461,18,6,Moss_02,MI_Moss_01_TwoSided,220,2,6,4,0,4,33.333333,33.333333
462,19,0,Grass_B_02,MI_Grass_02_TwoSided,1575,1760,5280,2616,203,2694,50.454545,48.977273
463,19,1,Grass_B_02,MI_Grass_02_TwoSided,1575,879,2637,1344,108,1443,49.032992,45.278726
464,19,2,Grass_B_02,MI_Grass_02_TwoSided,1575,440,1320,699,61,759,47.045455,42.500000
465,19,3,Grass_B_02,MI_Grass_02_TwoSided,1575,211,633,383,45,432,39.494471,31.753555
466,19,4,Grass_B_02,MI_Grass_02_TwoSided,1575,105,315,189,22,211,40.000000,33.015873
467,19,5,Grass_B_02,MI_Grass_02_TwoSided,1575,52,156,92,12,107,41.025641,31.410256
468,19,6,Grass_B_02,MI_Grass_02_TwoSided,1575,16,48,35,5,41,27.083333,14.583333
469,20,0,Grass_B_03,MI_Grass_02_TwoSided,1072,1215,3645,1815,147,1906,50.205761,47.709191
470,20,1,Grass_B_03,MI_Grass_02_TwoSided,1072,607,1821,949,75,995,47.885777,45.359692
471,20,2,Grass_B_03,MI_Grass_02_TwoSided,1072,302,906,470,37,501,48.123620,44.701987
472,20,3,Grass_B_03,MI_Grass_02_TwoSided,1072,145,435,250,28,285,42.528736,34.482759
473,20,4,Grass_B_03,MI_Grass_02_TwoSided,1072,72,216,135,16,151,37.500000,30.092593
474,20,5,Grass_B_03,MI_Grass_02_TwoSided,1072,36,108,62,6,67,42.592593,37.962963
475,20,6,Grass_B_03,MI_Grass_02_TwoSided,1072,12,36,21,2,23,41.666667,36.111111
476,21,0,Grass_B_05,MI_Grass_02_TwoSided,1542,1664,4992,2259,152,2352,54.747596,52.884615
477,21,1,Grass_B_05,MI_Grass_02_TwoSided,1542,832,2496,1238,97,1317,50.400641,47.235577
478,21,2,Grass_B_05,MI_Grass_02_TwoSided,1542,416,1248,649,55,708,47.996795,43.269231
479,21,3,Grass_B_05,MI_Grass_02_TwoSided,1542,199,597,352,39,393,41.038526,34.170854
480,21,4,Grass_B_05,MI_Grass_02_TwoSided,1542,99,297,189,25,217,36.363636,26.936027
481,21,5,Grass_B_05,MI_Grass_02_TwoSided,1542,49,147,104,16,123,29.251701,16.326531
482,21,6,Grass_B_05,MI_Grass_02_TwoSided,1542,16,48,38,6,44,20.833333,8.333333
483,22,0,Grass_B_01,MI_Grass_02_TwoSided,645,714,2142,996,72,1036,53.501401,51.633987
484,22,1,Grass_B_01,MI_Grass_02_TwoSided,645,357,1071,554,47,587,48.272642,45.191410
485,22,2,Grass_B_01,MI_Grass_02_TwoSided,645,178,534,289,22,306,45.880150,42.696629
486,22,3,Grass_B_01,MI_Grass_02_TwoSided,645,85,255,156,17,172,38.823529,32.549020
487,22,4,Grass_B_01,MI_Grass_02_TwoSided,645,42,126,84,10,92,33.333333,26.984127
488,22,5,Grass_B_01,MI_Grass_02_TwoSided,645,21,63,46,6,50,26.984127,20.634921
489,22,6,Grass_B_01,MI_Grass_02_TwoSided,645,7,21,15,2,18,28.571429,14.285714
490,23,0,Grass_B_04,MI_Grass_02_TwoSided,2197,2489,7467,3720,302,3874,50.180796,48.118388
491,23,1,Grass_B_04,MI_Grass_02_TwoSided,2197,1244,3732,1883,141,2005,49.544480,46.275456
492,23,2,Grass_B_04,MI_Grass_02_TwoSided,2197,622,1866,952,78,1036,48.981779,44.480171
493,23,3,Grass_B_04,MI_Grass_02_TwoSided,2197,298,894,506,55,558,43.400447,37.583893
494,23,4,Grass_B_04,MI_Grass_02_TwoSided,2197,149,447,283,37,318,36.689038,28.859060
495,23,5,Grass_B_04,MI_Grass_02_TwoSided,2197,74,222,149,19,169,32.882883,23.873874
496,23,6,Grass_B_04,MI_Grass_02_TwoSided,2197,24,72,43,5,48,40.277778,33.333333
497,24,0,Grass_A_06,MI_Grass_01_TwoSided,1580,1466,4398,1803,98,1914,59.004093,56.480218
498,24,1,Grass_A_06,MI_Grass_01_TwoSided,1580,733,2199,1124,89,1201,48.885857,45.384266
499,24,2,Grass_A_06,MI_Grass_01_TwoSided,1580,366,1098,644,74,733,41.347905,33.242259
500,24,3,Grass_A_06,MI_Grass_01_TwoSided,1580,175,525,323,38,359,38.476190,31.619048
501,24,4,Grass_A_06,MI_Grass_01_TwoSided,1580,87,261,186,30,219,28.735632,16.091954
502,24,5,Grass_A_06,MI_Grass_01_TwoSided,1580,43,129,108,20,126,16.279070,2.325581
503,24,6,Grass_A_06,MI_Grass_01_TwoSided,1580,14,42,37,7,45,11.904762,-7.142857
504,25,0,Grass_A_04,MI_Grass_01_TwoSided,2593,2287,6861,2844,155,3059,58.548317,55.414663
505,25,1,Grass_A_04,MI_Grass_01_TwoSided,2593,1143,3429,1825,153,1906,46.777486,44.415281
506,25,2,Grass_A_04,MI_Grass_01_TwoSided,2593,571,1713,1104,145,1246,35.551664,27.262113
507,25,3,Grass_A_04,MI_Grass_01_TwoSided,2593,274,822,614,102,713,25.304136,13.260341
508,25,4,Grass_A_04,MI_Grass_01_TwoSided,2593,137,411,352,67,422,14.355231,-2.676399
509,25,5,Grass_A_04,MI_Grass_01_TwoSided,2593,68,204,188,38,227,7.843137,-11.274510
510,25,6,Grass_A_04,MI_Grass_01_TwoSided,2593,22,66,57,11,69,13.636364,-4.545455
511,26,0,Grass_A_02,MI_Grass_01_TwoSided,4823,4626,13878,5897,316,6203,57.508286,55.303358
512,26,1,Grass_A_02,MI_Grass_01_TwoSided,4823,2313,6939,3526,285,3826,49.185762,44.862372
513,26,2,Grass_A_02,MI_Grass_01_TwoSided,4823,1156,3468,1953,216,2188,43.685121,36.908881
514,26,3,Grass_A_02,MI_Grass_01_TwoSided,4823,555,1665,1067,137,1188,35.915916,28.648649
515,26,4,Grass_A_02,MI_Grass_01_TwoSided,4823,277,831,563,79,641,32.250301,22.864019
516,26,5,Grass_A_02,MI_Grass_01_TwoSided,4823,138,414,284,45,339,31.400966,18.115942
517,26,6,Grass_A_02,MI_Grass_01_TwoSided,4823,46,138,122,23,143,11.594203,-3.623188
518,27,0,Grass_A_03,MI_Grass_01_TwoSided,6405,5945,17835,7312,399,7761,59.001962,56.484441
519,27,1,Grass_A_03,MI_Grass_01_TwoSided,6405,2972,8916,4546,363,4863,49.013010,45.457604
520,27,2,Grass_A_03,MI_Grass_01_TwoSided,6405,1486,4458,2590,298,2969,41.902198,33.400628
521,27,3,Grass_A_03,MI_Grass_01_TwoSided,6405,713,2139,1321,169,1490,38.242169,30.341281
522,27,4,Grass_A_03,MI_Grass_01_TwoSided,6405,356,1068,732,110,856,31.460674,19.850187
523,27,5,Grass_A_03,MI_Grass_01_TwoSided,6405,178,534,429,79,513,19.662921,3.932584
524,27,6,Grass_A_03,MI_Grass_01_TwoSided,6405,59,177,166,35,198,6.214689,-11.864407
525,28,0,Grass_A_05,MI_Grass_01_TwoSided,1386,1257,3771,1487,67,1557,60.567489,58.711217
526,28,1,Grass_A_05,MI_Grass_01_TwoSided,1386,628,1884,910,66,981,51.698514,47.929936
527,28,2,Grass_A_05,MI_Grass_01_TwoSided,1386,314,942,550,62,601,41.613588,36.199575
528,28,3,Grass_A_05,MI_Grass_01_TwoSided,1386,150,450,302,41,340,32.888889,24.444444
529,28,4,Grass_A_05,MI_Grass_01_TwoSided,1386,75,225,172,29,198,23.555556,12.000000
530,28,5,Grass_A_05,MI_Grass_01_TwoSided,1386,37,111,107,22,129,3.603604,-16.216216
531,28,6,Grass_A_05,MI_Grass_01_TwoSided,1386,12,36,32,6,39,11.111111,-8.333333
532,29,0,Grass_A_01,MI_Grass_01_TwoSided,7044,6422,19266,7714,382,8178,59.960552,57.552164
533,29,1,Grass_A_01,MI_Grass_01_TwoSided,7044,3211,9633,4883,381,5287,49.309665,45.115748
534,29,2,Grass_A_01,MI_Grass_01_TwoSided,7044,1605,4815,2784,325,3137,42.180685,34.849429
535,29,3,Grass_A_01,MI_Grass_01_TwoSided,7044,770,2310,1517,209,1734,34.329004,24.935065
536,29,4,Grass_A_01,MI_Grass_01_TwoSided,7044,385,1155,794,121,931,31.255411,19.393939
537,29,5,Grass_A_01,MI_Grass_01_TwoSided,7044,192,576,406,67,481,29.513889,16.493056
538,29,6,Grass_A_01,MI_Grass_01_TwoSided,7044,64,192,159,29,187,17.187500,2.604167
539,30,0,Shrub_02,MI_Shrub_04_TwoSided,4420,6589,19767,10537,847,11147,46.693985,43.608034
540,30,1,Shrub_02,MI_Shrub_04_TwoSided,4420,3294,9882,5467,415,5876,44.677191,40.538353
541,30,2,Shrub_02,MI_Shrub_04_TwoSided,4420,1644,4932,2985,308,3318,39.476886,32.725061
542,30,3,Shrub_02,MI_Shrub_04_TwoSided,4420,790,2370,1526,206,1698,35.611814,28.354430
543,30,4,Shrub_02,MI_Shrub_04_TwoSided,4420,382,1146,832,137,965,27.399651,15.794066
544,30,5,Shrub_02,MI_Shrub_04_TwoSided,4420,197,591,452,80,532,23.519459,9.983080
545,30,6,Shrub_02,MI_Shrub_04_TwoSided,4420,65,195,157,29,187,19.487179,4.102564
546,31,0,Shrub_03,MI_Shrub_04_TwoSided,4108,6177,18531,9829,779,10376,46.959150,44.007339
547,31,1,Shrub_03,MI_Shrub_04_TwoSided,4108,3088,9264,5078,377,5492,45.185665,40.716753
548,31,2,Shrub_03,MI_Shrub_04_TwoSided,4108,1539,4617,2736,268,3039,40.740741,34.178038
549,31,3,Shrub_03,MI_Shrub_04_TwoSided,4108,734,2202,1395,184,1568,36.648501,28.792007
550,31,4,Shrub_03,MI_Shrub_04_TwoSided,4108,363,1089,792,127,928,27.272727,14.784206
551,31,5,Shrub_03,MI_Shrub_04_TwoSided,4108,185,555,425,75,500,23.423423,9.909910
552,31,6,Shrub_03,MI_Shrub_04_TwoSided,4108,58,174,159,31,190,8.620690,-9.195402
553,32,0,Shrub_01,MI_Shrub_04_TwoSided,2513,3726,11178,5962,476,6303,46.663088,43.612453
554,32,1,Shrub_01,MI_Shrub_04_TwoSided,2513,1862,5586,3033,216,3230,45.703545,42.176871
555,32,2,Shrub_01,MI_Shrub_04_TwoSided,2513,930,2790,1709,184,1876,38.745520,32.759857
556,32,3,Shrub_01,MI_Shrub_04_TwoSided,2513,435,1305,862,120,978,33.946360,25.057471
557,32,4,Shrub_01,MI_Shrub_04_TwoSided,2513,219,657,469,76,540,28.614916,17.808219
558,32,5,Shrub_01,MI_Shrub_04_TwoSided,2513,111,333,262,48,303,21.321321,9.009009
559,32,6,Shrub_01,MI_Shrub_04_TwoSided,2513,37,111,84,14,98,24.324324,11.711712
560,33,0,Shrub_04,MI_Shrub_04_TwoSided,7244,10835,32505,17242,1370,18259,46.955853,43.827104
561,33,1,Shrub_04,MI_Shrub_04_TwoSided,7244,5417,16251,8949,692,9627,44.932620,40.760569
562,33,2,Shrub_04,MI_Shrub_04_TwoSided,7244,2698,8094,4852,495,5361,40.054361,33.765752
563,33,3,Shrub_04,MI_Shrub_04_TwoSided,7244,1271,3813,2428,317,2719,36.323105,28.691319
564,33,4,Shrub_04,MI_Shrub_04_TwoSided,7244,632,1896,1440,253,1582,24.050633,16.561181
565,33,5,Shrub_04,MI_Shrub_04_TwoSided,7244,321,963,729,129,855,24.299065,11.214953
566,33,6,Shrub_04,MI_Shrub_04_TwoSided,7244,106,318,227,35,260,28.616352,18.238994
567,34,0,ShrubSorrel_01_Translucent,MI_Shrub_Sorrel_01_TwoSided,351,414,1242,659,69,742,46.940419,40.257649
568,34,1,ShrubSorrel_01_Translucent,MI_Shrub_Sorrel_01_TwoSided,351,207,621,368,36,411,40.740741,33.816425
569,34,2,ShrubSorrel_01_Translucent,MI_Shrub_Sorrel_01_TwoSided,351,103,309,198,20,216,35.922330,30.097087
570,34,3,ShrubSorrel_01_Translucent,MI_Shrub_Sorrel_01_TwoSided,351,49,147,98,11,107,33.333333,27.210884
571,34,4,ShrubSorrel_01_Translucent,MI_Shrub_Sorrel_01_TwoSided,351,24,72,50,7,57,30.555556,20.833333
572,34,5,ShrubSorrel_01_Translucent,MI_Shrub_Sorrel_01_TwoSided,351,12,36,26,3,28,27.777778,22.222222
573,34,6,ShrubSorrel_01_Translucent,MI_Shrub_Sorrel_01_TwoSided,351,4,12,9,1,10,25.000000,16.666667
574,35,0,ShrubSorrel_05_Translucent,MI_Shrub_Sorrel_01_TwoSided,60,71,213,111,11,124,47.887324,41.784038
575,35,1,ShrubSorrel_05_Translucent,MI_Shrub_Sorrel_01_TwoSided,60,35,105,63,5,67,40.000000,36.190476
576,35,2,ShrubSorrel_05_Translucent,MI_Shrub_Sorrel_01_TwoSided,60,17,51,31,3,34,39.215686,33.333333
577,35,3,ShrubSorrel_05_Translucent,MI_Shrub_Sorrel_01_TwoSided,60,8,24,15,1,16,37.500000,33.333333
578,35,4,ShrubSorrel_05_Translucent,MI_Shrub_Sorrel_01_TwoSided,60,4,12,8,0,8,33.333333,33.333333
579,35,5,ShrubSorrel_05_Translucent,MI_Shrub_Sorrel_01_TwoSided,60,2,6,4,0,4,33.333333,33.333333
580,35,6,ShrubSorrel_05_Translucent,MI_Shrub_Sorrel_01_TwoSided,60,1,3,3,0,3,0.000000,0.000000
581,36,0,ShrubSorrel_07_Translucent,MI_Shrub_Sorrel_01_TwoSided,57,67,201,107,10,120,46.766169,40.298507
582,36,1,ShrubSorrel_07_Translucent,MI_Shrub_Sorrel_01_TwoSided,57,33,99,57,5,63,42.424242,36.363636
583,36,2,ShrubSorrel_07_Translucent,MI_Shrub_Sorrel_01_TwoSided,57,15,45,28,2,30,37.777778,33.333333
584,36,3,ShrubSorrel_07_Translucent,MI_Shrub_Sorrel_01_TwoSided,57,8,24,15,1,16,37.500000,33.333333
585,36,4,ShrubSorrel_07_Translucent,MI_Shrub_Sorrel_01_TwoSided,57,4,12,8,0,8,33.333333,33.333333
586,36,5,ShrubSorrel_07_Translucent,MI_Shrub_Sorrel_01_TwoSided,57,2,6,4,0,4,33.333333,33.333333
587,36,6,ShrubSorrel_07_Translucent,MI_Shrub_Sorrel_01_TwoSided,57,1,3,3,0,3,0.000000,0.000000
588,37,0,ShrubSorrel_03_Translucent,MI_Shrub_Sorrel_01_TwoSided,300,355,1065,582,63,650,45.352113,38.967136
589,37,1,ShrubSorrel_03_Translucent,MI_Shrub_Sorrel_01_TwoSided,300,177,531,326,29,349,38.606403,34.274953
590,37,2,ShrubSorrel_03_Translucent,MI_Shrub_Sorrel_01_TwoSided,300,88,264,161,16,176,39.015152,33.333333
591,37,3,ShrubSorrel_03_Translucent,MI_Shrub_Sorrel_01_TwoSided,300,42,126,85,11,95,32.539683,24.603175
592,37,4,ShrubSorrel_03_Translucent,MI_Shrub_Sorrel_01_TwoSided,300,21,63,43,6,49,31.746032,22.222222
593,37,5,ShrubSorrel_03_Translucent,MI_Shrub_Sorrel_01_TwoSided,300,10,30,22,3,25,26.666667,16.666667
594,37,6,ShrubSorrel_03_Translucent,MI_Shrub_Sorrel_01_TwoSided,300,3,9,5,0,5,44.444444,44.444444
595,38,0,ShrubSorrel_06_Translucent,MI_Shrub_Sorrel_01_TwoSided,54,63,189,100,10,112,47.089947,40.740741
596,38,1,ShrubSorrel_06_Translucent,MI_Shrub_Sorrel_01_TwoSided,54,31,93,57,5,67,38.709677,27.956989
597,38,2,ShrubSorrel_06_Translucent,MI_Shrub_Sorrel_01_TwoSided,54,15,45,29,2,30,35.555556,33.333333
598,38,3,ShrubSorrel_06_Translucent,MI_Shrub_Sorrel_01_TwoSided,54,7,21,13,1,14,38.095238,33.333333
599,38,4,ShrubSorrel_06_Translucent,MI_Shrub_Sorrel_01_TwoSided,54,3,9,6,0,6,33.333333,33.333333
600,38,5,ShrubSorrel_06_Translucent,MI_Shrub_Sorrel_01_TwoSided,54,1,3,3,0,3,0.000000,0.000000
601,38,6,ShrubSorrel_06_Translucent,MI_Shrub_Sorrel_01_TwoSided,54,1,3,3,0,3,0.000000,0.000000
602,39,0,ShrubSorrel_02_Translucent,MI_Shrub_Sorrel_01_TwoSided,240,284,852,454,47,509,46.713615,40.258216
603,39,1,ShrubSorrel_02_Translucent,MI_Shrub_Sorrel_01_TwoSided,240,142,426,255,23,283,40.140845,33.568075
604,39,2,ShrubSorrel_02_Translucent,MI_Shrub_Sorrel_01_TwoSided,240,71,213,127,11,138,40.375587,35.211268
605,39,3,ShrubSorrel_02_Translucent,MI_Shrub_Sorrel_01_TwoSided,240,34,102,69,9,77,32.352941,24.509804
606,39,4,ShrubSorrel_02_Translucent,MI_Shrub_Sorrel_01_TwoSided,240,17,51,36,5,41,29.411765,19.607843
607,39,5,ShrubSorrel_02_Translucent,MI_Shrub_Sorrel_01_TwoSided,240,8,24,19,3,22,20.833333,8.333333
608,39,6,ShrubSorrel_02_Translucent,MI_Shrub_Sorrel_01_TwoSided,240,2,6,4,0,4,33.333333,33.333333
609,40,0,ShrubSorrel_04_Translucent,MI_Shrub_Sorrel_01_TwoSided,60,71,213,117,12,129,45.070423,39.436620
610,40,1,ShrubSorrel_04_Translucent,MI_Shrub_Sorrel_01_TwoSided,60,35,105,64,5,67,39.047619,36.190476
611,40,2,ShrubSorrel_04_Translucent,MI_Shrub_Sorrel_01_TwoSided,60,17,51,31,2,32,39.215686,37.254902
612,40,3,ShrubSorrel_04_Translucent,MI_Shrub_Sorrel_01_TwoSided,60,8,24,16,2,18,33.333333,25.000000
613,40,4,ShrubSorrel_04_Translucent,MI_Shrub_Sorrel_01_TwoSided,60,4,12,8,0,8,33.333333,33.333333
614,40,5,ShrubSorrel_04_Translucent,MI_Shrub_Sorrel_01_TwoSided,60,2,6,4,0,4,33.333333,33.333333
615,40,6,ShrubSorrel_04_Translucent,MI_Shrub_Sorrel_01_TwoSided,60,1,3,3,0,3,0.000000,0.000000
616,41,0,Nettle_03_Translucent,MI_Nettle_01_TwoSided,2736,3592,10776,6035,623,6669,43.995917,38.112472
617,41,1,Nettle_03_Translucent,MI_Nettle_01_TwoSided,2736,1796,5388,3027,290,3311,43.819599,38.548627
618,41,2,Nettle_03_Translucent,MI_Nettle_01_TwoSided,2736,897,2691,1603,167,1754,40.431067,34.819770
619,41,3,Nettle_03_Translucent,MI_Nettle_01_TwoSided,2736,431,1293,789,87,871,38.979118,32.637278
620,41,4,Nettle_03_Translucent,MI_Nettle_01_TwoSided,2736,214,642,393,43,431,38.785047,32.866044
621,41,5,Nettle_03_Translucent,MI_Nettle_01_TwoSided,2736,107,321,211,25,235,34.267913,26.791277
622,41,6,Nettle_03_Translucent,MI_Nettle_01_TwoSided,2736,34,102,93,18,110,8.823529,-7.843137
623,42,0,Nettle_02_Translucent,MI_Nettle_01_TwoSided,4336,5664,16992,9430,940,10196,44.503296,39.995292
624,42,1,Nettle_02_Translucent,MI_Nettle_01_TwoSided,4336,2832,8496,4848,482,5291,42.937853,37.723635
625,42,2,Nettle_02_Translucent,MI_Nettle_01_TwoSided,4336,1415,4245,2371,213,2576,44.146054,39.316843
626,42,3,Nettle_02_Translucent,MI_Nettle_01_TwoSided,4336,678,2034,1183,115,1292,41.838741,36.479843
627,42,4,Nettle_02_Translucent,MI_Nettle_01_TwoSided,4336,339,1017,605,58,664,40.511308,34.709931
628,42,5,Nettle_02_Translucent,MI_Nettle_01_TwoSided,4336,168,504,348,44,389,30.952381,22.817460
629,42,6,Nettle_02_Translucent,MI_Nettle_01_TwoSided,4336,56,168,143,26,168,14.880952,0.000000
630,43,0,Nettle_06_Translucent,MI_Nettle_01_TwoSided,6258,8080,24240,13313,1332,14599,45.078383,39.773102
631,43,1,Nettle_06_Translucent,MI_Nettle_01_TwoSided,6258,4040,12120,6881,669,7546,43.226073,37.739274
632,43,2,Nettle_06_Translucent,MI_Nettle_01_TwoSided,6258,2019,6057,3480,333,3819,42.545815,36.948985
633,43,3,Nettle_06_Translucent,MI_Nettle_01_TwoSided,6258,969,2907,1713,174,1881,41.073271,35.294118
634,43,4,Nettle_06_Translucent,MI_Nettle_01_TwoSided,6258,484,1452,853,85,932,41.253444,35.812672
635,43,5,Nettle_06_Translucent,MI_Nettle_01_TwoSided,6258,241,723,497,65,562,31.258645,22.268326
636,43,6,Nettle_06_Translucent,MI_Nettle_01_TwoSided,6258,80,240,215,42,256,10.416667,-6.666667
637,44,0,Nettle_01_Translucent,MI_Nettle_01_TwoSided,4585,5896,17688,9717,973,10761,45.064450,39.162144
638,44,1,Nettle_01_Translucent,MI_Nettle_01_TwoSided,4585,2947,8841,5020,485,5441,43.219093,38.457188
639,44,2,Nettle_01_Translucent,MI_Nettle_01_TwoSided,4585,1474,4422,2513,234,2787,43.170511,36.974220
640,44,3,Nettle_01_Translucent,MI_Nettle_01_TwoSided,4585,707,2121,1215,119,1336,42.715700,37.010844
641,44,4,Nettle_01_Translucent,MI_Nettle_01_TwoSided,4585,353,1059,604,58,674,42.965061,36.355052
642,44,5,Nettle_01_Translucent,MI_Nettle_01_TwoSided,4585,176,528,335,41,373,36.553030,29.356061
643,44,6,Nettle_01_Translucent,MI_Nettle_01_TwoSided,4585,54,162,156,33,191,3.703704,-17.901235
644,45,0,Nettle_04_Translucent,MI_Nettle_01_TwoSided,849,1088,3264,1743,159,1875,46.599265,42.555147
645,45,1,Nettle_04_Translucent,MI_Nettle_01_TwoSided,849,543,1629,900,85,995,44.751381,38.919583
646,45,2,Nettle_04_Translucent,MI_Nettle_01_TwoSided,849,271,813,451,38,493,44.526445,39.360394
647,45,3,Nettle_04_Translucent,MI_Nettle_01_TwoSided,849,130,390,227,21,247,41.794872,36.666667
648,45,4,Nettle_04_Translucent,MI_Nettle_01_TwoSided,849,65,195,116,10,126,40.512821,35.384615
649,45,5,Nettle_04_Translucent,MI_Nettle_01_TwoSided,849,32,96,69,9,78,28.125000,18.750000
650,45,6,Nettle_04_Translucent,MI_Nettle_01_TwoSided,849,10,30,30,6,36,0.000000,-20.000000
651,46,0,Nettle_05_Translucent,MI_Nettle_01_TwoSided,5259,6984,20952,11411,1110,12473,45.537419,40.468690
652,46,1,Nettle_05_Translucent,MI_Nettle_01_TwoSided,5259,3491,10473,5892,571,6463,43.741048,38.288933
653,46,2,Nettle_05_Translucent,MI_Nettle_01_TwoSided,5259,1745,5235,2971,282,3247,43.247373,37.975167
654,46,3,Nettle_05_Translucent,MI_Nettle_01_TwoSided,5259,837,2511,1469,142,1593,41.497411,36.559140
655,46,4,Nettle_05_Translucent,MI_Nettle_01_TwoSided,5259,418,1254,721,70,788,42.503987,37.161085
656,46,5,Nettle_05_Translucent,MI_Nettle_01_TwoSided,5259,208,624,393,47,429,37.019231,31.250000
657,46,6,Nettle_05_Translucent,MI_Nettle_01_TwoSided,5259,69,207,187,38,226,9.661836,-9.178744
658,47,0,Anthurium_05_Translucent,MI_Anthurium_01_TwoSided,4863,7664,22992,12535,1223,13982,45.481037,39.187543
659,47,1,Anthurium_05_Translucent,MI_Anthurium_01_TwoSided,4863,3831,11493,6505,620,7145,43.400331,37.831724
660,47,2,Anthurium_05_Translucent,MI_Anthurium_01_TwoSided,4863,1916,5748,3257,295,3520,43.336813,38.761308
661,47,3,Anthurium_05_Translucent,MI_Anthurium_01_TwoSided,4863,918,2754,1588,143,1711,42.338417,37.872186
662,47,4,Anthurium_05_Translucent,MI_Anthurium_01_TwoSided,4863,459,1377,789,74,857,42.701525,37.763253
663,47,5,Anthurium_05_Translucent,MI_Anthurium_01_TwoSided,4863,229,687,423,50,474,38.427948,31.004367
664,47,6,Anthurium_05_Translucent,MI_Anthurium_01_TwoSided,4863,75,225,149,18,165,33.777778,26.666667
665,48,0,Anthurium_02_Translucent,MI_Anthurium_01_TwoSided,9568,15544,46632,25380,2480,28287,45.573855,39.339938
666,48,1,Anthurium_02_Translucent,MI_Anthurium_01_TwoSided,9568,7772,23316,13388,1315,14683,42.580202,37.026077
667,48,2,Anthurium_02_Translucent,MI_Anthurium_01_TwoSided,9568,3885,11655,6649,611,7311,42.951523,37.271557
668,48,3,Anthurium_02_Translucent,MI_Anthurium_01_TwoSided,9568,1865,5595,3156,290,3490,43.592493,37.622878
669,48,4,Anthurium_02_Translucent,MI_Anthurium_01_TwoSided,9568,932,2796,1594,150,1726,42.989986,38.268956
670,48,5,Anthurium_02_Translucent,MI_Anthurium_01_TwoSided,9568,466,1398,816,78,889,41.630901,36.409156
671,48,6,Anthurium_02_Translucent,MI_Anthurium_01_TwoSided,9568,155,465,261,21,280,43.870968,39.784946
672,49,0,Anthurium_04_Translucent,MI_Anthurium_01_TwoSided,6557,10360,31080,16819,1661,18899,45.884813,39.192407
673,49,1,Anthurium_04_Translucent,MI_Anthurium_01_TwoSided,6557,5180,15540,8963,869,9791,42.323037,36.994852
674,49,2,Anthurium_04_Translucent,MI_Anthurium_01_TwoSided,6557,2589,7767,4515,435,4936,41.869448,36.449079
675,49,3,Anthurium_04_Translucent,MI_Anthurium_01_TwoSided,6557,1242,3726,2124,202,2319,42.995169,37.761675
676,49,4,Anthurium_04_Translucent,MI_Anthurium_01_TwoSided,6557,621,1863,1053,91,1126,43.478261,39.559850
677,49,5,Anthurium_04_Translucent,MI_Anthurium_01_TwoSided,6557,310,930,520,43,562,44.086022,39.569892
678,49,6,Anthurium_04_Translucent,MI_Anthurium_01_TwoSided,6557,102,306,175,14,189,42.810458,38.235294
679,50,0,Anthurium_03_Translucent,MI_Anthurium_01_TwoSided,5656,9072,27216,14959,1495,16595,45.036008,39.024838
680,50,1,Anthurium_03_Translucent,MI_Anthurium_01_TwoSided,5656,4536,13608,7700,715,8462,43.415638,37.815991
681,50,2,Anthurium_03_Translucent,MI_Anthurium_01_TwoSided,5656,2268,6804,3917,369,4275,42.430923,37.169312
682,50,3,Anthurium_03_Translucent,MI_Anthurium_01_TwoSided,5656,1087,3261,1875,169,2070,42.502300,36.522539
683,50,4,Anthurium_03_Translucent,MI_Anthurium_01_TwoSided,5656,543,1629,929,84,996,42.971148,38.858195
684,50,5,Anthurium_03_Translucent,MI_Anthurium_01_TwoSided,5656,272,816,494,48,531,39.460784,34.926471
685,50,6,Anthurium_03_Translucent,MI_Anthurium_01_TwoSided,5656,89,267,162,14,173,39.325843,35.205993
686,51,0,Anthurium_06_Translucent,MI_Anthurium_01_TwoSided,5570,8704,26112,14028,1370,15893,46.277574,39.135263
687,51,1,Anthurium_06_Translucent,MI_Anthurium_01_TwoSided,5570,4351,13053,7443,713,8169,42.978626,37.416686
688,51,2,Anthurium_06_Translucent,MI_Anthurium_01_TwoSided,5570,2176,6528,3737,338,4082,42.754289,37.469363
689,51,3,Anthurium_06_Translucent,MI_Anthurium_01_TwoSided,5570,1043,3129,1749,150,1885,44.103547,39.757111
690,51,4,Anthurium_06_Translucent,MI_Anthurium_01_TwoSided,5570,521,1563,906,84,990,42.034549,36.660269
691,51,5,Anthurium_06_Translucent,MI_Anthurium_01_TwoSided,5570,260,780,463,46,512,40.641026,34.358974
692,51,6,Anthurium_06_Translucent,MI_Anthurium_01_TwoSided,5570,87,261,152,13,164,41.762452,37.164751
693,52,0,Anthurium_01_Translucent,MI_Anthurium_01_TwoSided,9703,15808,47424,26099,2507,28367,44.966684,40.184295
694,52,1,Anthurium_01_Translucent,MI_Anthurium_01_TwoSided,9703,7904,23712,13377,1253,14676,43.585526,38.107287
695,52,2,Anthurium_01_Translucent,MI_Anthurium_01_TwoSided,9703,3952,11856,6699,605,7240,43.496964,38.933873
696,52,3,Anthurium_01_Translucent,MI_Anthurium_01_TwoSided,9703,1896,5688,3248,300,3544,42.897328,37.693390
697,52,4,Anthurium_01_Translucent,MI_Anthurium_01_TwoSided,9703,948,2844,1619,149,1783,43.073136,37.306610
698,52,5,Anthurium_01_Translucent,MI_Anthurium_01_TwoSided,9703,473,1419,825,74,894,41.860465,36.997886
699,52,6,Anthurium_01_Translucent,MI_Anthurium_01_TwoSided,9703,158,474,291,30,324,38.607595,31.645570
700,53,0,M_4x4_03,MI_Terrain_X4_Y4,167590,83232,249696,209768,42178,251946,15.990645,-0.901096
701,53,1,M_4x4_03,MI_Terrain_X4_Y4,167590,41616,124848,114124,23756,137947,8.589645,-10.491958
702,53,2,M_4x4_03,MI_Terrain_X4_Y4,167590,20808,62424,58415,12059,70436,6.422209,-12.834807
703,53,3,M_4x4_03,MI_Terrain_X4_Y4,167590,9986,29958,26904,5315,32228,10.194272,-7.577275
704,53,4,M_4x4_03,MI_Terrain_X4_Y4,167590,4992,14976,13010,2484,15498,13.127671,-3.485577
705,53,5,M_4x4_03,MI_Terrain_X4_Y4,167590,2496,7488,6451,1212,7660,13.848825,-2.297009
706,53,6,M_4x4_03,MI_Terrain_X4_Y4,167590,832,2496,2484,513,2992,0.480769,-19.871795
707,54,0,M_4x4_01,MI_Terrain_X4_Y4,167238,83232,249696,209241,42002,251243,16.201701,-0.619553
708,54,1,M_4x4_01,MI_Terrain_X4_Y4,167238,41616,124848,112266,23137,135433,10.077855,-8.478310
709,54,2,M_4x4_01,MI_Terrain_X4_Y4,167238,20808,62424,57831,11932,69791,7.357747,-11.801551
710,54,3,M_4x4_01,MI_Terrain_X4_Y4,167238,9986,29958,27344,5479,32843,8.725549,-9.630149
711,54,4,M_4x4_01,MI_Terrain_X4_Y4,167238,4992,14976,13140,2536,15685,12.259615,-4.734241
712,54,5,M_4x4_01,MI_Terrain_X4_Y4,167238,2496,7488,6564,1258,7835,12.339744,-4.634081
713,54,6,M_4x4_01,MI_Terrain_X4_Y4,167238,842,2526,2596,552,3136,-2.771180,-24.148852
714,55,0,M_4x4_02,MI_Terrain_X4_Y4,168352,83232,249696,210911,42559,253470,15.532888,-1.511438
715,55,1,M_4x4_02,MI_Terrain_X4_Y4,168352,41616,124848,112936,23422,136381,9.541202,-9.237633
716,55,2,M_4x4_02,MI_Terrain_X4_Y4,168352,20808,62424,57901,11960,69868,7.245611,-11.924901
717,55,3,M_4x4_02,MI_Terrain_X4_Y4,168352,9986,29958,27138,5422,32560,9.413178,-8.685493
718,55,4,M_4x4_02,MI_Terrain_X4_Y4,168352,4992,14976,13205,2560,15769,11.825588,-5.295139
719,55,5,M_4x4_02,MI_Terrain_X4_Y4,168352,2496,7488,6628,1279,7909,11.485043,-5.622329
720,55,6,M_4x4_02,MI_Terrain_X4_Y4,168352,832,2496,2511,523,3040,-0.600962,-21.794872
721,56,0,M_4x4_04,MI_Terrain_X4_Y4,167308,83232,249696,209345,42037,251382,16.160051,-0.675221
722,56,1,M_4x4_04,MI_Terrain_X4_Y4,167308,41616,124848,114202,23743,137965,8.527169,-10.506376
723,56,2,M_4x4_04,MI_Terrain_X4_Y4,167308,20808,62424,58176,11991,70209,6.805075,-12.471165
724,56,3,M_4x4_04,MI_Terrain_X4_Y4,167308,9986,29958,26863,5302,32204,10.331130,-7.497163
725,56,4,M_4x4_04,MI_Terrain_X4_Y4,167308,4992,14976,12985,2453,15421,13.294605,-2.971421
726,56,5,M_4x4_04,MI_Terrain_X4_Y4,167308,2496,7488,6527,1227,7740,12.833868,-3.365385
727,56,6,M_4x4_04,MI_Terrain_X4_Y4,167308,832,2496,2513,525,3029,-0.681090,-21.354167
728,57,0,M_3x4_03,MI_Terrain_X3_Y4,167110,83232,249696,209048,41938,250986,16.278995,-0.516628
729,57,1,M_3x4_03,MI_Terrain_X3_Y4,167110,41616,124848,115002,23971,139000,7.886390,-11.335384
730,57,2,M_3x4_03,MI_Terrain_X3_Y4,167110,20808,62424,57803,11866,69680,7.402602,-11.623734
731,57,3,M_3x4_03,MI_Terrain_X3_Y4,167110,9986,29958,26949,5305,32230,10.044062,-7.583951
732,57,4,M_3x4_03,MI_Terrain_X3_Y4,167110,4992,14976,13090,2507,15606,12.593483,-4.206731
733,57,5,M_3x4_03,MI_Terrain_X3_Y4,167110,2496,7488,6458,1205,7687,13.755342,-2.657585
734,57,6,M_3x4_03,MI_Terrain_X3_Y4,167110,832,2496,2418,493,2908,3.125000,-16.506410
735,58,0,M_3x4_01,MI_Terrain_X3_Y4,166954,83232,249696,208814,41860,250674,16.372709,-0.391676
736,58,1,M_3x4_01,MI_Terrain_X3_Y4,166954,41616,124848,112919,23346,136315,9.554819,-9.184769
737,58,2,M_3x4_01,MI_Terrain_X3_Y4,166954,20808,62424,58513,12086,70547,6.265219,-13.012623
738,58,3,M_3x4_01,MI_Terrain_X3_Y4,166954,9986,29958,27079,5357,32436,9.610121,-8.271580
739,58,4,M_3x4_01,MI_Terrain_X3_Y4,166954,4992,14976,12957,2446,15403,13.481571,-2.851229
740,58,5,M_3x4_01,MI_Terrain_X3_Y4,166954,2496,7488,6410,1194,7591,14.396368,-1.375534
741,58,6,M_3x4_01,MI_Terrain_X3_Y4,166954,834,2502,2402,482,2883,3.996803,-15.227818
742,59,0,M_3x4_02,MI_Terrain_X3_Y4,167190,83232,249696,209168,41978,251146,16.230937,-0.580706
743,59,1,M_3x4_02,MI_Terrain_X3_Y4,167190,41616,124848,112014,23104,135149,10.279700,-8.250833
744,59,2,M_3x4_02,MI_Terrain_X3_Y4,167190,20808,62424,58250,12061,70300,6.686531,-12.616942
745,59,3,M_3x4_02,MI_Terrain_X3_Y4,167190,9986,29958,27379,5486,32880,8.608719,-9.753655
746,59,4,M_3x4_02,MI_Terrain_X3_Y4,167190,4992,14976,13111,2505,15597,12.453259,-4.146635
747,59,5,M_3x4_02,MI_Terrain_X3_Y4,167190,2496,7488,6438,1200,7629,14.022436,-1.883013
748,59,6,M_3x4_02,MI_Terrain_X3_Y4,167190,834,2502,2475,506,2980,1.079137,-19.104716
749,60,0,M_3x4_04,MI_Terrain_X3_Y4,167168,83232,249696,209135,41967,251102,16.244153,-0.563085
750,60,1,M_3x4_04,MI_Terrain_X3_Y4,167168,41616,124848,115521,24155,139630,7.470684,-11.839997
751,60,2,M_3x4_04,MI_Terrain_X3_Y4,167168,20808,62424,58267,12007,70246,6.659298,-12.530437
752,60,3,M_3x4_04,MI_Terrain_X3_Y4,167168,9986,29958,26837,5303,32170,10.417918,-7.383670
753,60,4,M_3x4_04,MI_Terrain_X3_Y4,167168,4992,14976,12861,2426,15282,14.122596,-2.043269
754,60,5,M_3x4_04,MI_Terrain_X3_Y4,167168,2496,7488,6443,1201,7644,13.955662,-2.083333
755,60,6,M_3x4_04,MI_Terrain_X3_Y4,167168,832,2496,2493,519,3016,0.120192,-20.833333
756,61,0,M_4x3_03,MI_Terrain_X4_Y3,167910,83232,249696,210248,42338,252586,15.798411,-1.157407
757,61,1,M_4x3_03,MI_Terrain_X4_Y3,167910,41616,124848,112973,23396,136476,9.511566,-9.313725
758,61,2,M_4x3_03,MI_Terrain_X4_Y3,167910,20808,62424,57164,11712,68857,8.426246,-10.305331
759,61,3,M_4x3_03,MI_Terrain_X4_Y3,167910,9986,29958,27152,5414,32547,9.366446,-8.642099
760,61,4,M_4x3_03,MI_Terrain_X4_Y3,167910,4992,14976,13308,2589,15893,11.137821,-6.123130
761,61,5,M_4x3_03,MI_Terrain_X4_Y3,167910,2496,7488,6498,1231,7740,13.221154,-3.365385
762,61,6,M_4x3_03,MI_Terrain_X4_Y3,167910,832,2496,2526,527,3042,-1.201923,-21.875000
763,62,0,M_4x3_01,MI_Terrain_X4_Y3,167840,83232,249696,210145,42303,252448,15.839661,-1.102140
764,62,1,M_4x3_01,MI_Terrain_X4_Y3,167840,41616,124848,113511,23537,137037,9.080642,-9.763072
765,62,2,M_4x3_01,MI_Terrain_X4_Y3,167840,20808,62424,57859,11911,69772,7.312892,-11.771114
766,62,3,M_4x3_01,MI_Terrain_X4_Y3,167840,9986,29958,27020,5355,32354,9.807063,-7.997864
767,62,4,M_4x3_01,MI_Terrain_X4_Y3,167840,4992,14976,13013,2467,15446,13.107639,-3.138355
768,62,5,M_4x3_01,MI_Terrain_X4_Y3,167840,2496,7488,6445,1195,7645,13.928953,-2.096688
769,62,6,M_4x3_01,MI_Terrain_X4_Y3,167840,832,2496,2517,526,3040,-0.841346,-21.794872
770,63,0,M_4x3_02,MI_Terrain_X4_Y3,167406,83232,249696,209492,42086,251578,16.101179,-0.753717
771,63,1,M_4x3_02,MI_Terrain_X4_Y3,167406,41616,124848,114244,23774,138052,8.493528,-10.576060
772,63,2,M_4x3_02,MI_Terrain_X4_Y3,167406,20808,62424,58301,12042,70292,6.604831,-12.604127
773,63,3,M_4x3_02,MI_Terrain_X4_Y3,167406,9986,29958,26900,5295,32183,10.207624,-7.427065
774,63,4,M_4x3_02,MI_Terrain_X4_Y3,167406,4992,14976,13160,2521,15645,12.126068,-4.467147
775,63,5,M_4x3_02,MI_Terrain_X4_Y3,167406,2496,7488,6419,1196,7609,14.276175,-1.615919
776,63,6,M_4x3_02,MI_Terrain_X4_Y3,167406,832,2496,2481,510,2995,0.600962,-19.991987
777,64,0,M_3x3_04,MI_Terrain_X3_Y3,167704,83232,249696,209939,42235,252174,15.922161,-0.992407
778,64,1,M_3x3_04,MI_Terrain_X3_Y3,167704,41616,124848,114487,23867,138406,8.298891,-10.859605
779,64,2,M_3x3_04,MI_Terrain_X3_Y3,167704,20808,62424,58474,12101,70572,6.327694,-13.052672
780,64,3,M_3x3_04,MI_Terrain_X3_Y3,167704,9986,29958,26912,5325,32289,10.167568,-7.780893
781,64,4,M_3x3_04,MI_Terrain_X3_Y3,167704,4992,14976,13002,2467,15462,13.181090,-3.245192
782,64,5,M_3x3_04,MI_Terrain_X3_Y3,167704,2496,7488,6420,1187,7596,14.262821,-1.442308
783,64,6,M_3x3_04,MI_Terrain_X3_Y3,167704,832,2496,2510,516,3028,-0.560897,-21.314103
784,65,0,M_3x3_03,MI_Terrain_X3_Y3,167478,83232,249696,209600,42122,251722,16.057926,-0.811387
785,65,1,M_3x3_03,MI_Terrain_X3_Y3,167478,41616,124848,111141,22810,133924,10.978950,-7.269640
786,65,2,M_3x3_03,MI_Terrain_X3_Y3,167478,20808,62424,57521,11850,69345,7.854351,-11.087082
787,65,3,M_3x3_03,MI_Terrain_X3_Y3,167478,9986,29958,27575,5565,33106,7.954470,-10.508045
788,65,4,M_3x3_03,MI_Terrain_X3_Y3,167478,4992,14976,13232,2570,15807,11.645299,-5.548878
789,65,5,M_3x3_03,MI_Terrain_X3_Y3,167478,2496,7488,6500,1226,7740,13.194444,-3.365385
790,65,6,M_3x3_03,MI_Terrain_X3_Y3,167478,832,2496,2482,517,2995,0.560897,-19.991987
791,66,0,M_3x3_01,MI_Terrain_X3_Y3,167580,83232,249696,209753,42173,251926,15.996652,-0.893086
792,66,1,M_3x3_01,MI_Terrain_X3_Y3,167580,41616,124848,114774,23947,138690,8.069012,-11.087082
793,66,2,M_3x3_01,MI_Terrain_X3_Y3,167580,20808,62424,58570,12144,70746,6.173907,-13.331411
794,66,3,M_3x3_01,MI_Terrain_X3_Y3,167580,9986,29958,26882,5311,32153,10.267708,-7.326924
795,66,4,M_3x3_01,MI_Terrain_X3_Y3,167580,4992,14976,12985,2469,15434,13.294605,-3.058226
796,66,5,M_3x3_01,MI_Terrain_X3_Y3,167580,2496,7488,6398,1187,7578,14.556624,-1.201923
797,66,6,M_3x3_01,MI_Terrain_X3_Y3,167580,832,2496,2444,492,2931,2.083333,-17.427885
798,67,0,M_3x3_02,MI_Terrain_X3_Y3,167296,83232,249696,209327,42031,251358,16.167259,-0.665609
799,67,1,M_3x3_02,MI_Terrain_X3_Y3,167296,41616,124848,114398,23798,138173,8.370178,-10.672978
800,67,2,M_3x3_02,MI_Terrain_X3_Y3,167296,20808,62424,57991,11926,69920,7.101435,-12.008202
801,67,3,M_3x3_02,MI_Terrain_X3_Y3,167296,9986,29958,26915,5310,32256,10.157554,-7.670739
802,67,4,M_3x3_02,MI_Terrain_X3_Y3,167296,4992,14976,12966,2455,15386,13.421474,-2.737714
803,67,5,M_3x3_02,MI_Terrain_X3_Y3,167296,2496,7488,6494,1217,7696,13.274573,-2.777778
804,67,6,M_3x3_02,MI_Terrain_X3_Y3,167296,832,2496,2505,523,3022,-0.360577,-21.073718
805,68,0,M_4x3_04,MI_Terrain_X4_Y3,166950,83232,249696,208808,41858,250666,16.375112,-0.388472
806,68,1,M_4x3_04,MI_Terrain_X4_Y3,166950,41616,124848,112779,23299,136057,9.666955,-8.978117
807,68,2,M_4x3_04,MI_Terrain_X4_Y3,166950,20808,62424,58575,12127,70654,6.165898,-13.184032
808,68,3,M_4x3_04,MI_Terrain_X4_Y3,166950,9986,29958,27165,5404,32564,9.323052,-8.698845
809,68,4,M_4x3_04,MI_Terrain_X4_Y3,166950,4992,14976,13114,2507,15615,12.433226,-4.266827
810,68,5,M_4x3_04,MI_Terrain_X4_Y3,166950,2496,7488,6366,1173,7546,14.983974,-0.774573
811,68,6,M_4x3_04,MI_Terrain_X4_Y3,166950,838,2514,2522,522,3036,-0.318218,-20.763723
812,69,0,E_X2_Y5_43,MI_Terrain_X2_Y5,163820,81608,244824,204925,41105,246030,16.297013,-0.492599
813,69,1,E_X2_Y5_43,MI_Terrain_X2_Y5,163820,40804,122412,112337,23354,135732,8.230402,-10.881286
814,69,2,E_X2_Y5_43,MI_Terrain_X2_Y5,163820,20402,61206,56982,11714,68681,6.901284,-12.212855
815,69,3,E_X2_Y5_43,MI_Terrain_X2_Y5,163820,9792,29376,26272,5164,31466,10.566449,-7.114651
816,69,4,E_X2_Y5_43,MI_Terrain_X2_Y5,163820,4896,14688,12670,2401,15078,13.739107,-2.655229
817,69,5,E_X2_Y5_43,MI_Terrain_X2_Y5,163820,2448,7344,6322,1184,7475,13.916122,-1.783769
818,69,6,E_X2_Y5_43,MI_Terrain_X2_Y5,163820,816,2448,2547,544,3085,-4.044118,-26.021242
819,70,0,E_X1_Y5_42,MI_Terrain_X1_Y5,164016,81608,244824,205219,41203,246422,16.176927,-0.652714
820,70,1,E_X1_Y5_42,MI_Terrain_X1_Y5,164016,40804,122412,112113,23328,135506,8.413391,-10.696664
821,70,2,E_X1_Y5_42,MI_Terrain_X1_Y5,164016,20402,61206,56848,11697,68580,7.120217,-12.047838
822,70,3,E_X1_Y5_42,MI_Terrain_X1_Y5,164016,9792,29376,26632,5300,31940,9.340959,-8.728214
823,70,4,E_X1_Y5_42,MI_Terrain_X1_Y5,164016,4896,14688,12887,2479,15380,12.261710,-4.711329
824,70,5,E_X1_Y5_42,MI_Terrain_X1_Y5,164016,2448,7344,6435,1231,7680,12.377451,-4.575163
825,70,6,E_X1_Y5_42,MI_Terrain_X1_Y5,164016,816,2448,2536,545,3085,-3.594771,-26.021242
826,71,0,E_X0_Y5_41,MI_Terrain_X0_Y5,164502,81608,244824,205948,41446,247394,15.879162,-1.049734
827,71,1,E_X0_Y5_41,MI_Terrain_X0_Y5,164502,40804,122412,111919,23284,135212,8.571872,-10.456491
828,71,2,E_X0_Y5_41,MI_Terrain_X0_Y5,164502,20402,61206,56733,11684,68461,7.308107,-11.853413
829,71,3,E_X0_Y5_41,MI_Terrain_X0_Y5,164502,9792,29376,26462,5255,31694,9.919662,-7.890795
830,71,4,E_X0_Y5_41,MI_Terrain_X0_Y5,164502,4896,14688,12870,2476,15345,12.377451,-4.473039
831,71,5,E_X0_Y5_41,MI_Terrain_X0_Y5,164502,2448,7344,6488,1243,7745,11.655773,-5.460240
832,71,6,E_X0_Y5_41,MI_Terrain_X0_Y5,164502,816,2448,2571,561,3144,-5.024510,-28.431373
833,72,0,E_X0_Y4_33,MI_Terrain_X0_Y4,163902,81608,244824,205048,41146,246194,16.246773,-0.559586
834,72,1,E_X0_Y4_33,MI_Terrain_X0_Y4,163902,40804,122412,110543,22805,133371,9.695945,-8.952554
835,72,2,E_X0_Y4_33,MI_Terrain_X0_Y4,163902,20402,61206,56346,11557,67844,7.940398,-10.845342
836,72,3,E_X0_Y4_33,MI_Terrain_X0_Y4,163902,9792,29376,26942,5424,32356,8.285675,-10.144336
837,72,4,E_X0_Y4_33,MI_Terrain_X0_Y4,163902,4896,14688,13044,2526,15556,11.192810,-5.909586
838,72,5,E_X0_Y4_33,MI_Terrain_X0_Y4,163902,2448,7344,6525,1248,7753,11.151961,-5.569172
839,72,6,E_X0_Y4_33,MI_Terrain_X0_Y4,163902,824,2472,2690,591,3279,-8.818770,-32.645631
840,73,0,E_X1_Y4_34,MI_Terrain_X1_Y4,164074,81608,244824,205306,41232,246538,16.141391,-0.700095
841,73,1,E_X1_Y4_34,MI_Terrain_X1_Y4,164074,40804,122412,111620,23107,134758,8.816129,-10.085613
842,73,2,E_X1_Y4_34,MI_Terrain_X1_Y4,164074,20402,61206,55913,11421,67306,8.647845,-9.966343
843,73,3,E_X1_Y4_34,MI_Terrain_X1_Y4,164074,9792,29376,26893,5413,32326,8.452478,-10.042211
844,73,4,E_X1_Y4_34,MI_Terrain_X1_Y4,164074,4896,14688,13152,2575,15710,10.457516,-6.958061
845,73,5,E_X1_Y4_34,MI_Terrain_X1_Y4,164074,2448,7344,6563,1272,7822,10.634532,-6.508715
846,73,6,E_X1_Y4_34,MI_Terrain_X1_Y4,164074,818,2454,2618,572,3197,-6.682967,-30.277099
847,74,0,E_X2_Y4_35,MI_Terrain_X2_Y4,164344,81608,244824,205711,41367,247078,15.975966,-0.920661
848,74,1,E_X2_Y4_35,MI_Terrain_X2_Y4,164344,40804,122412,111098,22990,134106,9.242558,-9.552985
849,74,2,E_X2_Y4_35,MI_Terrain_X2_Y4,164344,20402,61206,55365,11275,66657,9.543182,-8.905990
850,74,3,E_X2_Y4_35,MI_Terrain_X2_Y4,164344,9792,29376,26844,5407,32241,8.619281,-9.752859
851,74,4,E_X2_Y4_35,MI_Terrain_X2_Y4,164344,4896,14688,13018,2519,15515,11.369826,-5.630447
852,74,5,E_X2_Y4_35,MI_Terrain_X2_Y4,164344,2448,7344,6364,1198,7566,13.344227,-3.022876
853,74,6,E_X2_Y4_35,MI_Terrain_X2_Y4,164344,820,2460,2511,530,3047,-2.073171,-23.861789
854,75,0,E_X5_Y4_38,MI_Terrain_X5_Y4,164042,81608,244824,205258,41216,246474,16.160997,-0.673954
855,75,1,E_X5_Y4_38,MI_Terrain_X5_Y4,164042,40804,122412,111193,23011,134241,9.164951,-9.663268
856,75,2,E_X5_Y4_38,MI_Terrain_X5_Y4,164042,20402,61206,56312,11541,67863,7.995948,-10.876385
857,75,3,E_X5_Y4_38,MI_Terrain_X5_Y4,164042,9792,29376,26729,5347,32068,9.010757,-9.163943
858,75,4,E_X5_Y4_38,MI_Terrain_X5_Y4,164042,4896,14688,12946,2492,15436,11.860022,-5.092593
859,75,5,E_X5_Y4_38,MI_Terrain_X5_Y4,164042,2448,7344,6411,1213,7614,12.704248,-3.676471
860,75,6,E_X5_Y4_38,MI_Terrain_X5_Y4,164042,820,2460,2632,585,3224,-6.991870,-31.056911
861,76,0,E_X6_Y4_39,MI_Terrain_X6_Y4,163886,81608,244824,205024,41138,246162,16.256576,-0.546515
862,76,1,E_X6_Y4_39,MI_Terrain_X6_Y4,163886,40804,122412,110484,22789,133281,9.744143,-8.879031
863,76,2,E_X6_Y4_39,MI_Terrain_X6_Y4,163886,20402,61206,55948,11447,67404,8.590661,-10.126458
864,76,3,E_X6_Y4_39,MI_Terrain_X6_Y4,163886,9792,29376,26938,5425,32331,8.299292,-10.059232
865,76,4,E_X6_Y4_39,MI_Terrain_X6_Y4,163886,4896,14688,13113,2561,15644,10.723039,-6.508715
866,76,5,E_X6_Y4_39,MI_Terrain_X6_Y4,163886,2448,7344,6530,1260,7767,11.083878,-5.759804
867,76,6,E_X6_Y4_39,MI_Terrain_X6_Y4,163886,822,2466,2594,562,3165,-5.190592,-28.345499
868,77,0,E_X7_Y4_40,MI_Terrain_X7_Y4,164142,81608,244824,205408,41266,246674,16.099729,-0.755645
869,77,1,E_X7_Y4_40,MI_Terrain_X7_Y4,164142,40804,122412,112403,23430,135822,8.176486,-10.954808
870,77,2,E_X7_Y4_40,MI_Terrain_X7_Y4,164142,20402,61206,56709,11646,68340,7.347319,-11.655720
871,77,3,E_X7_Y4_40,MI_Terrain_X7_Y4,164142,9792,29376,26668,5335,31991,9.218410,-8.901825
872,77,4,E_X7_Y4_40,MI_Terrain_X7_Y4,164142,4896,14688,13040,2525,15582,11.220044,-6.086601
873,77,5,E_X7_Y4_40,MI_Terrain_X7_Y4,164142,2448,7344,6563,1268,7819,10.634532,-6.467865
874,77,6,E_X7_Y4_40,MI_Terrain_X7_Y4,164142,818,2454,2710,611,3326,-10.431948,-35.533822
875,78,0,E_X7_Y3_32,MI_Terrain_X7_Y3,165174,81608,244824,206957,41782,248739,15.467029,-1.599108
876,78,1,E_X7_Y3_32,MI_Terrain_X7_Y3,165174,40804,122412,111791,23238,135068,8.676437,-10.338856
877,78,2,E_X7_Y3_32,MI_Terrain_X7_Y3,165174,20402,61206,56140,11496,67612,8.276966,-10.466294
878,78,3,E_X7_Y3_32,MI_Terrain_X7_Y3,165174,9792,29376,26875,5416,32274,8.513753,-9.865196
879,78,4,E_X7_Y3_32,MI_Terrain_X7_Y3,165174,4896,14688,13186,2591,15799,10.226035,-7.563998
880,78,5,E_X7_Y3_32,MI_Terrain_X7_Y3,165174,2448,7344,6519,1259,7795,11.233660,-6.141068
881,78,6,E_X7_Y3_32,MI_Terrain_X7_Y3,165174,818,2454,2675,595,3275,-9.005705,-33.455583
882,79,0,E_X6_Y3_31,MI_Terrain_X6_Y3,163816,81608,244824,204919,41103,246022,16.299464,-0.489331
883,79,1,E_X6_Y3_31,MI_Terrain_X6_Y3,163816,40804,122412,111780,23164,134979,8.685423,-10.266150
884,79,2,E_X6_Y3_31,MI_Terrain_X6_Y3,163816,20402,61206,55921,11407,67317,8.634774,-9.984315
885,79,3,E_X6_Y3_31,MI_Terrain_X6_Y3,163816,9792,29376,26772,5352,32139,8.864379,-9.405637
886,79,4,E_X6_Y3_31,MI_Terrain_X6_Y3,163816,4896,14688,12903,2479,15401,12.152778,-4.854303
887,79,5,E_X6_Y3_31,MI_Terrain_X6_Y3,163816,2448,7344,6418,1224,7657,12.608932,-4.261983
888,79,6,E_X6_Y3_31,MI_Terrain_X6_Y3,163816,816,2448,2587,565,3148,-5.678105,-28.594771
889,80,0,E_X5_Y3_30,MI_Terrain_X5_Y3,164010,81608,244824,205210,41200,246410,16.180603,-0.647812
890,80,1,E_X5_Y3_30,MI_Terrain_X5_Y3,164010,40804,122412,111443,23084,134533,8.960723,-9.901807
891,80,2,E_X5_Y3_30,MI_Terrain_X5_Y3,164010,20402,61206,55757,11365,67119,8.902722,-9.660818
892,80,3,E_X5_Y3_30,MI_Terrain_X5_Y3,164010,9792,29376,26786,5370,32141,8.816721,-9.412446
893,80,4,E_X5_Y3_30,MI_Terrain_X5_Y3,164010,4896,14688,13174,2577,15731,10.307734,-7.101035
894,80,5,E_X5_Y3_30,MI_Terrain_X5_Y3,164010,2448,7344,6508,1249,7749,11.383442,-5.514706
895,80,6,E_X5_Y3_30,MI_Terrain_X5_Y3,164010,816,2448,2647,580,3223,-8.129085,-31.658497
896,81,0,E_X2_Y3_27,MI_Terrain_X2_Y3,164122,81608,244824,205378,41256,246634,16.111982,-0.739307
897,81,1,E_X2_Y3_27,MI_Terrain_X2_Y3,164122,40804,122412,111486,23120,134618,8.925596,-9.971245
898,81,2,E_X2_Y3_27,MI_Terrain_X2_Y3,164122,20402,61206,56700,11647,68361,7.362023,-11.690030
899,81,3,E_X2_Y3_27,MI_Terrain_X2_Y3,164122,9792,29376,26785,5349,32084,8.820125,-9.218410
900,81,4,E_X2_Y3_27,MI_Terrain_X2_Y3,164122,4896,14688,12968,2512,15493,11.710240,-5.480664
901,81,5,E_X2_Y3_27,MI_Terrain_X2_Y3,164122,2448,7344,6458,1237,7675,12.064270,-4.507081
902,81,6,E_X2_Y3_27,MI_Terrain_X2_Y3,164122,818,2454,2582,562,3148,-5.215974,-28.280359
903,82,0,E_X1_Y3_26,MI_Terrain_X1_Y3,163856,81608,244824,204979,41123,246102,16.274957,-0.522008
904,82,1,E_X1_Y3_26,MI_Terrain_X1_Y3,163856,40804,122412,111035,22983,134006,9.294023,-9.471294
905,82,2,E_X1_Y3_26,MI_Terrain_X1_Y3,163856,20402,61206,56843,11738,68558,7.128386,-12.011894
906,82,3,E_X1_Y3_26,MI_Terrain_X1_Y3,163856,9792,29376,26920,5415,32367,8.360566,-10.181781
907,82,4,E_X1_Y3_26,MI_Terrain_X1_Y3,163856,4896,14688,12973,2498,15486,11.676198,-5.433007
908,82,5,E_X1_Y3_26,MI_Terrain_X1_Y3,163856,2448,7344,6460,1227,7700,12.037037,-4.847495
909,82,6,E_X1_Y3_26,MI_Terrain_X1_Y3,163856,818,2454,2547,549,3098,-3.789731,-26.242869
910,83,0,E_X0_Y3_25,MI_Terrain_X0_Y3,164174,81608,244824,205456,41282,246738,16.080123,-0.781786
911,83,1,E_X0_Y3_25,MI_Terrain_X0_Y3,164174,40804,122412,112076,23291,135356,8.443617,-10.574127
912,83,2,E_X0_Y3_25,MI_Terrain_X0_Y3,164174,20402,61206,55694,11321,67011,9.005653,-9.484364
913,83,3,E_X0_Y3_25,MI_Terrain_X0_Y3,164174,9792,29376,26634,5317,31963,9.334150,-8.806509
914,83,4,E_X0_Y3_25,MI_Terrain_X0_Y3,164174,4896,14688,13113,2552,15670,10.723039,-6.685730
915,83,5,E_X0_Y3_25,MI_Terrain_X0_Y3,164174,2448,7344,6549,1265,7802,10.825163,-6.236383
916,83,6,E_X0_Y3_25,MI_Terrain_X0_Y3,164174,818,2454,2707,605,3304,-10.309698,-34.637327
917,84,0,E_X0_Y2_17,MI_Terrain_X0_Y2,164336,81608,244824,205699,41363,247062,15.980868,-0.914126
918,84,1,E_X0_Y2_17,MI_Terrain_X0_Y2,164336,40804,122412,112786,23526,136295,7.863608,-11.341208
919,84,2,E_X0_Y2_17,MI_Terrain_X0_Y2,164336,20402,61206,56645,11622,68263,7.451884,-11.529915
920,84,3,E_X0_Y2_17,MI_Terrain_X0_Y2,164336,9792,29376,26532,5269,31828,9.681373,-8.346950
921,84,4,E_X0_Y2_17,MI_Terrain_X0_Y2,164336,4896,14688,12968,2499,15466,11.710240,-5.296841
922,84,5,E_X0_Y2_17,MI_Terrain_X0_Y2,164336,2448,7344,6500,1259,7749,11.492375,-5.514706
923,84,6,E_X0_Y2_17,MI_Terrain_X0_Y2,164336,816,2448,2626,576,3197,-7.271242,-30.596405
924,85,0,E_X1_Y2_18,MI_Terrain_X1_Y2,163836,81608,244824,204949,41113,246062,16.287210,-0.505669
925,85,1,E_X1_Y2_18,MI_Terrain_X1_Y2,163836,40804,122412,111895,23235,135185,8.591478,-10.434435
926,85,2,E_X1_Y2_18,MI_Terrain_X1_Y2,163836,20402,61206,56518,11601,68179,7.659380,-11.392674
927,85,3,E_X1_Y2_18,MI_Terrain_X1_Y2,163836,9792,29376,26547,5276,31812,9.630310,-8.292484
928,85,4,E_X1_Y2_18,MI_Terrain_X1_Y2,163836,4896,14688,12703,2408,15136,13.514434,-3.050109
929,85,5,E_X1_Y2_18,MI_Terrain_X1_Y2,163836,2448,7344,6283,1176,7441,14.447168,-1.320806
930,85,6,E_X1_Y2_18,MI_Terrain_X1_Y2,163836,824,2472,2459,506,2961,0.525890,-19.781553
931,86,0,E_X2_Y2_19,MI_Terrain_X2_Y2,163888,81608,244824,205027,41139,246166,16.255351,-0.548149
932,86,1,E_X2_Y2_19,MI_Terrain_X2_Y2,163888,40804,122412,112456,23420,135865,8.133190,-10.989936
933,86,2,E_X2_Y2_19,MI_Terrain_X2_Y2,163888,20402,61206,56960,11744,68726,6.937228,-12.286377
934,86,3,E_X2_Y2_19,MI_Terrain_X2_Y2,163888,9792,29376,26560,5271,31799,9.586057,-8.248230
935,86,4,E_X2_Y2_19,MI_Terrain_X2_Y2,163888,4896,14688,12821,2455,15288,12.711057,-4.084967
936,86,5,E_X2_Y2_19,MI_Terrain_X2_Y2,163888,2448,7344,6451,1234,7720,12.159586,-5.119826
937,86,6,E_X2_Y2_19,MI_Terrain_X2_Y2,163888,820,2460,2601,565,3162,-5.731707,-28.536585
938,87,0,E_X3_Y2_20,MI_Terrain_X3_Y2,163708,81608,244824,204757,41049,245806,16.365634,-0.401104
939,87,1,E_X3_Y2_20,MI_Terrain_X3_Y2,163708,40804,122412,112595,23436,136038,8.019639,-11.131262
940,87,2,E_X3_Y2_20,MI_Terrain_X3_Y2,163708,20402,61206,56749,11628,68370,7.281966,-11.704735
941,87,3,E_X3_Y2_20,MI_Terrain_X3_Y2,163708,9792,29376,26517,5254,31832,9.732435,-8.360566
942,87,4,E_X3_Y2_20,MI_Terrain_X3_Y2,163708,4896,14688,12773,2432,15203,13.037854,-3.506264
943,87,5,E_X3_Y2_20,MI_Terrain_X3_Y2,163708,2448,7344,6444,1239,7688,12.254902,-4.684096
944,87,6,E_X3_Y2_20,MI_Terrain_X3_Y2,163708,818,2454,2587,568,3164,-5.419723,-28.932355
945,88,0,E_X4_Y2_21,MI_Terrain_X4_Y2,164150,81608,244824,205420,41270,246690,16.094827,-0.762180
946,88,1,E_X4_Y2_21,MI_Terrain_X4_Y2,164150,40804,122412,112071,23316,135394,8.447701,-10.605169
947,88,2,E_X4_Y2_21,MI_Terrain_X4_Y2,164150,20402,61206,57152,11834,69014,6.623534,-12.756919
948,88,3,E_X4_Y2_21,MI_Terrain_X4_Y2,164150,9792,29376,26853,5379,32255,8.588644,-9.800517
949,88,4,E_X4_Y2_21,MI_Terrain_X4_Y2,164150,4896,14688,13113,2562,15657,10.723039,-6.597222
950,88,5,E_X4_Y2_21,MI_Terrain_X4_Y2,164150,2448,7344,6488,1248,7767,11.655773,-5.759804
951,88,6,E_X4_Y2_21,MI_Terrain_X4_Y2,164150,816,2448,2603,569,3178,-6.331699,-29.820261
952,89,0,E_X5_Y2_22,MI_Terrain_X5_Y2,164472,81608,244824,205903,41431,247334,15.897543,-1.025226
953,89,1,E_X5_Y2_22,MI_Terrain_X5_Y2,164472,40804,122412,111659,23195,134853,8.784270,-10.163219
954,89,2,E_X5_Y2_22,MI_Terrain_X5_Y2,164472,20402,61206,56758,11670,68429,7.267261,-11.801131
955,89,3,E_X5_Y2_22,MI_Terrain_X5_Y2,164472,9792,29376,26649,5322,32030,9.283088,-9.034586
956,89,4,E_X5_Y2_22,MI_Terrain_X5_Y2,164472,4896,14688,12957,2506,15476,11.785131,-5.364924
957,89,5,E_X5_Y2_22,MI_Terrain_X5_Y2,164472,2448,7344,6393,1200,7558,12.949346,-2.913943
958,89,6,E_X5_Y2_22,MI_Terrain_X5_Y2,164472,818,2454,2499,526,3025,-1.833741,-23.268134
959,90,0,E_X6_Y2_23,MI_Terrain_X6_Y2,164426,81608,244824,205834,41408,247242,15.925726,-0.987648
960,90,1,E_X6_Y2_23,MI_Terrain_X6_Y2,164426,40804,122412,111072,22968,134116,9.263798,-9.561154
961,90,2,E_X6_Y2_23,MI_Terrain_X6_Y2,164426,20402,61206,55703,11343,67051,8.990949,-9.549717
962,90,3,E_X6_Y2_23,MI_Terrain_X6_Y2,164426,9792,29376,26828,5400,32250,8.673747,-9.783497
963,90,4,E_X6_Y2_23,MI_Terrain_X6_Y2,164426,4896,14688,13034,2527,15562,11.260893,-5.950436
964,90,5,E_X6_Y2_23,MI_Terrain_X6_Y2,164426,2448,7344,6432,1227,7639,12.418301,-4.016885
965,90,6,E_X6_Y2_23,MI_Terrain_X6_Y2,164426,818,2454,2554,555,3112,-4.074980,-26.813366
966,91,0,E_X7_Y2_24,MI_Terrain_X7_Y2,163926,81608,244824,205084,41158,246242,16.232069,-0.579192
967,91,1,E_X7_Y2_24,MI_Terrain_X7_Y2,163926,40804,122412,112592,23435,136013,8.022089,-11.110839
968,91,2,E_X7_Y2_24,MI_Terrain_X7_Y2,163926,20402,61206,56132,11473,67601,8.290037,-10.448322
969,91,3,E_X7_Y2_24,MI_Terrain_X7_Y2,163926,9792,29376,26345,5218,31548,10.317947,-7.393791
970,91,4,E_X7_Y2_24,MI_Terrain_X7_Y2,163926,4896,14688,12983,2523,15507,11.608115,-5.575980
971,91,5,E_X7_Y2_24,MI_Terrain_X7_Y2,163926,2448,7344,6585,1281,7874,10.334967,-7.216776
972,91,6,E_X7_Y2_24,MI_Terrain_X7_Y2,163926,816,2448,2647,587,3232,-8.129085,-32.026144
973,92,0,E_X0_Y1_9,MI_Terrain_X0_Y1,163956,81608,244824,205129,41173,246302,16.213688,-0.603699
974,92,1,E_X0_Y1_9,MI_Terrain_X0_Y1,163956,40804,122412,112005,23248,135231,8.501617,-10.472013
975,92,2,E_X0_Y1_9,MI_Terrain_X0_Y1,163956,20402,61206,56483,11583,68069,7.716564,-11.212953
976,92,3,E_X0_Y1_9,MI_Terrain_X0_Y1,163956,9792,29376,26641,5304,31958,9.310321,-8.789488
977,92,4,E_X0_Y1_9,MI_Terrain_X0_Y1,163956,4896,14688,12936,2493,15414,11.928105,-4.942810
978,92,5,E_X0_Y1_9,MI_Terrain_X0_Y1,163956,2448,7344,6459,1238,7695,12.050654,-4.779412
979,92,6,E_X0_Y1_9,MI_Terrain_X0_Y1,163956,818,2454,2521,535,3051,-2.730236,-24.327628
980,93,0,E_X1_Y1_10,MI_Terrain_X1_Y1,163998,81608,244824,205192,41194,246386,16.187955,-0.638009
981,93,1,E_X1_Y1_10,MI_Terrain_X1_Y1,163998,40804,122412,112208,23365,135614,8.335784,-10.784890
982,93,2,E_X1_Y1_10,MI_Terrain_X1_Y1,163998,20402,61206,56835,11714,68565,7.141457,-12.023331
983,93,3,E_X1_Y1_10,MI_Terrain_X1_Y1,163998,9792,29376,26733,5347,32063,8.997141,-9.146923
984,93,4,E_X1_Y1_10,MI_Terrain_X1_Y1,163998,4896,14688,12906,2485,15359,12.132353,-4.568355
985,93,5,E_X1_Y1_10,MI_Terrain_X1_Y1,163998,2448,7344,6421,1219,7651,12.568083,-4.180283
986,93,6,E_X1_Y1_10,MI_Terrain_X1_Y1,163998,818,2454,2543,547,3102,-3.626732,-26.405868
987,94,0,E_X2_Y1_11,MI_Terrain_X2_Y1,163748,81608,244824,204817,41069,245886,16.341127,-0.433781
988,94,1,E_X2_Y1_11,MI_Terrain_X2_Y1,163748,40804,122412,112235,23341,135596,8.313727,-10.770186
989,94,2,E_X2_Y1_11,MI_Terrain_X2_Y1,163748,20402,61206,57048,11780,68872,6.793452,-12.524916
990,94,3,E_X2_Y1_11,MI_Terrain_X2_Y1,163748,9792,29376,26711,5322,32052,9.072032,-9.109477
991,94,4,E_X2_Y1_11,MI_Terrain_X2_Y1,163748,4896,14688,12843,2452,15298,12.561275,-4.153050
992,94,5,E_X2_Y1_11,MI_Terrain_X2_Y1,163748,2448,7344,6338,1198,7537,13.698257,-2.627996
993,94,6,E_X2_Y1_11,MI_Terrain_X2_Y1,163748,816,2448,2525,544,3073,-3.145425,-25.531046
994,95,0,E_X3_Y1_12,MI_Terrain_X3_Y1,163640,81608,244824,204655,41015,245670,16.407297,-0.345554
995,95,1,E_X3_Y1_12,MI_Terrain_X3_Y1,163640,40804,122412,112171,23310,135510,8.366010,-10.699931
996,95,2,E_X3_Y1_12,MI_Terrain_X3_Y1,163640,20402,61206,57010,11738,68765,6.855537,-12.350096
997,95,3,E_X3_Y1_12,MI_Terrain_X3_Y1,163640,9792,29376,26651,5303,31948,9.276280,-8.755447
998,95,4,E_X3_Y1_12,MI_Terrain_X3_Y1,163640,4896,14688,12922,2482,15415,12.023420,-4.949619
999,95,5,E_X3_Y1_12,MI_Terrain_X3_Y1,163640,2448,7344,6478,1243,7736,11.791939,-5.337691
1000,95,6,E_X3_Y1_12,MI_Terrain_X3_Y1,163640,820,2460,2586,565,3149,-5.121951,-28.008130
1001,96,0,E_X4_Y1_13,MI_Terrain_X4_Y1,163992,81608,244824,205183,41191,246374,16.191632,-0.633108
1002,96,1,E_X4_Y1_13,MI_Terrain_X4_Y1,163992,40804,122412,109824,22615,132443,10.283306,-8.194458
1003,96,2,E_X4_Y1_13,MI_Terrain_X4_Y1,163992,20402,61206,57017,11797,68812,6.844100,-12.426886
1004,96,3,E_X4_Y1_13,MI_Terrain_X4_Y1,163992,9792,29376,27115,5492,32630,7.696759,-11.077070
1005,96,4,E_X4_Y1_13,MI_Terrain_X4_Y1,163992,4896,14688,13179,2581,15754,10.273693,-7.257625
1006,96,5,E_X4_Y1_13,MI_Terrain_X4_Y1,163992,2448,7344,6543,1266,7812,10.906863,-6.372549
1007,96,6,E_X4_Y1_13,MI_Terrain_X4_Y1,163992,820,2460,2591,555,3138,-5.325203,-27.560976
1008,97,0,E_X5_Y1_14,MI_Terrain_X5_Y1,163816,81608,244824,204919,41103,246022,16.299464,-0.489331
1009,97,1,E_X5_Y1_14,MI_Terrain_X5_Y1,163816,40804,122412,112006,23257,135292,8.500801,-10.521844
1010,97,2,E_X5_Y1_14,MI_Terrain_X5_Y1,163816,20402,61206,56563,11578,68132,7.585858,-11.315884
1011,97,3,E_X5_Y1_14,MI_Terrain_X5_Y1,163816,9792,29376,26240,5148,31422,10.675381,-6.964869
1012,97,4,E_X5_Y1_14,MI_Terrain_X5_Y1,163816,4896,14688,12614,2370,14993,14.120370,-2.076525
1013,97,5,E_X5_Y1_14,MI_Terrain_X5_Y1,163816,2448,7344,6342,1195,7541,13.643791,-2.682462
1014,97,6,E_X5_Y1_14,MI_Terrain_X5_Y1,163816,816,2448,2495,527,3020,-1.919935,-23.366013
1015,98,0,E_X6_Y1_15,MI_Terrain_X6_Y1,164130,81608,244824,205390,41260,246650,16.107081,-0.745842
1016,98,1,E_X6_Y1_15,MI_Terrain_X6_Y1,164130,40804,122412,112171,23360,135540,8.366010,-10.724439
1017,98,2,E_X6_Y1_15,MI_Terrain_X6_Y1,164130,20402,61206,57106,11794,68933,6.698690,-12.624579
1018,98,3,E_X6_Y1_15,MI_Terrain_X6_Y1,164130,9792,29376,26731,5322,32042,9.003949,-9.075436
1019,98,4,E_X6_Y1_15,MI_Terrain_X6_Y1,164130,4896,14688,12752,2420,15158,13.180828,-3.199891
1020,98,5,E_X6_Y1_15,MI_Terrain_X6_Y1,164130,2448,7344,6382,1216,7614,13.099129,-3.676471
1021,98,6,E_X6_Y1_15,MI_Terrain_X6_Y1,164130,816,2448,2579,565,3145,-5.351307,-28.472222
1022,99,0,E_X7_Y1_16,MI_Terrain_X7_Y1,164608,81608,244824,206107,41499,247606,15.814218,-1.136327
1023,99,1,E_X7_Y1_16,MI_Terrain_X7_Y1,164608,40804,122412,112877,23596,136450,7.789269,-11.467830
1024,99,2,E_X7_Y1_16,MI_Terrain_X7_Y1,164608,20402,61206,57492,11898,69405,6.068033,-13.395746
1025,99,3,E_X7_Y1_16,MI_Terrain_X7_Y1,164608,9792,29376,26415,5225,31647,10.079657,-7.730801
1026,99,4,E_X7_Y1_16,MI_Terrain_X7_Y1,164608,4896,14688,12761,2431,15183,13.119553,-3.370098
1027,99,5,E_X7_Y1_16,MI_Terrain_X7_Y1,164608,2448,7344,6499,1254,7727,11.505991,-5.215142
1028,99,6,E_X7_Y1_16,MI_Terrain_X7_Y1,164608,816,2448,2618,577,3200,-6.944444,-30.718954
1029,100,0,E_X7_Y0_8,MI_Terrain_X7_Y0,164042,81608,244824,205258,41216,246474,16.160997,-0.673954
1030,100,1,E_X7_Y0_8,MI_Terrain_X7_Y0,164042,40804,122412,113358,23716,137077,7.396334,-11.980035
1031,100,2,E_X7_Y0_8,MI_Terrain_X7_Y0,164042,20402,61206,57350,11832,69189,6.300036,-13.042839
1032,100,3,E_X7_Y0_8,MI_Terrain_X7_Y0,164042,9792,29376,26606,5278,31917,9.429466,-8.649918
1033,100,4,E_X7_Y0_8,MI_Terrain_X7_Y0,164042,4896,14688,12806,2449,15250,12.813181,-3.826253
1034,100,5,E_X7_Y0_8,MI_Terrain_X7_Y0,164042,2448,7344,6526,1252,7748,11.138344,-5.501089
1035,100,6,E_X7_Y0_8,MI_Terrain_X7_Y0,164042,816,2448,2679,596,3281,-9.436275,-34.027778
1036,101,0,E_X6_Y0_7,MI_Terrain_X6_Y0,164986,81608,244824,206675,41688,248363,15.582214,-1.445528
1037,101,1,E_X6_Y0_7,MI_Terrain_X6_Y0,164986,40804,122412,111421,23200,134668,8.978695,-10.012090
1038,101,2,E_X6_Y0_7,MI_Terrain_X6_Y0,164986,20402,61206,57387,11913,69376,6.239584,-13.348365
1039,101,3,E_X6_Y0_7,MI_Terrain_X6_Y0,164986,9792,29376,26574,5297,31898,9.538399,-8.585240
1040,101,4,E_X6_Y0_7,MI_Terrain_X6_Y0,164986,4896,14688,12740,2431,15173,13.262527,-3.302015
1041,101,5,E_X6_Y0_7,MI_Terrain_X6_Y0,164986,2448,7344,6346,1194,7567,13.589325,-3.036492
1042,101,6,E_X6_Y0_7,MI_Terrain_X6_Y0,164986,816,2448,2529,543,3060,-3.308824,-25.000000
1043,102,0,E_X5_Y0_6,MI_Terrain_X5_Y0,163964,81608,244824,205141,41177,246318,16.208787,-0.610234
1044,102,1,E_X5_Y0_6,MI_Terrain_X5_Y0,163964,40804,122412,111853,23241,135166,8.625788,-10.418913
1045,102,2,E_X5_Y0_6,MI_Terrain_X5_Y0,163964,20402,61206,56822,11681,68502,7.162696,-11.920400
1046,102,3,E_X5_Y0_6,MI_Terrain_X5_Y0,163964,9792,29376,26743,5332,32064,8.963099,-9.150327
1047,102,4,E_X5_Y0_6,MI_Terrain_X5_Y0,163964,4896,14688,12923,2488,15449,12.016612,-5.181100
1048,102,5,E_X5_Y0_6,MI_Terrain_X5_Y0,163964,2448,7344,6518,1249,7752,11.247277,-5.555556
1049,102,6,E_X5_Y0_6,MI_Terrain_X5_Y0,163964,816,2448,2657,589,3251,-8.537582,-32.802288
1050,103,0,E_X4_Y0_5,MI_Terrain_X4_Y0,163904,81608,244824,205051,41147,246198,16.245548,-0.561219
1051,103,1,E_X4_Y0_5,MI_Terrain_X4_Y0,163904,40804,122412,110753,22915,133674,9.524393,-9.200078
1052,103,2,E_X4_Y0_5,MI_Terrain_X4_Y0,163904,20402,61206,56947,11760,68669,6.958468,-12.193249
1053,103,3,E_X4_Y0_5,MI_Terrain_X4_Y0,163904,9792,29376,26758,5333,32085,8.912037,-9.221814
1054,103,4,E_X4_Y0_5,MI_Terrain_X4_Y0,163904,4896,14688,12956,2505,15482,11.791939,-5.405773
1055,103,5,E_X4_Y0_5,MI_Terrain_X4_Y0,163904,2448,7344,6580,1283,7866,10.403050,-7.107843
1056,103,6,E_X4_Y0_5,MI_Terrain_X4_Y0,163904,820,2460,2665,596,3266,-8.333333,-32.764228
1057,104,0,E_X3_Y0_4,MI_Terrain_X3_Y0,164136,81608,244824,205399,41263,246662,16.103405,-0.750743
1058,104,1,E_X3_Y0_4,MI_Terrain_X3_Y0,164136,40804,122412,110493,22842,133333,9.736791,-8.921511
1059,104,2,E_X3_Y0_4,MI_Terrain_X3_Y0,164136,20402,61206,56611,11664,68304,7.507434,-11.596902
1060,104,3,E_X3_Y0_4,MI_Terrain_X3_Y0,164136,9792,29376,26797,5375,32164,8.779276,-9.490741
1061,104,4,E_X3_Y0_4,MI_Terrain_X3_Y0,164136,4896,14688,13098,2554,15628,10.825163,-6.399782
1062,104,5,E_X3_Y0_4,MI_Terrain_X3_Y0,164136,2448,7344,6459,1244,7713,12.050654,-5.024510
1063,104,6,E_X3_Y0_4,MI_Terrain_X3_Y0,164136,816,2448,2582,563,3144,-5.473856,-28.431373
1064,105,0,E_X2_Y0_3,MI_Terrain_X2_Y0,163644,81608,244824,204661,41017,245678,16.404846,-0.348822
1065,105,1,E_X2_Y0_3,MI_Terrain_X2_Y0,163644,40804,122412,112815,23519,136428,7.839918,-11.449858
1066,105,2,E_X2_Y0_3,MI_Terrain_X2_Y0,163644,20402,61206,57246,11813,69067,6.469954,-12.843512
1067,105,3,E_X2_Y0_3,MI_Terrain_X2_Y0,163644,9792,29376,26627,5294,31903,9.357979,-8.602260
1068,105,4,E_X2_Y0_3,MI_Terrain_X2_Y0,163644,4896,14688,12936,2505,15434,11.928105,-5.078976
1069,105,5,E_X2_Y0_3,MI_Terrain_X2_Y0,163644,2448,7344,6477,1240,7720,11.805556,-5.119826
1070,105,6,E_X2_Y0_3,MI_Terrain_X2_Y0,163644,822,2466,2589,562,3151,-4.987835,-27.777778
1071,106,0,E_X1_Y0_2,MI_Terrain_X1_Y0,163948,81608,244824,205117,41169,246286,16.218590,-0.597164
1072,106,1,E_X1_Y0_2,MI_Terrain_X1_Y0,163948,40804,122412,111736,23158,134920,8.721367,-10.217952
1073,106,2,E_X1_Y0_2,MI_Terrain_X1_Y0,163948,20402,61206,56604,11628,68241,7.518871,-11.493971
1074,106,3,E_X1_Y0_2,MI_Terrain_X1_Y0,163948,9792,29376,26644,5288,31943,9.300109,-8.738426
1075,106,4,E_X1_Y0_2,MI_Terrain_X1_Y0,163948,4896,14688,12896,2487,15397,12.200436,-4.827070
1076,106,5,E_X1_Y0_2,MI_Terrain_X1_Y0,163948,2448,7344,6483,1240,7716,11.723856,-5.065359
1077,106,6,E_X1_Y0_2,MI_Terrain_X1_Y0,163948,816,2448,2620,576,3195,-7.026144,-30.514706
1078,107,0,E_X0_Y0_1,MI_Terrain_X0_Y0,163836,81608,244824,204949,41113,246062,16.287210,-0.505669
1079,107,1,E_X0_Y0_1,MI_Terrain_X0_Y0,163836,40804,122412,112287,23338,135620,8.271248,-10.789792
1080,107,2,E_X0_Y0_1,MI_Terrain_X0_Y0,163836,20402,61206,56639,11621,68271,7.461687,-11.542986
1081,107,3,E_X0_Y0_1,MI_Terrain_X0_Y0,163836,9792,29376,26587,5301,31943,9.494145,-8.738426
1082,107,4,E_X0_Y0_1,MI_Terrain_X0_Y0,163836,4896,14688,13007,2512,15519,11.444717,-5.657680
1083,107,5,E_X0_Y0_1,MI_Terrain_X0_Y0,163836,2448,7344,6559,1274,7836,10.688998,-6.699346
1084,107,6,E_X0_Y0_1,MI_Terrain_X0_Y0,163836,818,2454,2746,621,3359,-11.898941,-36.878566
1085,108,0,E_X4_Y4_37,MI_Terrain_X4_Y4,493244,244824,734472,617454,124209,741663,15.932262,-0.979071
1086,108,1,E_X4_Y4_37,MI_Terrain_X4_Y4,493244,122412,367236,331919,68658,400545,9.616977,-9.070189
1087,108,2,E_X4_Y4_37,MI_Terrain_X4_Y4,493244,61206,183618,169940,35037,204887,7.449161,-11.583287
1088,108,3,E_X4_Y4_37,MI_Terrain_X4_Y4,493244,29378,88134,80479,16144,96611,8.685638,-9.618308
1089,108,4,E_X4_Y4_37,MI_Terrain_X4_Y4,493244,14688,44064,38898,7508,46388,11.723856,-5.274147
1090,108,5,E_X4_Y4_37,MI_Terrain_X4_Y4,493244,7344,22032,19116,3607,22706,13.235294,-3.059187
1091,108,6,E_X4_Y4_37,MI_Terrain_X4_Y4,493244,2448,7344,6982,1406,8401,4.929194,-14.392702
1092,109,0,E_X3_Y4_36,MI_Terrain_X3_Y4,492726,244824,734472,616676,123950,740626,16.038188,-0.837881
1093,109,1,E_X3_Y4_36,MI_Terrain_X3_Y4,492726,122412,367236,334149,69429,403607,9.009738,-9.903985
1094,109,2,E_X3_Y4_36,MI_Terrain_X3_Y4,492726,61206,183618,170390,35181,205626,7.204087,-11.985753
1095,109,3,E_X3_Y4_36,MI_Terrain_X3_Y4,492726,29378,88134,80310,16080,96419,8.877391,-9.400458
1096,109,4,E_X3_Y4_36,MI_Terrain_X3_Y4,492726,14688,44064,38636,7432,46080,12.318446,-4.575163
1097,109,5,E_X3_Y4_36,MI_Terrain_X3_Y4,492726,7344,22032,19033,3588,22650,13.612019,-2.805011
1098,109,6,E_X3_Y4_36,MI_Terrain_X3_Y4,492726,2448,7344,7019,1423,8427,4.425381,-14.746732
1099,110,0,E_X4_Y3_29,MI_Terrain_X4_Y3,494004,244824,734472,618594,124589,743183,15.777048,-1.186022
1100,110,1,E_X4_Y3_29,MI_Terrain_X4_Y3,494004,122412,367236,332523,68965,401468,9.452505,-9.321526
1101,110,2,E_X4_Y3_29,MI_Terrain_X4_Y3,494004,61206,183618,170419,35182,205572,7.188293,-11.956344
1102,110,3,E_X4_Y3_29,MI_Terrain_X4_Y3,494004,29378,88134,79914,15965,95837,9.326707,-8.740100
1103,110,4,E_X4_Y3_29,MI_Terrain_X4_Y3,494004,14688,44064,38973,7542,46502,11.553649,-5.532861
1104,110,5,E_X4_Y3_29,MI_Terrain_X4_Y3,494004,7344,22032,19217,3642,22877,12.776870,-3.835330
1105,110,6,E_X4_Y3_29,MI_Terrain_X4_Y3,494004,2448,7344,6874,1370,8230,6.399782,-12.064270
1106,111,0,E_X3_Y3_28,MI_Terrain_X3_Y3,492388,244824,734472,616169,123781,739950,16.107217,-0.745842
1107,111,1,E_X3_Y3_28,MI_Terrain_X3_Y3,492388,122412,367236,336348,70103,406556,8.410940,-10.707011
1108,111,2,E_X3_Y3_28,MI_Terrain_X3_Y3,492388,61206,183618,172020,35579,207576,6.316374,-13.047740
1109,111,3,E_X3_Y3_28,MI_Terrain_X3_Y3,492388,29378,88134,79561,15779,95316,9.727234,-8.148955
1110,111,4,E_X3_Y3_28,MI_Terrain_X3_Y3,492388,14688,44064,38230,7285,45429,13.239833,-3.097767
1111,111,5,E_X3_Y3_28,MI_Terrain_X3_Y3,492388,7344,22032,18736,3473,22200,14.960058,-0.762527
1112,111,6,E_X3_Y3_28,MI_Terrain_X3_Y3,492388,2448,7344,6932,1393,8313,5.610022,-13.194444
1113,112,0,E_X7_Y7_64,MI_Terrain_X7_Y7,163708,81608,244824,204757,41049,245806,16.365634,-0.401104
1114,112,1,E_X7_Y7_64,MI_Terrain_X7_Y7,163708,40804,122412,112789,23523,136319,7.861157,-11.360814
1115,112,2,E_X7_Y7_64,MI_Terrain_X7_Y7,163708,20402,61206,57239,11808,69057,6.481391,-12.827174
1116,112,3,E_X7_Y7_64,MI_Terrain_X7_Y7,163708,9792,29376,26698,5313,32022,9.116285,-9.007353
1117,112,4,E_X7_Y7_64,MI_Terrain_X7_Y7,163708,4896,14688,12960,2485,15424,11.764706,-5.010893
1118,112,5,E_X7_Y7_64,MI_Terrain_X7_Y7,163708,2448,7344,6637,1294,7930,9.626906,-7.979303
1119,112,6,E_X7_Y7_64,MI_Terrain_X7_Y7,163708,816,2448,2689,601,3287,-9.844771,-34.272876
1120,113,0,E_X6_Y7_63,MI_Terrain_X6_Y7,164008,81608,244824,205207,41199,246406,16.181829,-0.646178
1121,113,1,E_X6_Y7_63,MI_Terrain_X6_Y7,164008,40804,122412,111215,23037,134269,9.146979,-9.686142
1122,113,2,E_X6_Y7_63,MI_Terrain_X6_Y7,164008,20402,61206,57519,11938,69425,6.023919,-13.428422
1123,113,3,E_X6_Y7_63,MI_Terrain_X6_Y7,164008,9792,29376,26789,5354,32124,8.806509,-9.354575
1124,113,4,E_X6_Y7_63,MI_Terrain_X6_Y7,164008,4896,14688,13066,2536,15589,11.043028,-6.134259
1125,113,5,E_X6_Y7_63,MI_Terrain_X6_Y7,164008,2448,7344,6496,1252,7762,11.546841,-5.691721
1126,113,6,E_X6_Y7_63,MI_Terrain_X6_Y7,164008,818,2454,2598,566,3154,-5.867971,-28.524857
1127,114,0,E_X5_Y7_62,MI_Terrain_X5_Y7,163758,81608,244824,204832,41074,245906,16.335000,-0.441950
1128,114,1,E_X5_Y7_62,MI_Terrain_X5_Y7,163758,40804,122412,111921,23249,135203,8.570238,-10.449139
1129,114,2,E_X5_Y7_62,MI_Terrain_X5_Y7,163758,20402,61206,57350,11861,69210,6.300036,-13.077149
1130,114,3,E_X5_Y7_62,MI_Terrain_X5_Y7,163758,9792,29376,26867,5381,32268,8.540986,-9.844771
1131,114,4,E_X5_Y7_62,MI_Terrain_X5_Y7,163758,4896,14688,12854,2466,15335,12.486383,-4.404956
1132,114,5,E_X5_Y7_62,MI_Terrain_X5_Y7,163758,2448,7344,6460,1226,7690,12.037037,-4.711329
1133,114,6,E_X5_Y7_62,MI_Terrain_X5_Y7,163758,818,2454,2623,571,3190,-6.886716,-29.991850
1134,115,0,E_X4_Y7_61,MI_Terrain_X4_Y7,163854,81608,244824,204976,41122,246098,16.276182,-0.520374
1135,115,1,E_X4_Y7_61,MI_Terrain_X4_Y7,163854,40804,122412,110377,22807,133254,9.831552,-8.856975
1136,115,2,E_X4_Y7_61,MI_Terrain_X4_Y7,163854,20402,61206,56972,11766,68758,6.917622,-12.338660
1137,115,3,E_X4_Y7_61,MI_Terrain_X4_Y7,163854,9792,29376,26988,5415,32392,8.129085,-10.266885
1138,115,4,E_X4_Y7_61,MI_Terrain_X4_Y7,163854,4896,14688,13251,2614,15845,9.783497,-7.877179
1139,115,5,E_X4_Y7_61,MI_Terrain_X4_Y7,163854,2448,7344,6540,1269,7822,10.947712,-6.508715
1140,115,6,E_X4_Y7_61,MI_Terrain_X4_Y7,163854,820,2460,2600,566,3161,-5.691057,-28.495935
1141,116,0,E_X3_Y7_60,MI_Terrain_X3_Y7,163794,81608,244824,204886,41092,245978,16.312943,-0.471359
1142,116,1,E_X3_Y7_60,MI_Terrain_X3_Y7,163794,40804,122412,111744,23189,134930,8.714832,-10.226122
1143,116,2,E_X3_Y7_60,MI_Terrain_X3_Y7,163794,20402,61206,56716,11635,68337,7.335882,-11.650819
1144,116,3,E_X3_Y7_60,MI_Terrain_X3_Y7,163794,9792,29376,26634,5288,31929,9.334150,-8.690768
1145,116,4,E_X3_Y7_60,MI_Terrain_X3_Y7,163794,4896,14688,12777,2436,15168,13.010621,-3.267974
1146,116,5,E_X3_Y7_60,MI_Terrain_X3_Y7,163794,2448,7344,6466,1226,7658,11.955338,-4.275599
1147,116,6,E_X3_Y7_60,MI_Terrain_X3_Y7,163794,820,2460,2594,565,3172,-5.447154,-28.943089
1148,117,0,E_X2_Y7_59,MI_Terrain_X2_Y7,163904,81608,244824,205051,41147,246198,16.245548,-0.561219
1149,117,1,E_X2_Y7_59,MI_Terrain_X2_Y7,163904,40804,122412,112554,23443,135973,8.053132,-11.078162
1150,117,2,E_X2_Y7_59,MI_Terrain_X2_Y7,163904,20402,61206,57125,11794,68917,6.667647,-12.598438
1151,117,3,E_X2_Y7_59,MI_Terrain_X2_Y7,163904,9792,29376,26603,5301,31940,9.439679,-8.728214
1152,117,4,E_X2_Y7_59,MI_Terrain_X2_Y7,163904,4896,14688,12915,2488,15407,12.071078,-4.895153
1153,117,5,E_X2_Y7_59,MI_Terrain_X2_Y7,163904,2448,7344,6513,1256,7770,11.315359,-5.800654
1154,117,6,E_X2_Y7_59,MI_Terrain_X2_Y7,163904,816,2448,2623,577,3197,-7.148693,-30.596405
1155,118,0,E_X1_Y7_58,MI_Terrain_X1_Y7,163992,81608,244824,205183,41191,246374,16.191632,-0.633108
1156,118,1,E_X1_Y7_58,MI_Terrain_X1_Y7,163992,40804,122412,111864,23224,135110,8.616802,-10.373166
1157,118,2,E_X1_Y7_58,MI_Terrain_X1_Y7,163992,20402,61206,56577,11621,68192,7.562984,-11.413914
1158,118,3,E_X1_Y7_58,MI_Terrain_X1_Y7,163992,9792,29376,26578,5284,31878,9.524782,-8.517157
1159,118,4,E_X1_Y7_58,MI_Terrain_X1_Y7,163992,4896,14688,12890,2475,15361,12.241285,-4.581972
1160,118,5,E_X1_Y7_58,MI_Terrain_X1_Y7,163992,2448,7344,6462,1234,7703,12.009804,-4.888344
1161,118,6,E_X1_Y7_58,MI_Terrain_X1_Y7,163992,816,2448,2590,562,3148,-5.800654,-28.594771
1162,119,0,E_X0_Y7_57,MI_Terrain_X0_Y7,164146,81608,244824,205414,41268,246682,16.097278,-0.758913
1163,119,1,E_X0_Y7_57,MI_Terrain_X0_Y7,164146,40804,122412,112832,23539,136413,7.826030,-11.437604
1164,119,2,E_X0_Y7_57,MI_Terrain_X0_Y7,164146,20402,61206,56937,11716,68665,6.974806,-12.186714
1165,119,3,E_X0_Y7_57,MI_Terrain_X0_Y7,164146,9792,29376,26670,5306,31969,9.211601,-8.826934
1166,119,4,E_X0_Y7_57,MI_Terrain_X0_Y7,164146,4896,14688,13126,2558,15661,10.634532,-6.624455
1167,119,5,E_X0_Y7_57,MI_Terrain_X0_Y7,164146,2448,7344,6656,1307,7956,9.368192,-8.333333
1168,119,6,E_X0_Y7_57,MI_Terrain_X0_Y7,164146,816,2448,2741,626,3371,-11.968954,-37.704248
1169,120,0,E_X0_Y6_49,MI_Terrain_X0_Y6,164166,81608,244824,205444,41278,246722,16.085024,-0.775251
1170,120,1,E_X0_Y6_49,MI_Terrain_X0_Y6,164166,40804,122412,112028,23263,135342,8.482828,-10.562690
1171,120,2,E_X0_Y6_49,MI_Terrain_X0_Y6,164166,20402,61206,56468,11575,68033,7.741071,-11.154135
1172,120,3,E_X0_Y6_49,MI_Terrain_X0_Y6,164166,9792,29376,26607,5301,31940,9.426062,-8.728214
1173,120,4,E_X0_Y6_49,MI_Terrain_X0_Y6,164166,4896,14688,12941,2495,15456,11.894063,-5.228758
1174,120,5,E_X0_Y6_49,MI_Terrain_X0_Y6,164166,2448,7344,6502,1257,7772,11.465142,-5.827887
1175,120,6,E_X0_Y6_49,MI_Terrain_X0_Y6,164166,816,2448,2657,590,3247,-8.537582,-32.638889
1176,121,0,E_X1_Y6_50,MI_Terrain_X1_Y6,163842,81608,244824,204958,41116,246074,16.283534,-0.510571
1177,121,1,E_X1_Y6_50,MI_Terrain_X1_Y6,163842,40804,122412,110959,22992,134052,9.356109,-9.508872
1178,121,2,E_X1_Y6_50,MI_Terrain_X1_Y6,163842,20402,61206,57327,11872,69155,6.337614,-12.987289
1179,121,3,E_X1_Y6_50,MI_Terrain_X1_Y6,163842,9792,29376,26761,5345,32106,8.901825,-9.293301
1180,121,4,E_X1_Y6_50,MI_Terrain_X1_Y6,163842,4896,14688,12933,2495,15428,11.948529,-5.038126
1181,121,5,E_X1_Y6_50,MI_Terrain_X1_Y6,163842,2448,7344,6400,1211,7595,12.854031,-3.417756
1182,121,6,E_X1_Y6_50,MI_Terrain_X1_Y6,163842,820,2460,2526,537,3067,-2.682927,-24.674797
1183,122,0,E_X2_Y6_51,MI_Terrain_X2_Y6,163618,81608,244824,204622,41004,245626,16.420776,-0.327582
1184,122,1,E_X2_Y6_51,MI_Terrain_X2_Y6,163618,40804,122412,111528,23105,134682,8.891285,-10.023527
1185,122,2,E_X2_Y6_51,MI_Terrain_X2_Y6,163618,20402,61206,57244,11830,69090,6.473222,-12.881090
1186,122,3,E_X2_Y6_51,MI_Terrain_X2_Y6,163618,9792,29376,26543,5273,31840,9.643927,-8.387800
1187,122,4,E_X2_Y6_51,MI_Terrain_X2_Y6,163618,4896,14688,12715,2409,15111,13.432734,-2.879902
1188,122,5,E_X2_Y6_51,MI_Terrain_X2_Y6,163618,2448,7344,6312,1181,7505,14.052288,-2.192266
1189,122,6,E_X2_Y6_51,MI_Terrain_X2_Y6,163618,818,2454,2501,530,3030,-1.915240,-23.471883
1190,123,0,E_X3_Y6_52,MI_Terrain_X3_Y6,163650,81608,244824,204670,41020,245690,16.401170,-0.353723
1191,123,1,E_X3_Y6_52,MI_Terrain_X3_Y6,163650,40804,122412,112515,23429,136006,8.084992,-11.105120
1192,123,2,E_X3_Y6_52,MI_Terrain_X3_Y6,163650,20402,61206,57301,11834,69163,6.380093,-13.000359
1193,123,3,E_X3_Y6_52,MI_Terrain_X3_Y6,163650,9792,29376,26543,5252,31817,9.643927,-8.309504
1194,123,4,E_X3_Y6_52,MI_Terrain_X3_Y6,163650,4896,14688,12737,2428,15173,13.282952,-3.302015
1195,123,5,E_X3_Y6_52,MI_Terrain_X3_Y6,163650,2448,7344,6405,1210,7600,12.785948,-3.485839
1196,123,6,E_X3_Y6_52,MI_Terrain_X3_Y6,163650,822,2466,2446,505,2946,0.811030,-19.464720
1197,124,0,E_X4_Y6_53,MI_Terrain_X4_Y6,163752,81608,244824,204823,41071,245894,16.338676,-0.437049
1198,124,1,E_X4_Y6_53,MI_Terrain_X4_Y6,163752,40804,122412,109891,22640,132588,10.228572,-8.312910
1199,124,2,E_X4_Y6_53,MI_Terrain_X4_Y6,163752,20402,61206,57019,11789,68878,6.840833,-12.534719
1200,124,3,E_X4_Y6_53,MI_Terrain_X4_Y6,163752,9792,29376,26807,5368,32187,8.745234,-9.569036
1201,124,4,E_X4_Y6_53,MI_Terrain_X4_Y6,163752,4896,14688,12835,2460,15299,12.615741,-4.159858
1202,124,5,E_X4_Y6_53,MI_Terrain_X4_Y6,163752,2448,7344,6508,1247,7763,11.383442,-5.705338
1203,124,6,E_X4_Y6_53,MI_Terrain_X4_Y6,163752,822,2466,2533,535,3059,-2.716951,-24.047040
1204,125,0,E_X5_Y6_54,MI_Terrain_X5_Y6,163850,81608,244824,204970,41120,246090,16.278633,-0.517106
1205,125,1,E_X5_Y6_54,MI_Terrain_X5_Y6,163850,40804,122412,111699,23200,134912,8.751593,-10.211417
1206,125,2,E_X5_Y6_54,MI_Terrain_X5_Y6,163850,20402,61206,56763,11671,68399,7.259092,-11.752116
1207,125,3,E_X5_Y6_54,MI_Terrain_X5_Y6,163850,9792,29376,26667,5315,31981,9.221814,-8.867783
1208,125,4,E_X5_Y6_54,MI_Terrain_X5_Y6,163850,4896,14688,12846,2474,15334,12.540850,-4.398148
1209,125,5,E_X5_Y6_54,MI_Terrain_X5_Y6,163850,2448,7344,6466,1238,7707,11.955338,-4.942810
1210,125,6,E_X5_Y6_54,MI_Terrain_X5_Y6,163850,818,2454,2567,558,3125,-4.604727,-27.343113
1211,126,0,E_X6_Y6_55,MI_Terrain_X6_Y6,163914,81608,244824,205067,41152,246219,16.239013,-0.569797
1212,126,1,E_X6_Y6_55,MI_Terrain_X6_Y6,163914,40804,122412,112566,23466,136115,8.043329,-11.194164
1213,126,2,E_X6_Y6_55,MI_Terrain_X6_Y6,163914,20402,61206,56918,11723,68670,7.005849,-12.194883
1214,126,3,E_X6_Y6_55,MI_Terrain_X6_Y6,163914,9792,29376,26552,5285,31842,9.613290,-8.394608
1215,126,4,E_X6_Y6_55,MI_Terrain_X6_Y6,163914,4896,14688,12779,2439,15226,12.997004,-3.662854
1216,126,5,E_X6_Y6_55,MI_Terrain_X6_Y6,163914,2448,7344,6292,1159,7447,14.324619,-1.402505
1217,126,6,E_X6_Y6_55,MI_Terrain_X6_Y6,163914,818,2454,2468,518,2981,-0.570497,-21.475143
1218,127,0,E_X7_Y6_56,MI_Terrain_X7_Y6,163762,81608,244824,204838,41076,245914,16.332549,-0.445218
1219,127,1,E_X7_Y6_56,MI_Terrain_X7_Y6,163762,40804,122412,112240,23330,135585,8.309643,-10.761200
1220,127,2,E_X7_Y6_56,MI_Terrain_X7_Y6,163762,20402,61206,57261,11838,69108,6.445447,-12.910499
1221,127,3,E_X7_Y6_56,MI_Terrain_X7_Y6,163762,9792,29376,26862,5378,32283,8.558007,-9.895833
1222,127,4,E_X7_Y6_56,MI_Terrain_X7_Y6,163762,4896,14688,12886,2485,15415,12.268519,-4.949619
1223,127,5,E_X7_Y6_56,MI_Terrain_X7_Y6,163762,2448,7344,6575,1282,7867,10.471133,-7.121460
1224,127,6,E_X7_Y6_56,MI_Terrain_X7_Y6,163762,818,2454,2652,589,3242,-8.068460,-32.110839
1225,128,0,E_X7_Y5_48,MI_Terrain_X7_Y5,163714,81608,244824,204766,41052,245818,16.361958,-0.406006
1226,128,1,E_X7_Y5_48,MI_Terrain_X7_Y5,163714,40804,122412,112588,23458,136102,8.025357,-11.183544
1227,128,2,E_X7_Y5_48,MI_Terrain_X7_Y5,163714,20402,61206,57090,11774,68881,6.724831,-12.539620
1228,128,3,E_X7_Y5_48,MI_Terrain_X7_Y5,163714,9792,29376,26644,5299,31959,9.300109,-8.792892
1229,128,4,E_X7_Y5_48,MI_Terrain_X7_Y5,163714,4896,14688,12883,2471,15349,12.288943,-4.500272
1230,128,5,E_X7_Y5_48,MI_Terrain_X7_Y5,163714,2448,7344,6557,1276,7827,10.716231,-6.576797
1231,128,6,E_X7_Y5_48,MI_Terrain_X7_Y5,163714,820,2460,2677,594,3272,-8.821138,-33.008130
1232,129,0,E_X6_Y5_47,MI_Terrain_X6_Y5,163686,81608,244824,204725,41038,245763,16.378705,-0.383541
1233,129,1,E_X6_Y5_47,MI_Terrain_X6_Y5,163686,40804,122412,111011,22954,133972,9.313629,-9.443519
1234,129,2,E_X6_Y5_47,MI_Terrain_X6_Y5,163686,20402,61206,56923,11727,68645,6.997680,-12.154037
1235,129,3,E_X6_Y5_47,MI_Terrain_X6_Y5,163686,9792,29376,26658,5290,31920,9.252451,-8.660131
1236,129,4,E_X6_Y5_47,MI_Terrain_X6_Y5,163686,4896,14688,12839,2454,15253,12.588508,-3.846678
1237,129,5,E_X6_Y5_47,MI_Terrain_X6_Y5,163686,2448,7344,6388,1206,7588,13.017429,-3.322440
1238,129,6,E_X6_Y5_47,MI_Terrain_X6_Y5,163686,824,2472,2537,539,3082,-2.629450,-24.676375
1239,130,0,E_X5_Y5_46,MI_Terrain_X5_Y5,163848,81608,244824,204968,41119,246087,16.279450,-0.515881
1240,130,1,E_X5_Y5_46,MI_Terrain_X5_Y5,163848,40804,122412,111378,23111,134497,9.013822,-9.872398
1241,130,2,E_X5_Y5_46,MI_Terrain_X5_Y5,163848,20402,61206,56857,11705,68543,7.105513,-11.987387
1242,130,3,E_X5_Y5_46,MI_Terrain_X5_Y5,163848,9792,29376,26504,5233,31687,9.776688,-7.866966
1243,130,4,E_X5_Y5_46,MI_Terrain_X5_Y5,163848,4896,14688,12944,2479,15429,11.873638,-5.044935
1244,130,5,E_X5_Y5_46,MI_Terrain_X5_Y5,163848,2448,7344,6434,1220,7660,12.391068,-4.302832
1245,130,6,E_X5_Y5_46,MI_Terrain_X5_Y5,163848,824,2472,2612,570,3190,-5.663430,-29.045307
1246,131,0,E_X4_Y5_45,MI_Terrain_X4_Y5,164024,81608,244824,205231,41207,246438,16.172026,-0.659249
1247,131,1,E_X4_Y5_45,MI_Terrain_X4_Y5,164024,40804,122412,112038,23288,135347,8.474659,-10.566774
1248,131,2,E_X4_Y5_45,MI_Terrain_X4_Y5,164024,20402,61206,56799,11711,68526,7.200274,-11.959612
1249,131,3,E_X4_Y5_45,MI_Terrain_X4_Y5,164024,9792,29376,26733,5335,32114,8.997141,-9.320534
1250,131,4,E_X4_Y5_45,MI_Terrain_X4_Y5,164024,4896,14688,12975,2506,15503,11.662582,-5.548747
1251,131,5,E_X4_Y5_45,MI_Terrain_X4_Y5,164024,2448,7344,6546,1260,7782,10.866013,-5.964052
1252,131,6,E_X4_Y5_45,MI_Terrain_X4_Y5,164024,816,2448,2619,572,3190,-6.985294,-30.310458
1253,132,0,E_X3_Y5_44,MI_Terrain_X3_Y5,163934,81608,244824,205096,41162,246258,16.227167,-0.585727
1254,132,1,E_X3_Y5_44,MI_Terrain_X3_Y5,163934,40804,122412,111112,23021,134129,9.231121,-9.571774
1255,132,2,E_X3_Y5_44,MI_Terrain_X3_Y5,163934,20402,61206,57018,11774,68767,6.842466,-12.353364
1256,132,3,E_X3_Y5_44,MI_Terrain_X3_Y5,163934,9792,29376,26729,5346,32073,9.010757,-9.180964
1257,132,4,E_X3_Y5_44,MI_Terrain_X3_Y5,163934,4896,14688,12914,2484,15419,12.077887,-4.976852
1258,132,5,E_X3_Y5_44,MI_Terrain_X3_Y5,163934,2448,7344,6498,1252,7770,11.519608,-5.800654
1259,132,6,E_X3_Y5_44,MI_Terrain_X3_Y5,163934,816,2448,2565,556,3114,-4.779412,-27.205882
1260,133,0,River,River,4688,4686,14058,4710,0,4710,66.495945,66.495945
1261,133,1,River,River,4688,2343,7029,2900,0,2900,58.742353,58.742353
1262,133,2,River,River,4688,1171,3513,1459,0,1459,58.468545,58.468545
1263,133,3,River,River,4688,562,1686,713,0,713,57.710558,57.710558
1264,133,4,River,River,4688,281,843,353,0,353,58.125741,58.125741
1265,133,5,River,River,4688,140,420,179,0,179,57.380952,57.380952
1266,133,6,River,River,4688,46,138,62,0,62,55.072464,55.072464
1267,134,0,Pyramid_v1a,MI_Pyramid_TableStand,3625,2136,6408,4879,863,5756,23.860799,10.174782
1268,134,0,Pyramid_v1a,MI_Pyramid_TableTop,1395,690,2070,1763,356,2118,14.830918,-2.318841
1269,134,0,Pyramid_v1a,MI_Pyramid_Ceiling,756,384,1152,941,185,1126,18.315972,2.256944
1270,134,0,Pyramid_v1a,MI_Pyramid_StairsStraight,4304,1728,5184,5591,1287,6878,-7.851080,-32.677469
1271,134,0,Pyramid_v1a,MI_Pyramid_StairsCorner,4938,2264,6792,6295,1343,7638,7.317432,-12.455830
1272,134,0,Pyramid_v1a,MI_Pyramid_WallTop_L,86405,44460,133380,110557,21826,132401,17.111261,0.733993
1273,134,0,Pyramid_v1a,MI_Pyramid_WallTop_R,73182,37620,112860,93682,18477,112122,16.992734,0.653907
1274,134,0,Pyramid_v1a,MI_Pyramid_Corner,18900,9576,28728,24097,4797,28876,16.120162,-0.515177
1275,134,0,Pyramid_v1a,MI_Pyramid_Column,98695,50016,150048,124613,24737,149161,16.951242,0.591144
1276,134,0,Pyramid_v1a,MI_Pyramid_StairRail,12124,6048,18144,15163,3037,18199,16.429674,-0.303131
1277,134,0,Pyramid_v1a,MI_Pyramid_StairsBottom,4592,2296,6888,5739,1147,6886,16.681185,0.029036
1278,134,0,Pyramid_v1a,MI_Pyramid_StairsTop,4160,2080,6240,5199,1039,6238,16.682692,0.032051
1279,134,0,Pyramid_v1a,MI_Pyramid_RailCorner,2658,1304,3912,3367,687,4054,13.931493,-3.629857
1280,134,0,Pyramid_v1a,MI_Pyramid_RailStraight,11012,5088,15264,14008,2968,16976,8.228512,-11.215933
1281,134,0,Pyramid_v1a,MI_Pyramid_BottomWallCorner,79285,38952,116856,99609,20186,119800,14.759191,-2.519340
1282,134,0,Pyramid_v1a,MI_Pyramid_BottomWallSide,182021,91008,273024,232124,46401,278725,14.980368,-2.088095
1283,134,0,Pyramid_v1a,MI_Pyramid_Topper,9559,4940,14820,12076,2345,14432,18.515520,2.618084
1284,134,0,Pyramid_v1a,MI_Pyramid_BottomFlat,5822,2912,8736,7278,1454,8732,16.689560,0.045788
1285,134,0,Pyramid_v1a,MI_Pyramid_Ground,151,78,234,197,39,236,15.811966,-0.854701
1286,134,1,Pyramid_v1a,MI_Pyramid_TableStand,3625,1068,3204,3010,641,3655,6.054931,-14.076155
1287,134,1,Pyramid_v1a,MI_Pyramid_TableTop,1395,344,1032,1020,223,1243,1.162791,-20.445736
1288,134,1,Pyramid_v1a,MI_Pyramid_Ceiling,756,192,576,526,108,634,8.680556,-10.069444
1289,134,1,Pyramid_v1a,MI_Pyramid_StairsStraight,4304,864,2592,2759,623,3374,-6.442901,-30.169753
1290,134,1,Pyramid_v1a,MI_Pyramid_StairsCorner,4938,1132,3396,3486,780,4274,-2.650177,-25.853946
1291,134,1,Pyramid_v1a,MI_Pyramid_WallTop_L,86405,22230,66690,63071,13336,76335,5.426601,-14.462438
1292,134,1,Pyramid_v1a,MI_Pyramid_WallTop_R,73182,18810,56430,53061,11235,64364,5.970229,-14.059897
1293,134,1,Pyramid_v1a,MI_Pyramid_Corner,18900,4788,14364,13446,2836,16266,6.390977,-13.241437
1294,134,1,Pyramid_v1a,MI_Pyramid_Column,98695,25008,75024,69969,14770,84705,6.737844,-12.903871
1295,134,1,Pyramid_v1a,MI_Pyramid_StairRail,12124,3024,9072,8576,1823,10398,5.467372,-14.616402
1296,134,1,Pyramid_v1a,MI_Pyramid_StairsBottom,4592,2296,6888,5739,1147,6886,16.681185,0.029036
1297,134,1,Pyramid_v1a,MI_Pyramid_StairsTop,4160,2080,6240,5199,1039,6238,16.682692,0.032051
1298,134,1,Pyramid_v1a,MI_Pyramid_RailCorner,2658,652,1956,1867,398,2267,4.550102,-15.899796
1299,134,1,Pyramid_v1a,MI_Pyramid_RailStraight,11012,2524,7572,7902,1790,9696,-4.358162,-28.050713
1300,134,1,Pyramid_v1a,MI_Pyramid_BottomWallCorner,79285,19476,58428,54128,11213,65392,7.359485,-11.918943
1301,134,1,Pyramid_v1a,MI_Pyramid_BottomWallSide,182021,45502,136506,129227,27064,156224,5.332366,-14.444786
1302,134,1,Pyramid_v1a,MI_Pyramid_Topper,9559,2470,7410,7387,1601,8986,0.310391,-21.268556
1303,134,1,Pyramid_v1a,MI_Pyramid_BottomFlat,5822,1456,4368,3639,699,4333,16.689560,0.801282
1304,134,1,Pyramid_v1a,MI_Pyramid_Ground,151,38,114,89,16,105,21.929825,7.894737
1305,134,2,Pyramid_v1a,MI_Pyramid_TableStand,3625,534,1602,1564,336,1896,2.372035,-18.352060
1306,134,2,Pyramid_v1a,MI_Pyramid_TableTop,1395,172,516,513,109,625,0.581395,-21.124031
1307,134,2,Pyramid_v1a,MI_Pyramid_Ceiling,756,96,288,278,58,334,3.472222,-15.972222
1308,134,2,Pyramid_v1a,MI_Pyramid_StairsStraight,4304,432,1296,1327,295,1629,-2.391975,-25.694444
1309,134,2,Pyramid_v1a,MI_Pyramid_StairsCorner,4938,566,1698,1655,350,1996,2.532391,-17.550059
1310,134,2,Pyramid_v1a,MI_Pyramid_WallTop_L,86405,11114,33342,32308,6839,39154,3.101194,-17.431468
1311,134,2,Pyramid_v1a,MI_Pyramid_WallTop_R,73182,9404,28212,27243,5786,33045,3.434709,-17.131008
1312,134,2,Pyramid_v1a,MI_Pyramid_Corner,18900,2394,7182,6809,1415,8209,5.193539,-14.299638
1313,134,2,Pyramid_v1a,MI_Pyramid_Column,98695,12504,37512,35311,7374,42645,5.867456,-13.683621
1314,134,2,Pyramid_v1a,MI_Pyramid_StairRail,12124,1512,4536,4442,950,5378,2.072310,-18.562610
1315,134,2,Pyramid_v1a,MI_Pyramid_StairsBottom,4592,2296,6888,5739,1147,6886,16.681185,0.029036
1316,134,2,Pyramid_v1a,MI_Pyramid_StairsTop,4160,2080,6240,5199,1039,6238,16.682692,0.032051
1317,134,2,Pyramid_v1a,MI_Pyramid_RailCorner,2658,326,978,937,197,1136,4.192229,-16.155419
1318,134,2,Pyramid_v1a,MI_Pyramid_RailStraight,11012,1270,3810,3605,750,4344,5.380577,-14.015748
1319,134,2,Pyramid_v1a,MI_Pyramid_BottomWallCorner,79285,9738,29214,26452,5313,31759,9.454371,-8.711577
1320,134,2,Pyramid_v1a,MI_Pyramid_BottomWallSide,182021,22752,68256,63176,12833,75884,7.442569,-11.175574
1321,134,2,Pyramid_v1a,MI_Pyramid_Topper,9559,1234,3702,3585,753,4330,3.160454,-16.963803
1322,134,2,Pyramid_v1a,MI_Pyramid_BottomFlat,5822,728,2184,1780,335,2118,18.498168,3.021978
1323,134,2,Pyramid_v1a,MI_Pyramid_Ground,151,18,54,42,7,49,22.222222,9.259259
1324,134,3,Pyramid_v1a,MI_Pyramid_TableStand,3625,256,768,772,167,939,-0.520833,-22.265625
1325,134,3,Pyramid_v1a,MI_Pyramid_TableTop,1395,82,246,202,35,234,17.886179,4.878049
1326,134,3,Pyramid_v1a,MI_Pyramid_Ceiling,756,46,138,115,21,140,16.666667,-1.449275
1327,134,3,Pyramid_v1a,MI_Pyramid_StairsStraight,4304,206,618,518,101,628,16.181230,-1.618123
1328,134,3,Pyramid_v1a,MI_Pyramid_StairsCorner,4938,270,810,734,148,883,9.382716,-9.012346
1329,134,3,Pyramid_v1a,MI_Pyramid_WallTop_L,86405,5334,16002,14848,3015,17892,7.211599,-11.811024
1330,134,3,Pyramid_v1a,MI_Pyramid_WallTop_R,73182,4514,13542,12581,2552,15116,7.096441,-11.623099
1331,134,3,Pyramid_v1a,MI_Pyramid_Corner,18900,1148,3444,3002,575,3569,12.833914,-3.629501
1332,134,3,Pyramid_v1a,MI_Pyramid_Column,98695,6000,18000,15033,2785,17820,16.483333,1.000000
1333,134,3,Pyramid_v1a,MI_Pyramid_StairRail,12124,724,2172,2065,426,2489,4.926335,-14.594843
1334,134,3,Pyramid_v1a,MI_Pyramid_StairsBottom,4592,2296,6888,5739,1147,6886,16.681185,0.029036
1335,134,3,Pyramid_v1a,MI_Pyramid_StairsTop,4160,2080,6240,5199,1039,6238,16.682692,0.032051
1336,134,3,Pyramid_v1a,MI_Pyramid_RailCorner,2658,156,468,423,83,506,9.615385,-8.119658
1337,134,3,Pyramid_v1a,MI_Pyramid_RailStraight,11012,610,1830,1544,296,1841,15.628415,-0.601093
1338,134,3,Pyramid_v1a,MI_Pyramid_BottomWallCorner,79285,4674,14022,12413,2432,14852,11.474825,-5.919270
1339,134,3,Pyramid_v1a,MI_Pyramid_BottomWallSide,182021,10920,32760,29262,5727,34984,10.677656,-6.788767
1340,134,3,Pyramid_v1a,MI_Pyramid_Topper,9559,592,1776,1434,252,1693,19.256757,4.673423
1341,134,3,Pyramid_v1a,MI_Pyramid_BottomFlat,5822,330,990,1094,252,1353,-10.505051,-36.666667
1342,134,3,Pyramid_v1a,MI_Pyramid_Ground,151,18,54,42,7,49,22.222222,9.259259
1343,134,4,Pyramid_v1a,MI_Pyramid_TableStand,3625,128,384,352,70,420,8.333333,-9.375000
1344,134,4,Pyramid_v1a,MI_Pyramid_TableTop,1395,40,120,97,16,113,19.166667,5.833333
1345,134,4,Pyramid_v1a,MI_Pyramid_Ceiling,756,22,66,51,9,60,22.727273,9.090909
1346,134,4,Pyramid_v1a,MI_Pyramid_StairsStraight,4304,102,306,237,41,287,22.549020,6.209150
1347,134,4,Pyramid_v1a,MI_Pyramid_StairsCorner,4938,134,402,337,65,409,16.169154,-1.741294
1348,134,4,Pyramid_v1a,MI_Pyramid_WallTop_L,86405,2666,7998,6984,1345,8317,12.678170,-3.988497
1349,134,4,Pyramid_v1a,MI_Pyramid_WallTop_R,73182,2256,6768,5885,1121,7021,13.046690,-3.738180
1350,134,4,Pyramid_v1a,MI_Pyramid_Corner,18900,574,1722,1296,217,1516,24.738676,11.962834
1351,134,4,Pyramid_v1a,MI_Pyramid_Column,98695,3000,9000,7188,1273,8485,20.133333,5.722222
1352,134,4,Pyramid_v1a,MI_Pyramid_StairRail,12124,362,1086,941,177,1108,13.351750,-2.025783
1353,134,4,Pyramid_v1a,MI_Pyramid_StairsBottom,4592,2296,6888,5739,1147,6886,16.681185,0.029036
1354,134,4,Pyramid_v1a,MI_Pyramid_StairsTop,4160,2080,6240,5199,1039,6238,16.682692,0.032051
1355,134,4,Pyramid_v1a,MI_Pyramid_RailCorner,2658,78,234,206,40,246,11.965812,-5.128205
1356,134,4,Pyramid_v1a,MI_Pyramid_RailStraight,11012,292,876,786,155,938,10.273973,-7.077626
1357,134,4,Pyramid_v1a,MI_Pyramid_BottomWallCorner,79285,2336,7008,5868,1080,6939,16.267123,0.984589
1358,134,4,Pyramid_v1a,MI_Pyramid_BottomWallSide,182021,5458,16374,14371,2755,17158,12.232808,-4.788079
1359,134,4,Pyramid_v1a,MI_Pyramid_Topper,9559,294,882,666,109,777,24.489796,11.904762
1360,134,4,Pyramid_v1a,MI_Pyramid_BottomFlat,5822,224,672,895,223,1118,-33.184524,-66.369048
1361,134,4,Pyramid_v1a,MI_Pyramid_Ground,151,18,54,42,7,49,22.222222,9.259259
1362,134,5,Pyramid_v1a,MI_Pyramid_TableStand,3625,64,192,181,37,219,5.729167,-14.062500
1363,134,5,Pyramid_v1a,MI_Pyramid_TableTop,1395,20,60,42,6,50,30.000000,16.666667
1364,134,5,Pyramid_v1a,MI_Pyramid_Ceiling,756,22,66,51,9,60,22.727273,9.090909
1365,134,5,Pyramid_v1a,MI_Pyramid_StairsStraight,4304,50,150,148,32,181,1.333333,-20.666667
1366,134,5,Pyramid_v1a,MI_Pyramid_StairsCorner,4938,66,198,181,35,215,8.585859,-8.585859
1367,134,5,Pyramid_v1a,MI_Pyramid_WallTop_L,86405,1328,3984,3309,611,3934,16.942771,1.255020
1368,134,5,Pyramid_v1a,MI_Pyramid_WallTop_R,73182,1128,3384,2794,506,3293,17.434988,2.689125
1369,134,5,Pyramid_v1a,MI_Pyramid_Corner,18900,286,858,626,94,711,27.039627,17.132867
1370,134,5,Pyramid_v1a,MI_Pyramid_Column,98695,1494,4482,3260,525,3756,27.264614,16.198126
1371,134,5,Pyramid_v1a,MI_Pyramid_StairRail,12124,180,540,459,87,545,15.000000,-0.925926
1372,134,5,Pyramid_v1a,MI_Pyramid_StairsBottom,4592,2296,6888,5739,1147,6886,16.681185,0.029036
1373,134,5,Pyramid_v1a,MI_Pyramid_StairsTop,4160,2080,6240,5199,1039,6238,16.682692,0.032051
1374,134,5,Pyramid_v1a,MI_Pyramid_RailCorner,2658,38,114,113,23,136,0.877193,-19.298246
1375,134,5,Pyramid_v1a,MI_Pyramid_RailStraight,11012,148,444,417,86,500,6.081081,-12.612613
1376,134,5,Pyramid_v1a,MI_Pyramid_BottomWallCorner,79285,1168,3504,2800,482,3261,20.091324,6.934932
1377,134,5,Pyramid_v1a,MI_Pyramid_BottomWallSide,182021,2726,8178,7130,1348,8502,12.814869,-3.961849
1378,134,5,Pyramid_v1a,MI_Pyramid_Topper,9559,286,858,667,113,777,22.261072,9.440559
1379,134,5,Pyramid_v1a,MI_Pyramid_BottomFlat,5822,224,672,895,223,1118,-33.184524,-66.369048
1380,134,5,Pyramid_v1a,MI_Pyramid_Ground,151,18,54,42,7,49,22.222222,9.259259
1381,134,6,Pyramid_v1a,MI_Pyramid_TableStand,3625,20,60,58,12,70,3.333333,-16.666667
1382,134,6,Pyramid_v1a,MI_Pyramid_TableTop,1395,8,24,23,4,26,4.166667,-8.333333
1383,134,6,Pyramid_v1a,MI_Pyramid_Ceiling,756,22,66,51,9,60,22.727273,9.090909
1384,134,6,Pyramid_v1a,MI_Pyramid_StairsStraight,4304,16,48,37,6,43,22.916667,10.416667
1385,134,6,Pyramid_v1a,MI_Pyramid_StairsCorner,4938,22,66,66,14,80,0.000000,-21.212121
1386,134,6,Pyramid_v1a,MI_Pyramid_WallTop_L,86405,444,1332,1077,192,1273,19.144144,4.429429
1387,134,6,Pyramid_v1a,MI_Pyramid_WallTop_R,73182,376,1128,932,168,1104,17.375887,2.127660
1388,134,6,Pyramid_v1a,MI_Pyramid_Corner,18900,94,282,225,37,262,20.212766,7.092199
1389,134,6,Pyramid_v1a,MI_Pyramid_Column,98695,1422,4266,3062,487,3555,28.223160,16.666667
1390,134,6,Pyramid_v1a,MI_Pyramid_StairRail,12124,60,180,179,38,216,0.555556,-20.000000
1391,134,6,Pyramid_v1a,MI_Pyramid_StairsBottom,4592,2296,6888,5739,1147,6886,16.681185,0.029036
1392,134,6,Pyramid_v1a,MI_Pyramid_StairsTop,4160,2080,6240,5199,1039,6238,16.682692,0.032051
1393,134,6,Pyramid_v1a,MI_Pyramid_RailCorner,2658,12,36,33,6,39,8.333333,-8.333333
1394,134,6,Pyramid_v1a,MI_Pyramid_RailStraight,11012,50,150,131,25,153,12.666667,-2.000000
1395,134,6,Pyramid_v1a,MI_Pyramid_BottomWallCorner,79285,388,1164,883,142,1029,24.140893,11.597938
1396,134,6,Pyramid_v1a,MI_Pyramid_BottomWallSide,182021,1000,3000,2846,548,3391,5.133333,-13.033333
1397,134,6,Pyramid_v1a,MI_Pyramid_Topper,9559,286,858,667,113,777,22.261072,9.440559
1398,134,6,Pyramid_v1a,MI_Pyramid_BottomFlat,5822,224,672,895,223,1118,-33.184524,-66.369048
1399,134,6,Pyramid_v1a,MI_Pyramid_Ground,151,18,54,42,7,49,22.222222,9.259259
1400,135,0,STT_BanyanForest_ROP_Reduced_001_Translucent,MI_Banyan_Bark,3581712,1586162,4758486,4579489,997775,5577265,3.761638,-17.206712
1401,135,0,STT_BanyanForest_ROP_Reduced_001_Translucent,MI_Banyan_Vines,132990,64890,194670,167039,34049,201088,14.193764,-3.296861
1402,135,0,STT_BanyanForest_ROP_Reduced_001_Translucent,MI_Banyan_Leaves_TwoSided,7237387,3289725,9869175,9211217,1973830,11185047,6.666798,-13.333151
1403,135,1,STT_BanyanForest_ROP_Reduced_001_Translucent,MI_Banyan_Bark,3581712,778748,2336244,2265479,494522,2760567,3.029007,-18.162615
1404,135,1,STT_BanyanForest_ROP_Reduced_001_Translucent,MI_Banyan_Vines,132990,31438,94314,88725,18942,107860,5.925949,-14.362661
1405,135,1,STT_BanyanForest_ROP_Reduced_001_Translucent,MI_Banyan_Leaves_TwoSided,7237387,1644861,4934583,5116595,1157244,6273839,-3.688498,-27.140206
1406,135,2,STT_BanyanForest_ROP_Reduced_001_Translucent,MI_Banyan_Bark,3581712,389164,1167492,1174454,260946,1435464,-0.596321,-22.952791
1407,135,2,STT_BanyanForest_ROP_Reduced_001_Translucent,MI_Banyan_Vines,132990,15630,46890,45172,9646,54833,3.663894,-16.939646
1408,135,2,STT_BanyanForest_ROP_Reduced_001_Translucent,MI_Banyan_Leaves_TwoSided,7237387,801481,2404443,1747422,269010,2019288,27.325289,16.018471
1409,135,3,STT_BanyanForest_ROP_Reduced_001_Translucent,MI_Banyan_Bark,3581712,190328,570984,590582,132999,723600,-3.432320,-26.728595
1410,135,3,STT_BanyanForest_ROP_Reduced_001_Translucent,MI_Banyan_Vines,132990,7586,22758,20996,4308,25271,7.742332,-11.042271
1411,135,3,STT_BanyanForest_ROP_Reduced_001_Translucent,MI_Banyan_Leaves_TwoSided,7237387,377584,1132752,861065,142352,1003061,23.984685,11.449196
1412,135,4,STT_BanyanForest_ROP_Reduced_001_Translucent,MI_Banyan_Bark,3581712,94738,284214,309135,71302,380436,-8.768393,-33.855475
1413,135,4,STT_BanyanForest_ROP_Reduced_001_Translucent,MI_Banyan_Vines,132990,3808,11424,10005,1957,11957,12.421218,-4.665616
1414,135,4,STT_BanyanForest_ROP_Reduced_001_Translucent,MI_Banyan_Leaves_TwoSided,7237387,187406,562218,460023,83584,544820,18.177113,3.094529
1415,135,5,STT_BanyanForest_ROP_Reduced_001_Translucent,MI_Banyan_Bark,3581712,47466,142398,167304,39865,207164,-17.490414,-45.482380
1416,135,5,STT_BanyanForest_ROP_Reduced_001_Translucent,MI_Banyan_Vines,132990,1920,5760,4896,941,5852,15.000000,-1.597222
1417,135,5,STT_BanyanForest_ROP_Reduced_001_Translucent,MI_Banyan_Leaves_TwoSided,7237387,94394,283182,243719,46742,289806,13.935561,-2.339132
1418,135,6,STT_BanyanForest_ROP_Reduced_001_Translucent,MI_Banyan_Bark,3581712,15854,47562,59104,14388,73501,-24.267272,-54.537236
1419,135,6,STT_BanyanForest_ROP_Reduced_001_Translucent,MI_Banyan_Vines,132990,648,1944,1637,310,1942,15.792181,0.102881
1420,135,6,STT_BanyanForest_ROP_Reduced_001_Translucent,MI_Banyan_Leaves_TwoSided,7237387,30600,91800,82207,16428,98610,10.449891,-7.418301
1421,136,0,Creek,River,10404,20402,61206,32208,2999,36843,47.377708,39.804921
1422,136,1,Creek,River,10404,10201,30603,17641,1742,19407,42.355325,36.584649
1423,136,2,Creek,River,10404,5100,15300,8899,899,9733,41.836601,36.385621
1424,136,3,Creek,River,10404,2447,7341,4226,410,4670,42.432911,36.384689
1425,136,4,Creek,River,10404,1223,3669,2102,193,2268,42.709185,38.184791
1426,136,5,Creek,River,10404,612,1836,1052,87,1120,42.701525,38.997821
1427,136,6,Creek,River,10404,203,609,344,19,367,43.513957,39.737274
1428,137,0,RiverForest_03_Animated_Translucent_Impostor_0,RiverForest_03_Animated_Translucent_Impostor_0,4,2,6,4,0,4,33.333333,33.333333
1429,138,0,RiverForest_03_Animated_Translucent_Impostor_1,RiverForest_03_Animated_Translucent_Impostor_1,4,2,6,4,0,4,33.333333,33.333333
1430,139,0,RiverForest_03_Animated_Translucent_Impostor_2,RiverForest_03_Animated_Translucent_Impostor_2,4,2,6,4,0,4,33.333333,33.333333
1431,140,0,RiverForest_03_Animated_Translucent_Impostor_3,RiverForest_03_Animated_Translucent_Impostor_3,4,2,6,4,0,4,33.333333,33.333333
1432,141,0,RiverForest_03_Animated_Translucent_Impostor_4,RiverForest_03_Animated_Translucent_Impostor_4,4,2,6,4,0,4,33.333333,33.333333
1433,142,0,RiverForest_03_Animated_Translucent_Impostor_5,RiverForest_03_Animated_Translucent_Impostor_5,4,2,6,4,0,4,33.333333,33.333333
1434,143,0,RiverForest_03_Animated_Translucent_Impostor_6,RiverForest_03_Animated_Translucent_Impostor_6,4,2,6,4,0,4,33.333333,33.333333
1435,144,0,RiverForest_03_Animated_Translucent_Impostor_7,RiverForest_03_Animated_Translucent_Impostor_7,4,2,6,4,0,4,33.333333,33.333333
1436,145,0,RiverForest_01_Animated_Translucent_Impostor_0,RiverForest_01_Animated_Translucent_Impostor_0,4,2,6,4,0,4,33.333333,33.333333
1437,146,0,RiverForest_01_Animated_Translucent_Impostor_1,RiverForest_01_Animated_Translucent_Impostor_1,4,2,6,4,0,4,33.333333,33.333333
1438,147,0,RiverForest_01_Animated_Translucent_Impostor_2,RiverForest_01_Animated_Translucent_Impostor_2,4,2,6,4,0,4,33.333333,33.333333
1439,148,0,RiverForest_01_Animated_Translucent_Impostor_3,RiverForest_01_Animated_Translucent_Impostor_3,4,2,6,4,0,4,33.333333,33.333333
1440,149,0,RiverForest_01_Animated_Translucent_Impostor_4,RiverForest_01_Animated_Translucent_Impostor_4,4,2,6,4,0,4,33.333333,33.333333
1441,150,0,RiverForest_01_Animated_Translucent_Impostor_5,RiverForest_01_Animated_Translucent_Impostor_5,4,2,6,4,0,4,33.333333,33.333333
1442,151,0,RiverForest_01_Animated_Translucent_Impostor_6,RiverForest_01_Animated_Translucent_Impostor_6,4,2,6,4,0,4,33.333333,33.333333
1443,152,0,RiverForest_01_Animated_Translucent_Impostor_7,RiverForest_01_Animated_Translucent_Impostor_7,4,2,6,4,0,4,33.333333,33.333333
1444,153,0,RiverForest_05_Animated_Translucent_Impostor_0,RiverForest_05_Animated_Translucent_Impostor_0,4,2,6,4,0,4,33.333333,33.333333
1445,154,0,RiverForest_05_Animated_Translucent_Impostor_1,RiverForest_05_Animated_Translucent_Impostor_1,4,2,6,4,0,4,33.333333,33.333333
1446,155,0,RiverForest_05_Animated_Translucent_Impostor_2,RiverForest_05_Animated_Translucent_Impostor_2,4,2,6,4,0,4,33.333333,33.333333
1447,156,0,RiverForest_05_Animated_Translucent_Impostor_3,RiverForest_05_Animated_Translucent_Impostor_3,4,2,6,4,0,4,33.333333,33.333333
1448,157,0,RiverForest_05_Animated_Translucent_Impostor_4,RiverForest_05_Animated_Translucent_Impostor_4,4,2,6,4,0,4,33.333333,33.333333
1449,158,0,RiverForest_05_Animated_Translucent_Impostor_5,RiverForest_05_Animated_Translucent_Impostor_5,4,2,6,4,0,4,33.333333,33.333333
1450,159,0,RiverForest_05_Animated_Translucent_Impostor_6,RiverForest_05_Animated_Translucent_Impostor_6,4,2,6,4,0,4,33.333333,33.333333
1451,160,0,RiverForest_05_Animated_Translucent_Impostor_7,RiverForest_05_Animated_Translucent_Impostor_7,4,2,6,4,0,4,33.333333,33.333333
1452,161,0,QueenForest_06_Animated_Translucent_Impostor_0,QueenForest_06_Animated_Translucent_Impostor_0,4,2,6,4,0,4,33.333333,33.333333
1453,162,0,QueenForest_06_Animated_Translucent_Impostor_1,QueenForest_06_Animated_Translucent_Impostor_1,4,2,6,4,0,4,33.333333,33.333333
1454,163,0,QueenForest_06_Animated_Translucent_Impostor_2,QueenForest_06_Animated_Translucent_Impostor_2,4,2,6,4,0,4,33.333333,33.333333
1455,164,0,QueenForest_06_Animated_Translucent_Impostor_3,QueenForest_06_Animated_Translucent_Impostor_3,4,2,6,4,0,4,33.333333,33.333333
1456,165,0,QueenForest_06_Animated_Translucent_Impostor_4,QueenForest_06_Animated_Translucent_Impostor_4,4,2,6,4,0,4,33.333333,33.333333
1457,166,0,QueenForest_06_Animated_Translucent_Impostor_5,QueenForest_06_Animated_Translucent_Impostor_5,4,2,6,4,0,4,33.333333,33.333333
1458,167,0,QueenForest_06_Animated_Translucent_Impostor_6,QueenForest_06_Animated_Translucent_Impostor_6,4,2,6,4,0,4,33.333333,33.333333
1459,168,0,QueenForest_06_Animated_Translucent_Impostor_7,QueenForest_06_Animated_Translucent_Impostor_7,4,2,6,4,0,4,33.333333,33.333333
