submesh_id,mesh_id,lod,mesh_name,submesh_name,vertex_offset,vertex_count,index_offset,index_count,triangles,material,flags,min_index,max_index,span,unique_indices,singleton_vertices,max_reuse,bits,direct_u16,rebased_u16,remapped_u16,fixed_bitpack_bytes,block96_bytes,block255_bytes,block768_bytes,meshopt_bytes,meshopt_sequence_bytes,meshopt_strip_bytes,cache16_vertices_transformed,cache16_acmr,cache16_strip_vertices_transformed,cache16_strip_acmr,triangles_span_over_u16,contiguous_u16_chunks,palette_u16_chunks,palette_vertex_refs,fetch_remap_min_index,fetch_remap_max_index,fetch_remap_span,fetch_remap_rebased_u16,fetch_remap_triangles_span_over_u16,fetch_remap_contiguous_u16_chunks
0,0,0,RiverSeedling_01_Translucent,MI_RiverFamily_Branches,0,6132,0,8760,2920,0,0,0,6131,6132,6132,3504,2,13,1,1,1,14243,7999,9029,10968,2937,8765,2937,6150,2.10616438,6150,2.10616438,0,1,1,6132,0,6131,6132,1,0,1
1,0,0,RiverSeedling_01_Translucent,MI_RiverFamily_Trunk,6132,2068,8760,3006,1002,1,0,0,2067,2068,2068,1130,2,12,1,1,1,4517,2759,3102,3702,1019,3011,1019,2070,2.06586826,2070,2.06586826,0,1,1,2068,0,2067,2068,1,0,1
2,0,0,RiverSeedling_01_Translucent,MI_RiverFamily_Leaves_TwoSided,8200,6076,11766,8556,2852,2,3,0,6075,6076,6076,3596,2,13,1,1,1,13912,8202,8811,10751,2869,8561,2869,6224,2.18232819,6224,2.18232819,0,1,1,6076,0,6075,6076,1,0,1
3,0,1,RiverSeedling_01_Translucent,MI_RiverFamily_Branches,0,6132,46666014,4302,1434,0,0,1,6113,6113,2655,1477,6,13,1,1,1,6999,4626,4978,5810,5008,4500,5005,2731,1.90446304,2746,1.91492329,0,1,1,2655,1,6113,6113,1,0,1
4,0,1,RiverSeedling_01_Translucent,MI_RiverFamily_Trunk,6132,2068,46670316,1500,500,1,0,0,2066,2067,888,491,7,12,1,1,1,2258,1712,1769,2079,1784,1711,1774,925,1.85000000,928,1.85600000,0,1,1,888,0,2066,2067,1,0,1
5,0,1,RiverSeedling_01_Translucent,MI_RiverFamily_Leaves_TwoSided,8200,6076,46671816,4278,1426,2,3,1,6064,6064,2910,1951,4,13,1,1,1,6960,4512,4951,5684,5487,4377,5488,2976,2.08695652,2978,2.08835905,0,1,1,2910,1,6064,6064,1,0,1
6,0,2,RiverSeedling_01_Translucent,MI_RiverFamily_Branches,0,6132,46676094,2142,714,0,0,172,6087,5916,1213,649,6,13,1,1,1,3489,2539,2739,3066,2623,2353,2612,1280,1.79271709,1279,1.79131653,0,1,1,1213,172,6087,5916,1,0,1
7,0,2,RiverSeedling_01_Translucent,MI_RiverFamily_Trunk,6132,2068,46678236,750,250,1,0,2,2066,2065,369,180,7,12,1,1,1,1133,954,962,1133,932,955,938,409,1.63600000,415,1.66000000,0,1,1,369,2,2066,2065,1,0,1
8,0,2,RiverSeedling_01_Translucent,MI_RiverFamily_Leaves_TwoSided,8200,6076,46678986,2109,703,2,3,1,6052,6052,726,106,13,13,1,1,1,3436,3304,3327,3284,1784,2302,1737,792,1.12660028,790,1.12375533,0,1,1,726,1,6052,6052,1,0,1
9,0,3,RiverSeedling_01_Translucent,MI_RiverFamily_Branches,0,6132,46681095,1044,348,0,0,172,6057,5886,591,318,6,13,1,1,1,1705,1345,1468,1644,1336,1184,1349,625,1.79597701,632,1.81609195,0,1,1,591,172,6057,5886,1,0,1
10,0,3,RiverSeedling_01_Translucent,MI_RiverFamily_Trunk,6132,2068,46682139,360,120,1,0,10,1991,1982,147,43,6,11,1,1,1,503,485,499,503,424,500,412,168,1.40000000,162,1.35000000,0,1,1,147,10,1991,1982,1,0,1
11,0,3,RiverSeedling_01_Translucent,MI_RiverFamily_Leaves_TwoSided,8200,6076,46682499,1005,335,2,3,1,5905,5905,420,131,9,13,1,1,1,1642,1644,1605,1620,1010,1181,1013,450,1.34328358,452,1.34925373,0,1,1,420,1,5905,5905,1,0,1
12,0,4,RiverSeedling_01_Translucent,MI_RiverFamily_Branches,0,6132,46683504,504,168,0,0,476,5984,5509,281,152,6,13,1,1,1,827,702,773,827,662,589,655,299,1.77976190,295,1.75595238,0,1,1,281,476,5984,5509,1,0,1
13,0,4,RiverSeedling_01_Translucent,MI_RiverFamily_Trunk,6132,2068,46684008,174,58,1,0,10,1886,1877,75,27,8,11,1,1,1,248,246,248,248,241,251,235,82,1.41379310,82,1.41379310,0,1,1,75,10,1886,1877,1,0,1
14,0,4,RiverSeedling_01_Translucent,MI_RiverFamily_Leaves_TwoSided,8200,6076,46684182,486,162,2,3,54,5419,5366,226,94,9,13,1,1,1,798,800,778,798,569,632,565,240,1.48148148,236,1.45679012,0,1,1,226,54,5419,5366,1,0,1
15,0,5,RiverSeedling_01_Translucent,MI_RiverFamily_Branches,0,6132,46684668,252,84,0,0,506,5513,5008,146,84,5,13,1,1,1,418,371,418,418,350,306,353,151,1.79761905,151,1.79761905,0,1,1,146,506,5513,5008,1,0,1
16,0,5,RiverSeedling_01_Translucent,MI_RiverFamily_Trunk,6132,2068,46684920,90,30,1,0,148,1768,1621,43,15,6,11,1,1,1,132,132,132,132,134,134,132,46,1.53333333,46,1.53333333,0,1,1,43,148,1768,1621,1,0,1
17,0,5,RiverSeedling_01_Translucent,MI_RiverFamily_Leaves_TwoSided,8200,6076,46685010,252,84,2,3,203,5419,5217,132,68,7,13,1,1,1,418,414,418,418,345,355,351,138,1.64285714,138,1.64285714,0,1,1,132,203,5419,5217,1,0,1
18,0,6,RiverSeedling_01_Translucent,MI_RiverFamily_Branches,0,6132,46685262,84,28,0,0,511,5498,4988,49,29,5,13,1,1,1,145,145,145,145,130,114,131,52,1.85714286,52,1.85714286,0,1,1,49,511,5498,4988,1,0,1
19,0,6,RiverSeedling_01_Translucent,MI_RiverFamily_Trunk,6132,2068,46685346,30,10,1,0,728,1746,1019,15,6,6,10,1,1,1,46,46,46,46,55,49,54,15,1.50000000,15,1.50000000,0,1,1,15,728,1746,1019,1,0,1
20,0,6,RiverSeedling_01_Translucent,MI_RiverFamily_Leaves_TwoSided,8200,6076,46685376,60,20,2,3,368,5401,5034,44,31,4,13,1,1,1,106,106,106,106,126,103,122,44,2.20000000,44,2.20000000,0,1,1,44,368,5401,5034,1,0,1
21,1,0,RiverSeedling_02_Translucent,MI_RiverFamily_Branches,14276,6132,20322,8760,2920,3,0,0,6131,6132,6132,3504,2,13,1,1,1,14243,7999,9029,10968,2937,8765,2937,6150,2.10616438,6150,2.10616438,0,1,1,6132,0,6131,6132,1,0,1
22,1,0,RiverSeedling_02_Translucent,MI_RiverFamily_Trunk,20408,2068,29082,3006,1002,4,0,0,2067,2068,2068,1130,2,12,1,1,1,4517,2759,3102,3702,1019,3011,1019,2070,2.06586826,2070,2.06586826,0,1,1,2068,0,2067,2068,1,0,1
23,1,0,RiverSeedling_02_Translucent,MI_RiverFamily_Leaves_TwoSided,22476,6027,32088,8487,2829,5,3,0,6026,6027,6027,3567,2,13,1,1,1,13800,8129,8741,10681,2846,8492,2846,6173,2.18204312,6173,2.18204312,0,1,1,6027,0,6026,6027,1,0,1
24,1,1,RiverSeedling_02_Translucent,MI_RiverFamily_Branches,14276,6132,46685436,4308,1436,3,0,1,6113,6113,2624,1429,6,13,1,1,1,7009,4644,4953,5817,4930,4506,4924,2691,1.87395543,2702,1.88161560,0,1,1,2624,1,6113,6113,1,0,1
25,1,1,RiverSeedling_02_Translucent,MI_RiverFamily_Trunk,20408,2068,46689744,1500,500,4,0,0,2032,2033,881,478,5,11,1,1,1,2071,1712,1801,2079,1778,1722,1766,906,1.81200000,910,1.82000000,0,1,1,881,0,2032,2033,1,0,1
26,1,1,RiverSeedling_02_Translucent,MI_RiverFamily_Leaves_TwoSided,22476,6027,46691244,4239,1413,5,3,1,6015,6015,2877,1921,4,13,1,1,1,6897,4486,4907,5635,5424,4339,5427,2940,2.08067941,2938,2.07926398,0,1,1,2877,1,6015,6015,1,0,1
27,1,2,RiverSeedling_02_Translucent,MI_RiverFamily_Branches,14276,6132,46695483,2160,720,3,0,1,6087,6087,1236,681,7,13,1,1,1,3518,2572,2774,3090,2623,2341,2634,1304,1.81111111,1306,1.81388889,0,1,1,1236,1,6087,6087,1,0,1
28,1,2,RiverSeedling_02_Translucent,MI_RiverFamily_Trunk,20408,2068,46697643,750,250,4,0,2,2032,2031,375,171,7,11,1,1,1,1040,908,962,1040,916,954,918,408,1.63200000,413,1.65200000,0,1,1,375,2,2032,2031,1,0,1
29,1,2,RiverSeedling_02_Translucent,MI_RiverFamily_Leaves_TwoSided,22476,6027,46698393,2067,689,5,3,1,6003,6003,723,120,10,13,1,1,1,3367,3240,3234,3317,1762,2233,1746,793,1.15094340,796,1.15529753,0,1,1,723,1,6003,6003,1,0,1
30,1,3,RiverSeedling_02_Translucent,MI_RiverFamily_Branches,14276,6132,46700460,1020,340,3,0,178,6036,5859,583,328,7,13,1,1,1,1666,1303,1436,1611,1310,1171,1304,614,1.80588235,619,1.82058824,0,1,1,583,178,6036,5859,1,0,1
31,1,3,RiverSeedling_02_Translucent,MI_RiverFamily_Trunk,20408,2068,46701480,354,118,4,0,10,1990,1981,162,63,7,11,1,1,1,495,479,479,495,470,479,463,181,1.53389831,181,1.53389831,0,1,1,162,10,1990,1981,1,0,1
32,1,3,RiverSeedling_02_Translucent,MI_RiverFamily_Leaves_TwoSided,22476,6027,46701834,927,309,5,3,54,5517,5464,399,131,9,13,1,1,1,1515,1459,1488,1503,946,1107,939,415,1.34304207,413,1.33656958,0,1,1,399,54,5517,5464,1,0,1
33,1,4,RiverSeedling_02_Translucent,MI_RiverFamily_Branches,14276,6132,46702761,504,168,3,0,178,5984,5807,293,167,6,13,1,1,1,827,702,773,827,678,600,676,305,1.81547619,306,1.82142857,0,1,1,293,178,5984,5807,1,0,1
34,1,4,RiverSeedling_02_Translucent,MI_RiverFamily_Trunk,20408,2068,46703265,180,60,4,0,10,1990,1981,82,32,6,11,1,1,1,256,264,256,256,245,253,249,89,1.48333333,89,1.48333333,0,1,1,82,10,1990,1981,1,0,1
35,1,4,RiverSeedling_02_Translucent,MI_RiverFamily_Leaves_TwoSided,22476,6027,46703445,417,139,5,3,101,5517,5417,220,111,6,13,1,1,1,686,690,674,686,526,537,523,228,1.64028777,228,1.64028777,0,1,1,220,101,5517,5417,1,0,1
36,1,5,RiverSeedling_02_Translucent,MI_RiverFamily_Branches,14276,6132,46703862,258,86,3,0,718,5981,5264,147,82,6,13,1,1,1,428,383,434,428,365,320,362,156,1.81395349,156,1.81395349,0,1,1,147,718,5981,5264,1,0,1
37,1,5,RiverSeedling_02_Translucent,MI_RiverFamily_Trunk,20408,2068,46704120,84,28,4,0,25,1782,1758,37,11,6,11,1,1,1,124,124,124,124,123,125,121,41,1.46428571,41,1.46428571,0,1,1,37,25,1782,1758,1,0,1
38,1,5,RiverSeedling_02_Translucent,MI_RiverFamily_Leaves_TwoSided,22476,6027,46704204,198,66,5,3,399,5366,4968,113,66,5,13,1,1,1,330,330,330,330,291,274,298,120,1.81818182,120,1.81818182,0,1,1,113,399,5366,4968,1,0,1
39,1,6,RiverSeedling_02_Translucent,MI_RiverFamily_Branches,14276,6132,46704402,84,28,3,0,718,5532,4815,45,21,5,13,1,1,1,145,145,145,145,134,112,129,45,1.60714286,45,1.60714286,0,1,1,45,718,5532,4815,1,0,1
40,1,6,RiverSeedling_02_Translucent,MI_RiverFamily_Trunk,20408,2068,46704486,30,10,4,0,132,1712,1581,17,7,4,11,1,1,1,50,50,50,50,62,51,61,17,1.70000000,17,1.70000000,0,1,1,17,132,1712,1581,1,0,1
41,1,6,RiverSeedling_02_Translucent,MI_RiverFamily_Leaves_TwoSided,22476,6027,46704516,81,27,5,3,793,5348,4556,51,36,5,13,1,1,1,140,140,140,140,149,130,149,53,1.96296296,53,1.96296296,0,1,1,51,793,5348,4556,1,0,1
42,2,0,RiverSeedling_04_Translucent,MI_RiverFamily_Branches,28503,6132,40575,8760,2920,6,0,0,6131,6132,6132,3504,2,13,1,1,1,14243,7999,9029,10968,2937,8765,2937,6150,2.10616438,6150,2.10616438,0,1,1,6132,0,6131,6132,1,0,1
43,2,0,RiverSeedling_04_Translucent,MI_RiverFamily_Trunk,34635,2068,49335,3006,1002,7,0,0,2067,2068,2068,1130,2,12,1,1,1,4517,2759,3102,3702,1019,3011,1019,2070,2.06586826,2070,2.06586826,0,1,1,2068,0,2067,2068,1,0,1
44,2,0,RiverSeedling_04_Translucent,MI_RiverFamily_Leaves_TwoSided,36703,6076,52341,8556,2852,8,3,0,6075,6076,6076,3596,2,13,1,1,1,13912,8202,8811,10751,2869,8561,2869,6224,2.18232819,6224,2.18232819,0,1,1,6076,0,6075,6076,1,0,1
45,2,1,RiverSeedling_04_Translucent,MI_RiverFamily_Branches,28503,6132,46704597,4332,1444,6,0,4,6113,6110,2682,1482,5,13,1,1,1,7048,4625,5044,5751,5029,4533,5023,2762,1.91274238,2776,1.92243767,0,1,1,2682,4,6113,6110,1,0,1
46,2,1,RiverSeedling_04_Translucent,MI_RiverFamily_Trunk,34635,2068,46708929,1500,500,7,0,0,2048,2049,886,480,5,12,1,1,1,2258,1720,1769,2079,1763,1698,1759,921,1.84200000,922,1.84400000,0,1,1,886,0,2048,2049,1,0,1
47,2,1,RiverSeedling_04_Translucent,MI_RiverFamily_Leaves_TwoSided,36703,6076,46710429,4278,1426,8,3,1,6064,6064,2901,1931,4,13,1,1,1,6960,4524,4951,5684,5457,4383,5459,2958,2.07433380,2959,2.07503506,0,1,1,2901,1,6064,6064,1,0,1
48,2,2,RiverSeedling_04_Translucent,MI_RiverFamily_Branches,28503,6132,46714707,2166,722,6,0,12,6087,6076,1242,657,6,13,1,1,1,3528,2590,2782,3099,2667,2356,2673,1304,1.80609418,1310,1.81440443,0,1,1,1242,12,6087,6076,1,0,1
49,2,2,RiverSeedling_04_Translucent,MI_RiverFamily_Trunk,34635,2068,46716873,750,250,7,0,2,2042,2041,383,190,6,11,1,1,1,1040,944,962,1040,926,956,921,414,1.65600000,416,1.66400000,0,1,1,383,2,2042,2041,1,0,1
50,2,2,RiverSeedling_04_Translucent,MI_RiverFamily_Leaves_TwoSided,36703,6076,46717623,1881,627,8,3,9,6048,6040,679,122,10,13,1,1,1,3065,2958,2985,3081,1626,2096,1613,734,1.17065391,741,1.18181818,0,1,1,679,9,6048,6040,1,0,1
51,2,3,RiverSeedling_04_Translucent,MI_RiverFamily_Branches,28503,6132,46719504,1020,340,6,0,183,6036,5854,579,302,6,13,1,1,1,1666,1308,1436,1611,1330,1158,1319,618,1.81764706,616,1.81176471,0,1,1,579,183,6036,5854,1,0,1
52,2,3,RiverSeedling_04_Translucent,MI_RiverFamily_Trunk,34635,2068,46720524,360,120,7,0,4,2032,2029,154,50,6,11,1,1,1,503,473,499,503,436,478,428,170,1.41666667,174,1.45000000,0,1,1,154,4,2032,2029,1,0,1
53,2,3,RiverSeedling_04_Translucent,MI_RiverFamily_Leaves_TwoSided,36703,6076,46720884,981,327,8,3,51,5905,5855,408,126,10,13,1,1,1,1603,1572,1569,1584,984,1162,973,430,1.31498471,430,1.31498471,0,1,1,408,51,5905,5855,1,0,1
54,2,4,RiverSeedling_04_Translucent,MI_RiverFamily_Branches,28503,6132,46721865,516,172,6,0,183,6023,5841,290,140,6,13,1,1,1,847,729,795,847,694,616,689,308,1.79069767,307,1.78488372,0,1,1,290,183,6023,5841,1,0,1
55,2,4,RiverSeedling_04_Translucent,MI_RiverFamily_Trunk,34635,2068,46722381,180,60,7,0,4,1845,1842,79,28,7,11,1,1,1,256,253,256,256,249,260,246,85,1.41666667,85,1.41666667,0,1,1,79,4,1845,1842,1,0,1
56,2,4,RiverSeedling_04_Translucent,MI_RiverFamily_Leaves_TwoSided,36703,6076,46722561,513,171,8,3,54,5415,5362,248,106,8,13,1,1,1,842,842,826,842,604,644,607,261,1.52631579,260,1.52046784,0,1,1,248,54,5415,5362,1,0,1
57,2,5,RiverSeedling_04_Translucent,MI_RiverFamily_Branches,28503,6132,46723074,258,86,6,0,716,5532,4817,146,68,5,13,1,1,1,428,379,434,428,373,317,373,152,1.76744186,152,1.76744186,0,1,1,146,716,5532,4817,1,0,1
58,2,5,RiverSeedling_04_Translucent,MI_RiverFamily_Trunk,34635,2068,46723332,90,30,7,0,54,1768,1715,42,14,6,11,1,1,1,132,132,132,132,146,140,148,43,1.43333333,43,1.43333333,0,1,1,42,54,1768,1715,1,0,1
59,2,5,RiverSeedling_04_Translucent,MI_RiverFamily_Leaves_TwoSided,36703,6076,46723422,243,81,8,3,54,5397,5344,130,69,6,13,1,1,1,403,401,403,403,340,335,333,135,1.66666667,135,1.66666667,0,1,1,130,54,5397,5344,1,0,1
60,2,6,RiverSeedling_04_Translucent,MI_RiverFamily_Branches,28503,6132,46723665,84,28,6,0,716,5532,4817,49,23,5,13,1,1,1,145,145,145,145,143,107,144,51,1.82142857,51,1.82142857,0,1,1,49,716,5532,4817,1,0,1
61,2,6,RiverSeedling_04_Translucent,MI_RiverFamily_Trunk,34635,2068,46723749,30,10,7,0,596,1768,1173,19,10,3,11,1,1,1,50,50,50,50,69,55,70,19,1.90000000,19,1.90000000,0,1,1,19,596,1768,1173,1,0,1
62,2,6,RiverSeedling_04_Translucent,MI_RiverFamily_Leaves_TwoSided,36703,6076,46723779,84,28,8,3,834,5366,4533,54,31,4,13,1,1,1,145,145,145,145,151,137,151,54,1.92857143,54,1.92857143,0,1,1,54,834,5366,4533,1,0,1
63,3,0,RiverSeedling_03_Translucent,MI_RiverFamily_Branches,42779,6132,60897,8760,2920,9,0,0,6131,6132,6132,3504,2,13,1,1,1,14243,7999,9029,10968,2937,8765,2937,6150,2.10616438,6150,2.10616438,0,1,1,6132,0,6131,6132,1,0,1
64,3,0,RiverSeedling_03_Translucent,MI_RiverFamily_Trunk,48911,2068,69657,3006,1002,10,0,0,2067,2068,2068,1130,2,12,1,1,1,4517,2759,3102,3702,1019,3011,1019,2070,2.06586826,2070,2.06586826,0,1,1,2068,0,2067,2068,1,0,1
65,3,0,RiverSeedling_03_Translucent,MI_RiverFamily_Leaves_TwoSided,50979,6076,72663,8556,2852,11,3,0,6075,6076,6076,3596,2,13,1,1,1,13912,8202,8811,10751,2869,8561,2869,6224,2.18232819,6224,2.18232819,0,1,1,6076,0,6075,6076,1,0,1
66,3,1,RiverSeedling_03_Translucent,MI_RiverFamily_Branches,42779,6132,46723863,4326,1442,9,0,4,6113,6110,2671,1461,6,13,1,1,1,7038,4586,5069,5805,5018,4513,5009,2754,1.90984743,2759,1.91331484,0,1,1,2671,4,6113,6110,1,0,1
67,3,1,RiverSeedling_03_Translucent,MI_RiverFamily_Trunk,48911,2068,46728189,1500,500,10,0,0,2057,2058,889,488,5,12,1,1,1,2258,1760,1769,2079,1805,1734,1802,925,1.85000000,926,1.85200000,0,1,1,889,0,2057,2058,1,0,1
68,3,1,RiverSeedling_03_Translucent,MI_RiverFamily_Leaves_TwoSided,50979,6076,46729689,4278,1426,11,3,1,6066,6066,2904,1936,4,13,1,1,1,6960,4524,4951,5684,5461,4385,5462,2963,2.07784011,2964,2.07854137,0,1,1,2904,1,6066,6066,1,0,1
69,3,2,RiverSeedling_03_Translucent,MI_RiverFamily_Branches,42779,6132,46733967,2190,730,9,0,35,6087,6053,1267,682,6,13,1,1,1,3567,2612,2812,3132,2709,2400,2712,1342,1.83835616,1348,1.84657534,0,1,1,1267,35,6087,6053,1,0,1
70,3,2,RiverSeedling_03_Translucent,MI_RiverFamily_Trunk,48911,2068,46736157,750,250,10,0,2,2032,2031,372,172,6,11,1,1,1,1040,968,962,1040,932,974,935,411,1.64400000,419,1.67600000,0,1,1,372,2,2032,2031,1,0,1
71,3,2,RiverSeedling_03_Translucent,MI_RiverFamily_Leaves_TwoSided,50979,6076,46736907,2046,682,11,3,1,6048,6048,722,119,10,13,1,1,1,3333,3138,3237,3189,1764,2243,1767,794,1.16422287,791,1.15982405,0,1,1,722,1,6048,6048,1,0,1
72,3,3,RiverSeedling_03_Translucent,MI_RiverFamily_Branches,42779,6132,46738953,996,332,9,0,178,6065,5888,570,310,7,13,1,1,1,1627,1281,1403,1578,1299,1145,1288,598,1.80120482,601,1.81024096,0,1,1,570,178,6065,5888,1,0,1
73,3,3,RiverSeedling_03_Translucent,MI_RiverFamily_Trunk,48911,2068,46739949,360,120,10,0,2,1991,1990,160,59,6,11,1,1,1,503,473,486,503,448,484,440,174,1.45000000,176,1.46666667,0,1,1,160,2,1991,1990,1,0,1
74,3,3,RiverSeedling_03_Translucent,MI_RiverFamily_Leaves_TwoSided,50979,6076,46740309,963,321,11,3,1,6011,6011,406,129,9,13,1,1,1,1573,1566,1574,1557,982,1140,981,431,1.34267913,442,1.37694704,0,1,1,406,1,6011,6011,1,0,1
75,3,4,RiverSeedling_03_Translucent,MI_RiverFamily_Branches,42779,6132,46741272,492,164,9,0,463,5570,5108,281,144,5,13,1,1,1,808,684,755,808,653,586,648,296,1.80487805,295,1.79878049,0,1,1,281,463,5570,5108,1,0,1
76,3,4,RiverSeedling_03_Translucent,MI_RiverFamily_Trunk,48911,2068,46741764,180,60,10,0,2,1889,1888,81,31,8,11,1,1,1,256,253,256,256,248,253,250,88,1.46666667,89,1.48333333,0,1,1,81,2,1889,1888,1,0,1
77,3,4,RiverSeedling_03_Translucent,MI_RiverFamily_Leaves_TwoSided,50979,6076,46741944,510,170,11,3,1,5401,5401,230,96,9,13,1,1,1,837,834,846,837,593,666,590,236,1.38823529,237,1.39411765,0,1,1,230,1,5401,5401,1,0,1
78,3,5,RiverSeedling_03_Translucent,MI_RiverFamily_Branches,42779,6132,46742454,258,86,9,0,469,5562,5094,154,83,5,13,1,1,1,428,391,434,428,369,324,363,158,1.83720930,158,1.83720930,0,1,1,154,469,5562,5094,1,0,1
79,3,5,RiverSeedling_03_Translucent,MI_RiverFamily_Trunk,48911,2068,46742712,90,30,10,0,2,1724,1723,45,16,4,11,1,1,1,132,132,132,132,138,132,134,47,1.56666667,47,1.56666667,0,1,1,45,2,1724,1723,1,0,1
80,3,5,RiverSeedling_03_Translucent,MI_RiverFamily_Leaves_TwoSided,50979,6076,46742802,249,83,11,3,56,5395,5340,119,54,7,13,1,1,1,413,410,413,413,328,353,320,124,1.49397590,124,1.49397590,0,1,1,119,56,5395,5340,1,0,1
81,3,6,RiverSeedling_03_Translucent,MI_RiverFamily_Branches,42779,6132,46743051,84,28,9,0,716,5532,4817,47,23,5,13,1,1,1,145,145,145,145,131,113,129,47,1.67857143,47,1.67857143,0,1,1,47,716,5532,4817,1,0,1
82,3,6,RiverSeedling_03_Translucent,MI_RiverFamily_Trunk,48911,2068,46743135,30,10,10,0,728,1708,981,19,10,3,10,1,1,1,46,46,46,46,67,50,67,19,1.90000000,19,1.90000000,0,1,1,19,728,1708,981,1,0,1
83,3,6,RiverSeedling_03_Translucent,MI_RiverFamily_Leaves_TwoSided,50979,6076,46743165,75,25,11,3,746,5348,4603,46,27,5,13,1,1,1,130,130,130,130,130,129,131,46,1.84000000,46,1.84000000,0,1,1,46,746,5348,4603,1,0,1
84,4,0,RiverSeedling_05_Translucent,MI_RiverFamily_Branches,57055,6132,81219,8760,2920,12,0,0,6131,6132,6132,3504,2,13,1,1,1,14243,7999,9029,10968,2937,8765,2937,6150,2.10616438,6150,2.10616438,0,1,1,6132,0,6131,6132,1,0,1
85,4,0,RiverSeedling_05_Translucent,MI_RiverFamily_Trunk,63187,2068,89979,3006,1002,13,0,0,2067,2068,2068,1130,2,12,1,1,1,4517,2759,3102,3702,1019,3011,1019,2070,2.06586826,2070,2.06586826,0,1,1,2068,0,2067,2068,1,0,1
86,4,0,RiverSeedling_05_Translucent,MI_RiverFamily_Leaves_TwoSided,65255,6125,92985,8625,2875,14,3,0,6124,6125,6125,3625,2,13,1,1,1,14024,8257,8897,10811,2892,8630,2892,6275,2.18260870,6275,2.18260870,0,1,1,6125,0,6124,6125,1,0,1
87,4,1,RiverSeedling_05_Translucent,MI_RiverFamily_Branches,57055,6132,46743240,4314,1438,12,0,4,6113,6110,2659,1481,5,13,1,1,1,7019,4590,5056,5729,5017,4507,5011,2759,1.91863700,2737,1.90333797,0,1,1,2659,4,6113,6110,1,0,1
88,4,1,RiverSeedling_05_Translucent,MI_RiverFamily_Trunk,63187,2068,46747554,1500,500,13,0,0,2051,2052,879,467,5,12,1,1,1,2258,1732,1801,1983,1755,1713,1756,911,1.82200000,910,1.82000000,0,1,1,879,0,2051,2052,1,0,1
89,4,1,RiverSeedling_05_Translucent,MI_RiverFamily_Leaves_TwoSided,65255,6125,46749054,4311,1437,14,3,1,6115,6115,2923,1946,4,13,1,1,1,7014,4515,4988,5821,5504,4415,5506,2978,2.07237300,2978,2.07237300,0,1,1,2923,1,6115,6115,1,0,1
90,4,2,RiverSeedling_05_Translucent,MI_RiverFamily_Branches,57055,6132,46753365,2178,726,12,0,12,6087,6076,1249,683,7,13,1,1,1,3548,2578,2765,3115,2707,2384,2710,1326,1.82644628,1330,1.83195592,0,1,1,1249,12,6087,6076,1,0,1
91,4,2,RiverSeedling_05_Translucent,MI_RiverFamily_Trunk,63187,2068,46755543,750,250,13,0,2,2045,2044,363,152,7,11,1,1,1,1040,956,994,1040,914,993,897,397,1.58800000,403,1.61200000,0,1,1,363,2,2045,2044,1,0,1
92,4,2,RiverSeedling_05_Translucent,MI_RiverFamily_Leaves_TwoSided,65255,6125,46756293,2130,710,14,3,1,6109,6109,741,114,11,13,1,1,1,3470,3286,3367,3315,1831,2324,1805,815,1.14788732,813,1.14507042,0,1,1,741,1,6109,6109,1,0,1
93,4,3,RiverSeedling_05_Translucent,MI_RiverFamily_Branches,57055,6132,46758423,1026,342,12,0,178,6065,5888,578,317,6,13,1,1,1,1676,1323,1449,1619,1334,1180,1329,612,1.78947368,615,1.79824561,0,1,1,578,178,6065,5888,1,0,1
94,4,3,RiverSeedling_05_Translucent,MI_RiverFamily_Trunk,63187,2068,46759449,348,116,13,0,8,1988,1981,152,52,8,11,1,1,1,487,467,484,487,428,456,426,166,1.43103448,176,1.51724138,0,1,1,152,8,1988,1981,1,0,1
95,4,3,RiverSeedling_05_Translucent,MI_RiverFamily_Leaves_TwoSided,65255,6125,46759797,945,315,14,3,50,6109,6060,382,120,10,13,1,1,1,1544,1498,1483,1530,957,1159,960,408,1.29523810,407,1.29206349,0,1,1,382,50,6109,6060,1,0,1
96,4,4,RiverSeedling_05_Translucent,MI_RiverFamily_Branches,57055,6132,46760742,510,170,12,0,464,5984,5521,290,157,5,13,1,1,1,837,722,782,837,678,617,683,305,1.79411765,305,1.79411765,0,1,1,290,464,5984,5521,1,0,1
97,4,4,RiverSeedling_05_Translucent,MI_RiverFamily_Trunk,63187,2068,46761252,180,60,13,0,16,1757,1742,77,27,7,11,1,1,1,256,253,256,256,239,263,231,80,1.33333333,83,1.38333333,0,1,1,77,16,1757,1742,1,0,1
98,4,4,RiverSeedling_05_Translucent,MI_RiverFamily_Leaves_TwoSided,65255,6125,46761432,486,162,14,3,60,5656,5597,216,95,9,13,1,1,1,798,808,807,798,556,643,542,230,1.41975309,227,1.40123457,0,1,1,216,60,5656,5597,1,0,1
99,4,5,RiverSeedling_05_Translucent,MI_RiverFamily_Branches,57055,6132,46761918,258,86,12,0,727,5558,4832,150,84,5,13,1,1,1,428,391,434,428,371,319,362,155,1.80232558,155,1.80232558,0,1,1,150,727,5558,4832,1,0,1
100,4,5,RiverSeedling_05_Translucent,MI_RiverFamily_Trunk,63187,2068,46762176,90,30,13,0,16,1724,1709,42,12,5,11,1,1,1,132,132,132,132,128,137,128,42,1.40000000,42,1.40000000,0,1,1,42,16,1724,1709,1,0,1
101,4,5,RiverSeedling_05_Translucent,MI_RiverFamily_Leaves_TwoSided,65255,6125,46762266,246,82,14,3,60,5458,5399,111,51,7,13,1,1,1,408,411,408,408,301,345,308,117,1.42682927,117,1.42682927,0,1,1,111,60,5458,5399,1,0,1
102,4,6,RiverSeedling_05_Translucent,MI_RiverFamily_Branches,57055,6132,46762512,84,28,12,0,746,5498,4753,55,29,3,13,1,1,1,145,145,145,145,145,108,146,55,1.96428571,55,1.96428571,0,1,1,55,746,5498,4753,1,0,1
103,4,6,RiverSeedling_05_Translucent,MI_RiverFamily_Trunk,63187,2068,46762596,24,8,13,0,620,1708,1089,14,7,3,11,1,1,1,41,41,41,41,52,46,52,14,1.75000000,14,1.75000000,0,1,1,14,620,1708,1089,1,0,1
104,4,6,RiverSeedling_05_Translucent,MI_RiverFamily_Leaves_TwoSided,65255,6125,46762620,75,25,14,3,1078,5476,4399,44,25,5,13,1,1,1,130,130,130,130,129,132,125,44,1.76000000,44,1.76000000,0,1,1,44,1078,5476,4399,1,0,1
105,5,0,RiverSapling_02_Translucent,MI_RiverFamily_Trunk,71380,8096,101610,11964,3988,15,0,0,8095,8096,8096,4230,3,13,1,1,1,19450,11197,12340,15028,4005,11969,4005,8096,2.03009027,8096,2.03009027,0,1,1,8096,0,8095,8096,1,0,1
106,5,0,RiverSapling_02_Translucent,MI_RiverFamily_Branches,79476,62862,113574,89958,29986,16,0,0,62861,62862,62862,35766,2,16,1,1,1,179924,82447,92782,113354,30003,89963,30003,63130,2.10531581,63130,2.10531581,0,1,1,62862,0,62861,62862,1,0,1
107,5,0,RiverSapling_02_Translucent,MI_RiverFamily_Leaves_TwoSided,142338,143766,203532,202446,67482,17,3,0,143765,143766,143766,85086,2,18,0,0,0,455512,194003,208798,255112,67499,202451,67499,147286,2.18259684,147286,2.18259684,0,3,3,143768,0,143765,143766,0,0,3
108,5,1,RiverSapling_02_Translucent,MI_RiverFamily_Trunk,71380,8096,46762695,5982,1994,15,0,0,8095,8096,3448,1750,6,13,1,1,1,9729,7071,7294,8118,7602,6921,7559,3570,1.79037111,3590,1.80040120,0,1,1,3448,0,8095,8096,1,0,1
109,5,1,RiverSapling_02_Translucent,MI_RiverFamily_Branches,79476,62862,46768677,43680,14560,16,0,4,62839,62836,27867,15987,7,16,1,1,1,87368,46060,51136,57744,50687,45347,50599,28666,1.96881868,28700,1.97115385,0,1,1,27867,4,62839,62836,1,0,1
110,5,1,RiverSapling_02_Translucent,MI_RiverFamily_Leaves_TwoSided,142338,143766,46812357,101220,33740,17,3,1,143754,143754,69011,46594,5,18,0,0,0,227753,107539,117098,136797,130633,103091,130652,70661,2.09427979,70649,2.09392413,0,3,2,69011,1,143754,143754,0,0,3
111,5,2,RiverSapling_02_Translucent,MI_RiverFamily_Trunk,71380,8096,46913577,2988,996,15,0,0,8095,8096,1561,799,11,13,1,1,1,4864,4048,4131,4535,3970,3937,3951,1695,1.70180723,1696,1.70281124,0,1,1,1561,0,8095,8096,1,0,1
112,5,2,RiverSapling_02_Translucent,MI_RiverFamily_Branches,79476,62862,46916565,22194,7398,16,0,4,62700,62697,13381,7726,8,16,1,1,1,44396,25944,28400,32467,27331,23936,27320,13966,1.88780752,13978,1.88942958,0,1,1,13381,4,62700,62697,1,0,1
113,5,2,RiverSapling_02_Translucent,MI_RiverFamily_Leaves_TwoSided,142338,143766,46938759,50115,16705,17,3,1,143746,143746,18766,3514,16,18,0,0,1,112767,104326,105014,105630,47469,56752,46838,20233,1.21119425,20245,1.21191260,764,1459,1,18766,1,143746,143746,0,764,1459
114,5,3,RiverSapling_02_Translucent,MI_RiverFamily_Trunk,71380,8096,46988874,1434,478,15,0,0,8067,8068,663,305,10,13,1,1,1,2339,2081,2226,2347,1933,2127,1935,742,1.55230126,754,1.57740586,0,1,1,663,0,8067,8068,1,0,1
115,5,3,RiverSapling_02_Translucent,MI_RiverFamily_Branches,79476,62862,46990308,10512,3504,16,0,4,62648,62645,6142,3419,8,16,1,1,1,21032,13546,14696,16522,13302,11960,13294,6463,1.84446347,6490,1.85216895,0,1,1,6142,4,62648,62645,1,0,1
116,5,3,RiverSapling_02_Translucent,MI_RiverFamily_Leaves_TwoSided,142338,143766,47000820,23751,7917,17,3,11,143746,143736,10600,3656,11,18,0,0,1,53448,51246,50655,50719,29485,30792,29392,11272,1.42377163,11292,1.42629784,659,1321,1,10600,11,143746,143736,0,659,1321
117,5,4,RiverSapling_02_Translucent,MI_RiverFamily_Trunk,71380,8096,47024571,714,238,15,0,0,8026,8027,294,111,10,13,1,1,1,1169,1060,1135,1169,955,1094,945,343,1.44117647,344,1.44537815,0,1,1,294,0,8026,8027,1,0,1
118,5,4,RiverSapling_02_Translucent,MI_RiverFamily_Branches,79476,62862,47025285,5364,1788,16,0,4,62332,62329,3020,1586,8,16,1,1,1,10736,7366,8002,8867,6859,6373,6813,3188,1.78299776,3208,1.79418345,0,1,1,3020,4,62332,62329,1,0,1
119,5,4,RiverSapling_02_Translucent,MI_RiverFamily_Leaves_TwoSided,142338,143766,47030649,12075,4025,17,3,52,143746,143695,6262,2967,10,18,0,0,1,27177,26406,25942,25788,18628,17954,18556,6531,1.62260870,6551,1.62757764,477,976,1,6262,52,143746,143695,0,477,976
120,5,5,RiverSapling_02_Translucent,MI_RiverFamily_Trunk,71380,8096,47042724,354,118,15,0,77,7963,7887,142,46,10,13,1,1,1,584,579,568,584,477,574,467,158,1.33898305,156,1.32203390,0,1,1,142,77,7963,7887,1,0,1
121,5,5,RiverSapling_02_Translucent,MI_RiverFamily_Branches,79476,62862,47043078,2694,898,16,0,10,60189,60180,1458,692,7,16,1,1,1,5396,3837,4087,4747,3496,3364,3492,1554,1.73051225,1559,1.73608018,0,1,1,1458,10,60189,60180,1,0,1
122,5,5,RiverSapling_02_Translucent,MI_RiverFamily_Leaves_TwoSided,142338,143766,47045772,6006,2002,17,3,56,143746,143691,3472,1927,8,18,0,0,1,13522,13183,12926,12827,11005,10227,10967,3610,1.80319680,3597,1.79670330,300,627,1,3472,56,143746,143691,0,300,627
123,5,6,RiverSapling_02_Translucent,MI_RiverFamily_Trunk,71380,8096,47051778,114,38,15,0,108,7819,7712,45,16,7,13,1,1,1,194,202,194,194,160,199,161,50,1.31578947,49,1.28947368,0,1,1,45,108,7819,7712,1,0,1
124,5,6,RiverSapling_02_Translucent,MI_RiverFamily_Branches,79476,62862,47051892,894,298,16,0,307,53993,53687,482,220,6,16,1,1,1,1796,1328,1471,1612,1235,1234,1233,509,1.70805369,507,1.70134228,0,1,1,482,307,53993,53687,1,0,1
125,5,6,RiverSapling_02_Translucent,MI_RiverFamily_Leaves_TwoSided,142338,143766,47052786,1944,648,17,3,99,143644,143546,1257,800,7,18,0,0,1,4382,4275,4196,4155,4179,3918,4177,1278,1.97222222,1279,1.97376543,131,270,1,1257,99,143644,143546,0,131,270
126,6,0,RiverSapling_05_Translucent,MI_RiverFamily_Trunk,286104,7996,405978,11814,3938,18,0,0,7995,7996,7996,4180,3,13,1,1,1,19206,11051,12180,14726,3955,11819,3955,8000,2.03148807,8000,2.03148807,0,1,1,7996,0,7995,7996,1,0,1
127,6,0,RiverSapling_05_Translucent,MI_RiverFamily_Branches,294100,59400,417792,85008,28336,19,0,0,59399,59400,59400,33792,2,16,1,1,1,170024,77456,87669,107082,28353,85013,28353,59662,2.10551948,59662,2.10551948,0,1,1,59400,0,59399,59400,1,0,1
128,6,0,RiverSapling_05_Translucent,MI_RiverFamily_Leaves_TwoSided,353500,132790,502800,186990,62330,20,3,0,132789,132790,132790,78590,2,18,0,0,0,420736,179191,192844,235644,62347,186995,62347,136042,2.18260870,136042,2.18260870,0,3,3,132792,0,132789,132790,0,0,3
129,6,1,RiverSapling_05_Translucent,MI_RiverFamily_Trunk,286104,7996,47054730,5904,1968,18,0,2,7995,7994,3451,1794,6,13,1,1,1,9602,6886,7436,8116,7448,6820,7435,3593,1.82571138,3595,1.82672764,0,1,1,3451,2,7995,7994,1,0,1
130,6,1,RiverSapling_05_Translucent,MI_RiverFamily_Branches,294100,59400,47060634,41352,13784,19,0,2,59354,59353,26342,15074,6,16,1,1,1,82712,43660,48640,54618,48053,42925,47988,27130,1.96822403,27127,1.96800638,0,1,1,26342,2,59354,59353,1,0,1
131,6,1,RiverSapling_05_Translucent,MI_RiverFamily_Leaves_TwoSided,353500,132790,47101986,93492,31164,20,3,1,132780,132780,63829,43282,5,18,0,0,1,210365,99508,108161,127057,120932,95179,120933,65226,2.09299191,65214,2.09260685,0,3,1,63829,1,132780,132780,0,0,3
132,6,2,RiverSapling_05_Translucent,MI_RiverFamily_Trunk,286104,7996,47195478,2952,984,18,0,2,7995,7994,1546,790,11,13,1,1,1,4805,3905,4123,4490,3932,3935,3920,1676,1.70325203,1703,1.73069106,0,1,1,1546,2,7995,7994,1,0,1
133,6,2,RiverSapling_05_Translucent,MI_RiverFamily_Branches,294100,59400,47198430,20988,6996,19,0,4,59204,59201,12628,7252,7,16,1,1,1,41984,24492,26942,30491,25789,22686,25746,13177,1.88350486,13204,1.88736421,0,1,1,12628,4,59204,59201,1,0,1
134,6,2,RiverSapling_05_Translucent,MI_RiverFamily_Leaves_TwoSided,353500,132790,47219418,46092,15364,20,3,1,132770,132770,17193,3222,15,18,0,0,1,103715,95912,96657,97172,43628,52396,42996,18517,1.20521999,18586,1.20971101,730,1397,1,17193,1,132770,132770,0,730,1397
135,6,3,RiverSapling_05_Translucent,MI_RiverFamily_Trunk,286104,7996,47265510,1416,472,18,0,3,7957,7955,648,298,9,13,1,1,1,2309,2058,2172,2317,1893,2101,1898,737,1.56144068,748,1.58474576,0,1,1,648,3,7957,7955,1,0,1
136,6,3,RiverSapling_05_Translucent,MI_RiverFamily_Branches,294100,59400,47266926,9936,3312,19,0,4,59187,59184,5811,3239,8,16,1,1,1,19880,12874,14051,15674,12587,11387,12557,6098,1.84118357,6137,1.85295894,0,1,1,5811,4,59187,59184,1,0,1
137,6,3,RiverSapling_05_Translucent,MI_RiverFamily_Leaves_TwoSided,353500,132790,47276862,22035,7345,20,3,9,132770,132762,9823,3350,13,18,0,0,1,49587,47595,47055,46961,27126,28507,26928,10431,1.42014976,10434,1.42055820,641,1243,1,9823,9,132770,132762,0,641,1243
138,6,4,RiverSapling_05_Translucent,MI_RiverFamily_Trunk,286104,7996,47298897,708,236,18,0,3,7957,7955,289,106,8,13,1,1,1,1159,1093,1127,1159,926,1104,933,328,1.38983051,332,1.40677966,0,1,1,289,3,7957,7955,1,0,1
139,6,4,RiverSapling_05_Translucent,MI_RiverFamily_Branches,294100,59400,47299605,5082,1694,19,0,4,58913,58910,2873,1489,7,16,1,1,1,10172,7004,7599,8507,6495,6119,6491,3028,1.78748524,3033,1.79043684,0,1,1,2873,4,58913,58910,1,0,1
140,6,4,RiverSapling_05_Translucent,MI_RiverFamily_Leaves_TwoSided,353500,132790,47304687,11121,3707,20,3,54,132770,132717,5697,2613,12,18,0,0,1,25031,24288,23855,23753,16948,16534,16880,5956,1.60669005,5987,1.61505260,438,901,1,5697,54,132770,132717,0,438,901
141,6,5,RiverSapling_05_Translucent,MI_RiverFamily_Trunk,286104,7996,47315808,354,118,18,0,81,7798,7718,132,45,8,13,1,1,1,584,555,568,584,439,553,428,146,1.23728814,147,1.24576271,0,1,1,132,81,7798,7718,1,0,1
142,6,5,RiverSapling_05_Translucent,MI_RiverFamily_Branches,294100,59400,47316162,2532,844,19,0,4,58755,58752,1376,663,7,16,1,1,1,5072,3582,3942,4463,3329,3177,3308,1449,1.71682464,1470,1.74170616,0,1,1,1376,4,58755,58752,1,0,1
143,6,5,RiverSapling_05_Translucent,MI_RiverFamily_Leaves_TwoSided,353500,132790,47318694,5544,1848,20,3,225,132770,132546,3182,1733,7,18,0,0,1,12482,12167,11904,11824,10007,9442,9985,3281,1.77543290,3311,1.79166667,273,578,1,3182,225,132770,132546,0,273,578
144,6,6,RiverSapling_05_Translucent,MI_RiverFamily_Trunk,286104,7996,47324238,114,38,18,0,108,5951,5844,38,8,7,13,1,1,1,194,199,194,194,154,205,151,44,1.15789474,43,1.13157895,0,1,1,38,108,5951,5844,1,0,1
145,6,6,RiverSapling_05_Translucent,MI_RiverFamily_Branches,294100,59400,47324352,840,280,19,0,296,50313,50018,435,190,6,16,1,1,1,1688,1284,1363,1504,1147,1138,1147,455,1.62500000,457,1.63214286,0,1,1,435,296,50313,50018,1,0,1
146,6,6,RiverSapling_05_Translucent,MI_RiverFamily_Leaves_TwoSided,353500,132790,47325192,1674,558,20,3,203,132601,132399,1088,694,8,18,0,0,1,3775,3690,3614,3582,3605,3428,3622,1112,1.99283154,1117,2.00179211,117,227,1,1088,203,132601,132399,0,117,227
147,7,0,RiverSapling_01_Translucent,MI_RiverFamily_Trunk,486290,8596,689790,12714,4238,21,0,0,8595,8596,8596,4478,2,14,1,1,1,22258,11920,13114,15976,4257,12719,4257,8600,2.02925908,8600,2.02925908,0,1,1,8596,0,8595,8596,1,0,1
148,7,0,RiverSapling_01_Translucent,MI_RiverFamily_Branches,494886,62360,702504,89238,29746,22,0,0,62359,62360,62360,35482,2,16,1,1,1,178484,81857,92038,112428,29763,89243,29763,62612,2.10488805,62612,2.10488805,0,1,1,62360,0,62359,62360,1,0,1
149,7,0,RiverSapling_01_Translucent,MI_RiverFamily_Leaves_TwoSided,557246,144011,791742,202791,67597,23,3,0,144010,144011,144011,85231,2,18,0,0,0,456288,194337,209143,255585,67614,202796,67614,147537,2.18259686,147537,2.18259686,0,3,3,144013,0,144010,144011,0,0,3
150,7,1,RiverSapling_01_Translucent,MI_RiverFamily_Trunk,486290,8596,47326866,6354,2118,21,0,2,8595,8594,3725,1935,6,14,1,1,1,11128,7222,7770,8538,8065,7120,8031,3854,1.81964117,3859,1.82200189,0,1,1,3725,2,8595,8594,1,0,1
151,7,1,RiverSapling_01_Translucent,MI_RiverFamily_Branches,494886,62360,47333220,43374,14458,22,0,2,62350,62349,27758,15982,6,16,1,1,1,86756,45682,50819,57604,50379,44897,50329,28543,1.97420113,28526,1.97302531,0,1,1,27758,2,62350,62349,1,0,1
152,7,1,RiverSapling_01_Translucent,MI_RiverFamily_Leaves_TwoSided,557246,144011,47376594,101391,33797,23,3,1,144001,144001,69114,46592,5,18,0,0,0,228138,107814,117279,137874,130808,103272,130841,70662,2.09077729,70668,2.09095482,0,3,2,69114,1,144001,144001,0,0,3
153,7,2,RiverSapling_01_Translucent,MI_RiverFamily_Trunk,486290,8596,47477985,3174,1058,21,0,2,8595,8594,1676,847,11,14,1,1,1,5563,4154,4366,4750,4214,4213,4213,1825,1.72495274,1815,1.71550095,0,1,1,1676,2,8595,8594,1,0,1
154,7,2,RiverSapling_01_Translucent,MI_RiverFamily_Branches,494886,62360,47481159,21960,7320,22,0,2,62199,62198,13283,7681,8,16,1,1,1,43928,25664,28061,32059,27158,23668,27118,13874,1.89535519,13866,1.89426230,0,1,1,13283,2,62199,62198,1,0,1
155,7,2,RiverSapling_01_Translucent,MI_RiverFamily_Leaves_TwoSided,557246,144011,47503119,49812,16604,23,3,54,143991,143938,18537,3465,14,18,0,0,1,112085,104687,105286,105411,47351,56626,46711,19984,1.20356541,19996,1.20428812,803,1521,1,18537,54,143991,143938,0,803,1521
156,7,3,RiverSapling_01_Translucent,MI_RiverFamily_Trunk,486290,8596,47552931,1524,508,21,0,3,8594,8592,703,326,9,14,1,1,1,2675,2203,2306,2587,2060,2289,2081,816,1.60629921,799,1.57283465,0,1,1,703,3,8594,8592,1,0,1
157,7,3,RiverSapling_01_Translucent,MI_RiverFamily_Branches,494886,62360,47554455,10416,3472,22,0,2,62164,62163,6186,3537,8,16,1,1,1,20840,13382,14697,16312,13283,11856,13248,6508,1.87442396,6508,1.87442396,0,1,1,6186,2,62164,62163,1,0,1
158,7,3,RiverSapling_01_Translucent,MI_RiverFamily_Leaves_TwoSided,557246,144011,47564871,24159,8053,23,3,56,143991,143936,10754,3696,12,18,0,0,1,54366,52451,51674,51550,29912,31169,29820,11421,1.41822923,11482,1.42580405,646,1321,1,10754,56,143991,143936,0,646,1321
159,7,4,RiverSapling_01_Translucent,MI_RiverFamily_Trunk,486290,8596,47589030,762,254,21,0,3,8594,8592,308,106,8,14,1,1,1,1342,1161,1201,1342,977,1193,1000,365,1.43700787,371,1.46062992,0,1,1,308,3,8594,8592,1,0,1
160,7,4,RiverSapling_01_Translucent,MI_RiverFamily_Branches,494886,62360,47589792,5346,1782,22,0,19,61873,61855,3066,1649,8,16,1,1,1,10700,7387,8004,8836,6857,6364,6830,3243,1.81986532,3237,1.81649832,0,1,1,3066,19,61873,61855,1,0,1
161,7,4,RiverSapling_01_Translucent,MI_RiverFamily_Leaves_TwoSided,557246,144011,47595138,11967,3989,23,3,56,143991,143936,6132,2887,11,18,0,0,1,26934,26151,25721,25598,18260,17738,18231,6425,1.61067937,6452,1.61744798,496,967,1,6132,56,143991,143936,0,496,967
162,7,5,RiverSapling_01_Translucent,MI_RiverFamily_Trunk,486290,8596,47607105,378,126,21,0,75,8538,8464,141,39,7,14,1,1,1,670,600,601,670,481,607,473,157,1.24603175,165,1.30952381,0,1,1,141,75,8538,8464,1,0,1
163,7,5,RiverSapling_01_Translucent,MI_RiverFamily_Branches,494886,62360,47607483,2676,892,22,0,40,60821,60782,1462,731,7,16,1,1,1,5360,3745,4058,4715,3446,3333,3437,1556,1.74439462,1559,1.74775785,0,1,1,1462,40,60821,60782,1,0,1
164,7,5,RiverSapling_01_Translucent,MI_RiverFamily_Leaves_TwoSided,557246,144011,47610159,6054,2018,23,3,56,143728,143673,3419,1850,9,18,0,0,1,13630,13326,13028,12929,10723,10318,10732,3541,1.75470763,3545,1.75668979,306,620,1,3419,56,143728,143673,0,306,620
165,7,6,RiverSapling_01_Translucent,MI_RiverFamily_Trunk,486290,8596,47616213,126,42,21,0,75,8370,8296,50,18,6,14,1,1,1,229,217,229,229,170,208,166,53,1.26190476,53,1.26190476,0,1,1,50,75,8370,8296,1,0,1
166,7,6,RiverSapling_01_Translucent,MI_RiverFamily_Branches,494886,62360,47616339,888,296,22,0,337,54717,54381,480,227,6,16,1,1,1,1784,1376,1459,1600,1245,1189,1229,497,1.67905405,503,1.69932432,0,1,1,480,337,54717,54381,1,0,1
167,7,6,RiverSapling_01_Translucent,MI_RiverFamily_Leaves_TwoSided,557246,144011,47617227,2001,667,23,3,50,143728,143679,1296,849,9,18,0,0,1,4511,4409,4317,4277,4352,4212,4341,1317,1.97451274,1324,1.98500750,161,303,1,1296,50,143728,143679,0,161,303
168,8,0,RiverSapling_04_Translucent,MI_RiverFamily_Trunk,701257,8194,994533,12114,4038,24,0,0,8193,8194,8194,4278,3,14,1,1,1,21208,11324,12482,15197,4055,12119,4055,8194,2.02922239,8194,2.02922239,0,1,1,8194,0,8193,8194,1,0,1
169,8,0,RiverSapling_04_Translucent,MI_RiverFamily_Branches,709451,67312,1006647,96306,32102,25,0,0,67311,67312,67312,38318,2,17,0,0,0,204659,88288,99309,121314,32119,96311,32119,67598,2.10572550,67598,2.10572550,0,2,2,67312,0,67311,67312,0,0,2
170,8,0,RiverSapling_04_Translucent,MI_RiverFamily_Leaves_TwoSided,776763,161406,1102953,227286,75762,26,3,0,161405,161406,161406,95526,2,18,0,0,0,511402,217813,234402,286476,75779,227291,75779,165358,2.18259814,165358,2.18259814,0,3,3,161408,0,161405,161406,0,0,3
171,8,1,RiverSapling_04_Translucent,MI_RiverFamily_Trunk,701257,8194,47619228,6054,2018,24,0,2,8193,8192,3481,1767,6,13,1,1,1,9846,7082,7430,8208,7663,7042,7649,3608,1.78790882,3619,1.79335976,0,1,1,3481,2,8193,8192,1,0,1
172,8,1,RiverSapling_04_Translucent,MI_RiverFamily_Branches,709451,67312,47625282,46914,15638,25,0,2,67290,67289,29931,17164,8,17,0,0,1,99701,49534,55138,62186,54521,48634,54437,30741,1.96578846,30723,1.96463742,0,2,1,29931,2,67290,67289,0,0,2
173,8,1,RiverSapling_04_Translucent,MI_RiverFamily_Leaves_TwoSided,776763,161406,47672196,113640,37880,26,3,1,161394,161394,77472,52348,5,18,0,0,0,255698,120523,131448,154079,146560,115777,146586,79216,2.09123548,79221,2.09136748,0,3,2,77473,1,161394,161394,0,0,3
174,8,2,RiverSapling_04_Translucent,MI_RiverFamily_Trunk,701257,8194,47785836,3024,1008,24,0,2,8193,8192,1587,803,9,13,1,1,1,4922,4048,4236,4484,4077,4081,4096,1722,1.70833333,1722,1.70833333,0,1,1,1587,2,8193,8192,1,0,1
175,8,2,RiverSapling_04_Translucent,MI_RiverFamily_Branches,709451,67312,47788860,23694,7898,25,0,2,67138,67137,14332,8262,7,17,0,0,1,50358,27506,30228,34460,29123,25499,29104,14967,1.89503672,14997,1.89883515,0,2,1,14332,2,67138,67137,0,0,2
176,8,2,RiverSapling_04_Translucent,MI_RiverFamily_Leaves_TwoSided,776763,161406,47812554,56478,18826,26,3,0,161386,161387,21205,3984,14,18,0,0,1,127084,118416,119350,120224,53032,63590,52359,22787,1.21040051,22796,1.21087857,863,1646,1,21205,0,161386,161387,0,863,1646
177,8,3,RiverSapling_04_Translucent,MI_RiverFamily_Trunk,701257,8194,47869032,1452,484,24,0,3,8192,8190,673,302,9,13,1,1,1,2368,2086,2217,2376,1946,2130,1948,752,1.55371901,763,1.57644628,0,1,1,673,3,8192,8190,1,0,1
178,8,3,RiverSapling_04_Translucent,MI_RiverFamily_Branches,709451,67312,47870484,11256,3752,25,0,7,67127,67121,6597,3693,7,17,0,0,1,23927,14396,15845,17835,14150,12779,14114,6946,1.85127932,6943,1.85047974,0,2,1,6597,7,67127,67121,0,0,2
179,8,3,RiverSapling_04_Translucent,MI_RiverFamily_Leaves_TwoSided,776763,161406,47881740,26973,8991,26,3,1,161382,161382,12180,4198,11,18,0,0,1,60698,58727,58176,58159,33399,34475,33274,12887,1.43332221,12930,1.43810477,743,1479,1,12180,1,161382,161382,0,743,1479
180,8,4,RiverSapling_04_Translucent,MI_RiverFamily_Trunk,701257,8194,47908713,726,242,24,0,3,8192,8190,298,104,9,13,1,1,1,1188,1109,1151,1188,953,1143,953,340,1.40495868,352,1.45454545,0,1,1,298,3,8192,8190,1,0,1
181,8,4,RiverSapling_04_Translucent,MI_RiverFamily_Branches,709451,67312,47909439,5772,1924,25,0,17,66819,66803,3290,1749,7,17,0,0,1,12274,7901,8661,9636,7348,6886,7326,3481,1.80925156,3479,1.80821206,0,2,1,3290,17,66819,66803,0,0,2
182,8,4,RiverSapling_04_Translucent,MI_RiverFamily_Leaves_TwoSided,776763,161406,47915211,13461,4487,26,3,1,161315,161315,7039,3284,11,18,0,0,1,30296,29656,29241,29325,20686,19771,20606,7321,1.63160241,7326,1.63271674,513,1043,1,7039,1,161315,161315,0,513,1043
183,8,5,RiverSapling_04_Translucent,MI_RiverFamily_Trunk,701257,8194,47928672,360,120,24,0,97,8192,8096,139,41,7,13,1,1,1,593,575,576,593,463,571,455,154,1.28333333,152,1.26666667,0,1,1,139,97,8192,8096,1,0,1
184,8,5,RiverSapling_04_Translucent,MI_RiverFamily_Branches,709451,67312,47929032,2886,962,25,0,17,66670,66654,1580,785,7,17,0,0,1,6141,4165,4494,5156,3754,3662,3733,1687,1.75363825,1690,1.75675676,0,2,1,1580,17,66670,66654,0,0,2
185,8,5,RiverSapling_04_Translucent,MI_RiverFamily_Leaves_TwoSided,776763,161406,47931918,6762,2254,26,3,56,161329,161274,3986,2225,11,18,0,0,1,15223,14951,14732,14807,12309,11407,12320,4122,1.82874889,4110,1.82342502,335,696,1,3986,56,161329,161274,0,335,696
186,8,6,RiverSapling_04_Translucent,MI_RiverFamily_Trunk,701257,8194,47938680,120,40,24,0,97,6754,6658,46,14,7,13,1,1,1,203,208,203,203,165,204,168,51,1.27500000,51,1.27500000,0,1,1,46,97,6754,6658,1,0,1
187,8,6,RiverSapling_04_Translucent,MI_RiverFamily_Branches,709451,67312,47938800,948,316,25,0,298,60222,59925,494,223,9,16,1,1,1,1904,1412,1579,1720,1280,1297,1278,521,1.64873418,522,1.65189873,0,1,1,494,298,60222,59925,1,0,1
188,8,6,RiverSapling_04_Translucent,MI_RiverFamily_Leaves_TwoSided,776763,161406,47939748,2229,743,26,3,344,161329,160986,1521,1019,6,18,0,0,1,5024,4974,4930,5040,4982,4536,4971,1550,2.08613728,1550,2.08613728,165,319,1,1521,344,161329,160986,0,165,319
189,9,0,RiverSapling_03_Translucent,MI_RiverFamily_Trunk,938169,8295,1330239,12264,4088,27,0,0,8294,8295,8295,4328,4,14,1,1,1,21470,11494,12647,15365,12356,12270,12456,8297,2.02959883,8297,2.02959883,0,1,1,8295,0,8294,8295,1,0,1
190,9,0,RiverSapling_03_Translucent,MI_RiverFamily_Branches,946464,62742,1342503,89784,29928,28,0,0,62741,62742,62742,35700,2,16,1,1,1,179576,81999,92599,113079,29945,89789,29945,62998,2.10498530,62998,2.10498530,0,1,1,62742,0,62741,62742,1,0,1
191,9,0,RiverSapling_03_Translucent,MI_RiverFamily_Leaves_TwoSided,1009206,145383,1432287,204723,68241,29,3,0,145382,145383,145383,86043,2,18,0,0,0,460635,196191,211147,257986,68258,204728,68258,148943,2.18260283,148943,2.18260283,0,3,3,145385,0,145382,145383,0,0,3
192,9,1,RiverSapling_03_Translucent,MI_RiverFamily_Trunk,938169,8295,47941977,6132,2044,27,0,2,8294,8293,3566,1851,7,14,1,1,1,10739,7150,7672,8497,7881,7018,7883,3690,1.80528376,3698,1.80919765,0,1,1,3566,2,8294,8293,1,0,1
193,9,1,RiverSapling_03_Translucent,MI_RiverFamily_Branches,946464,62742,47948109,43578,14526,28,0,2,62732,62731,27874,16017,7,16,1,1,1,87164,46046,51087,57809,50459,45191,50404,28635,1.97129285,28674,1.97397770,0,1,1,27874,2,62732,62731,1,0,1
194,9,1,RiverSapling_03_Translucent,MI_RiverFamily_Leaves_TwoSided,1009206,145383,47991687,102357,34119,29,3,1,145373,145373,69802,47184,5,18,0,0,0,230312,108618,118405,138880,132163,104222,132172,71447,2.09405317,71436,2.09373077,0,3,2,69802,1,145373,145373,0,0,3
195,9,2,RiverSapling_03_Translucent,MI_RiverFamily_Trunk,938169,8295,48094044,3066,1022,27,0,2,8294,8293,1620,798,9,14,1,1,1,5374,4006,4194,4441,3961,3989,4000,1739,1.70156556,1765,1.72700587,0,1,1,1620,2,8294,8293,1,0,1
196,9,2,RiverSapling_03_Translucent,MI_RiverFamily_Branches,946464,62742,48097110,22050,7350,28,0,2,62539,62538,13394,7790,7,16,1,1,1,44108,25762,28265,32279,27135,23818,27106,13966,1.90013605,14043,1.91061224,0,1,1,13394,2,62539,62538,1,0,1
197,9,2,RiverSapling_03_Translucent,MI_RiverFamily_Leaves_TwoSided,1009206,145383,48119160,50904,16968,29,3,9,145363,145355,18941,3484,15,18,0,0,1,114542,106755,107281,107597,48039,57548,47375,20398,1.20214521,20442,1.20473833,903,1667,1,18941,9,145363,145355,0,903,1667
198,9,3,RiverSapling_03_Translucent,MI_RiverFamily_Trunk,938169,8295,48170064,1470,490,27,0,6,8293,8288,677,303,10,14,1,1,1,2581,2106,2239,2405,1977,2205,1978,771,1.57346939,784,1.60000000,0,1,1,677,6,8293,8288,1,0,1
199,9,3,RiverSapling_03_Translucent,MI_RiverFamily_Branches,946464,62742,48171534,10452,3484,28,0,19,62431,62413,6214,3558,7,16,1,1,1,20912,13447,14714,16462,13327,11891,13342,6519,1.87112514,6552,1.88059701,0,1,1,6214,19,62431,62413,1,0,1
200,9,3,RiverSapling_03_Translucent,MI_RiverFamily_Leaves_TwoSided,1009206,145383,48181986,23754,7918,29,3,9,145359,145351,10539,3537,14,18,0,0,1,53455,51415,50804,50630,29474,30922,29420,11151,1.40831018,11189,1.41310937,745,1400,1,10539,9,145359,145351,0,745,1400
201,9,4,RiverSapling_03_Translucent,MI_RiverFamily_Trunk,938169,8295,48205740,732,244,27,0,6,8293,8288,308,119,8,14,1,1,1,1289,1111,1160,1289,980,1167,965,346,1.41803279,362,1.48360656,0,1,1,308,6,8293,8288,1,0,1
202,9,4,RiverSapling_03_Translucent,MI_RiverFamily_Branches,946464,62742,48206472,5382,1794,28,0,30,62245,62216,3089,1645,7,16,1,1,1,10772,7421,8065,9093,6924,6415,6866,3261,1.81772575,3266,1.82051282,0,1,1,3089,30,62245,62216,1,0,1
203,9,4,RiverSapling_03_Translucent,MI_RiverFamily_Leaves_TwoSided,1009206,145383,48211854,11871,3957,29,3,9,145359,145351,6174,2912,11,18,0,0,1,26718,25946,25494,25354,18356,17611,18361,6435,1.62623199,6446,1.62901188,457,940,1,6174,9,145359,145351,0,457,940
204,9,5,RiverSapling_03_Translucent,MI_RiverFamily_Trunk,938169,8295,48223725,366,122,27,0,6,8233,8228,148,48,7,14,1,1,1,649,584,584,649,497,605,491,168,1.37704918,167,1.36885246,0,1,1,148,6,8233,8228,1,0,1
205,9,5,RiverSapling_03_Translucent,MI_RiverFamily_Branches,946464,62742,48224091,2664,888,28,0,79,59859,59781,1465,734,7,16,1,1,1,5336,3788,4168,4694,3494,3349,3447,1564,1.76126126,1577,1.77590090,0,1,1,1465,79,59859,59781,1,0,1
206,9,5,RiverSapling_03_Translucent,MI_RiverFamily_Leaves_TwoSided,1009206,145383,48226755,5919,1973,29,3,60,145359,145300,3393,1872,8,18,0,0,1,13326,13026,12741,12642,10826,10227,10767,3498,1.77293462,3500,1.77394830,329,660,1,3393,60,145359,145300,0,329,660
207,9,6,RiverSapling_03_Translucent,MI_RiverFamily_Trunk,938169,8295,48232674,120,40,27,0,75,6804,6730,40,7,7,13,1,1,1,203,208,203,203,166,212,157,44,1.10000000,46,1.15000000,0,1,1,40,77,6804,6728,1,0,1
208,9,6,RiverSapling_03_Translucent,MI_RiverFamily_Branches,946464,62742,48232794,858,286,28,0,334,58657,58324,467,233,7,16,1,1,1,1724,1332,1399,1540,1170,1162,1177,496,1.73426573,492,1.72027972,0,1,1,467,334,58657,58324,1,0,1
209,9,6,RiverSapling_03_Translucent,MI_RiverFamily_Leaves_TwoSided,1009206,145383,48233652,1923,641,29,3,60,145149,145090,1237,775,7,18,0,0,1,4335,4242,4152,4207,4214,3930,4194,1268,1.97815913,1271,1.98283931,139,284,1,1237,60,145149,145090,0,139,284
210,10,0,RiverForest_03_Animated_Translucent,MI_RiverFamily_Trunk,1154589,28182,1637010,40944,13648,30,0,0,28181,28182,28182,15420,2,15,1,1,1,76778,37616,42214,51168,13665,40949,13665,28202,2.06638335,28202,2.06638335,0,1,1,28182,0,28181,28182,1,0,1
211,10,0,RiverForest_03_Animated_Translucent,MI_RiverFamily_Branches,1182771,285964,1677954,408846,136282,31,0,0,285963,285964,285964,163082,2,19,0,0,0,971018,387735,421658,515254,136299,408851,136299,286220,2.10020399,286220,2.10020399,0,5,5,285966,0,285963,285964,0,0,5
212,10,0,RiverForest_03_Animated_Translucent,MI_RiverFamily_Leaves_TwoSided,1468735,383817,2086800,540477,180159,32,3,0,383816,383817,383817,227157,2,19,0,0,0,1283641,517958,557421,681157,180176,540482,180176,393215,2.18259981,393215,2.18259981,0,6,6,383823,0,383816,383817,0,0,6
213,10,1,RiverForest_03_Animated_Translucent,MI_RiverFamily_Trunk,1154589,28182,48235575,20460,6820,30,0,0,28166,28167,12599,7510,9,15,1,1,1,38371,22046,23885,27327,23930,22091,23942,13004,1.90674487,13026,1.90997067,0,1,1,12599,0,28166,28167,1,0,1
214,10,1,RiverForest_03_Animated_Translucent,MI_RiverFamily_Branches,1182771,285964,48256035,198138,66046,31,0,1,285959,285959,132911,80975,7,19,0,0,0,470586,203191,228169,261257,228372,200776,228146,135421,2.05040426,135318,2.04884474,0,5,3,132912,1,285959,285959,0,0,5
215,10,1,RiverForest_03_Animated_Translucent,MI_RiverFamily_Leaves_TwoSided,1468735,383817,48454173,270237,90079,32,3,1,383807,383807,183590,124345,5,19,0,0,0,641821,287897,312629,369701,346001,275825,346043,187700,2.08372651,187708,2.08381532,0,6,3,183591,1,383807,383807,0,0,6
216,10,2,RiverForest_03_Animated_Translucent,MI_RiverFamily_Trunk,1154589,28182,48724410,10230,3410,30,0,4,28166,28163,5480,2835,10,15,1,1,1,19190,12574,13470,14820,12389,12160,12427,5864,1.71964809,5876,1.72316716,0,1,1,5480,4,28166,28163,1,0,1
217,10,2,RiverForest_03_Animated_Translucent,MI_RiverFamily_Branches,1182771,285964,48734640,97974,32658,31,0,1,285954,285954,64505,39917,7,19,0,0,1,232697,108649,121201,138372,116408,101025,116299,66040,2.02216915,66029,2.02183232,0,5,1,64505,1,285954,285954,0,0,5
218,10,2,RiverForest_03_Animated_Translucent,MI_RiverFamily_Leaves_TwoSided,1468735,383817,48832614,131577,43859,32,3,5,383793,383789,36514,5380,21,19,0,0,1,312504,308097,310257,310385,134443,192567,130690,44788,1.02118151,45078,1.02779361,13831,19881,1,36514,5,383793,383789,0,13831,19881
219,10,3,RiverForest_03_Animated_Translucent,MI_RiverFamily_Trunk,1154589,28182,48964191,4884,1628,30,0,4,28135,28132,2344,979,8,15,1,1,1,9166,6513,7065,7732,6051,6375,6041,2541,1.56081081,2566,1.57616708,0,1,1,2344,4,28135,28132,1,0,1
220,10,3,RiverForest_03_Animated_Translucent,MI_RiverFamily_Branches,1182771,285964,48969075,47544,15848,31,0,16,285954,285939,30187,18440,8,19,0,0,1,112925,56243,62736,71812,57070,49937,56978,31060,1.95986875,31078,1.96100454,0,5,1,30187,16,285954,285939,0,0,5
221,10,3,RiverForest_03_Animated_Translucent,MI_RiverFamily_Leaves_TwoSided,1468735,383817,49016619,62202,20734,32,3,54,383777,383724,17411,3914,23,19,0,0,1,147738,149387,148752,147995,72792,112088,71280,21016,1.01360085,21288,1.02671940,9216,12545,1,17411,54,383777,383724,0,9216,12545
222,10,4,RiverForest_03_Animated_Translucent,MI_RiverFamily_Trunk,1154589,28182,49078821,2436,812,30,0,75,28067,27993,1136,424,7,15,1,1,1,4576,3445,3785,4150,3146,3430,3117,1216,1.49753695,1234,1.51970443,0,1,1,1136,75,28067,27993,1,0,1
223,10,4,RiverForest_03_Animated_Translucent,MI_RiverFamily_Branches,1182771,285964,49081257,24162,8054,31,0,115,285954,285840,14663,8619,6,19,0,0,1,57393,30174,33754,38464,29091,25924,29016,15190,1.88601937,15213,1.88887509,0,5,1,14663,115,285954,285840,0,0,5
224,10,4,RiverForest_03_Animated_Translucent,MI_RiverFamily_Leaves_TwoSided,1468735,383817,49105419,30513,10171,32,3,60,383789,383730,9165,2563,19,19,0,0,1,72477,74235,73388,72719,39789,63650,39274,10699,1.05191230,10765,1.05840134,5605,7361,1,9165,60,383789,383730,0,5605,7361
225,10,5,RiverForest_03_Animated_Translucent,MI_RiverFamily_Trunk,1154589,28182,49135932,1212,404,30,0,220,27579,27360,561,206,7,15,1,1,1,2281,1879,2012,2137,1623,1833,1638,607,1.50247525,613,1.51732673,0,1,1,561,220,27579,27360,1,0,1
226,10,5,RiverForest_03_Animated_Translucent,MI_RiverFamily_Branches,1182771,285964,49137144,12150,4050,31,0,157,285954,285798,6977,3771,8,19,0,0,1,28865,16139,17914,20571,14484,13444,14439,7232,1.78567901,7278,1.79703704,0,5,1,6977,157,285954,285798,0,0,5
227,10,5,RiverForest_03_Animated_Translucent,MI_RiverFamily_Leaves_TwoSided,1468735,383817,49149294,15048,5016,32,3,274,383789,383516,5010,1621,19,19,0,0,1,35747,36878,36237,35899,21847,34244,21799,5618,1.12001595,5631,1.12260766,3167,4075,1,5010,274,383789,383516,0,3167,4075
228,10,6,RiverForest_03_Animated_Translucent,MI_RiverFamily_Trunk,1154589,28182,49164342,402,134,30,0,2237,22252,20016,177,54,7,15,1,1,1,762,661,689,762,557,657,551,197,1.47014925,198,1.47761194,0,1,1,177,2237,22252,20016,1,0,1
229,10,6,RiverForest_03_Animated_Translucent,MI_RiverFamily_Branches,1182771,285964,49164744,4002,1334,31,0,409,244644,244236,2175,1085,8,18,0,0,1,9013,5776,6513,7572,4894,4786,4886,2253,1.68890555,2263,1.69640180,0,3,1,2175,409,244644,244236,0,0,3
230,10,6,RiverForest_03_Animated_Translucent,MI_RiverFamily_Leaves_TwoSided,1468735,383817,49168746,4707,1569,32,3,274,383636,383363,1905,735,15,19,0,0,1,11188,11575,11338,11236,8171,11579,8148,2034,1.29636711,2025,1.29063098,1205,1443,1,1905,274,383636,383363,0,1205,1443
231,11,0,RiverForest_01_Animated_Translucent,MI_RiverFamily_Trunk,1852552,28182,2627277,40944,13648,33,0,0,28181,28182,28182,15420,2,15,1,1,1,76778,37616,42214,51168,13665,40949,13665,28202,2.06638335,28202,2.06638335,0,1,1,28182,0,28181,28182,1,0,1
232,11,0,RiverForest_01_Animated_Translucent,MI_RiverFamily_Branches,1880734,289706,2668221,414198,138066,34,0,0,289705,289706,289706,165214,2,19,0,0,0,983729,392653,427179,522006,138083,414203,138083,289952,2.10009706,289952,2.10009706,0,5,5,289710,0,289705,289706,0,0,5
233,11,0,RiverForest_01_Animated_Translucent,MI_RiverFamily_Leaves_TwoSided,2170440,389599,3082419,548619,182873,35,3,0,389598,389599,389599,230579,2,19,0,0,0,1302979,525753,565821,691427,182890,548624,182890,399139,2.18260213,399139,2.18260213,0,6,6,389605,0,389598,389599,0,0,6
234,11,1,RiverForest_01_Animated_Translucent,MI_RiverFamily_Trunk,1852552,28182,49173453,20460,6820,33,0,0,28166,28167,12612,7514,9,15,1,1,1,38371,22012,23941,27231,23923,22068,23935,13049,1.91334311,13087,1.91891496,0,1,1,12612,0,28166,28167,1,0,1
235,11,1,RiverForest_01_Animated_Translucent,MI_RiverFamily_Branches,1880734,289706,49193913,200334,66778,34,0,2,289701,289700,134509,81492,9,19,0,0,0,475802,203799,229067,263162,229575,202875,229347,136878,2.04974692,136833,2.04907305,0,5,3,134509,2,289701,289700,0,0,5
236,11,1,RiverForest_01_Animated_Translucent,MI_RiverFamily_Leaves_TwoSided,2170440,389599,49394247,274305,91435,35,3,1,389589,389589,186302,126065,6,19,0,0,0,651483,292029,317313,373841,350934,280018,350985,190380,2.08213485,190400,2.08235358,0,6,3,186303,1,389589,389589,0,0,6
237,11,2,RiverForest_01_Animated_Translucent,MI_RiverFamily_Trunk,1852552,28182,49668552,10224,3408,33,0,4,28146,28143,5451,2786,9,15,1,1,1,19178,12508,13429,14812,12374,12146,12349,5805,1.70334507,5837,1.71273474,0,1,1,5451,4,28146,28143,1,0,1
238,11,2,RiverForest_01_Animated_Translucent,MI_RiverFamily_Branches,1880734,289706,49678776,99972,33324,34,0,2,289701,289700,65695,40465,7,19,0,0,0,237442,109651,122726,140364,118053,102895,117975,67193,2.01635458,67206,2.01674469,0,5,2,65695,2,289701,289700,0,0,5
239,11,2,RiverForest_01_Animated_Translucent,MI_RiverFamily_Leaves_TwoSided,2170440,389599,49778748,134988,44996,35,3,25,389579,389555,37455,5494,23,19,0,0,1,320605,316520,317768,318645,137957,197739,133947,46006,1.02244644,46362,1.03035825,14081,20381,1,37455,25,389579,389555,0,14081,20381
240,11,3,RiverForest_01_Animated_Translucent,MI_RiverFamily_Trunk,1852552,28182,49913736,4902,1634,33,0,4,28142,28139,2348,979,8,15,1,1,1,9200,6577,6990,7757,5998,6360,5969,2541,1.55507956,2577,1.57711138,0,1,1,2348,4,28142,28139,1,0,1
241,11,3,RiverForest_01_Animated_Translucent,MI_RiverFamily_Branches,1880734,289706,49918638,48006,16002,34,0,2,289701,289700,30258,18358,7,19,0,0,1,114023,56367,62534,72320,57431,50411,57369,31176,1.94825647,31136,1.94575678,0,5,1,30258,2,289701,289700,0,0,5
242,11,3,RiverForest_01_Animated_Translucent,MI_RiverFamily_Leaves_TwoSided,2170440,389599,49966644,62775,20925,35,3,25,389583,389559,17426,3905,25,19,0,0,1,149099,150700,150162,149196,73117,114070,71918,21106,1.00864994,21351,1.02035842,9332,12742,1,17426,25,389583,389559,0,9332,12742
243,11,4,RiverForest_01_Animated_Translucent,MI_RiverFamily_Trunk,1852552,28182,50029419,2442,814,33,0,4,27920,27917,1134,431,8,15,1,1,1,4587,3484,3794,4158,3115,3420,3090,1214,1.49140049,1242,1.52579853,0,1,1,1134,4,27920,27917,1,0,1
244,11,4,RiverForest_01_Animated_Translucent,MI_RiverFamily_Branches,1880734,289706,50031861,24444,8148,34,0,118,289696,289579,14639,8422,7,19,0,0,1,58063,30425,34063,38617,29156,26287,29025,15147,1.85898380,15159,1.86045655,0,5,1,14639,118,289696,289579,0,0,5
245,11,4,RiverForest_01_Animated_Translucent,MI_RiverFamily_Leaves_TwoSided,2170440,389599,50056305,31203,10401,35,3,33,389514,389482,9284,2542,28,19,0,0,1,74116,75774,74934,74279,40163,64584,39512,10774,1.03586194,10902,1.04816845,5704,7563,1,9284,33,389514,389482,0,5704,7563
246,11,5,RiverForest_01_Animated_Translucent,MI_RiverFamily_Trunk,1852552,28182,50087508,1212,404,33,0,218,27920,27703,554,190,7,15,1,1,1,2281,1843,2012,2137,1595,1823,1580,601,1.48762376,605,1.49752475,0,1,1,554,218,27920,27703,1,0,1
247,11,5,RiverForest_01_Animated_Translucent,MI_RiverFamily_Branches,1880734,289706,50088720,12324,4108,34,0,118,289682,289565,6928,3621,6,19,0,0,1,29278,16320,18132,20812,14574,13755,14529,7204,1.75365141,7250,1.76484907,0,4,1,6928,118,289682,289565,0,0,4
248,11,5,RiverForest_01_Animated_Translucent,MI_RiverFamily_Leaves_TwoSided,2170440,389599,50101044,15255,5085,35,3,9,389551,389543,5122,1606,22,19,0,0,1,36239,37336,36675,36391,21941,34314,21814,5713,1.12350049,5743,1.12940020,3177,4088,1,5122,9,389551,389543,0,3177,4088
249,11,6,RiverForest_01_Animated_Translucent,MI_RiverFamily_Trunk,1852552,28182,50116299,408,136,33,0,3838,26478,22641,176,52,7,15,1,1,1,773,691,718,773,550,665,547,191,1.40441176,196,1.44117647,0,1,1,176,3838,26478,22641,1,0,1
250,11,6,RiverForest_01_Animated_Translucent,MI_RiverFamily_Branches,1880734,289706,50116707,4056,1352,34,0,451,267314,266864,2197,1039,6,19,0,0,1,9641,5897,6618,7611,4979,4833,4937,2302,1.70266272,2303,1.70340237,0,4,1,2197,451,267314,266864,0,0,4
251,11,6,RiverForest_01_Animated_Translucent,MI_RiverFamily_Leaves_TwoSided,2170440,389599,50120763,4977,1659,35,3,356,389306,388951,2044,832,14,19,0,0,1,11829,12227,11971,11877,8572,12147,8626,2168,1.30681133,2202,1.32730561,1232,1512,1,2044,356,389306,388951,0,1232,1512
252,12,0,RiverForest_05_Animated_Translucent,MI_RiverFamily_Trunk,2560039,28132,3631038,40872,13624,36,0,0,28131,28132,28132,15392,2,15,1,1,1,76643,37566,42142,51075,13641,40877,13641,28164,2.06723429,28164,2.06723429,0,1,1,28132,0,28131,28132,1,0,1
253,12,0,RiverForest_05_Animated_Translucent,MI_RiverFamily_Branches,2588171,289168,3671910,413424,137808,37,0,0,289167,289168,289168,164912,2,19,0,0,0,981890,392068,426383,521032,137825,413429,137825,289408,2.10008127,289408,2.10008127,0,5,5,289168,0,289167,289168,0,0,5
254,12,0,RiverForest_05_Animated_Translucent,MI_RiverFamily_Leaves_TwoSided,2877339,389599,4085334,548619,182873,38,3,0,389598,389599,389599,230579,2,19,0,0,0,1302979,525753,565821,691427,182890,548624,182890,399139,2.18260213,399139,2.18260213,0,6,6,389605,0,389598,389599,0,0,6
255,12,1,RiverForest_05_Animated_Translucent,MI_RiverFamily_Trunk,2560039,28132,50125740,20424,6808,36,0,0,28116,28117,12588,7518,10,15,1,1,1,38303,22011,23818,27282,23895,21977,23911,12987,1.90760870,13034,1.91451234,0,1,1,12588,0,28116,28117,1,0,1
256,12,1,RiverForest_05_Animated_Translucent,MI_RiverFamily_Branches,2588171,289168,50146164,200022,66674,37,0,2,289166,289165,133914,81349,8,19,0,0,0,475061,205041,230322,263977,230172,202722,229961,136432,2.04625491,136392,2.04565498,0,5,3,133916,2,289166,289165,0,0,5
257,12,1,RiverForest_05_Animated_Translucent,MI_RiverFamily_Leaves_TwoSided,2877339,389599,50346186,274305,91435,38,3,1,389587,389587,186236,126037,5,19,0,0,0,651483,292253,317313,375089,350675,280126,350755,190393,2.08227703,190379,2.08212391,0,6,3,186239,1,389587,389587,0,0,6
258,12,2,RiverForest_05_Animated_Translucent,MI_RiverFamily_Trunk,2560039,28132,50620491,10212,3404,36,0,4,28108,28105,5448,2774,9,15,1,1,1,19156,12540,13385,14701,12247,12079,12267,5825,1.71122209,5851,1.71886016,0,1,1,5448,4,28108,28105,1,0,1
259,12,2,RiverForest_05_Animated_Translucent,MI_RiverFamily_Branches,2588171,289168,50630703,99222,33074,37,0,5,289158,289154,65322,40353,7,19,0,0,1,235661,109881,122716,140198,117647,102357,117540,66843,2.02101348,66878,2.02207172,0,5,1,65322,5,289158,289154,0,0,5
260,12,2,RiverForest_05_Animated_Translucent,MI_RiverFamily_Leaves_TwoSided,2877339,389599,50729925,133707,44569,38,3,9,389587,389579,37214,5452,22,19,0,0,1,317563,313598,314686,315950,137399,194838,133182,45666,1.02461352,45823,1.02813615,13730,19875,1,37214,9,389587,389579,0,13730,19875
261,12,3,RiverForest_05_Animated_Translucent,MI_RiverFamily_Trunk,2560039,28132,50863632,4878,1626,36,0,13,28092,28080,2333,975,8,15,1,1,1,9155,6518,7059,7628,5974,6344,5973,2540,1.56211562,2555,1.57134071,0,1,1,2333,13,28092,28080,1,0,1
262,12,3,RiverForest_05_Animated_Translucent,MI_RiverFamily_Branches,2588171,289168,50868510,48096,16032,37,0,12,289158,289147,30584,18746,8,19,0,0,1,114236,56964,63388,72492,57978,50563,57875,31532,1.96681637,31507,1.96525699,0,5,1,30584,12,289158,289147,0,0,5
263,12,3,RiverForest_05_Animated_Translucent,MI_RiverFamily_Leaves_TwoSided,2877339,389599,50916606,62760,20920,38,3,9,389561,389553,17544,3932,23,19,0,0,1,149063,150594,149872,149354,73406,113105,71831,21178,1.01233270,21461,1.02586042,9288,12821,1,17544,9,389561,389553,0,9288,12821
264,12,4,RiverForest_05_Animated_Translucent,MI_RiverFamily_Trunk,2560039,28132,50979366,2430,810,36,0,218,27844,27627,1124,426,8,15,1,1,1,4565,3438,3713,4142,3123,3401,3096,1210,1.49382716,1230,1.51851852,0,1,1,1124,218,27844,27627,1,0,1
265,12,4,RiverForest_05_Animated_Translucent,MI_RiverFamily_Branches,2588171,289168,50981796,24318,8106,37,0,115,289158,289044,14708,8555,7,19,0,0,1,57764,30567,33782,38973,29138,26183,29096,15218,1.87737478,15224,1.87811498,0,5,1,14708,115,289158,289044,0,0,5
266,12,4,RiverForest_05_Animated_Translucent,MI_RiverFamily_Leaves_TwoSided,2877339,389599,51006114,31470,10490,38,3,150,389420,389271,9386,2528,25,19,0,0,1,74750,76300,75671,75070,40615,64905,40270,10962,1.04499523,11010,1.04957102,5661,7463,1,9386,150,389420,389271,0,5661,7463
267,12,5,RiverForest_05_Animated_Translucent,MI_RiverFamily_Trunk,2560039,28132,51037584,1218,406,36,0,540,27529,26990,550,190,8,15,1,1,1,2292,1832,1990,2148,1627,1809,1623,603,1.48522167,599,1.47536946,0,1,1,550,540,27529,26990,1,0,1
268,12,5,RiverForest_05_Animated_Translucent,MI_RiverFamily_Branches,2588171,289168,51038802,12336,4112,37,0,129,289144,289016,7040,3742,6,19,0,0,1,29306,16464,18240,20944,14685,13761,14627,7342,1.78550584,7329,1.78234436,0,5,1,7040,129,289144,289016,0,0,5
269,12,5,RiverForest_05_Animated_Translucent,MI_RiverFamily_Leaves_TwoSided,2877339,389599,51051138,15537,5179,38,3,150,389414,389265,5130,1637,22,19,0,0,1,36909,38079,37382,37047,22273,35302,21933,5736,1.10754972,5755,1.11121838,3255,4207,1,5130,150,389414,389265,0,3255,4207
270,12,6,RiverForest_05_Animated_Translucent,MI_RiverFamily_Trunk,2560039,28132,51066675,402,134,36,0,2173,21981,19809,173,56,7,15,1,1,1,762,663,689,762,549,634,541,183,1.36567164,188,1.40298507,0,1,1,173,2173,21981,19809,1,0,1
271,12,6,RiverForest_05_Animated_Translucent,MI_RiverFamily_Branches,2588171,289168,51067077,4038,1346,37,0,409,266755,266347,2159,1030,6,19,0,0,1,9599,5809,6516,7548,4878,4896,4858,2248,1.67013373,2247,1.66939079,0,4,1,2159,409,266755,266347,0,0,4
272,12,6,RiverForest_05_Animated_Translucent,MI_RiverFamily_Leaves_TwoSided,2877339,389599,51071115,4935,1645,38,3,372,389306,388935,2001,795,15,19,0,0,1,11729,12137,11888,11777,8416,12064,8442,2138,1.29969605,2161,1.31367781,1214,1489,1,2001,372,389306,388935,0,1214,1489
273,13,0,QueenForest_02_Animated_Translucent,MI_QueenPalm_Trunk,3266938,5046,4633953,7500,2500,39,0,0,5045,5046,5046,2595,3,13,1,1,1,12196,7202,7727,9382,7427,7506,7427,5048,2.01920000,5048,2.01920000,0,1,1,5046,0,5045,5046,1,0,1
274,13,0,QueenForest_02_Animated_Translucent,MI_QueenPalm_Leaves_TwoSided,3271984,414800,4641453,622200,207400,40,3,0,414799,414800,414800,207400,2,19,0,0,0,1477733,518500,641720,706433,207417,622205,207417,414800,2.00000000,414800,2.00000000,0,7,7,414800,0,414799,414800,0,0,7
275,13,0,QueenForest_02_Animated_Translucent,MI_QueenPalm_FruitBranches,3686784,80136,5263653,116208,38736,41,0,0,80135,80136,80136,44064,2,17,0,0,0,246950,111364,119856,146416,38753,116213,38753,80322,2.07357497,80322,2.07357497,0,2,2,80136,0,80135,80136,0,0,2
276,13,0,QueenForest_02_Animated_Translucent,MI_QueenPalm_DriedBranches,3766920,16440,5379861,24480,8160,42,0,0,16439,16440,16440,8400,2,15,1,1,1,45908,23460,25248,30772,8177,24485,8177,16442,2.01495098,16442,2.01495098,0,1,1,16440,0,16439,16440,1,0,1
277,13,0,QueenForest_02_Animated_Translucent,MI_QueenPalm_Branches,3783360,22656,5404341,33408,11136,43,0,0,22655,22656,22656,11904,2,15,1,1,1,62648,32016,34462,42064,11153,33413,11153,22658,2.03466236,22658,2.03466236,0,1,1,22656,0,22655,22656,1,0,1
278,13,0,QueenForest_02_Animated_Translucent,MI_QueenPalm_OldBranches,3806016,18816,5437749,27648,9216,44,0,0,18815,18816,18816,9984,2,15,1,1,1,51848,26496,28507,34848,9233,27653,9233,18834,2.04361979,18834,2.04361979,0,1,1,18816,0,18815,18816,1,0,1
279,13,0,QueenForest_02_Animated_Translucent,MI_QueenPalm_DeadLeaves_TwoSided,3824832,82880,5465397,120768,40256,45,3,0,82879,82880,82880,44992,2,17,0,0,0,256640,104192,124541,152152,40273,120773,40273,82880,2.05882353,82880,2.05882353,0,2,2,82880,0,82879,82880,0,0,2
280,13,0,QueenForest_02_Animated_Translucent,MI_QueenPalm_Berries,3907712,234600,5586165,331200,110400,46,0,0,234599,234600,234600,138000,2,18,0,0,0,745208,284280,341592,417408,110417,331205,110417,234600,2.12500000,234600,2.12500000,0,4,4,234600,0,234599,234600,0,0,4
281,13,1,QueenForest_02_Animated_Translucent,MI_QueenPalm_Trunk,3266938,5046,51076050,3750,1250,39,0,0,5036,5037,2263,1136,7,13,1,1,1,6102,4310,4555,5089,4488,4258,4501,2329,1.86320000,2335,1.86800000,0,1,1,2263,0,5036,5037,1,0,1
282,13,1,QueenForest_02_Animated_Translucent,MI_QueenPalm_Leaves_TwoSided,3271984,414800,51079800,311097,103699,40,3,0,414794,414795,180266,98207,7,19,0,0,0,738864,371722,385592,429730,374774,320491,374712,187919,1.81215827,188002,1.81295866,1,9,3,180269,0,414794,414795,0,1,9
283,13,1,QueenForest_02_Animated_Translucent,MI_QueenPalm_FruitBranches,3686784,80136,51390897,58104,19368,41,0,0,80099,80100,36856,21924,7,17,0,0,1,123479,69096,72436,79862,68300,64513,68154,37962,1.96003717,38023,1.96318670,0,2,1,36856,0,80099,80100,0,0,2
284,13,1,QueenForest_02_Animated_Translucent,MI_QueenPalm_DriedBranches,3766920,16440,51449001,12240,4080,42,0,0,16432,16433,7320,4033,8,15,1,1,1,22958,13840,14672,16574,14102,14704,14094,7589,1.86004902,7596,1.86176471,0,1,1,7320,0,16432,16433,1,0,1
285,13,1,QueenForest_02_Animated_Translucent,MI_QueenPalm_Branches,3783360,22656,51461241,16704,5568,43,0,0,22619,22620,10338,5963,7,15,1,1,1,31328,19920,21121,23336,19546,19301,19534,10728,1.92672414,10725,1.92618534,0,1,1,10338,0,22619,22620,1,0,1
286,13,1,QueenForest_02_Animated_Translucent,MI_QueenPalm_OldBranches,3806016,18816,51477945,13824,4608,44,0,0,18813,18814,8394,4598,7,15,1,1,1,25928,15936,16991,19152,15886,16264,15872,8694,1.88671875,8683,1.88433160,0,1,1,8394,0,18813,18814,1,0,1
287,13,1,QueenForest_02_Animated_Translucent,MI_QueenPalm_DeadLeaves_TwoSided,3824832,82880,51491769,60384,20128,45,3,2,82879,82878,38425,23408,10,17,0,0,1,128324,68236,72674,82736,69127,64480,69227,39584,1.96661367,39623,1.96855127,0,2,1,38425,2,82879,82878,0,0,2
288,13,1,QueenForest_02_Animated_Translucent,MI_QueenPalm_Berries,3907712,234600,51552153,165600,55200,46,0,7,234590,234584,99868,53632,5,18,0,0,0,372608,195504,204528,225276,209240,186685,208531,103243,1.87034420,103285,1.87110507,0,4,2,99868,7,234590,234584,0,0,4
289,13,2,QueenForest_02_Animated_Translucent,MI_QueenPalm_Trunk,3266938,5046,51717753,1872,624,39,0,0,5036,5037,932,439,8,13,1,1,1,3050,2686,2705,2928,2623,2517,2630,1024,1.64102564,1022,1.63782051,0,1,1,932,0,5036,5037,1,0,1
290,13,2,QueenForest_02_Animated_Translucent,MI_QueenPalm_Leaves_TwoSided,3271984,414800,51719625,155550,51850,40,3,1,414794,414794,71797,28831,12,19,0,0,0,369440,197276,206060,235504,176871,176665,174449,80702,1.55645130,81449,1.57085824,2,11,2,71803,1,414794,414794,0,2,11
291,13,2,QueenForest_02_Animated_Translucent,MI_QueenPalm_FruitBranches,3686784,80136,51875175,29034,9678,41,0,0,80099,80100,16301,8973,8,17,0,0,1,61706,37434,39825,43490,35596,36441,35586,17341,1.79179583,17471,1.80522835,0,2,1,16301,0,80099,80100,0,0,2
292,13,2,QueenForest_02_Animated_Translucent,MI_QueenPalm_DriedBranches,3766920,16440,51904209,6120,2040,42,0,0,16432,16433,3331,1819,10,15,1,1,1,11483,8042,8488,9148,7913,8497,7961,3551,1.74068627,3575,1.75245098,0,1,1,3331,0,16432,16433,1,0,1
293,13,2,QueenForest_02_Animated_Translucent,MI_QueenPalm_Branches,3783360,22656,51910329,8352,2784,43,0,0,22518,22519,4335,2185,8,15,1,1,1,15668,11088,11632,12520,10317,11597,10284,4710,1.69181034,4736,1.70114943,0,1,1,4335,0,22518,22519,1,0,1
294,13,2,QueenForest_02_Animated_Translucent,MI_QueenPalm_OldBranches,3806016,18816,51918681,6912,2304,44,0,2,18769,18768,3622,1860,9,15,1,1,1,12968,9204,9479,10344,8658,9700,8665,3932,1.70659722,3947,1.71310764,0,1,1,3622,2,18769,18768,1,0,1
295,13,2,QueenForest_02_Animated_Translucent,MI_QueenPalm_DeadLeaves_TwoSided,3824832,82880,51925593,30189,10063,45,3,2,82879,82878,16302,9395,11,17,0,0,1,64160,36777,38930,44681,35622,34777,35573,17386,1.72771539,17530,1.74202524,0,2,1,16302,2,82879,82878,0,0,2
296,13,2,QueenForest_02_Animated_Translucent,MI_QueenPalm_Berries,3907712,234600,51955782,82800,27600,46,0,7,234572,234566,42381,19894,9,18,0,0,1,186308,111346,114853,122970,118938,111092,119342,46625,1.68931159,46849,1.69742754,0,4,1,42381,7,234572,234566,0,0,4
297,13,3,QueenForest_02_Animated_Translucent,MI_QueenPalm_Trunk,3266938,5046,52038582,900,300,39,0,0,4968,4969,401,167,7,13,1,1,1,1471,1358,1416,1462,1255,1307,1263,450,1.50000000,464,1.54666667,0,1,1,401,0,4968,4969,1,0,1
298,13,3,QueenForest_02_Animated_Translucent,MI_QueenPalm_Leaves_TwoSided,3271984,414800,52039482,74436,24812,40,3,6,414713,414708,20778,3849,16,19,0,0,1,176794,123609,138462,155393,66240,100543,64111,24468,0.98613574,24959,1.00592455,635,1051,1,20778,6,414713,414708,0,635,1051
299,13,3,QueenForest_02_Animated_Translucent,MI_QueenPalm_FruitBranches,3686784,80136,52113918,13788,4596,41,0,0,79937,79938,7139,3463,8,17,0,0,1,29308,18692,19764,21974,17492,18773,17514,7741,1.68429069,7813,1.69995648,0,2,1,7139,0,79937,79938,0,0,2
300,13,3,QueenForest_02_Animated_Translucent,MI_QueenPalm_DriedBranches,3766920,16440,52127706,2934,978,42,0,0,16400,16401,1360,561,8,15,1,1,1,5510,4193,4375,4704,3844,4475,3854,1524,1.55828221,1551,1.58588957,0,1,1,1360,0,16400,16401,1,0,1
301,13,3,QueenForest_02_Animated_Translucent,MI_QueenPalm_Branches,3783360,22656,52130640,4008,1336,43,0,1,22518,22518,1799,668,9,15,1,1,1,7523,5667,5837,6519,4997,6163,5023,2016,1.50898204,2048,1.53293413,0,1,1,1799,1,22518,22518,1,0,1
302,13,3,QueenForest_02_Animated_Translucent,MI_QueenPalm_OldBranches,3806016,18816,52134648,3312,1104,44,0,5,18769,18765,1426,535,10,15,1,1,1,6218,4612,4695,5362,4205,5128,4157,1627,1.47373188,1644,1.48913043,0,1,1,1426,5,18769,18765,1,0,1
303,13,3,QueenForest_02_Animated_Translucent,MI_QueenPalm_DeadLeaves_TwoSided,3824832,82880,52137960,14250,4750,45,3,26,82789,82764,4947,559,8,17,0,0,1,30290,18664,20159,22871,10504,16411,10452,5284,1.11242105,5295,1.11473684,0,2,1,4947,26,82789,82764,0,0,2
304,13,3,QueenForest_02_Animated_Translucent,MI_QueenPalm_Berries,3907712,234600,52152210,39744,13248,46,0,55,234572,234518,17691,6759,9,18,0,0,1,89432,55536,57107,64064,57168,60958,57185,20289,1.53147645,20426,1.54181763,0,4,1,17691,55,234572,234518,0,0,4
305,13,4,QueenForest_02_Animated_Translucent,MI_QueenPalm_Trunk,3266938,5046,52191954,450,150,39,0,0,4868,4869,184,68,8,13,1,1,1,740,679,692,740,613,692,620,212,1.41333333,214,1.42666667,0,1,1,184,0,4868,4869,1,0,1
306,13,4,QueenForest_02_Animated_Translucent,MI_QueenPalm_Leaves_TwoSided,3271984,414800,52192404,36807,12269,40,3,3,414677,414675,10237,1958,18,19,0,0,1,87425,71773,78130,83008,37083,55939,36233,12070,0.98378026,12120,0.98785557,685,1089,1,10237,3,414677,414675,0,685,1089
307,13,4,QueenForest_02_Animated_Translucent,MI_QueenPalm_FruitBranches,3686784,80136,52229211,6912,2304,41,0,0,79773,79774,3531,1638,7,17,0,0,1,14696,9840,10592,11688,9151,9776,9149,3804,1.65104167,3822,1.65885417,0,2,1,3531,0,79773,79774,0,0,2
308,13,4,QueenForest_02_Animated_Translucent,MI_QueenPalm_DriedBranches,3766920,16440,52236123,1464,488,42,0,10,16344,16335,605,208,9,14,1,1,1,2570,2228,2343,2578,1896,2335,1898,699,1.43237705,701,1.43647541,0,1,1,605,10,16344,16335,1,0,1
309,13,4,QueenForest_02_Animated_Translucent,MI_QueenPalm_Branches,3783360,22656,52237587,1998,666,43,0,78,22379,22302,829,261,8,15,1,1,1,3755,2928,3065,3463,2497,3146,2505,930,1.39639640,952,1.42942943,0,1,1,829,78,22379,22302,1,0,1
310,13,4,QueenForest_02_Animated_Translucent,MI_QueenPalm_OldBranches,3806016,18816,52239585,1656,552,44,0,10,18698,18689,665,213,8,15,1,1,1,3113,2394,2528,2877,2113,2673,2124,763,1.38224638,766,1.38768116,0,1,1,665,10,18698,18689,1,0,1
311,13,4,QueenForest_02_Animated_Translucent,MI_QueenPalm_DeadLeaves_TwoSided,3824832,82880,52241241,7191,2397,45,3,37,82786,82750,3044,580,7,17,0,0,1,15289,10404,11243,12403,6432,8643,6404,3172,1.32332082,3171,1.32290363,0,3,1,3044,37,82786,82750,0,0,3
312,13,4,QueenForest_02_Animated_Translucent,MI_QueenPalm_Berries,3907712,234600,52248432,19872,6624,46,0,213,234572,234360,8309,2660,8,18,0,0,1,44720,28944,30727,34228,27081,31956,26835,9278,1.40066425,9351,1.41168478,0,4,1,8309,213,234572,234360,0,0,4
313,13,5,QueenForest_02_Animated_Translucent,MI_QueenPalm_Trunk,3266938,5046,52268304,222,74,39,0,0,4868,4869,79,18,8,13,1,1,1,369,354,369,369,285,377,287,90,1.21621622,91,1.22972973,0,1,1,79,0,4868,4869,1,0,1
314,13,5,QueenForest_02_Animated_Translucent,MI_QueenPalm_Leaves_TwoSided,3271984,414800,52268526,18084,6028,40,3,67,414625,414559,5224,1141,17,19,0,0,1,42958,39287,41125,41981,19930,30422,19683,6018,0.99834107,6058,1.00497678,563,914,1,5224,67,414625,414559,0,563,914
315,13,5,QueenForest_02_Animated_Translucent,MI_QueenPalm_FruitBranches,3686784,80136,52286610,3426,1142,41,0,0,79751,79752,1822,898,7,17,0,0,1,7289,5103,5464,5984,4817,5049,4806,1950,1.70753065,1957,1.71366025,0,2,1,1822,0,79751,79752,0,0,2
316,13,5,QueenForest_02_Animated_Translucent,MI_QueenPalm_DriedBranches,3766920,16440,52290036,732,244,42,0,17,16294,16278,272,74,7,14,1,1,1,1289,1186,1247,1289,900,1227,892,308,1.26229508,312,1.27868852,0,1,1,272,17,16294,16278,1,0,1
317,13,5,QueenForest_02_Animated_Translucent,MI_QueenPalm_Branches,3783360,22656,52290768,996,332,43,0,196,22267,22072,425,126,8,15,1,1,1,1876,1537,1653,1827,1338,1590,1327,469,1.41265060,477,1.43674699,0,1,1,425,196,22267,22072,1,0,1
318,13,5,QueenForest_02_Animated_Translucent,MI_QueenPalm_OldBranches,3806016,18816,52291764,828,276,44,0,102,18514,18413,334,99,8,15,1,1,1,1561,1283,1364,1539,1058,1327,1061,363,1.31521739,365,1.32246377,0,1,1,334,102,18514,18413,1,0,1
319,13,5,QueenForest_02_Animated_Translucent,MI_QueenPalm_DeadLeaves_TwoSided,3824832,82880,52292592,3387,1129,45,3,41,82749,82709,1674,467,7,17,0,0,1,7206,5362,5743,6312,3634,4339,3619,1740,1.54118689,1740,1.54118689,0,2,1,1674,41,82749,82709,0,0,2
320,13,5,QueenForest_02_Animated_Translucent,MI_QueenPalm_Berries,3907712,234600,52295979,9936,3312,46,0,262,234523,234262,4301,1355,7,18,0,0,1,22364,15394,16514,18260,13604,16584,13375,4640,1.40096618,4634,1.39915459,0,4,1,4301,262,234523,234262,0,0,4
321,13,6,QueenForest_02_Animated_Translucent,MI_QueenPalm_Trunk,3266938,5046,52305915,72,24,39,0,76,4812,4737,25,7,6,13,1,1,1,125,125,125,125,104,124,100,25,1.04166667,25,1.04166667,0,1,1,25,78,4812,4735,1,0,1
322,13,6,QueenForest_02_Animated_Translucent,MI_QueenPalm_Leaves_TwoSided,3271984,414800,52305987,5805,1935,40,3,569,414357,413789,1787,431,14,19,0,0,1,13795,13718,13635,13702,7215,10892,7209,2036,1.05219638,2059,1.06408269,345,557,1,1787,569,414357,413789,0,345,557
323,13,6,QueenForest_02_Animated_Translucent,MI_QueenPalm_FruitBranches,3686784,80136,52311792,1146,382,41,0,3,51171,51169,553,222,6,16,1,1,1,2300,1754,1824,2020,1567,1699,1564,603,1.57853403,617,1.61518325,0,1,1,553,3,51171,51169,1,0,1
324,13,6,QueenForest_02_Animated_Translucent,MI_QueenPalm_DriedBranches,3766920,16440,52312938,240,80,42,0,412,16294,15883,91,19,7,14,1,1,1,428,408,428,428,311,398,308,94,1.17500000,95,1.18750000,0,1,1,91,412,16294,15883,1,0,1
325,13,6,QueenForest_02_Animated_Translucent,MI_QueenPalm_Branches,3783360,22656,52313178,318,106,43,0,682,22168,21487,161,64,8,15,1,1,1,605,545,598,605,506,548,506,169,1.59433962,169,1.59433962,0,1,1,161,682,22168,21487,1,0,1
326,13,6,QueenForest_02_Animated_Translucent,MI_QueenPalm_OldBranches,3806016,18816,52313496,276,92,44,0,220,18413,18194,124,41,5,15,1,1,1,526,473,524,526,386,450,381,131,1.42391304,131,1.42391304,0,1,1,124,220,18413,18194,1,0,1
327,13,6,QueenForest_02_Animated_Translucent,MI_QueenPalm_DeadLeaves_TwoSided,3824832,82880,52313772,1194,398,45,3,45,81829,81785,625,204,7,17,0,0,1,2546,2099,2229,2351,1509,1757,1503,639,1.60552764,640,1.60804020,0,2,1,625,45,81829,81785,0,0,2
328,13,6,QueenForest_02_Animated_Translucent,MI_QueenPalm_Berries,3907712,234600,52314966,3312,1104,46,0,724,234432,233709,1648,615,6,18,0,0,1,7460,5662,6132,6700,4897,5707,4874,1725,1.56250000,1720,1.55797101,0,4,1,1648,724,234432,233709,0,0,4
329,14,0,QueenForest_05_Animated_Translucent,MI_QueenPalm_Trunk,4142312,4948,5917365,7350,2450,47,0,0,4947,4948,4948,2548,3,13,1,1,1,11952,7053,7582,9213,7357,7357,7357,4950,2.02040816,4950,2.02040816,0,1,1,4948,0,4947,4948,1,0,1
330,14,0,QueenForest_05_Animated_Translucent,MI_QueenPalm_Leaves_TwoSided,4147260,417240,5924715,625860,208620,48,3,0,417239,417240,417240,208620,2,19,0,0,0,1486426,521551,645478,710613,208637,625865,208637,417240,2.00000000,417240,2.00000000,0,7,7,417240,0,417239,417240,0,0,7
331,14,0,QueenForest_05_Animated_Translucent,MI_QueenPalm_FruitBranches,4564500,80880,6550575,117288,39096,49,0,0,80879,80880,80880,44472,2,17,0,0,0,249245,112394,120968,147765,39113,117293,39113,81078,2.07381829,81078,2.07381829,0,2,2,80880,0,80879,80880,0,0,2
332,14,0,QueenForest_05_Animated_Translucent,MI_QueenPalm_DriedBranches,4645380,16632,6667863,24768,8256,50,0,0,16631,16632,16632,8496,2,15,1,1,1,46448,23736,25544,31176,8273,24773,8273,16632,2.01453488,16632,2.01453488,0,1,1,16632,0,16631,16632,1,0,1
333,14,0,QueenForest_05_Animated_Translucent,MI_QueenPalm_Branches,4662012,22656,6692631,33408,11136,51,0,0,22655,22656,22656,11904,2,15,1,1,1,62648,32016,34462,42064,11153,33413,11153,22658,2.03466236,22658,2.03466236,0,1,1,22656,0,22655,22656,1,0,1
334,14,0,QueenForest_05_Animated_Translucent,MI_QueenPalm_OldBranches,4684668,18816,6726039,27648,9216,52,0,0,18815,18816,18816,9984,2,15,1,1,1,51848,26496,28507,34848,9233,27653,9233,18834,2.04361979,18834,2.04361979,0,1,1,18816,0,18815,18816,1,0,1
335,14,0,QueenForest_05_Animated_Translucent,MI_QueenPalm_DeadLeaves_TwoSided,4703484,84000,6753687,122400,40800,53,3,0,83999,84000,84000,45600,2,17,0,0,0,260108,105600,126240,154208,40817,122405,40817,84000,2.05882353,84000,2.05882353,0,2,2,84000,0,83999,84000,0,0,2
336,14,0,QueenForest_05_Animated_Translucent,MI_QueenPalm_Berries,4787484,240720,6876087,339840,113280,54,0,0,240719,240720,240720,141600,2,18,0,0,0,764648,291696,350504,428296,113297,339845,113297,240720,2.12500000,240720,2.12500000,0,4,4,240720,0,240719,240720,0,0,4
337,14,1,QueenForest_05_Animated_Translucent,MI_QueenPalm_Trunk,4142312,4948,52318278,3672,1224,47,0,2,4938,4937,2199,1169,6,13,1,1,1,5975,4422,4586,4897,4556,4198,4543,2285,1.86683007,2275,1.85866013,0,1,1,2199,2,4938,4937,1,0,1
338,14,1,QueenForest_05_Animated_Translucent,MI_QueenPalm_Leaves_TwoSided,4147260,417240,52321950,312930,104310,48,3,4,417237,417234,181571,99245,8,19,0,0,0,743217,374206,386941,430427,377252,323095,377236,189543,1.81711245,189649,1.81812865,0,7,3,181573,4,417237,417234,0,0,7
339,14,1,QueenForest_05_Animated_Translucent,MI_QueenPalm_FruitBranches,4564500,80880,52634880,58644,19548,49,0,0,80843,80844,37206,22112,7,17,0,0,1,124627,69603,73508,80799,68795,64966,68662,38339,1.96127481,38380,1.96337221,0,2,1,37206,0,80843,80844,0,0,2
340,14,1,QueenForest_05_Animated_Translucent,MI_QueenPalm_DriedBranches,4645380,16632,52693524,12384,4128,50,0,0,16630,16631,7391,4059,7,15,1,1,1,23228,14160,14810,16552,14201,14913,14229,7655,1.85440891,7655,1.85440891,0,1,1,7391,0,16630,16631,1,0,1
341,14,1,QueenForest_05_Animated_Translucent,MI_QueenPalm_Branches,4662012,22656,52705908,16704,5568,51,0,1,22613,22613,10368,5982,7,15,1,1,1,31328,20016,21329,23144,19584,19230,19552,10766,1.93354885,10775,1.93516523,0,1,1,10368,1,22613,22613,1,0,1
342,14,1,QueenForest_05_Animated_Translucent,MI_QueenPalm_OldBranches,4684668,18816,52722612,13824,4608,52,0,0,18774,18775,8388,4582,6,15,1,1,1,25928,15768,16703,18960,15902,16320,15911,8692,1.88628472,8713,1.89084201,0,1,1,8388,0,18774,18775,1,0,1
343,14,1,QueenForest_05_Animated_Translucent,MI_QueenPalm_DeadLeaves_TwoSided,4703484,84000,52736436,61200,20400,53,3,0,83994,83995,38854,23629,9,17,0,0,1,130058,69220,73776,83476,70017,65316,70047,39953,1.95848039,40077,1.96455882,0,2,1,38854,0,83994,83995,0,0,2
344,14,1,QueenForest_05_Animated_Translucent,MI_QueenPalm_Berries,4787484,240720,52797636,169920,56640,54,0,2,240713,240712,102501,55035,6,18,0,0,0,382328,200232,210340,231624,214594,191461,213970,106009,1.87162782,106021,1.87183969,0,4,2,102501,2,240713,240712,0,0,4
345,14,2,QueenForest_05_Animated_Translucent,MI_QueenPalm_Trunk,4142312,4948,52967556,1836,612,47,0,2,4872,4871,922,436,8,13,1,1,1,2992,2620,2726,2778,2590,2462,2604,1005,1.64215686,1020,1.66666667,0,1,1,922,2,4872,4871,1,0,1
346,14,2,QueenForest_05_Animated_Translucent,MI_QueenPalm_Leaves_TwoSided,4147260,417240,52969392,156462,52154,48,3,4,417231,417228,72194,28960,12,19,0,0,0,371606,197628,206353,235392,177341,177832,175109,81141,1.55579630,81975,1.57178740,0,7,2,72199,4,417231,417228,0,0,7
347,14,2,QueenForest_05_Animated_Translucent,MI_QueenPalm_FruitBranches,4564500,80880,53125854,29256,9752,49,0,0,80843,80844,16489,9096,9,17,0,0,1,62177,37981,40015,43785,35944,36572,35920,17502,1.79470878,17617,1.80650123,0,2,1,16489,0,80843,80844,0,0,2
348,14,2,QueenForest_05_Animated_Translucent,MI_QueenPalm_DriedBranches,4645380,16632,53155110,6192,2064,50,0,1,16630,16630,3372,1880,11,15,1,1,1,11618,8134,8595,9354,8108,8597,8076,3625,1.75629845,3643,1.76501938,0,1,1,3372,1,16630,16630,1,0,1
349,14,2,QueenForest_05_Animated_Translucent,MI_QueenPalm_Branches,4662012,22656,53161302,8352,2784,51,0,1,22562,22562,4307,2134,8,15,1,1,1,15668,11136,11640,12520,10181,11464,10232,4693,1.68570402,4740,1.70258621,0,1,1,4307,1,22562,22562,1,0,1
350,14,2,QueenForest_05_Animated_Translucent,MI_QueenPalm_OldBranches,4684668,18816,53169654,6912,2304,52,0,2,18773,18772,3619,1829,9,15,1,1,1,12968,9120,9479,10344,8583,9606,8651,3929,1.70529514,3942,1.71093750,0,1,1,3619,2,18773,18772,1,0,1
351,14,2,QueenForest_05_Animated_Translucent,MI_QueenPalm_DeadLeaves_TwoSided,4703484,84000,53176566,30600,10200,53,3,2,83994,83993,16606,9638,10,17,0,0,1,65033,37265,39496,45275,36096,35126,36180,17679,1.73323529,17887,1.75362745,0,2,1,16606,2,83994,83993,0,0,2
352,14,2,QueenForest_05_Animated_Translucent,MI_QueenPalm_Berries,4787484,240720,53207166,84960,28320,54,0,2,240713,240712,43599,20980,9,18,0,0,1,191168,114312,117846,126060,122220,114199,122704,48023,1.69572740,48263,1.70420198,0,4,1,43599,2,240713,240712,0,0,4
353,14,3,QueenForest_05_Animated_Translucent,MI_QueenPalm_Trunk,4142312,4948,53292126,882,294,47,0,2,4870,4869,393,155,8,13,1,1,1,1442,1341,1389,1435,1250,1325,1257,453,1.54081633,452,1.53741497,0,1,1,393,2,4870,4869,1,0,1
354,14,3,QueenForest_05_Animated_Translucent,MI_QueenPalm_Leaves_TwoSided,4147260,417240,53293008,74148,24716,48,3,4,417185,417182,20825,3944,17,19,0,0,1,176110,123069,136496,153262,66175,99905,63917,24522,0.99215083,24855,1.00562389,758,1215,1,20825,4,417185,417182,0,758,1215
355,14,3,QueenForest_05_Animated_Translucent,MI_QueenPalm_FruitBranches,4564500,80880,53367156,13842,4614,49,0,0,80843,80844,7127,3403,10,17,0,0,1,29423,18653,19859,22157,17404,18701,17348,7730,1.67533593,7750,1.67967057,0,2,1,7127,0,80843,80844,0,0,2
356,14,3,QueenForest_05_Animated_Translucent,MI_QueenPalm_DriedBranches,4645380,16632,53380998,2970,990,50,0,1,16592,16592,1372,577,9,15,1,1,1,5577,4308,4621,4859,3890,4562,3902,1547,1.56262626,1562,1.57777778,0,1,1,1372,1,16592,16592,1,0,1
357,14,3,QueenForest_05_Animated_Translucent,MI_QueenPalm_Branches,4662012,22656,53383968,4008,1336,51,0,5,22507,22503,1779,663,8,15,1,1,1,7523,5763,5933,6519,4988,6227,4994,2017,1.50973054,2039,1.52619760,0,1,1,1779,5,22507,22503,1,0,1
358,14,3,QueenForest_05_Animated_Translucent,MI_QueenPalm_OldBranches,4684668,18816,53387976,3312,1104,52,0,3,18773,18771,1447,533,9,15,1,1,1,6218,4672,4886,5392,4257,5142,4208,1641,1.48641304,1677,1.51902174,0,1,1,1447,3,18773,18771,1,0,1
359,14,3,QueenForest_05_Animated_Translucent,MI_QueenPalm_DeadLeaves_TwoSided,4703484,84000,53391288,14214,4738,53,3,53,83985,83933,4991,579,9,17,0,0,1,30213,18790,20214,22913,10626,16461,10572,5315,1.12178134,5359,1.13106796,0,2,1,4991,53,83985,83933,0,0,2
360,14,3,QueenForest_05_Animated_Translucent,MI_QueenPalm_Berries,4787484,240720,53405502,40776,13592,54,0,34,240713,240680,18240,7094,8,18,0,0,1,91754,57106,58687,65802,59071,62565,59091,20915,1.53877281,21088,1.55150088,0,4,1,18240,34,240713,240680,0,0,4
361,14,4,QueenForest_05_Animated_Translucent,MI_QueenPalm_Trunk,4142312,4948,53446278,438,146,47,0,2,4870,4869,174,53,8,13,1,1,1,720,667,697,720,603,681,587,206,1.41095890,205,1.40410959,0,1,1,174,2,4870,4869,1,0,1
362,14,4,QueenForest_05_Animated_Translucent,MI_QueenPalm_Leaves_TwoSided,4147260,417240,53446716,35856,11952,48,3,0,417161,417162,10052,1943,21,19,0,0,1,85166,70252,76973,81406,36290,54762,35571,11841,0.99071285,11917,0.99707162,716,1139,1,10052,0,417161,417162,0,716,1139
363,14,4,QueenForest_05_Animated_Translucent,MI_QueenPalm_FruitBranches,4564500,80880,53482572,6984,2328,49,0,0,80668,80669,3582,1645,8,17,0,0,1,14849,9992,10618,11900,9126,9857,9110,3840,1.64948454,3844,1.65120275,0,2,1,3582,0,80668,80669,0,0,2
364,14,4,QueenForest_05_Animated_Translucent,MI_QueenPalm_DriedBranches,4645380,16632,53489556,1482,494,50,0,11,16536,16526,616,218,8,15,1,1,1,2787,2267,2370,2610,1935,2356,1905,701,1.41902834,711,1.43927126,0,1,1,616,11,16536,16526,1,0,1
365,14,4,QueenForest_05_Animated_Translucent,MI_QueenPalm_Branches,4662012,22656,53491038,2004,668,51,0,16,22442,22427,836,294,8,15,1,1,1,3766,2936,3074,3473,2488,3193,2485,936,1.40119760,948,1.41916168,0,1,1,836,16,22442,22427,1,0,1
366,14,4,QueenForest_05_Animated_Translucent,MI_QueenPalm_OldBranches,4684668,18816,53493042,1656,552,52,0,11,18703,18693,668,204,8,15,1,1,1,3113,2439,2528,2877,2114,2625,2123,762,1.38043478,781,1.41485507,0,1,1,668,11,18703,18693,1,0,1
367,14,4,QueenForest_05_Animated_Translucent,MI_QueenPalm_DeadLeaves_TwoSided,4703484,84000,53494698,7218,2406,53,3,49,83969,83921,3052,576,7,17,0,0,1,15347,10548,11310,12539,6515,8751,6507,3207,1.33291771,3212,1.33499584,0,2,1,3052,49,83969,83921,0,0,2
368,14,4,QueenForest_05_Animated_Translucent,MI_QueenPalm_Berries,4787484,240720,53501916,20388,6796,54,0,34,240698,240665,8616,2867,7,18,0,0,1,45881,29693,31454,35075,27998,32732,27686,9609,1.41391995,9691,1.42598587,0,4,1,8616,34,240698,240665,0,0,4
369,14,5,QueenForest_05_Animated_Translucent,MI_QueenPalm_Trunk,4142312,4948,53522304,216,72,47,0,76,4870,4795,78,22,9,13,1,1,1,359,345,359,359,285,355,284,89,1.23611111,90,1.25000000,0,1,1,78,82,4870,4789,1,0,1
370,14,5,QueenForest_05_Animated_Translucent,MI_QueenPalm_Leaves_TwoSided,4147260,417240,53522520,17886,5962,48,3,127,416879,416753,5236,1120,17,19,0,0,1,42488,38744,40932,41616,19883,30193,19672,6020,1.00972828,6087,1.02096612,565,913,1,5236,127,416879,416753,0,565,913
371,14,5,QueenForest_05_Animated_Translucent,MI_QueenPalm_FruitBranches,4564500,80880,53540406,3468,1156,49,0,0,80517,80518,1790,805,8,17,0,0,1,7378,5186,5551,6063,4688,5096,4696,1913,1.65484429,1923,1.66349481,0,2,1,1790,0,80517,80518,0,0,2
372,14,5,QueenForest_05_Animated_Translucent,MI_QueenPalm_DriedBranches,4645380,16632,53543874,738,246,50,0,16,16516,16501,276,72,7,15,1,1,1,1392,1171,1225,1392,920,1190,911,313,1.27235772,311,1.26422764,0,1,1,276,16,16516,16501,1,0,1
373,14,5,QueenForest_05_Animated_Translucent,MI_QueenPalm_Branches,4662012,22656,53544612,978,326,51,0,83,22374,22292,414,143,8,15,1,1,1,1842,1527,1624,1798,1283,1578,1272,445,1.36503067,454,1.39263804,0,1,1,414,83,22374,22292,1,0,1
374,14,5,QueenForest_05_Animated_Translucent,MI_QueenPalm_OldBranches,4684668,18816,53545590,828,276,52,0,83,18629,18547,343,106,7,15,1,1,1,1561,1287,1364,1531,1077,1346,1083,373,1.35144928,374,1.35507246,0,1,1,343,83,18629,18547,1,0,1
375,14,5,QueenForest_05_Animated_Translucent,MI_QueenPalm_DeadLeaves_TwoSided,4703484,84000,53546418,3543,1181,53,3,337,83977,83641,1691,433,6,17,0,0,1,7537,5624,5942,6529,3687,4540,3682,1736,1.46994073,1738,1.47163421,0,2,1,1691,337,83977,83641,0,0,2
376,14,5,QueenForest_05_Animated_Translucent,MI_QueenPalm_Berries,4787484,240720,53549961,10194,3398,54,0,34,240668,240635,4429,1487,7,18,0,0,1,22945,15807,17006,18763,13887,17003,13736,4745,1.39640965,4760,1.40082401,0,4,1,4429,34,240668,240635,0,0,4
377,14,6,QueenForest_05_Animated_Translucent,MI_QueenPalm_Trunk,4142312,4948,53560155,72,24,47,0,76,3970,3895,25,6,7,12,1,1,1,116,116,116,116,103,129,98,25,1.04166667,25,1.04166667,0,1,1,25,82,3970,3889,1,0,1
378,14,6,QueenForest_05_Animated_Translucent,MI_QueenPalm_Leaves_TwoSided,4147260,417240,53560227,5688,1896,48,3,531,416841,416311,1796,452,15,19,0,0,1,13517,13179,13330,13534,7223,10668,7187,2005,1.05748945,2058,1.08544304,303,484,1,1796,531,416841,416311,0,303,484
379,14,6,QueenForest_05_Animated_Translucent,MI_QueenPalm_FruitBranches,4564500,80880,53565915,1146,382,49,0,4,72102,72099,573,247,8,17,0,0,1,2444,1764,1888,2116,1598,1744,1579,618,1.61780105,627,1.64136126,0,2,1,573,4,72102,72099,0,0,2
380,14,6,QueenForest_05_Animated_Translucent,MI_QueenPalm_DriedBranches,4645380,16632,53567061,246,82,50,0,726,16459,15734,96,29,6,14,1,1,1,439,424,439,439,343,408,340,101,1.23170732,103,1.25609756,0,1,1,96,726,16459,15734,1,0,1
381,14,6,QueenForest_05_Animated_Translucent,MI_QueenPalm_Branches,4662012,22656,53567307,324,108,51,0,166,20596,20431,162,68,6,15,1,1,1,616,554,576,616,505,544,497,173,1.60185185,173,1.60185185,0,1,1,162,166,20596,20431,1,0,1
382,14,6,QueenForest_05_Animated_Translucent,MI_QueenPalm_OldBranches,4684668,18816,53567631,276,92,52,0,102,18423,18322,126,47,5,15,1,1,1,526,473,524,526,378,449,372,131,1.42391304,131,1.42391304,0,1,1,126,102,18423,18322,1,0,1
383,14,6,QueenForest_05_Animated_Translucent,MI_QueenPalm_DeadLeaves_TwoSided,4703484,84000,53567907,1173,391,53,3,853,83905,83053,573,167,7,17,0,0,1,2501,2080,2192,2312,1453,1717,1443,593,1.51662404,587,1.50127877,0,2,1,573,853,83905,83053,0,0,2
384,14,6,QueenForest_05_Animated_Translucent,MI_QueenPalm_Berries,4787484,240720,53569080,3396,1132,54,0,2934,240507,237574,1710,658,6,18,0,0,1,7649,5810,6300,6847,5018,5842,5011,1777,1.56978799,1778,1.57067138,0,4,1,1710,2934,240507,237574,0,0,4
385,15,0,QueenForest_06_Animated_Translucent,MI_QueenPalm_Trunk,5028204,4948,7215927,7350,2450,55,0,0,4947,4948,4948,2548,3,13,1,1,1,11952,7041,7582,9213,2467,7355,2467,4948,2.01959184,4948,2.01959184,0,1,1,4948,0,4947,4948,1,0,1
386,15,0,QueenForest_06_Animated_Translucent,MI_QueenPalm_Leaves_TwoSided,5033152,472384,7223277,708576,236192,56,3,0,472383,472384,472384,236192,2,19,0,0,0,1682876,590480,730785,804532,236209,708581,236209,472384,2.00000000,472384,2.00000000,0,8,8,472384,0,472383,472384,0,0,8
387,15,0,QueenForest_06_Animated_Translucent,MI_QueenPalm_FruitBranches,5505536,97704,7931853,141696,47232,57,0,0,97703,97704,97704,53712,2,17,0,0,0,301112,135792,146123,178552,47249,141701,47249,97944,2.07367886,97944,2.07367886,0,2,2,97706,0,97703,97704,0,0,2
388,15,0,QueenForest_06_Animated_Translucent,MI_QueenPalm_DriedBranches,5603240,18504,8073549,27576,9192,58,0,0,18503,18504,18504,9432,2,15,1,1,1,51713,26427,28439,34671,9209,27581,9209,18504,2.01305483,18504,2.01305483,0,1,1,18504,0,18503,18504,1,0,1
389,15,0,QueenForest_06_Animated_Translucent,MI_QueenPalm_Branches,5621744,22656,8101125,33408,11136,59,0,0,22655,22656,22656,11904,2,15,1,1,1,62648,32016,34462,42064,11153,33413,11153,22658,2.03466236,22658,2.03466236,0,1,1,22656,0,22655,22656,1,0,1
390,15,0,QueenForest_06_Animated_Translucent,MI_QueenPalm_OldBranches,5644400,18816,8134533,27648,9216,60,0,0,18815,18816,18816,9984,2,15,1,1,1,51848,26496,28507,34848,9233,27653,9233,18834,2.04361979,18834,2.04361979,0,1,1,18816,0,18815,18816,1,0,1
391,15,0,QueenForest_06_Animated_Translucent,MI_QueenPalm_DeadLeaves_TwoSided,5663216,94920,8162181,138312,46104,61,3,0,94919,94920,94920,51528,2,17,0,0,0,293921,119330,142644,174302,46121,138317,46121,94920,2.05882353,94920,2.05882353,0,2,2,94920,0,94919,94920,0,0,2
392,15,0,QueenForest_06_Animated_Translucent,MI_QueenPalm_Berries,5758136,327080,8300493,461760,153920,62,0,0,327079,327080,327080,192400,2,19,0,0,0,1096688,396344,476248,581968,153937,461765,153937,327080,2.12500000,327080,2.12500000,0,5,5,327080,0,327079,327080,0,0,5
393,15,1,QueenForest_06_Animated_Translucent,MI_QueenPalm_Trunk,5028204,4948,53572476,3672,1224,55,0,2,4938,4937,2198,1141,5,13,1,1,1,5975,4398,4682,5164,4575,4120,4588,2268,1.85294118,2269,1.85375817,0,1,1,2198,2,4938,4937,1,0,1
394,15,1,QueenForest_06_Animated_Translucent,MI_QueenPalm_Leaves_TwoSided,5033152,472384,53576148,354285,118095,56,3,4,472381,472378,207278,115620,9,19,0,0,0,841435,425304,437853,487899,429046,367210,429300,216292,1.83150853,216657,1.83459926,0,8,4,207279,4,472381,472378,0,0,8
395,15,1,QueenForest_06_Animated_Translucent,MI_QueenPalm_FruitBranches,5505536,97704,53930433,70848,23616,57,0,0,97666,97667,44880,26658,7,17,0,0,1,150560,84324,88651,97824,83005,78551,82848,46224,1.95731707,46292,1.96019648,0,2,1,44880,0,97666,97667,0,0,2
396,15,1,QueenForest_06_Animated_Translucent,MI_QueenPalm_DriedBranches,5603240,18504,54001281,13788,4596,58,0,0,18503,18504,8181,4456,9,15,1,1,1,25861,15605,16466,18431,15673,16485,15659,8473,1.84355962,8462,1.84116623,0,1,1,8181,0,18503,18504,1,0,1
397,15,1,QueenForest_06_Animated_Translucent,MI_QueenPalm_Branches,5621744,22656,54015069,16704,5568,59,0,0,22568,22569,10356,5950,7,15,1,1,1,31328,19968,21153,23144,19602,19255,19567,10762,1.93283046,10741,1.92905891,0,1,1,10356,0,22568,22569,1,0,1
398,15,1,QueenForest_06_Animated_Translucent,MI_QueenPalm_OldBranches,5644400,18816,54031773,13824,4608,60,0,0,18806,18807,8376,4567,7,15,1,1,1,25928,15864,16856,18960,15842,16208,15875,8656,1.87847222,8701,1.88823785,0,1,1,8376,0,18806,18807,1,0,1
399,15,1,QueenForest_06_Animated_Translucent,MI_QueenPalm_DeadLeaves_TwoSided,5663216,94920,54045597,69153,23051,61,3,2,94919,94918,43942,26730,9,17,0,0,1,146959,78333,83419,94545,78891,73801,79000,45192,1.96052232,45297,1.96507744,0,2,1,43942,2,94919,94918,0,0,2
400,15,1,QueenForest_06_Animated_Translucent,MI_QueenPalm_Berries,5758136,327080,54114750,230880,76960,62,0,4,327076,327073,139447,74827,7,19,0,0,0,548348,271636,284862,314432,290484,259981,289533,144258,1.87445426,144134,1.87284304,0,6,3,139447,4,327076,327073,0,0,6
401,15,2,QueenForest_06_Animated_Translucent,MI_QueenPalm_Trunk,5028204,4948,54345630,1836,612,55,0,2,4870,4869,909,408,9,13,1,1,1,2992,2694,2777,2778,2581,2437,2576,1001,1.63562092,1003,1.63888889,0,1,1,909,2,4870,4869,1,0,1
402,15,2,QueenForest_06_Animated_Translucent,MI_QueenPalm_Leaves_TwoSided,5033152,472384,54347466,177144,59048,56,3,4,472376,472373,82483,34152,12,19,0,0,0,420725,224051,233414,266829,201922,201683,200069,92429,1.56531974,93341,1.58076480,0,8,2,82487,4,472376,472373,0,0,8
403,15,2,QueenForest_06_Animated_Translucent,MI_QueenPalm_FruitBranches,5505536,97704,54524610,35394,11798,57,0,0,97605,97606,19827,10865,9,17,0,0,1,75221,45723,48653,52867,43421,44397,43461,21145,1.79225292,21233,1.79971182,0,2,1,19827,0,97605,97606,0,0,2
404,15,2,QueenForest_06_Animated_Translucent,MI_QueenPalm_DriedBranches,5603240,18504,54560004,6894,2298,58,0,0,18501,18502,3742,2081,11,15,1,1,1,12935,9148,9486,10413,8918,9495,8954,4016,1.74760661,4038,1.75718016,0,1,1,3742,0,18501,18502,1,0,1
405,15,2,QueenForest_06_Animated_Translucent,MI_QueenPalm_Branches,5621744,22656,54566898,8352,2784,59,0,0,22568,22569,4382,2236,9,15,1,1,1,15668,11124,11664,12616,10333,11484,10351,4768,1.71264368,4805,1.72593391,0,1,1,4382,0,22568,22569,1,0,1
406,15,2,QueenForest_06_Animated_Translucent,MI_QueenPalm_OldBranches,5644400,18816,54575250,6912,2304,60,0,0,18806,18807,3601,1777,9,15,1,1,1,12968,9156,9479,10344,8534,9588,8571,3893,1.68967014,3911,1.69748264,0,1,1,3601,0,18806,18807,1,0,1
407,15,2,QueenForest_06_Animated_Translucent,MI_QueenPalm_DeadLeaves_TwoSided,5663216,94920,54582162,34578,11526,61,3,2,94914,94913,18693,10855,10,17,0,0,1,73487,42058,44633,51262,40881,39830,40813,19912,1.72757244,20183,1.75108450,0,2,1,18693,2,94914,94913,0,0,2
408,15,2,QueenForest_06_Animated_Translucent,MI_QueenPalm_Berries,5758136,327080,54616740,115440,38480,62,0,6,327061,327056,59356,28402,10,19,0,0,1,274178,155190,160101,171620,165577,154816,166299,65313,1.69732328,65668,1.70654886,0,6,1,59356,6,327061,327056,0,0,6
409,15,3,QueenForest_06_Animated_Translucent,MI_QueenPalm_Trunk,5028204,4948,54732180,882,294,55,0,2,4870,4869,383,145,9,13,1,1,1,1442,1349,1389,1435,1214,1318,1238,439,1.49319728,437,1.48639456,0,1,1,383,2,4870,4869,1,0,1
410,15,3,QueenForest_06_Animated_Translucent,MI_QueenPalm_Leaves_TwoSided,5033152,472384,54733062,83994,27998,56,3,4,472309,472306,23755,4418,18,19,0,0,1,199494,136388,152136,168247,74229,112142,72255,27944,0.99807129,28295,1.01060790,626,1018,1,23755,4,472309,472306,0,626,1018
411,15,3,QueenForest_06_Animated_Translucent,MI_QueenPalm_FruitBranches,5505536,97704,54817056,16812,5604,57,0,1,97568,97568,8624,4079,9,17,0,0,1,35734,22782,23989,26824,21181,22813,21168,9358,1.66987866,9431,1.68290507,0,2,1,8624,1,97568,97568,0,0,2
412,15,3,QueenForest_06_Animated_Translucent,MI_QueenPalm_DriedBranches,5603240,18504,54833868,3306,1102,58,0,7,18412,18406,1502,579,9,15,1,1,1,6207,4745,5037,5287,4238,5032,4254,1699,1.54174229,1722,1.56261343,0,1,1,1502,7,18412,18406,1,0,1
413,15,3,QueenForest_06_Animated_Translucent,MI_QueenPalm_Branches,5621744,22656,54837174,4008,1336,59,0,1,22568,22568,1777,647,8,15,1,1,1,7523,5655,5869,6423,4962,6152,4934,2001,1.49775449,2023,1.51422156,0,1,1,1777,1,22568,22568,1,0,1
414,15,3,QueenForest_06_Animated_Translucent,MI_QueenPalm_OldBranches,5644400,18816,54841182,3312,1104,60,0,1,18806,18806,1470,573,9,15,1,1,1,6218,4618,4823,5362,4312,5123,4318,1682,1.52355072,1701,1.54076087,0,1,1,1470,1,18806,18806,1,0,1
415,15,3,QueenForest_06_Animated_Translucent,MI_QueenPalm_DeadLeaves_TwoSided,5663216,94920,54844494,16443,5481,61,3,19,94857,94839,5707,666,8,17,0,0,1,34950,22955,24962,27682,12244,19211,12205,6085,1.11019887,6110,1.11476008,0,2,1,5707,19,94857,94839,0,0,2
416,15,3,QueenForest_06_Animated_Translucent,MI_QueenPalm_Berries,5758136,327080,54860937,55410,18470,62,0,6,327061,327056,24880,9716,9,19,0,0,1,131607,77509,79733,89431,80161,85254,80128,28529,1.54461289,28712,1.55452084,0,6,1,24880,6,327061,327056,0,0,6
417,15,4,QueenForest_06_Animated_Translucent,MI_QueenPalm_Trunk,5028204,4948,54916347,438,146,55,0,6,4857,4852,170,51,8,13,1,1,1,720,697,729,720,599,714,583,202,1.38356164,203,1.39041096,0,1,1,170,6,4857,4852,1,0,1
418,15,4,QueenForest_06_Animated_Translucent,MI_QueenPalm_Leaves_TwoSided,5033152,472384,54916785,41661,13887,56,3,13,472285,472273,11831,2322,20,19,0,0,1,98953,78840,86512,93027,42179,63142,41268,13805,0.99409520,13966,1.00568877,722,1162,1,11831,13,472285,472273,0,722,1162
419,15,4,QueenForest_06_Animated_Translucent,MI_QueenPalm_FruitBranches,5505536,97704,54958446,8394,2798,57,0,1,97414,97414,4282,1930,8,17,0,0,1,17846,12001,12805,14298,10989,11940,10990,4620,1.65117941,4650,1.66190136,0,2,1,4282,1,97414,97414,0,0,2
420,15,4,QueenForest_06_Animated_Translucent,MI_QueenPalm_DriedBranches,5603240,18504,54966840,1650,550,58,0,7,18412,18406,668,205,9,15,1,1,1,3102,2499,2566,2787,2088,2625,2073,766,1.39272727,787,1.43090909,0,1,1,668,7,18412,18406,1,0,1
421,15,4,QueenForest_06_Animated_Translucent,MI_QueenPalm_Branches,5621744,22656,54968490,2004,668,59,0,1,22453,22453,828,278,8,15,1,1,1,3766,2936,3074,3473,2527,3098,2516,936,1.40119760,940,1.40718563,0,1,1,828,1,22453,22453,1,0,1
422,15,4,QueenForest_06_Animated_Translucent,MI_QueenPalm_OldBranches,5644400,18816,54970494,1656,552,60,0,7,18806,18800,690,218,7,15,1,1,1,3113,2403,2543,2892,2120,2667,2127,769,1.39311594,788,1.42753623,0,1,1,690,7,18806,18800,1,0,1
423,15,4,QueenForest_06_Animated_Translucent,MI_QueenPalm_DeadLeaves_TwoSided,5663216,94920,54972150,8214,2738,61,3,65,94825,94761,3421,649,9,17,0,0,1,17463,13189,14070,15356,7524,10291,7472,3636,1.32797663,3625,1.32395909,0,2,1,3421,65,94825,94761,0,0,2
424,15,4,QueenForest_06_Animated_Translucent,MI_QueenPalm_Berries,5758136,327080,54980364,27702,9234,62,0,109,327061,326953,11803,3970,8,19,0,0,1,65801,40360,42843,47596,38468,44705,38103,13216,1.43123240,13299,1.44022092,0,6,1,11803,109,327061,326953,0,0,6
425,15,5,QueenForest_06_Animated_Translucent,MI_QueenPalm_Trunk,5028204,4948,55008066,216,72,55,0,77,4824,4748,81,26,7,13,1,1,1,359,345,359,359,285,363,285,92,1.27777778,95,1.31944444,0,1,1,81,77,4824,4748,1,0,1
426,15,5,QueenForest_06_Animated_Translucent,MI_QueenPalm_Leaves_TwoSided,5033152,472384,55008282,20886,6962,56,3,497,472285,471789,6179,1378,23,19,0,0,1,49613,44320,46753,48255,23259,34713,22946,7050,1.01264005,7158,1.02815283,617,975,1,6179,497,472285,471789,0,617,975
427,15,5,QueenForest_06_Animated_Translucent,MI_QueenPalm_FruitBranches,5505536,97704,55029168,4206,1402,57,0,1,96569,96569,2229,1073,8,17,0,0,1,8946,6275,6773,7359,5824,6132,5808,2397,1.70970043,2400,1.71184023,0,2,1,2229,1,96569,96569,0,0,2
428,15,5,QueenForest_06_Animated_Translucent,MI_QueenPalm_DriedBranches,5603240,18504,55033374,822,274,58,0,81,18351,18271,311,76,7,15,1,1,1,1550,1293,1363,1537,1019,1353,1006,350,1.27737226,354,1.29197080,0,1,1,311,81,18351,18271,1,0,1
429,15,5,QueenForest_06_Animated_Translucent,MI_QueenPalm_Branches,5621744,22656,55034196,990,330,59,0,81,22270,22190,415,130,7,15,1,1,1,1865,1542,1643,1817,1304,1586,1291,448,1.35757576,449,1.36060606,0,1,1,415,81,22270,22190,1,0,1
430,15,5,QueenForest_06_Animated_Translucent,MI_QueenPalm_OldBranches,5644400,18816,55035186,828,276,60,0,78,18592,18515,348,111,6,15,1,1,1,1561,1283,1364,1539,1108,1337,1086,386,1.39855072,384,1.39130435,0,1,1,348,78,18592,18515,1,0,1
431,15,5,QueenForest_06_Animated_Translucent,MI_QueenPalm_DeadLeaves_TwoSided,5663216,94920,55036014,3987,1329,61,3,850,94482,93633,1887,522,10,17,0,0,1,8481,7049,7295,7757,4383,5463,4359,1954,1.47027840,1952,1.46877351,0,2,1,1887,850,94482,93633,0,0,2
432,15,5,QueenForest_06_Animated_Translucent,MI_QueenPalm_Berries,5758136,327080,55040001,13848,4616,62,0,229,327061,326833,6076,1999,7,19,0,0,1,32897,21410,23118,25430,19078,23203,18897,6507,1.40966205,6503,1.40879549,0,6,1,6076,229,327061,326833,0,0,6
433,15,6,QueenForest_06_Animated_Translucent,MI_QueenPalm_Trunk,5028204,4948,55053849,72,24,55,0,117,4106,3990,25,5,7,12,1,1,1,116,116,116,116,94,132,95,25,1.04166667,25,1.04166667,0,1,1,25,117,4106,3990,1,0,1
434,15,6,QueenForest_06_Animated_Translucent,MI_QueenPalm_Leaves_TwoSided,5033152,472384,55053921,6537,2179,56,3,519,471661,471143,2058,530,16,19,0,0,1,15534,15434,15383,15549,8244,12376,8170,2321,1.06516751,2323,1.06608536,386,602,1,2058,519,471661,471143,0,386,602
435,15,6,QueenForest_06_Animated_Translucent,MI_QueenPalm_FruitBranches,5505536,97704,55060458,1416,472,57,0,1,86917,86917,708,318,8,17,0,0,1,3017,2199,2372,2641,1920,2104,1928,776,1.64406780,767,1.62500000,0,2,1,708,1,86917,86917,0,0,2
436,15,6,QueenForest_06_Animated_Translucent,MI_QueenPalm_DriedBranches,5603240,18504,55061874,264,88,58,0,151,18331,18181,108,35,8,15,1,1,1,503,453,509,503,370,462,369,116,1.31818182,115,1.30681818,0,1,1,108,151,18331,18181,1,0,1
437,15,6,QueenForest_06_Animated_Translucent,MI_QueenPalm_Branches,5621744,22656,55062138,330,110,59,0,81,20542,20462,154,42,6,15,1,1,1,627,563,585,627,499,549,488,162,1.47272727,162,1.47272727,0,1,1,154,81,20542,20462,1,0,1
438,15,6,QueenForest_06_Animated_Translucent,MI_QueenPalm_OldBranches,5644400,18816,55062468,276,92,60,0,242,18547,18306,134,52,5,15,1,1,1,526,473,524,526,408,473,403,137,1.48913043,137,1.48913043,0,1,1,134,242,18547,18306,1,0,1
439,15,6,QueenForest_06_Animated_Translucent,MI_QueenPalm_DeadLeaves_TwoSided,5663216,94920,55062744,1113,371,61,3,2165,94450,92286,513,147,8,17,0,0,1,2374,2193,2212,2338,1559,1968,1560,537,1.44743935,540,1.45552561,0,2,1,513,2165,94450,92286,0,0,2
440,15,6,QueenForest_06_Animated_Translucent,MI_QueenPalm_Berries,5758136,327080,55063857,4614,1538,62,0,2797,327061,324265,2306,864,5,19,0,0,1,10967,7887,8518,9279,6865,7895,6823,2402,1.56176853,2404,1.56306892,0,5,1,2306,2797,327061,324265,0,0,5
441,16,0,Moss_01,MI_Moss_01_TwoSided,6085216,221,8762253,717,239,63,3,0,220,221,221,30,9,8,1,1,1,725,781,741,725,542,838,514,263,1.10041841,258,1.07949791,0,1,1,221,0,220,221,1,0,1
442,16,1,Moss_01,MI_Moss_01_TwoSided,6085216,221,55068471,357,119,63,3,0,220,221,113,25,9,8,1,1,1,365,389,373,365,314,449,302,123,1.03361345,132,1.10924370,0,1,1,113,0,220,221,1,0,1
443,16,2,Moss_01,MI_Moss_01_TwoSided,6085216,221,55068828,174,58,63,3,0,220,221,53,9,8,8,1,1,1,182,190,182,182,155,229,153,60,1.03448276,60,1.03448276,0,1,1,53,0,216,217,1,0,1
444,16,3,Moss_01,MI_Moss_01_TwoSided,6085216,221,55069002,84,28,63,3,0,220,221,27,4,7,8,1,1,1,92,92,92,92,81,117,83,27,0.96428571,28,1.00000000,0,1,1,27,0,204,205,1,0,1
445,16,4,Moss_01,MI_Moss_01_TwoSided,6085216,221,55069086,42,14,63,3,0,218,219,16,5,6,8,1,1,1,50,50,50,50,54,58,53,16,1.14285714,16,1.14285714,0,1,1,16,0,202,203,1,0,1
446,16,5,Moss_01,MI_Moss_01_TwoSided,6085216,221,55069128,21,7,63,3,40,218,179,9,3,5,8,1,1,1,29,29,29,29,39,33,39,9,1.28571429,9,1.28571429,0,1,1,9,22,186,165,1,0,1
447,16,6,Moss_01,MI_Moss_01_TwoSided,6085216,221,55069149,6,2,63,3,95,208,114,4,2,2,7,1,1,1,14,14,14,14,26,14,26,4,2.00000000,4,2.00000000,0,1,1,4,49,159,111,1,0,1
448,17,0,Moss_03,MI_Moss_01_TwoSided,6085437,200,8762970,687,229,64,3,0,199,200,200,26,10,8,1,1,1,695,684,658,695,420,696,395,237,1.03493450,237,1.03493450,0,1,1,200,0,199,200,1,0,1
449,17,1,Moss_03,MI_Moss_01_TwoSided,6085437,200,55069155,339,113,64,3,0,199,200,105,23,8,8,1,1,1,347,347,345,347,242,353,246,117,1.03539823,120,1.06194690,0,1,1,105,0,199,200,1,0,1
450,17,2,Moss_03,MI_Moss_01_TwoSided,6085437,200,55069494,171,57,64,3,2,195,194,54,15,8,8,1,1,1,179,178,179,179,142,182,141,56,0.98245614,56,0.98245614,0,1,1,54,2,199,198,1,0,1
451,17,3,Moss_03,MI_Moss_01_TwoSided,6085437,200,55069665,78,26,64,3,7,195,189,27,7,6,8,1,1,1,86,86,86,86,82,85,81,27,1.03846154,27,1.03846154,0,1,1,27,7,199,193,1,0,1
452,17,4,Moss_03,MI_Moss_01_TwoSided,6085437,200,55069743,39,13,64,3,7,187,181,15,5,5,8,1,1,1,47,47,47,47,52,49,52,15,1.15384615,15,1.15384615,0,1,1,15,7,199,193,1,0,1
453,17,5,Moss_03,MI_Moss_01_TwoSided,6085437,200,55069782,18,6,64,3,7,187,181,8,2,4,8,1,1,1,26,26,26,26,34,28,34,8,1.33333333,8,1.33333333,0,1,1,8,7,155,149,1,0,1
454,17,6,Moss_03,MI_Moss_01_TwoSided,6085437,200,55069800,6,2,64,3,42,187,146,4,2,2,8,1,1,1,14,14,14,14,26,13,26,4,2.00000000,4,2.00000000,0,1,1,4,35,105,71,1,0,1
455,18,0,Moss_02,MI_Moss_01_TwoSided,6085637,220,8763657,699,233,65,3,0,219,220,220,32,8,8,1,1,1,707,705,692,707,399,708,396,256,1.09871245,259,1.11158798,0,1,1,220,0,219,220,1,0,1
456,18,1,Moss_02,MI_Moss_01_TwoSided,6085637,220,55069806,348,116,65,3,0,219,220,110,26,10,8,1,1,1,356,365,353,356,271,359,250,132,1.13793103,128,1.10344828,0,1,1,110,0,219,220,1,0,1
457,18,2,Moss_02,MI_Moss_01_TwoSided,6085637,220,55070154,174,58,65,3,0,219,220,55,12,9,8,1,1,1,182,190,182,182,144,193,139,62,1.06896552,61,1.05172414,0,1,1,55,0,219,220,1,0,1
458,18,3,Moss_02,MI_Moss_01_TwoSided,6085637,220,55070328,78,26,65,3,0,219,220,26,6,9,8,1,1,1,86,86,86,86,77,98,76,26,1.00000000,26,1.00000000,0,1,1,26,0,208,209,1,0,1
459,18,4,Moss_02,MI_Moss_01_TwoSided,6085637,220,55070406,39,13,65,3,0,195,196,15,6,6,8,1,1,1,47,47,47,47,50,57,49,15,1.15384615,15,1.15384615,0,1,1,15,0,208,209,1,0,1
460,18,5,Moss_02,MI_Moss_01_TwoSided,6085637,220,55070445,18,6,65,3,27,187,161,8,3,4,8,1,1,1,26,26,26,26,36,33,36,8,1.33333333,8,1.33333333,0,1,1,8,38,204,167,1,0,1
461,18,6,Moss_02,MI_Moss_01_TwoSided,6085637,220,55070463,6,2,65,3,27,187,161,4,2,2,8,1,1,1,14,14,14,14,26,16,26,4,2.00000000,4,2.00000000,0,1,1,4,38,114,77,1,0,1
462,19,0,Grass_B_02,MI_Grass_02_TwoSided,6085857,1575,8764356,5280,1760,66,3,0,1574,1575,1575,110,6,11,1,1,1,7268,4364,4806,5336,2597,5297,2781,1708,0.97045455,1811,1.02897727,0,1,1,1575,0,1574,1575,1,0,1
463,19,1,Grass_B_02,MI_Grass_02_TwoSided,6085857,1575,55070469,2637,879,66,3,3,1567,1565,847,83,7,11,1,1,1,3634,2389,2715,3053,1555,2654,1556,900,1.02389078,914,1.03981797,0,1,1,847,3,1569,1567,1,0,1
464,19,2,Grass_B_02,MI_Grass_02_TwoSided,6085857,1575,55073106,1320,440,66,3,4,1557,1554,486,74,7,11,1,1,1,1823,1339,1491,1666,914,1349,914,507,1.15227273,507,1.15227273,0,1,1,486,4,1557,1554,1,0,1
465,19,3,Grass_B_02,MI_Grass_02_TwoSided,6085857,1575,55074426,633,211,66,3,40,1552,1513,262,59,6,11,1,1,1,879,701,769,879,501,667,504,275,1.30331754,275,1.30331754,0,1,1,262,40,1551,1512,1,0,1
466,19,4,Grass_B_02,MI_Grass_02_TwoSided,6085857,1575,55075059,315,105,66,3,40,1535,1496,122,25,6,11,1,1,1,442,387,435,442,268,344,269,122,1.16190476,122,1.16190476,0,1,1,122,40,1531,1492,1,0,1
467,19,5,Grass_B_02,MI_Grass_02_TwoSided,6085857,1575,55075374,156,52,66,3,40,1223,1184,62,13,6,11,1,1,1,223,211,223,223,143,177,143,62,1.19230769,62,1.19230769,0,1,1,62,40,1187,1148,1,0,1
468,19,6,Grass_B_02,MI_Grass_02_TwoSided,6085857,1575,55075530,48,16,66,3,252,1185,934,24,10,6,10,1,1,1,68,68,68,68,66,60,66,24,1.50000000,24,1.50000000,0,1,1,24,249,1187,939,1,0,1
469,20,0,Grass_B_03,MI_Grass_02_TwoSided,6087432,1072,8769636,3645,1215,67,3,0,1071,1072,1072,68,7,11,1,1,1,5020,3123,3303,3781,1929,3675,1869,1169,0.96213992,1200,0.98765432,0,1,1,1072,0,1071,1072,1,0,1
470,20,1,Grass_B_03,MI_Grass_02_TwoSided,6087432,1072,55075578,1821,607,67,3,1,1071,1071,582,51,7,11,1,1,1,2512,1686,1872,2037,1101,1847,1097,620,1.02141680,628,1.03459638,0,1,1,582,1,1071,1071,1,0,1
471,20,2,Grass_B_03,MI_Grass_02_TwoSided,6087432,1072,55077399,906,302,67,3,7,1071,1065,335,45,7,11,1,1,1,1254,928,1034,1114,616,929,620,354,1.17218543,355,1.17549669,0,1,1,335,3,1067,1065,1,0,1
472,20,3,Grass_B_03,MI_Grass_02_TwoSided,6087432,1072,55078305,435,145,67,3,7,1071,1065,192,51,6,11,1,1,1,607,493,538,607,362,461,361,201,1.38620690,201,1.38620690,0,1,1,192,3,1064,1062,1,0,1
473,20,4,Grass_B_03,MI_Grass_02_TwoSided,6087432,1072,55078740,216,72,67,3,42,1067,1026,98,28,5,11,1,1,1,305,273,305,305,197,236,196,98,1.36111111,98,1.36111111,0,1,1,98,45,1061,1017,1,0,1
474,20,5,Grass_B_03,MI_Grass_02_TwoSided,6087432,1072,55078956,108,36,67,3,45,992,948,45,9,4,10,1,1,1,143,145,143,143,101,121,101,45,1.25000000,45,1.25000000,0,1,1,45,45,974,930,1,0,1
475,20,6,Grass_B_03,MI_Grass_02_TwoSided,6087432,1072,55079064,36,12,67,3,48,992,945,18,6,3,10,1,1,1,53,53,53,53,50,46,50,18,1.50000000,18,1.50000000,0,1,1,18,51,969,919,1,0,1
476,21,0,Grass_B_05,MI_Grass_02_TwoSided,6088504,1542,8773281,4992,1664,68,3,0,1541,1542,1542,110,7,11,1,1,1,6872,4196,4527,5432,2477,5012,2465,1682,1.01081731,1734,1.04206731,0,1,1,1542,0,1541,1542,1,0,1
477,21,1,Grass_B_05,MI_Grass_02_TwoSided,6088504,1542,55079100,2496,832,68,3,0,1541,1542,853,94,7,11,1,1,1,3440,2284,2551,2888,1492,2517,1508,908,1.09134615,928,1.11538462,0,1,1,853,0,1541,1542,1,0,1
478,21,2,Grass_B_05,MI_Grass_02_TwoSided,6088504,1542,55081596,1248,416,68,3,2,1533,1532,493,86,6,11,1,1,1,1724,1280,1445,1576,856,1264,855,520,1.25000000,528,1.26923077,0,1,1,493,2,1536,1535,1,0,1
479,21,3,Grass_B_05,MI_Grass_02_TwoSided,6088504,1542,55082844,597,199,68,3,31,1531,1501,273,77,5,11,1,1,1,829,672,717,829,479,624,479,275,1.38190955,275,1.38190955,0,1,1,273,34,1534,1501,1,0,1
480,21,4,Grass_B_05,MI_Grass_02_TwoSided,6088504,1542,55083441,297,99,68,3,31,1514,1484,147,54,5,11,1,1,1,417,374,409,417,274,319,274,151,1.52525253,151,1.52525253,0,1,1,147,37,1502,1466,1,0,1
481,21,5,Grass_B_05,MI_Grass_02_TwoSided,6088504,1542,55083738,147,49,68,3,33,1514,1482,82,38,5,11,1,1,1,211,200,211,211,168,168,168,84,1.71428571,84,1.71428571,0,1,1,82,40,1499,1460,1,0,1
482,21,6,Grass_B_05,MI_Grass_02_TwoSided,6088504,1542,55083885,48,16,68,3,206,1337,1132,29,16,5,11,1,1,1,74,74,74,74,73,61,73,29,1.81250000,29,1.81250000,0,1,1,29,206,1338,1133,1,0,1
483,22,0,Grass_B_01,MI_Grass_02_TwoSided,6090046,645,8778273,2142,714,69,3,0,644,645,645,44,7,10,1,1,1,2686,1699,1928,2166,1024,2151,1138,697,0.97619048,769,1.07703081,0,1,1,645,0,644,645,1,0,1
484,22,1,Grass_B_01,MI_Grass_02_TwoSided,6090046,645,55083933,1071,357,69,3,0,642,643,338,36,6,10,1,1,1,1347,970,1099,1183,604,1080,617,365,1.02240896,368,1.03081232,0,1,1,338,0,644,645,1,0,1
485,22,2,Grass_B_01,MI_Grass_02_TwoSided,6090046,645,55085004,534,178,69,3,1,641,641,192,24,7,10,1,1,1,676,516,619,676,364,545,353,204,1.14606742,204,1.14606742,0,1,1,192,1,636,636,1,0,1
486,22,3,Grass_B_01,MI_Grass_02_TwoSided,6090046,645,55085538,255,85,69,3,1,641,641,108,25,6,10,1,1,1,327,287,327,327,211,268,210,108,1.27058824,108,1.27058824,0,1,1,108,1,624,624,1,0,1
487,22,4,Grass_B_01,MI_Grass_02_TwoSided,6090046,645,55085793,126,42,69,3,1,600,600,59,16,5,10,1,1,1,166,154,166,166,126,140,125,61,1.45238095,61,1.45238095,0,1,1,59,1,577,577,1,0,1
488,22,5,Grass_B_01,MI_Grass_02_TwoSided,6090046,645,55085919,63,21,69,3,1,600,600,32,11,4,10,1,1,1,87,87,87,87,75,73,75,32,1.52380952,32,1.52380952,0,1,1,32,1,577,577,1,0,1
489,22,6,Grass_B_01,MI_Grass_02_TwoSided,6090046,645,55085982,21,7,69,3,126,336,211,12,5,3,8,1,1,1,29,29,29,29,40,29,40,12,1.71428571,12,1.71428571,0,1,1,12,126,336,211,1,0,1
490,23,0,Grass_B_04,MI_Grass_02_TwoSided,6090691,2197,8780415,7467,2489,70,3,0,2196,2197,2197,140,7,12,1,1,1,11209,6311,6781,7931,3931,7525,3805,2398,0.96343913,2457,0.98714343,0,1,1,2197,0,2196,2197,1,0,1
491,23,1,Grass_B_04,MI_Grass_02_TwoSided,6090691,2197,55086003,3732,1244,70,3,0,2196,2197,1200,102,8,12,1,1,1,5606,3423,3801,4335,2239,3784,2236,1288,1.03536977,1327,1.06672026,0,1,1,1200,0,2195,2196,1,0,1
492,23,2,Grass_B_04,MI_Grass_02_TwoSided,6090691,2197,55089735,1866,622,70,3,8,2196,2189,697,94,7,12,1,1,1,2807,1903,2112,2316,1264,1912,1263,742,1.19292605,738,1.18649518,0,1,1,697,9,2191,2183,1,0,1
493,23,3,Grass_B_04,MI_Grass_02_TwoSided,6090691,2197,55091601,894,298,70,3,18,2196,2179,395,105,5,12,1,1,1,1349,1015,1103,1214,716,947,716,411,1.37919463,411,1.37919463,0,1,1,395,21,2188,2168,1,0,1
494,23,4,Grass_B_04,MI_Grass_02_TwoSided,6090691,2197,55092495,447,149,70,3,63,2196,2134,217,74,5,12,1,1,1,679,555,631,679,396,486,396,222,1.48993289,222,1.48993289,0,1,1,217,68,2185,2118,1,0,1
495,23,5,Grass_B_04,MI_Grass_02_TwoSided,6090691,2197,55092942,222,74,70,3,99,2196,2098,110,42,5,12,1,1,1,341,298,341,341,214,243,213,112,1.51351351,112,1.51351351,0,1,1,110,110,2182,2073,1,0,1
496,23,6,Grass_B_04,MI_Grass_02_TwoSided,6090691,2197,55093164,72,24,70,3,588,1633,1046,34,10,4,11,1,1,1,107,107,107,107,83,85,83,37,1.54166667,37,1.54166667,0,1,1,34,591,1610,1020,1,0,1
497,24,0,Grass_A_06,MI_Grass_01_TwoSided,6092888,1580,8787882,4398,1466,71,3,0,1579,1580,1580,139,6,11,1,1,1,6056,3681,3992,4926,2011,4410,1912,1688,1.15143247,1729,1.17939973,0,1,1,1580,0,1579,1580,1,0,1
498,24,1,Grass_A_06,MI_Grass_01_TwoSided,6092888,1580,55093236,2199,733,71,3,0,1579,1580,855,139,6,11,1,1,1,3032,2086,2252,2690,1402,2217,1324,918,1.25238745,918,1.25238745,0,1,1,855,0,1579,1580,1,0,1
499,24,2,Grass_A_06,MI_Grass_01_TwoSided,6092888,1580,55095435,1098,366,71,3,2,1579,1578,488,144,7,11,1,1,1,1518,1148,1257,1444,866,1112,846,517,1.41256831,514,1.40437158,0,1,1,488,2,1577,1576,1,0,1
500,24,3,Grass_A_06,MI_Grass_01_TwoSided,6092888,1580,55096533,525,175,71,3,2,1572,1571,243,77,6,11,1,1,1,730,616,672,730,453,546,446,255,1.45714286,255,1.45714286,0,1,1,243,2,1569,1568,1,0,1
501,24,4,Grass_A_06,MI_Grass_01_TwoSided,6092888,1580,55097058,261,87,71,3,2,1518,1517,141,68,6,11,1,1,1,367,330,371,367,286,287,277,145,1.66666667,145,1.66666667,0,1,1,141,2,1518,1517,1,0,1
502,24,5,Grass_A_06,MI_Grass_01_TwoSided,6092888,1580,55097319,129,43,71,3,2,1518,1517,77,47,6,11,1,1,1,186,186,186,186,172,151,166,77,1.79069767,77,1.79069767,0,1,1,77,2,1518,1517,1,0,1
503,24,6,Grass_A_06,MI_Grass_01_TwoSided,6092888,1580,55097448,42,14,71,3,4,1505,1502,26,17,4,11,1,1,1,66,66,66,66,68,52,68,26,1.85714286,26,1.85714286,0,1,1,26,4,1490,1487,1,0,1
504,25,0,Grass_A_04,MI_Grass_01_TwoSided,6094468,2593,8792280,6861,2287,72,3,0,2592,2593,2593,308,5,12,1,1,1,10300,5741,6274,7791,2947,6869,2943,2729,1.19326629,2729,1.19326629,0,1,1,2593,0,2592,2593,1,0,1
505,25,1,Grass_A_04,MI_Grass_01_TwoSided,6094468,2593,55097490,3429,1143,72,3,0,2592,2593,1451,308,6,12,1,1,1,5152,3268,3527,4282,2189,3437,2189,1519,1.32895888,1519,1.32895888,0,1,1,1451,0,2592,2593,1,0,1
506,25,2,Grass_A_04,MI_Grass_01_TwoSided,6094468,2593,55100919,1713,571,72,3,0,2588,2589,863,299,4,12,1,1,1,2578,1797,1984,2336,1409,1720,1409,891,1.56042032,891,1.56042032,0,1,1,863,0,2588,2589,1,0,1
507,25,3,Grass_A_04,MI_Grass_01_TwoSided,6094468,2593,55102632,822,274,72,3,5,2584,2580,480,233,4,12,1,1,1,1241,961,1054,1229,787,845,787,490,1.78832117,490,1.78832117,0,1,1,480,5,2584,2580,1,0,1
508,25,4,Grass_A_04,MI_Grass_01_TwoSided,6094468,2593,55103454,411,137,72,3,5,2498,2494,273,171,4,12,1,1,1,625,515,550,625,474,446,474,273,1.99270073,273,1.99270073,0,1,1,273,5,2498,2494,1,0,1
509,25,5,Grass_A_04,MI_Grass_01_TwoSided,6094468,2593,55103865,204,68,72,3,5,2428,2424,146,102,4,12,1,1,1,314,278,314,314,274,231,274,146,2.14705882,146,2.14705882,0,1,1,146,5,2428,2424,1,0,1
510,25,6,Grass_A_04,MI_Grass_01_TwoSided,6094468,2593,55104069,66,22,72,3,19,336,318,46,27,3,9,1,1,1,83,83,83,83,97,75,97,46,2.09090909,46,2.09090909,0,1,1,46,19,336,318,1,0,1
511,26,0,Grass_A_02,MI_Grass_01_TwoSided,6097061,4823,8799141,13878,4626,73,3,0,4822,4823,4823,390,6,13,1,1,1,22560,12366,13330,15738,6685,13925,6133,5304,1.14656291,5355,1.15758755,0,1,1,4823,0,4822,4823,1,0,1
512,26,1,Grass_A_02,MI_Grass_01_TwoSided,6097061,4823,55104135,6939,2313,73,3,0,4822,4823,2557,390,8,13,1,1,1,11284,6757,7214,8545,4199,6982,4140,2775,1.19974060,2804,1.21227843,0,1,1,2557,0,4822,4823,1,0,1
513,26,2,Grass_A_02,MI_Grass_01_TwoSided,6097061,4823,55111074,3468,1156,73,3,0,4819,4820,1388,353,8,13,1,1,1,5644,3676,3964,4567,2389,3537,2381,1492,1.29065744,1493,1.29152249,0,1,1,1388,0,4820,4821,1,0,1
514,26,3,Grass_A_02,MI_Grass_01_TwoSided,6097061,4823,55114542,1665,555,73,3,0,4813,4814,699,222,7,13,1,1,1,2714,1961,2186,2474,1285,1747,1278,744,1.34054054,745,1.34234234,0,1,1,699,0,4813,4814,1,0,1
515,26,4,Grass_A_02,MI_Grass_01_TwoSided,6097061,4823,55116207,831,277,73,3,0,4804,4805,385,144,5,13,1,1,1,1359,1055,1160,1335,726,901,726,400,1.44404332,400,1.44404332,0,1,1,385,0,4813,4814,1,0,1
516,26,5,Grass_A_02,MI_Grass_01_TwoSided,6097061,4823,55117038,414,138,73,3,0,4768,4769,220,94,5,13,1,1,1,681,578,618,681,437,476,438,228,1.65217391,228,1.65217391,0,1,1,220,0,4801,4802,1,0,1
517,26,6,Grass_A_02,MI_Grass_01_TwoSided,6097061,4823,55117452,138,46,73,3,1,4485,4485,90,56,4,13,1,1,1,233,218,233,233,193,177,193,90,1.95652174,90,1.95652174,0,1,1,90,1,4472,4472,1,0,1
518,27,0,Grass_A_03,MI_Grass_01_TwoSided,6101884,6405,8813019,17835,5945,74,3,0,6404,6405,6405,562,6,13,1,1,1,28990,14939,16226,20193,8087,17872,7716,6913,1.16282590,7039,1.18402019,0,1,1,6405,0,6404,6405,1,0,1
519,27,1,Grass_A_03,MI_Grass_01_TwoSided,6101884,6405,55117590,8916,2972,74,3,0,6404,6405,3466,562,6,13,1,1,1,14497,8427,9228,11183,5605,8969,5316,3738,1.25773890,3723,1.25269179,0,1,1,3466,0,6404,6405,1,0,1
520,27,2,Grass_A_03,MI_Grass_01_TwoSided,6101884,6405,55126506,4458,1486,74,3,2,6400,6399,1980,584,7,13,1,1,1,7253,4697,5146,6005,3429,4496,3359,2104,1.41588156,2091,1.40713324,0,1,1,1980,2,6400,6399,1,0,1
521,27,3,Grass_A_03,MI_Grass_01_TwoSided,6101884,6405,55130964,2139,713,74,3,2,6365,6364,1009,351,6,13,1,1,1,3484,2500,2736,3158,1812,2204,1790,1064,1.49228612,1064,1.49228612,0,1,1,1009,2,6356,6355,1,0,1
522,27,4,Grass_A_03,MI_Grass_01_TwoSided,6101884,6405,55133103,1068,356,74,3,2,6365,6364,548,235,6,13,1,1,1,1744,1391,1498,1677,1069,1141,1037,564,1.58426966,564,1.58426966,0,1,1,548,2,6352,6351,1,0,1
523,27,5,Grass_A_03,MI_Grass_01_TwoSided,6101884,6405,55134171,534,178,74,3,2,6272,6271,310,177,6,13,1,1,1,876,740,817,876,631,604,613,314,1.76404494,314,1.76404494,0,1,1,310,2,6297,6296,1,0,1
524,27,6,Grass_A_03,MI_Grass_01_TwoSided,6101884,6405,55134705,177,59,74,3,4,6272,6269,111,78,5,13,1,1,1,296,282,296,296,237,209,237,113,1.91525424,113,1.91525424,0,1,1,111,4,6297,6294,1,0,1
525,28,0,Grass_A_05,MI_Grass_01_TwoSided,6108289,1386,8830854,3771,1257,75,3,0,1385,1386,1386,131,5,11,1,1,1,5194,3154,3432,4283,1657,3780,1617,1482,1.17899761,1503,1.19570406,0,1,1,1386,0,1385,1386,1,0,1
526,28,1,Grass_A_05,MI_Grass_01_TwoSided,6108289,1386,55134882,1884,628,75,3,1,1385,1385,758,131,6,11,1,1,1,2599,1765,1936,2336,1148,1891,1128,797,1.26910828,801,1.27547771,0,1,1,758,1,1385,1385,1,0,1
527,28,2,Grass_A_05,MI_Grass_01_TwoSided,6108289,1386,55136766,942,314,75,3,9,1385,1377,438,127,5,11,1,1,1,1304,977,1093,1172,731,953,725,454,1.44585987,454,1.44585987,0,1,1,438,9,1385,1377,1,0,1
528,28,3,Grass_A_05,MI_Grass_01_TwoSided,6108289,1386,55137708,450,150,75,3,24,1385,1362,234,96,5,11,1,1,1,627,518,579,627,404,468,404,240,1.60000000,240,1.60000000,0,1,1,234,24,1385,1362,1,0,1
529,28,4,Grass_A_05,MI_Grass_01_TwoSided,6108289,1386,55138158,225,75,75,3,24,1385,1362,135,67,4,11,1,1,1,318,281,318,318,251,246,251,139,1.85333333,139,1.85333333,0,1,1,135,24,1385,1362,1,0,1
530,28,5,Grass_A_05,MI_Grass_01_TwoSided,6108289,1386,55138383,111,37,75,3,24,1385,1362,83,61,4,11,1,1,1,161,162,161,161,163,132,163,85,2.29729730,85,2.29729730,0,1,1,83,24,1385,1362,1,0,1
531,28,6,Grass_A_05,MI_Grass_01_TwoSided,6108289,1386,55138494,36,12,75,3,582,1385,804,26,17,3,10,1,1,1,53,53,53,53,63,44,63,26,2.16666667,26,2.16666667,0,1,1,26,582,1385,804,1,0,1
532,29,0,Grass_A_01,MI_Grass_01_TwoSided,6109675,7044,8834625,19266,6422,76,3,0,7043,7044,7044,658,4,13,1,1,1,31316,16050,17514,21850,8524,19271,6618,7513,1.16988477,7632,1.18841482,0,1,1,7044,0,7043,7044,1,0,1
533,29,1,Grass_A_01,MI_Grass_01_TwoSided,6109675,7044,55138530,9633,3211,76,3,1,7043,7043,3833,658,6,13,1,1,1,15662,8989,9969,11902,5909,9638,5672,4069,1.26720648,4054,1.26253504,0,1,1,3833,1,7043,7043,1,0,1
534,29,2,Grass_A_01,MI_Grass_01_TwoSided,6109675,7044,55148163,4815,1605,76,3,9,7035,7027,2187,621,6,13,1,1,1,7833,4964,5540,6433,3556,4840,3521,2281,1.42118380,2281,1.42118380,0,1,1,2187,9,7032,7024,1,0,1
535,29,3,Grass_A_01,MI_Grass_01_TwoSided,6109675,7044,55152978,2310,770,76,3,12,7034,7023,1146,449,5,13,1,1,1,3762,2639,2995,3395,1964,2375,1962,1184,1.53766234,1184,1.53766234,0,1,1,1146,12,7028,7017,1,0,1
536,29,4,Grass_A_01,MI_Grass_01_TwoSided,6109675,7044,55155288,1155,385,76,3,24,7034,7011,605,275,5,13,1,1,1,1885,1474,1598,1749,1095,1226,1091,616,1.60000000,616,1.60000000,0,1,1,605,24,7025,7002,1,0,1
537,29,5,Grass_A_01,MI_Grass_01_TwoSided,6109675,7044,55156443,576,192,76,3,24,7034,7011,320,156,4,13,1,1,1,944,804,881,944,606,630,606,327,1.70312500,327,1.70312500,0,1,1,320,24,7025,7002,1,0,1
538,29,6,Grass_A_01,MI_Grass_01_TwoSided,6109675,7044,55157019,192,64,76,3,24,5823,5800,124,76,3,13,1,1,1,320,304,320,320,251,218,251,127,1.98437500,127,1.98437500,0,1,1,124,24,5820,5797,1,0,1
539,30,0,Shrub_02,MI_Shrub_04_TwoSided,6116719,4420,8853891,19767,6589,77,3,0,4419,4420,4420,231,10,13,1,1,1,32130,18934,19406,20935,12884,22088,11015,5271,0.79996965,5360,0.81347701,0,1,1,4420,0,4419,4420,1,0,1
540,30,1,Shrub_02,MI_Shrub_04_TwoSided,6116719,4420,55157211,9882,3294,77,3,0,4419,4420,2431,118,9,13,1,1,1,16067,9892,10334,11510,6558,10997,5946,2881,0.87462052,2897,0.87947784,0,1,1,2431,0,4418,4419,1,0,1
541,30,2,Shrub_02,MI_Shrub_04_TwoSided,6116719,4420,55167093,4932,1644,77,3,0,4418,4419,1354,182,10,13,1,1,1,8023,5272,5498,6085,3519,5699,3357,1531,0.93126521,1507,0.91666667,0,1,1,1354,0,4418,4419,1,0,1
542,30,3,Shrub_02,MI_Shrub_04_TwoSided,6116719,4420,55172025,2370,790,77,3,1,4418,4418,814,230,12,13,1,1,1,3860,2702,2930,3266,1998,2868,1956,859,1.08734177,878,1.11139241,0,1,1,814,1,4418,4418,1,0,1
543,30,4,Shrub_02,MI_Shrub_04_TwoSided,6116719,4420,55174395,1146,382,77,3,1,4349,4349,530,243,10,13,1,1,1,1871,1398,1538,1688,1142,1325,1140,543,1.42146597,543,1.42146597,0,1,1,530,1,4349,4349,1,0,1
544,30,5,Shrub_02,MI_Shrub_04_TwoSided,6116719,4420,55175541,591,197,77,3,1,4349,4349,305,160,9,13,1,1,1,969,778,828,969,665,714,655,309,1.56852792,309,1.56852792,0,1,1,305,1,4349,4349,1,0,1
545,30,6,Shrub_02,MI_Shrub_04_TwoSided,6116719,4420,55176132,195,65,77,3,1,4000,4000,104,62,8,12,1,1,1,301,302,301,301,237,246,236,104,1.60000000,104,1.60000000,0,1,1,104,1,4001,4001,1,0,1
546,31,0,Shrub_03,MI_Shrub_04_TwoSided,6121139,4108,8873658,18531,6177,78,3,0,4107,4108,4108,211,10,13,1,1,1,30121,18102,18595,19859,12301,21052,10461,4928,0.79779828,5003,0.80994010,0,1,1,4108,0,4107,4108,1,0,1
547,31,1,Shrub_03,MI_Shrub_04_TwoSided,6121139,4108,55176327,9264,3088,78,3,0,4105,4106,2266,100,9,13,1,1,1,15062,9428,9926,10796,6252,10467,5625,2672,0.86528497,2709,0.87726684,0,1,1,2266,0,4106,4107,1,0,1
548,31,2,Shrub_03,MI_Shrub_04_TwoSided,6121139,4108,55185591,4617,1539,78,3,0,4105,4106,1259,166,10,13,1,1,1,7511,4994,5339,5726,3327,5417,3209,1422,0.92397661,1452,0.94346979,0,1,1,1259,0,4106,4107,1,0,1
549,31,3,Shrub_03,MI_Shrub_04_TwoSided,6121139,4108,55190208,2202,734,78,3,1,4100,4100,745,210,11,13,1,1,1,3587,2554,2775,3052,1843,2680,1824,788,1.07356948,784,1.06811989,0,1,1,745,1,4102,4102,1,0,1
550,31,4,Shrub_03,MI_Shrub_04_TwoSided,6121139,4108,55192410,1089,363,78,3,1,4055,4055,499,233,9,12,1,1,1,1642,1353,1426,1610,1098,1285,1080,517,1.42424242,517,1.42424242,0,1,1,499,1,4058,4058,1,0,1
551,31,5,Shrub_03,MI_Shrub_04_TwoSided,6121139,4108,55193499,555,185,78,3,1,4055,4055,283,155,9,12,1,1,1,841,742,777,841,610,685,607,283,1.52972973,283,1.52972973,0,1,1,283,1,4058,4058,1,0,1
552,31,6,Shrub_03,MI_Shrub_04_TwoSided,6121139,4108,55194054,174,58,78,3,1,3955,3955,76,34,7,12,1,1,1,269,253,269,269,198,232,194,76,1.31034483,76,1.31034483,0,1,1,76,1,3956,3956,1,0,1
553,32,0,Shrub_01,MI_Shrub_04_TwoSided,6125247,2513,8892189,11178,3726,79,3,0,2512,2513,2513,134,10,12,1,1,1,16775,10737,11109,11970,7229,12510,6202,2987,0.80166398,3027,0.81239936,0,1,1,2513,0,2512,2513,1,0,1
554,32,1,Shrub_01,MI_Shrub_04_TwoSided,6125247,2513,55194228,5586,1862,79,3,0,2512,2513,1389,63,9,12,1,1,1,8387,5653,6018,6514,3722,6217,3389,1631,0.87593985,1648,0.88506982,0,1,1,1389,0,2511,2512,1,0,1
555,32,2,Shrub_01,MI_Shrub_04_TwoSided,6125247,2513,55199814,2790,930,79,3,3,2512,2510,776,102,11,12,1,1,1,4193,3003,3198,3520,2018,3226,1927,884,0.95053763,886,0.95268817,0,1,1,776,3,2511,2509,1,0,1
556,32,3,Shrub_01,MI_Shrub_04_TwoSided,6125247,2513,55202604,1305,435,79,3,3,2512,2510,461,136,10,12,1,1,1,1966,1513,1638,1811,1112,1541,1099,486,1.11724138,494,1.13563218,0,1,1,461,3,2511,2509,1,0,1
557,32,4,Shrub_01,MI_Shrub_04_TwoSided,6125247,2513,55203909,657,219,79,3,8,2492,2485,301,133,9,12,1,1,1,994,821,878,994,647,775,650,312,1.42465753,312,1.42465753,0,1,1,301,4,2493,2490,1,0,1
558,32,5,Shrub_01,MI_Shrub_04_TwoSided,6125247,2513,55204566,333,111,79,3,8,2492,2485,177,101,9,12,1,1,1,508,437,465,508,377,422,378,177,1.59459459,177,1.59459459,0,1,1,177,10,2493,2484,1,0,1
559,32,6,Shrub_01,MI_Shrub_04_TwoSided,6125247,2513,55204899,111,37,79,3,13,2433,2421,47,23,9,12,1,1,1,175,175,175,175,133,152,132,47,1.27027027,47,1.27027027,0,1,1,47,10,2429,2420,1,0,1
560,33,0,Shrub_04,MI_Shrub_04_TwoSided,6127760,7244,8903367,32505,10835,80,3,0,7243,7244,7244,375,10,13,1,1,1,52829,31488,32184,34738,21423,36476,18161,8651,0.79843101,8790,0.81125981,0,1,1,7244,0,7243,7244,1,0,1
561,33,1,Shrub_04,MI_Shrub_04_TwoSided,6127760,7244,55205010,16251,5417,80,3,0,7243,7244,3983,196,9,13,1,1,1,26416,16446,17351,18908,10869,18175,9834,4697,0.86708510,4718,0.87096179,0,1,1,3983,0,7242,7243,1,0,1
562,33,2,Shrub_04,MI_Shrub_04_TwoSided,6127760,7244,55221261,8094,2698,80,3,0,7242,7243,2210,297,10,13,1,1,1,13161,8731,9214,10206,5776,9427,5492,2521,0.93439585,2502,0.92735360,0,1,1,2210,0,7242,7243,1,0,1
563,33,3,Shrub_04,MI_Shrub_04_TwoSided,6127760,7244,55229355,3813,1271,80,3,1,7242,7242,1299,378,11,13,1,1,1,6205,4445,4698,5283,3172,4559,3131,1388,1.09205350,1386,1.09047994,0,1,1,1299,1,7242,7242,1,0,1
564,33,4,Shrub_04,MI_Shrub_04_TwoSided,6127760,7244,55233168,1896,632,80,3,1,7242,7242,849,390,11,13,1,1,1,3089,2368,2518,2823,1855,2262,1845,874,1.38291139,873,1.38132911,0,1,1,849,1,7242,7242,1,0,1
565,33,5,Shrub_04,MI_Shrub_04_TwoSided,6127760,7244,55235064,963,321,80,3,1,7242,7242,482,258,9,13,1,1,1,1573,1278,1358,1533,1033,1206,1024,495,1.54205607,495,1.54205607,0,1,1,482,1,7242,7242,1,0,1
566,33,6,Shrub_04,MI_Shrub_04_TwoSided,6127760,7244,55236027,318,106,80,3,1,7199,7199,135,72,8,13,1,1,1,525,474,510,525,336,426,340,135,1.27358491,135,1.27358491,0,1,1,135,1,7200,7200,1,0,1
567,34,0,ShrubSorrel_01_Translucent,MI_Shrub_Sorrel_01_TwoSided,6135004,351,8935872,1242,414,81,3,0,350,351,351,30,7,9,1,1,1,1406,1048,1131,1258,729,1253,738,403,0.97342995,400,0.96618357,0,1,1,351,0,350,351,1,0,1
568,34,1,ShrubSorrel_01_Translucent,MI_Shrub_Sorrel_01_TwoSided,6135004,351,55236345,621,207,81,3,3,348,346,208,32,7,9,1,1,1,707,582,632,707,431,630,435,230,1.11111111,232,1.12077295,0,1,1,208,3,350,348,1,0,1
569,34,2,ShrubSorrel_01_Translucent,MI_Shrub_Sorrel_01_TwoSided,6135004,351,55236966,309,103,81,3,6,347,342,122,26,6,9,1,1,1,356,324,351,356,247,318,249,131,1.27184466,131,1.27184466,0,1,1,122,6,348,343,1,0,1
570,34,3,ShrubSorrel_01_Translucent,MI_Shrub_Sorrel_01_TwoSided,6135004,351,55237275,147,49,81,3,16,342,327,61,18,5,9,1,1,1,174,163,174,174,131,159,131,61,1.24489796,61,1.24489796,0,1,1,61,22,348,327,1,0,1
571,34,4,ShrubSorrel_01_Translucent,MI_Shrub_Sorrel_01_TwoSided,6135004,351,55237422,72,24,81,3,27,342,316,36,16,5,9,1,1,1,89,89,89,89,82,84,82,38,1.58333333,38,1.58333333,0,1,1,36,31,337,307,1,0,1
572,34,5,ShrubSorrel_01_Translucent,MI_Shrub_Sorrel_01_TwoSided,6135004,351,55237494,36,12,81,3,79,284,206,18,8,5,8,1,1,1,44,44,44,44,52,46,52,18,1.50000000,18,1.50000000,0,1,1,18,79,290,212,1,0,1
573,34,6,ShrubSorrel_01_Translucent,MI_Shrub_Sorrel_01_TwoSided,6135004,351,55237530,12,4,81,3,264,284,21,6,3,3,5,1,1,1,16,16,16,16,29,18,29,6,1.50000000,6,1.50000000,0,1,1,6,258,290,33,1,0,1
574,35,0,ShrubSorrel_05_Translucent,MI_Shrub_Sorrel_01_TwoSided,6135355,60,8937114,213,71,82,3,0,59,60,60,5,7,6,1,1,1,168,182,168,168,134,219,133,70,0.98591549,70,0.98591549,0,1,1,60,0,59,60,1,0,1
575,35,1,ShrubSorrel_05_Translucent,MI_Shrub_Sorrel_01_TwoSided,6135355,60,55237542,105,35,82,3,1,59,59,36,8,7,6,1,1,1,87,93,87,87,87,111,89,38,1.08571429,39,1.11428571,0,1,1,36,1,59,59,1,0,1
576,35,2,ShrubSorrel_05_Translucent,MI_Shrub_Sorrel_01_TwoSided,6135355,60,55237647,51,17,82,3,3,57,55,20,5,5,6,1,1,1,47,47,47,47,54,58,54,20,1.17647059,20,1.17647059,0,1,1,20,3,59,57,1,0,1
577,35,3,ShrubSorrel_05_Translucent,MI_Shrub_Sorrel_01_TwoSided,6135355,60,55237698,24,8,82,3,16,48,33,10,3,5,6,1,1,1,26,26,26,26,35,29,35,10,1.25000000,10,1.25000000,0,1,1,10,22,59,38,1,0,1
578,35,4,ShrubSorrel_05_Translucent,MI_Shrub_Sorrel_01_TwoSided,6135355,60,55237722,12,4,82,3,16,48,33,6,2,4,6,1,1,1,17,17,17,17,27,17,27,6,1.50000000,6,1.50000000,0,1,1,6,22,49,28,1,0,1
579,35,5,ShrubSorrel_05_Translucent,MI_Shrub_Sorrel_01_TwoSided,6135355,60,55237734,6,2,82,3,16,48,33,4,2,2,6,1,1,1,13,13,13,13,24,12,24,4,2.00000000,4,2.00000000,0,1,1,4,22,49,28,1,0,1
580,35,6,ShrubSorrel_05_Translucent,MI_Shrub_Sorrel_01_TwoSided,6135355,60,55237740,3,1,82,3,16,48,33,3,3,1,6,1,1,1,11,11,11,11,22,9,22,3,3.00000000,3,3.00000000,0,1,1,3,22,32,11,1,0,1
581,36,0,ShrubSorrel_07_Translucent,MI_Shrub_Sorrel_01_TwoSided,6135415,57,8937327,201,67,83,3,0,56,57,57,5,7,6,1,1,1,159,172,159,159,129,207,130,67,1.00000000,64,0.95522388,0,1,1,57,0,56,57,1,0,1
582,36,1,ShrubSorrel_07_Translucent,MI_Shrub_Sorrel_01_TwoSided,6135415,57,55237743,99,33,83,3,0,56,57,34,6,6,6,1,1,1,83,89,83,83,81,105,81,39,1.18181818,39,1.18181818,0,1,1,34,0,56,57,1,0,1
583,36,2,ShrubSorrel_07_Translucent,MI_Shrub_Sorrel_01_TwoSided,6135415,57,55237842,45,15,83,3,0,54,55,19,5,6,6,1,1,1,42,42,42,42,51,50,52,19,1.26666667,19,1.26666667,0,1,1,19,0,56,57,1,0,1
584,36,3,ShrubSorrel_07_Translucent,MI_Shrub_Sorrel_01_TwoSided,6135415,57,55237887,24,8,83,3,23,50,28,10,3,5,5,1,1,1,23,23,23,23,36,29,36,10,1.25000000,10,1.25000000,0,1,1,10,24,56,33,1,0,1
585,36,4,ShrubSorrel_07_Translucent,MI_Shrub_Sorrel_01_TwoSided,6135415,57,55237911,12,4,83,3,27,48,22,6,2,4,5,1,1,1,16,16,16,16,28,17,28,6,1.50000000,6,1.50000000,0,1,1,6,24,56,33,1,0,1
586,36,5,ShrubSorrel_07_Translucent,MI_Shrub_Sorrel_01_TwoSided,6135415,57,55237923,6,2,83,3,30,48,19,4,2,2,5,1,1,1,12,12,12,12,24,11,24,4,2.00000000,4,2.00000000,0,1,1,4,24,56,33,1,0,1
587,36,6,ShrubSorrel_07_Translucent,MI_Shrub_Sorrel_01_TwoSided,6135415,57,55237929,3,1,83,3,34,48,15,3,3,1,4,1,1,1,10,10,10,10,22,9,22,3,3.00000000,3,3.00000000,0,1,1,3,24,56,33,1,0,1
588,37,0,ShrubSorrel_03_Translucent,MI_Shrub_Sorrel_01_TwoSided,6135472,300,8937528,1065,355,84,3,0,299,300,300,25,7,9,1,1,1,1207,916,965,1044,627,1074,619,341,0.96056338,342,0.96338028,0,1,1,300,0,299,300,1,0,1
589,37,1,ShrubSorrel_03_Translucent,MI_Shrub_Sorrel_01_TwoSided,6135472,300,55237932,531,177,84,3,1,297,297,177,27,7,9,1,1,1,606,495,548,606,355,539,361,196,1.10734463,198,1.11864407,0,1,1,177,1,299,299,1,0,1
590,37,2,ShrubSorrel_03_Translucent,MI_Shrub_Sorrel_01_TwoSided,6135472,300,55238463,264,88,84,3,3,297,295,101,20,6,9,1,1,1,305,267,308,305,207,274,207,103,1.17045455,103,1.17045455,0,1,1,101,3,297,295,1,0,1
591,37,3,ShrubSorrel_03_Translucent,MI_Shrub_Sorrel_01_TwoSided,6135472,300,55238727,126,42,84,3,21,287,267,57,18,5,9,1,1,1,150,139,150,150,122,134,121,57,1.35714286,57,1.35714286,0,1,1,57,21,297,277,1,0,1
592,37,4,ShrubSorrel_03_Translucent,MI_Shrub_Sorrel_01_TwoSided,6135472,300,55238853,63,21,84,3,30,281,252,31,13,5,8,1,1,1,71,71,71,71,74,74,74,31,1.47619048,31,1.47619048,0,1,1,31,26,297,272,1,0,1
593,37,5,ShrubSorrel_03_Translucent,MI_Shrub_Sorrel_01_TwoSided,6135472,300,55238916,30,10,84,3,33,171,139,16,8,5,8,1,1,1,38,38,38,38,47,39,47,16,1.60000000,16,1.60000000,0,1,1,16,26,149,124,1,0,1
594,37,6,ShrubSorrel_03_Translucent,MI_Shrub_Sorrel_01_TwoSided,6135472,300,55238946,9,3,84,3,90,114,25,5,2,3,5,1,1,1,14,14,14,14,27,15,27,5,1.66666667,5,1.66666667,0,1,1,5,95,119,25,1,0,1
595,38,0,ShrubSorrel_06_Translucent,MI_Shrub_Sorrel_01_TwoSided,6135772,54,8938593,189,63,85,3,0,53,54,54,5,7,6,1,1,1,150,158,150,150,123,195,122,61,0.96825397,59,0.93650794,0,1,1,54,0,53,54,1,0,1
596,38,1,ShrubSorrel_06_Translucent,MI_Shrub_Sorrel_01_TwoSided,6135772,54,55238955,93,31,85,3,3,53,51,32,5,6,6,1,1,1,78,78,78,78,79,99,78,35,1.12903226,36,1.16129032,0,1,1,32,3,53,51,1,0,1
597,38,2,ShrubSorrel_06_Translucent,MI_Shrub_Sorrel_01_TwoSided,6135772,54,55239048,45,15,85,3,3,51,49,19,5,6,6,1,1,1,42,42,42,42,53,50,53,19,1.26666667,19,1.26666667,0,1,1,19,3,53,51,1,0,1
598,38,3,ShrubSorrel_06_Translucent,MI_Shrub_Sorrel_01_TwoSided,6135772,54,55239093,21,7,85,3,20,47,28,9,3,4,5,1,1,1,22,22,22,22,34,26,34,9,1.28571429,9,1.28571429,0,1,1,9,21,53,33,1,0,1
599,38,4,ShrubSorrel_06_Translucent,MI_Shrub_Sorrel_01_TwoSided,6135772,54,55239114,9,3,85,3,27,45,19,5,2,3,5,1,1,1,14,14,14,14,26,14,26,5,1.66666667,5,1.66666667,0,1,1,5,21,53,33,1,0,1
600,38,5,ShrubSorrel_06_Translucent,MI_Shrub_Sorrel_01_TwoSided,6135772,54,55239123,3,1,85,3,27,45,19,3,3,1,5,1,1,1,10,10,10,10,22,8,22,3,3.00000000,3,3.00000000,0,1,1,3,21,37,17,1,0,1
601,38,6,ShrubSorrel_06_Translucent,MI_Shrub_Sorrel_01_TwoSided,6135772,54,55239123,3,1,85,3,27,45,19,3,3,1,5,1,1,1,10,10,10,10,22,8,22,3,3.00000000,3,3.00000000,0,1,1,3,21,37,17,1,0,1
602,39,0,ShrubSorrel_02_Translucent,MI_Shrub_Sorrel_01_TwoSided,6135826,240,8938782,852,284,86,3,0,239,240,240,20,7,8,1,1,1,860,725,759,837,501,861,494,275,0.96830986,274,0.96478873,0,1,1,240,0,239,240,1,0,1
603,39,1,ShrubSorrel_02_Translucent,MI_Shrub_Sorrel_01_TwoSided,6135826,240,55239126,426,142,86,3,0,238,239,144,24,7,8,1,1,1,434,391,421,434,290,435,292,153,1.07746479,152,1.07042254,0,1,1,144,0,239,240,1,0,1
604,39,2,ShrubSorrel_02_Translucent,MI_Shrub_Sorrel_01_TwoSided,6135826,240,55239552,213,71,86,3,2,238,237,81,16,6,8,1,1,1,221,218,221,221,166,224,168,85,1.19718310,85,1.19718310,0,1,1,81,2,238,237,1,0,1
605,39,3,ShrubSorrel_02_Translucent,MI_Shrub_Sorrel_01_TwoSided,6135826,240,55239765,102,34,86,3,8,234,227,46,16,5,8,1,1,1,110,117,110,110,99,109,99,49,1.44117647,49,1.44117647,0,1,1,46,8,237,230,1,0,1
606,39,4,ShrubSorrel_02_Translucent,MI_Shrub_Sorrel_01_TwoSided,6135826,240,55239867,51,17,86,3,16,234,219,25,11,4,8,1,1,1,59,59,59,59,62,60,62,25,1.47058824,25,1.47058824,0,1,1,25,22,237,216,1,0,1
607,39,5,ShrubSorrel_02_Translucent,MI_Shrub_Sorrel_01_TwoSided,6135826,240,55239918,24,8,86,3,90,234,145,14,8,4,8,1,1,1,32,32,32,32,44,32,44,14,1.75000000,14,1.75000000,0,1,1,14,89,237,149,1,0,1
608,39,6,ShrubSorrel_02_Translucent,MI_Shrub_Sorrel_01_TwoSided,6135826,240,55239942,6,2,86,3,94,114,21,4,2,2,5,1,1,1,12,12,12,12,25,12,25,4,2.00000000,4,2.00000000,0,1,1,4,92,116,25,1,0,1
609,40,0,ShrubSorrel_04_Translucent,MI_Shrub_Sorrel_01_TwoSided,6136066,60,8939634,213,71,87,3,0,59,60,60,5,7,6,1,1,1,168,179,168,168,132,218,123,70,0.98591549,69,0.97183099,0,1,1,60,0,59,60,1,0,1
610,40,1,ShrubSorrel_04_Translucent,MI_Shrub_Sorrel_01_TwoSided,6136066,60,55239948,105,35,87,3,1,59,59,35,5,6,6,1,1,1,87,92,87,87,84,110,82,38,1.08571429,38,1.08571429,0,1,1,35,1,59,59,1,0,1
611,40,2,ShrubSorrel_04_Translucent,MI_Shrub_Sorrel_01_TwoSided,6136066,60,55240053,51,17,87,3,3,57,55,21,5,5,6,1,1,1,47,47,47,47,57,56,57,21,1.23529412,21,1.23529412,0,1,1,21,3,57,55,1,0,1
612,40,3,ShrubSorrel_04_Translucent,MI_Shrub_Sorrel_01_TwoSided,6136066,60,55240104,24,8,87,3,8,57,50,12,5,4,6,1,1,1,26,26,26,26,38,30,38,12,1.50000000,12,1.50000000,0,1,1,12,8,57,50,1,0,1
613,40,4,ShrubSorrel_04_Translucent,MI_Shrub_Sorrel_01_TwoSided,6136066,60,55240128,12,4,87,3,29,57,29,6,2,4,5,1,1,1,16,16,16,16,28,18,28,6,1.50000000,6,1.50000000,0,1,1,6,33,57,25,1,0,1
614,40,5,ShrubSorrel_04_Translucent,MI_Shrub_Sorrel_01_TwoSided,6136066,60,55240140,6,2,87,3,43,57,15,4,2,2,4,1,1,1,11,11,11,11,24,12,24,4,2.00000000,4,2.00000000,0,1,1,4,40,57,18,1,0,1
615,40,6,ShrubSorrel_04_Translucent,MI_Shrub_Sorrel_01_TwoSided,6136066,60,55240146,3,1,87,3,54,57,4,3,3,1,2,1,1,1,9,9,9,9,22,9,22,3,3.00000000,3,3.00000000,0,1,1,3,40,46,7,1,0,1
616,41,0,Nettle_03_Translucent,MI_Nettle_01_TwoSided,6136126,2736,8939847,10776,3592,88,3,0,2735,2736,2736,162,20,12,1,1,1,16172,11284,11779,12708,6718,11286,6504,3310,0.92149220,3448,0.95991091,0,1,1,2736,0,2735,2736,1,0,1
617,41,1,Nettle_03_Translucent,MI_Nettle_01_TwoSided,6136126,2736,55240149,5388,1796,88,3,0,2735,2736,1507,107,9,12,1,1,1,8090,5985,6133,6793,3570,5766,3583,1770,0.98552339,1816,1.01113586,0,1,1,1507,0,2735,2736,1,0,1
618,41,2,Nettle_03_Translucent,MI_Nettle_01_TwoSided,6136126,2736,55245537,2691,897,88,3,0,2733,2734,833,93,8,12,1,1,1,4045,3185,3227,3444,2010,3038,2003,953,1.06243032,979,1.09141583,0,1,1,833,0,2735,2736,1,0,1
619,41,3,Nettle_03_Translucent,MI_Nettle_01_TwoSided,6136126,2736,55248228,1293,431,88,3,3,2733,2731,441,72,10,12,1,1,1,1948,1597,1689,1794,1089,1542,1084,492,1.14153132,506,1.17401392,0,1,1,441,3,2735,2733,1,0,1
620,41,4,Nettle_03_Translucent,MI_Nettle_01_TwoSided,6136126,2736,55249521,642,214,88,3,20,2733,2714,242,53,8,12,1,1,1,971,839,891,971,586,809,581,261,1.21962617,263,1.22897196,0,1,1,242,15,2735,2721,1,0,1
621,41,5,Nettle_03_Translucent,MI_Nettle_01_TwoSided,6136126,2736,55250163,321,107,88,3,31,2733,2703,141,44,7,12,1,1,1,490,442,474,490,343,440,341,144,1.34579439,145,1.35514019,0,1,1,141,30,2735,2706,1,0,1
622,41,6,Nettle_03_Translucent,MI_Nettle_01_TwoSided,6136126,2736,55250484,102,34,88,3,31,2710,2680,67,46,6,12,1,1,1,161,166,161,161,178,163,176,68,2.00000000,68,2.00000000,0,1,1,67,30,2735,2706,1,0,1
623,42,0,Nettle_02_Translucent,MI_Nettle_01_TwoSided,6138862,4336,8950623,16992,5664,89,3,0,4335,4336,4336,226,20,13,1,1,1,27620,17268,18275,19672,10357,17663,10196,5155,0.91013418,5511,0.97298729,0,1,1,4336,0,4335,4336,1,0,1
624,42,1,Nettle_02_Translucent,MI_Nettle_01_TwoSided,6138862,4336,55250586,8496,2832,89,3,0,4334,4335,2395,163,9,13,1,1,1,13814,9358,9698,10314,5735,9095,5653,2837,1.00176554,2888,1.01977401,0,1,1,2395,0,4335,4336,1,0,1
625,42,2,Nettle_02_Translucent,MI_Nettle_01_TwoSided,6138862,4336,55259082,4245,1415,89,3,2,4325,4324,1312,124,10,13,1,1,1,6907,4951,5138,5547,3099,4694,3087,1517,1.07208481,1543,1.09045936,0,1,1,1312,2,4335,4334,1,0,1
626,42,3,Nettle_02_Translucent,MI_Nettle_01_TwoSided,6138862,4336,55263327,2034,678,89,3,4,4320,4317,681,95,9,13,1,1,1,3314,2546,2609,2821,1670,2391,1646,764,1.12684366,779,1.14896755,0,1,1,681,3,4335,4333,1,0,1
627,42,4,Nettle_02_Translucent,MI_Nettle_01_TwoSided,6138862,4336,55265361,1017,339,89,3,6,4320,4315,375,73,9,13,1,1,1,1661,1305,1400,1511,920,1291,904,417,1.23008850,418,1.23303835,0,1,1,375,4,4319,4316,1,0,1
628,42,5,Nettle_02_Translucent,MI_Nettle_01_TwoSided,6138862,4336,55266378,504,168,89,3,22,4318,4297,222,68,7,13,1,1,1,827,699,741,827,546,686,545,237,1.41071429,237,1.41071429,0,1,1,222,14,4313,4300,1,0,1
629,42,6,Nettle_02_Translucent,MI_Nettle_01_TwoSided,6138862,4336,55266882,168,56,89,3,29,4129,4101,103,61,7,13,1,1,1,281,256,281,281,266,258,266,103,1.83928571,103,1.83928571,0,1,1,103,78,4172,4095,1,0,1
630,43,0,Nettle_06_Translucent,MI_Nettle_01_TwoSided,6143198,6258,8967615,24240,8080,90,3,0,6257,6258,6258,347,20,13,1,1,1,39398,25202,26199,28378,14828,25141,14397,7364,0.91138614,7882,0.97549505,0,1,1,6258,0,6257,6258,1,0,1
631,43,1,Nettle_06_Translucent,MI_Nettle_01_TwoSided,6143198,6258,55267050,12120,4040,90,3,1,6257,6257,3494,248,9,13,1,1,1,19703,13415,13913,15086,8255,12885,8194,4100,1.01485149,4215,1.04331683,0,1,1,3494,1,6256,6256,1,0,1
632,43,2,Nettle_06_Translucent,MI_Nettle_01_TwoSided,6143198,6258,55279170,6057,2019,90,3,2,6256,6255,1924,182,9,13,1,1,1,9851,7141,7457,8009,4466,6668,4489,2206,1.09262011,2253,1.11589896,0,1,1,1924,2,6251,6250,1,0,1
633,43,3,Nettle_06_Translucent,MI_Nettle_01_TwoSided,6143198,6258,55285227,2907,969,90,3,2,6256,6255,1009,155,8,13,1,1,1,4732,3632,3848,4030,2409,3428,2424,1121,1.15686275,1136,1.17234262,0,1,1,1009,2,6251,6250,1,0,1
634,43,4,Nettle_06_Translucent,MI_Nettle_01_TwoSided,6143198,6258,55288134,1452,484,90,3,2,6256,6255,558,117,9,13,1,1,1,2368,1948,2079,2194,1329,1832,1320,621,1.28305785,607,1.25413223,0,1,1,558,2,6251,6250,1,0,1
635,43,5,Nettle_06_Translucent,MI_Nettle_01_TwoSided,6143198,6258,55289586,723,241,90,3,60,6239,6180,327,109,9,13,1,1,1,1183,1016,1078,1183,786,988,778,345,1.43153527,345,1.43153527,0,1,1,327,13,6192,6180,1,0,1
636,43,6,Nettle_06_Translucent,MI_Nettle_01_TwoSided,6143198,6258,55290309,240,80,90,3,159,6072,5914,152,96,7,13,1,1,1,398,366,398,398,379,374,378,156,1.95000000,156,1.95000000,0,1,1,152,13,6103,6091,1,0,1
637,44,0,Nettle_01_Translucent,MI_Nettle_01_TwoSided,6149456,4585,8991855,17688,5896,91,3,0,4584,4585,4585,267,20,13,1,1,1,28751,18424,19184,20556,10908,18408,10787,5378,0.91214383,5824,0.98778833,0,1,1,4585,0,4584,4585,1,0,1
638,44,1,Nettle_01_Translucent,MI_Nettle_01_TwoSided,6149456,4585,55290549,8841,2947,91,3,0,4584,4585,2569,185,9,13,1,1,1,14375,9762,10156,10953,5972,9463,5978,2993,1.01560909,3056,1.03698677,0,1,1,2569,0,4583,4584,1,0,1
639,44,2,Nettle_01_Translucent,MI_Nettle_01_TwoSided,6149456,4585,55299390,4422,1474,91,3,5,4583,4579,1425,147,9,13,1,1,1,7194,5143,5356,5864,3310,4917,3316,1624,1.10176391,1647,1.11736771,0,1,1,1425,4,4578,4575,1,0,1
640,44,3,Nettle_01_Translucent,MI_Nettle_01_TwoSided,6149456,4585,55303812,2121,707,91,3,5,4583,4579,736,107,8,13,1,1,1,3455,2625,2780,2941,1709,2493,1726,810,1.14568600,822,1.16265912,0,1,1,736,4,4578,4575,1,0,1
641,44,4,Nettle_01_Translucent,MI_Nettle_01_TwoSided,6149456,4585,55305933,1059,353,91,3,5,4583,4579,406,81,8,13,1,1,1,1729,1394,1451,1569,934,1337,934,433,1.22662890,438,1.24079320,0,1,1,406,4,4578,4575,1,0,1
642,44,5,Nettle_01_Translucent,MI_Nettle_01_TwoSided,6149456,4585,55306992,528,176,91,3,7,4568,4562,240,69,7,13,1,1,1,866,744,806,866,562,716,568,252,1.43181818,248,1.40909091,0,1,1,240,4,4530,4527,1,0,1
643,44,6,Nettle_01_Translucent,MI_Nettle_01_TwoSided,6149456,4585,55307520,162,54,91,3,49,4399,4351,118,80,4,13,1,1,1,272,251,272,272,289,254,289,118,2.18518519,118,2.18518519,0,1,1,118,102,4430,4329,1,0,1
644,45,0,Nettle_04_Translucent,MI_Nettle_01_TwoSided,6154041,849,9009543,3264,1088,92,3,0,848,849,849,36,6,10,1,1,1,4088,3056,3283,3472,1902,3314,1876,978,0.89889706,1068,0.98161765,0,1,1,849,0,848,849,1,0,1
645,45,1,Nettle_04_Translucent,MI_Nettle_01_TwoSided,6154041,849,55307682,1629,543,92,3,0,848,849,486,29,8,10,1,1,1,2045,1670,1737,1834,1089,1666,1067,560,1.03130755,572,1.05340700,0,1,1,486,0,845,846,1,0,1
646,45,2,Nettle_04_Translucent,MI_Nettle_01_TwoSided,6154041,849,55309311,813,271,92,3,2,848,847,278,32,9,10,1,1,1,1025,856,935,1016,591,844,600,303,1.11808118,314,1.15867159,0,1,1,278,2,845,844,1,0,1
647,45,3,Nettle_04_Translucent,MI_Nettle_01_TwoSided,6154041,849,55310124,390,130,92,3,12,848,837,147,23,7,10,1,1,1,496,454,487,496,324,421,324,152,1.16923077,155,1.19230769,0,1,1,147,12,845,834,1,0,1
648,45,4,Nettle_04_Translucent,MI_Nettle_01_TwoSided,6154041,849,55310514,195,65,92,3,12,848,837,83,19,5,10,1,1,1,252,242,252,252,191,225,188,85,1.30769231,85,1.30769231,0,1,1,83,12,845,834,1,0,1
649,45,5,Nettle_04_Translucent,MI_Nettle_01_TwoSided,6154041,849,55310709,96,32,92,3,12,848,837,50,18,5,10,1,1,1,128,128,128,128,126,124,126,50,1.56250000,50,1.56250000,0,1,1,50,12,845,834,1,0,1
650,45,6,Nettle_04_Translucent,MI_Nettle_01_TwoSided,6154041,849,55310805,30,10,92,3,12,842,831,24,18,2,10,1,1,1,46,46,46,46,68,50,68,24,2.40000000,24,2.40000000,0,1,1,24,12,845,834,1,0,1
651,46,0,Nettle_05_Translucent,MI_Nettle_01_TwoSided,6154890,5259,9012807,20952,6984,93,3,0,5258,5259,5259,253,20,13,1,1,1,34055,21912,22925,24221,12754,21872,12637,6319,0.90478236,6788,0.97193585,0,1,1,5259,0,5258,5259,1,0,1
652,46,1,Nettle_05_Translucent,MI_Nettle_01_TwoSided,6154890,5259,55310835,10473,3491,93,3,1,5258,5258,2952,191,10,13,1,1,1,17027,11577,11891,13177,7073,11243,7057,3492,1.00028645,3606,1.03294185,0,1,1,2952,1,5258,5258,1,0,1
653,46,2,Nettle_05_Translucent,MI_Nettle_01_TwoSided,6154890,5259,55321308,5235,1745,93,3,2,5258,5257,1619,149,9,13,1,1,1,8515,6113,6331,6984,3880,5841,3882,1896,1.08653295,1928,1.10487106,0,1,1,1619,2,5254,5253,1,0,1
654,46,3,Nettle_05_Translucent,MI_Nettle_01_TwoSided,6154890,5259,55326543,2511,837,93,3,2,5258,5257,840,105,8,13,1,1,1,4089,3086,3253,3459,2030,2977,2063,947,1.13142174,975,1.16487455,0,1,1,840,2,5254,5253,1,0,1
655,46,4,Nettle_05_Translucent,MI_Nettle_01_TwoSided,6154890,5259,55329054,1254,418,93,3,2,5256,5255,464,88,8,13,1,1,1,2046,1639,1766,1897,1096,1574,1101,504,1.20574163,508,1.21531100,0,1,1,464,2,5254,5253,1,0,1
656,46,5,Nettle_05_Translucent,MI_Nettle_01_TwoSided,6154890,5259,55330308,624,208,93,3,15,5256,5242,271,80,8,13,1,1,1,1022,854,947,1022,641,849,632,283,1.36057692,284,1.36538462,0,1,1,271,33,5234,5202,1,0,1
657,46,6,Nettle_05_Translucent,MI_Nettle_01_TwoSided,6154890,5259,55330932,207,69,93,3,15,5173,5159,135,87,7,13,1,1,1,345,329,345,345,329,330,329,135,1.95652174,135,1.95652174,0,1,1,135,100,5188,5089,1,0,1
658,47,0,Anthurium_05_Translucent,MI_Anthurium_01_TwoSided,6160149,4863,9033759,22992,7664,94,3,0,4862,4863,4863,91,10,13,1,1,1,37370,23238,25397,28500,12849,23365,12792,6062,0.79097077,6596,0.86064718,0,1,1,4863,0,4862,4863,1,0,1
659,47,1,Anthurium_05_Translucent,MI_Anthurium_01_TwoSided,6160149,4863,55331139,11493,3831,94,3,0,4860,4861,2625,68,10,13,1,1,1,18685,12651,13652,14775,6822,11913,6838,3197,0.83450796,3451,0.90080919,0,1,1,2625,0,4861,4862,1,0,1
660,47,2,Anthurium_05_Translucent,MI_Anthurium_01_TwoSided,6160149,4863,55342632,5748,1916,94,3,0,4860,4861,1417,56,10,13,1,1,1,9349,6927,7355,7825,3622,6202,3707,1716,0.89561587,1857,0.96920668,0,1,1,1417,0,4861,4862,1,0,1
661,47,3,Anthurium_05_Translucent,MI_Anthurium_01_TwoSided,6160149,4863,55348380,2754,918,94,3,9,4860,4852,726,29,9,13,1,1,1,4484,3543,3661,3859,1910,3197,1932,874,0.95206972,907,0.98801743,0,1,1,726,3,4841,4839,1,0,1
662,47,4,Anthurium_05_Translucent,MI_Anthurium_01_TwoSided,6160149,4863,55351134,1377,459,94,3,9,4860,4852,392,21,8,13,1,1,1,2246,1861,1931,2082,1060,1749,1075,468,1.01960784,483,1.05228758,0,1,1,392,4,4841,4838,1,0,1
663,47,5,Anthurium_05_Translucent,MI_Anthurium_01_TwoSided,6160149,4863,55352511,687,229,94,3,11,4792,4782,205,17,9,13,1,1,1,1125,967,1002,1125,620,956,616,238,1.03930131,251,1.09606987,0,1,1,205,6,4841,4836,1,0,1
664,47,6,Anthurium_05_Translucent,MI_Anthurium_01_TwoSided,6160149,4863,55353198,225,75,94,3,23,4654,4632,74,3,7,13,1,1,1,374,342,374,374,240,370,240,83,1.10666667,82,1.09333333,0,1,1,74,15,4841,4827,1,0,1
665,48,0,Anthurium_02_Translucent,MI_Anthurium_01_TwoSided,6165012,9568,9056751,46632,15544,95,3,0,9567,9568,9568,130,10,14,1,1,1,81614,47262,51038,57146,26670,47419,27339,12422,0.79915080,14458,0.93013381,0,1,1,9568,0,9567,9568,1,0,1
666,48,1,Anthurium_02_Translucent,MI_Anthurium_01_TwoSided,6165012,9568,55353423,23316,7772,95,3,1,9567,9567,5167,124,10,14,1,1,1,40811,25629,27474,29585,13964,24196,14159,6550,0.84276891,7217,0.92858981,0,1,1,5167,1,9567,9567,1,0,1
667,48,2,Anthurium_02_Translucent,MI_Anthurium_01_TwoSided,6165012,9568,55376739,11655,3885,95,3,1,9565,9565,2750,92,10,14,1,1,1,20405,13815,14670,15431,7506,12559,7511,3446,0.88700129,3631,0.93462033,0,1,1,2750,1,9567,9567,1,0,1
668,48,3,Anthurium_02_Translucent,MI_Anthurium_01_TwoSided,6165012,9568,55388394,5595,1865,95,3,1,9554,9554,1416,54,9,14,1,1,1,9800,7173,7367,7826,3987,6510,3894,1752,0.93941019,1796,0.96300268,0,1,1,1416,1,9560,9560,1,0,1
669,48,4,Anthurium_02_Translucent,MI_Anthurium_01_TwoSided,6165012,9568,55393989,2796,932,95,3,9,9554,9546,759,40,10,14,1,1,1,4901,3723,3777,4226,2172,3600,2142,910,0.97639485,931,0.99892704,0,1,1,759,3,9556,9554,1,0,1
670,48,5,Anthurium_02_Translucent,MI_Anthurium_01_TwoSided,6165012,9568,55396785,1398,466,95,3,9,9493,9485,403,27,11,14,1,1,1,2455,1952,2069,2288,1188,2037,1206,470,1.00858369,485,1.04077253,0,1,1,403,4,9536,9533,1,0,1
671,48,6,Anthurium_02_Translucent,MI_Anthurium_01_TwoSided,6165012,9568,55398183,465,155,95,3,15,9493,9479,151,9,9,14,1,1,1,822,726,773,822,468,794,467,159,1.02580645,159,1.02580645,0,1,1,151,16,9536,9521,1,0,1
672,49,0,Anthurium_04_Translucent,MI_Anthurium_01_TwoSided,6174580,6557,9103383,31080,10360,96,3,0,6556,6557,6557,121,10,13,1,1,1,50513,31773,34451,38698,17523,31605,17577,8268,0.79806950,9100,0.87837838,0,1,1,6557,0,6556,6557,1,0,1
673,49,1,Anthurium_04_Translucent,MI_Anthurium_01_TwoSided,6174580,6557,55398648,15540,5180,96,3,0,6554,6555,3515,106,11,13,1,1,1,25261,17363,18808,20457,9255,16110,9241,4350,0.83976834,4695,0.90637066,0,1,1,3515,0,6554,6555,1,0,1
674,49,2,Anthurium_04_Translucent,MI_Anthurium_01_TwoSided,6174580,6557,55414188,7767,2589,96,3,1,6554,6554,1904,70,9,13,1,1,1,12630,9481,9965,10757,4984,8415,5041,2337,0.90266512,2506,0.96794129,0,1,1,1904,1,6554,6554,1,0,1
675,49,3,Anthurium_04_Translucent,MI_Anthurium_01_TwoSided,6174580,6557,55421955,3726,1242,96,3,11,6554,6544,956,44,9,13,1,1,1,6063,4876,5005,5356,2636,4361,2621,1167,0.93961353,1220,0.98228663,0,1,1,956,4,6554,6551,1,0,1
676,49,4,Anthurium_04_Translucent,MI_Anthurium_01_TwoSided,6174580,6557,55425681,1863,621,96,3,15,6554,6540,507,22,9,13,1,1,1,3036,2532,2651,2874,1446,2415,1421,616,0.99194847,638,1.02737520,0,1,1,507,16,6513,6498,1,0,1
677,49,5,Anthurium_04_Translucent,MI_Anthurium_01_TwoSided,6174580,6557,55427544,930,310,96,3,22,6544,6523,269,10,10,13,1,1,1,1520,1315,1408,1487,798,1357,786,312,1.00645161,325,1.04838710,0,1,1,269,16,6497,6482,1,0,1
678,49,6,Anthurium_04_Translucent,MI_Anthurium_01_TwoSided,6174580,6557,55428474,306,102,96,3,40,6454,6415,94,6,7,13,1,1,1,506,475,502,506,297,527,287,101,0.99019608,101,0.99019608,0,1,1,94,16,6225,6210,1,0,1
679,50,0,Anthurium_03_Translucent,MI_Anthurium_01_TwoSided,6181137,5656,9134463,27216,9072,97,3,0,5655,5656,5656,87,10,13,1,1,1,44234,27574,29898,33156,15411,27723,15715,7230,0.79695767,8258,0.91027337,0,1,1,5656,0,5655,5656,1,0,1
680,50,1,Anthurium_03_Translucent,MI_Anthurium_01_TwoSided,6181137,5656,55428780,13608,4536,97,3,1,5655,5655,3039,71,10,13,1,1,1,22121,14864,15857,17154,8099,14134,8244,3827,0.84369489,4270,0.94135802,0,1,1,3039,1,5655,5655,1,0,1
681,50,2,Anthurium_03_Translucent,MI_Anthurium_01_TwoSided,6181137,5656,55442388,6804,2268,97,3,1,5640,5640,1625,58,10,13,1,1,1,11065,8080,8578,8961,4419,7403,4381,2054,0.90564374,2147,0.94664903,0,1,1,1625,1,5655,5655,1,0,1
682,50,3,Anthurium_03_Translucent,MI_Anthurium_01_TwoSided,6181137,5656,55449192,3261,1087,97,3,7,5640,5634,823,33,9,13,1,1,1,5308,4169,4248,4405,2310,3805,2294,1026,0.94388224,1054,0.96964121,0,1,1,823,5,5642,5638,1,0,1
683,50,4,Anthurium_03_Translucent,MI_Anthurium_01_TwoSided,6181137,5656,55452453,1629,543,97,3,7,5640,5634,449,24,10,13,1,1,1,2656,2221,2254,2445,1291,2153,1279,554,1.02025783,563,1.03683241,0,1,1,449,6,5642,5637,1,0,1
684,50,5,Anthurium_03_Translucent,MI_Anthurium_01_TwoSided,6181137,5656,55454082,816,272,97,3,9,5621,5613,240,12,9,13,1,1,1,1334,1140,1213,1324,735,1204,722,280,1.02941176,292,1.07352941,0,1,1,240,7,5601,5595,1,0,1
685,50,6,Anthurium_03_Translucent,MI_Anthurium_01_TwoSided,6181137,5656,55454898,267,89,97,3,15,5583,5569,90,8,9,13,1,1,1,442,413,446,442,277,433,268,99,1.11235955,99,1.11235955,0,1,1,90,11,5416,5406,1,0,1
686,51,0,Anthurium_06_Translucent,MI_Anthurium_01_TwoSided,6186793,5570,9161679,26112,8704,98,3,0,5569,5570,5570,116,10,13,1,1,1,42440,27004,28856,32624,14675,26538,14511,6957,0.79928768,7438,0.85454963,0,1,1,5570,0,5569,5570,1,0,1
687,51,1,Anthurium_06_Translucent,MI_Anthurium_01_TwoSided,6186793,5570,55455165,13053,4351,98,3,0,5569,5570,2997,82,10,13,1,1,1,21220,14514,15601,17125,7626,13552,7834,3655,0.84003677,4039,0.92829235,0,1,1,2997,0,5565,5566,1,0,1
688,51,2,Anthurium_06_Translucent,MI_Anthurium_01_TwoSided,6186793,5570,55468218,6528,2176,98,3,2,5564,5563,1623,67,9,13,1,1,1,10616,7876,8484,9096,4179,7017,4136,1938,0.89062500,2037,0.93612132,0,1,1,1623,2,5561,5560,1,0,1
689,51,3,Anthurium_06_Translucent,MI_Anthurium_01_TwoSided,6186793,5570,55474746,3129,1043,98,3,9,5564,5556,833,34,9,13,1,1,1,5093,4032,4275,4624,2201,3588,2198,1005,0.96356663,1025,0.98274209,0,1,1,833,4,5561,5558,1,0,1
690,51,4,Anthurium_06_Translucent,MI_Anthurium_01_TwoSided,6186793,5570,55477875,1563,521,98,3,9,5564,5556,439,23,9,13,1,1,1,2548,2131,2232,2451,1217,2002,1220,529,1.01535509,541,1.03838772,0,1,1,439,4,5521,5518,1,0,1
691,51,5,Anthurium_06_Translucent,MI_Anthurium_01_TwoSided,6186793,5570,55479438,780,260,98,3,9,5467,5459,227,11,8,13,1,1,1,1276,1095,1168,1279,680,1118,680,266,1.02307692,269,1.03461538,0,1,1,227,4,5517,5514,1,0,1
692,51,6,Anthurium_06_Translucent,MI_Anthurium_01_TwoSided,6186793,5570,55480218,261,87,98,3,23,5467,5445,85,5,7,13,1,1,1,433,407,438,433,268,438,260,91,1.04597701,91,1.04597701,0,1,1,85,15,5517,5503,1,0,1
693,52,0,Anthurium_01_Translucent,MI_Anthurium_01_TwoSided,6192363,9703,9187791,47424,15808,99,3,0,9702,9703,9703,96,10,14,1,1,1,83000,49384,53581,59488,26663,48251,28302,12439,0.78688006,15262,0.96546053,0,1,1,9703,0,9702,9703,1,0,1
694,52,1,Anthurium_01_Translucent,MI_Anthurium_01_TwoSided,6192363,9703,55480479,23712,7904,99,3,1,9701,9701,5165,85,10,14,1,1,1,41504,26468,28395,30944,14071,24636,14509,6518,0.82464575,7426,0.93952429,0,1,1,5165,1,9702,9702,1,0,1
695,52,2,Anthurium_01_Translucent,MI_Anthurium_01_TwoSided,6192363,9703,55504191,11856,3952,99,3,2,9701,9700,2781,87,9,14,1,1,1,20756,14372,15272,16484,7615,12890,7644,3472,0.87854251,3707,0.93800607,0,1,1,2781,2,9701,9700,1,0,1
696,52,3,Anthurium_01_Translucent,MI_Anthurium_01_TwoSided,6192363,9703,55516047,5688,1896,99,3,9,9701,9693,1443,67,9,14,1,1,1,9962,7401,7780,8134,4059,6676,3972,1802,0.95042194,1843,0.97204641,0,1,1,1443,3,9701,9699,1,0,1
697,52,4,Anthurium_01_Translucent,MI_Anthurium_01_TwoSided,6192363,9703,55521735,2844,948,99,3,9,9701,9693,774,41,9,14,1,1,1,4985,3848,3969,4298,2231,3610,2209,950,1.00210970,976,1.02953586,0,1,1,774,4,9680,9677,1,0,1
698,52,5,Anthurium_01_Translucent,MI_Anthurium_01_TwoSided,6192363,9703,55524579,1419,473,99,3,9,9701,9693,403,18,9,14,1,1,1,2492,2002,2147,2322,1224,2046,1186,488,1.03171247,491,1.03805497,0,1,1,403,4,9651,9648,1,0,1
699,52,6,Anthurium_01_Translucent,MI_Anthurium_01_TwoSided,6192363,9703,55525998,474,158,99,3,9,9630,9622,156,13,8,14,1,1,1,838,727,787,838,475,800,470,171,1.08227848,169,1.06962025,0,1,1,156,4,9651,9648,1,0,1
700,53,0,M_4x4_03,MI_Terrain_X4_Y4,6202066,167590,9235215,249696,83232,100,0,0,167589,167590,167590,85484,2,18,0,0,0,561824,213468,257524,306328,83249,249701,83249,167600,2.01364860,167600,2.01364860,0,3,3,167590,0,167589,167590,0,0,3
701,53,1,M_4x4_03,MI_Terrain_X4_Y4,6202066,167590,55526472,124848,41616,100,0,3,167589,167587,77571,42912,9,18,0,0,0,280916,218734,234376,253088,155083,149195,155018,80105,1.92486063,80268,1.92877739,3373,5595,2,77600,3,167589,167587,0,3373,5595
702,53,2,M_4x4_03,MI_Terrain_X4_Y4,6202066,167590,55651320,62424,20808,100,0,16,167582,167567,34659,18177,15,18,0,0,1,140462,128334,130973,134036,88405,90262,87972,37137,1.78474625,37268,1.79104191,3399,5227,1,34659,16,167582,167567,0,3399,5227
703,53,3,M_4x4_03,MI_Terrain_X4_Y4,6202066,167590,55713744,29958,9986,100,0,16,167579,167564,14529,6516,14,18,0,0,1,67414,65054,65141,65990,44967,51796,44745,16241,1.62637693,16387,1.64099740,2398,3444,1,14529,16,167579,167564,0,2398,3444
704,53,4,M_4x4_03,MI_Terrain_X4_Y4,6202066,167590,55743702,14976,4992,100,0,16,167579,167564,6663,2690,19,18,0,0,1,33704,33012,33073,33520,22993,28982,22862,7689,1.54026442,7728,1.54807692,1411,1957,1,6663,16,167579,167564,0,1411,1957
705,53,5,M_4x4_03,MI_Terrain_X4_Y4,6202066,167590,55758678,7488,2496,100,0,20,167579,167560,3256,1466,19,18,0,0,1,16856,16740,16700,16928,11487,14972,11441,3796,1.52083333,3806,1.52483974,779,1041,1,3256,20,167579,167560,0,779,1041
706,53,6,M_4x4_03,MI_Terrain_X4_Y4,6202066,167590,55766166,2496,832,100,0,20,167579,167560,1325,979,156,18,0,0,1,5624,5644,5667,5648,4153,3863,4048,1446,1.73798077,1433,1.72235577,412,499,1,1325,20,167579,167560,0,412,499
707,54,0,M_4x4_01,MI_Terrain_X4_Y4,6369656,167238,9484911,249696,83232,100,0,0,167237,167238,167238,84782,3,18,0,0,0,561824,212136,257748,302776,195104,249703,195104,167240,2.00932334,167240,2.00932334,0,3,3,167238,0,167237,167238,0,0,3
708,54,1,M_4x4_01,MI_Terrain_X4_Y4,6369656,167238,55768662,124848,41616,100,0,5,167237,167233,77788,42033,10,18,0,0,0,280916,205390,222855,248180,151161,147791,151099,80267,1.92875336,80328,1.93021915,2901,4789,2,77793,5,167237,167233,0,2901,4789
709,54,2,M_4x4_01,MI_Terrain_X4_Y4,6369656,167238,55893510,62424,20808,100,0,5,167237,167233,35516,19333,14,18,0,0,1,140462,126291,129886,133787,86077,87482,86081,37769,1.81511918,37817,1.81742599,3355,5197,1,35516,5,167237,167233,0,3355,5197
710,54,3,M_4x4_01,MI_Terrain_X4_Y4,6369656,167238,55955934,29958,9986,100,0,41,167235,167195,14943,7173,16,18,0,0,1,67414,65870,65812,66854,45040,50290,44889,16547,1.65701983,16630,1.66533146,2755,4002,1,14943,41,167235,167195,0,2755,4002
711,54,4,M_4x4_01,MI_Terrain_X4_Y4,6369656,167238,55985892,14976,4992,100,0,41,167232,167192,6801,2970,18,18,0,0,1,33704,33648,33575,33760,23027,28375,22917,7784,1.55929487,7831,1.56870994,1769,2495,1,6801,41,167232,167192,0,1769,2495
712,54,5,M_4x4_01,MI_Terrain_X4_Y4,6369656,167238,56000868,7488,2496,100,0,41,167215,167175,3341,1632,27,18,0,0,1,16856,17028,16968,16832,11691,14932,11618,3848,1.54166667,3876,1.55288462,1024,1353,1,3341,41,167215,167175,0,1024,1353
713,54,6,M_4x4_01,MI_Terrain_X4_Y4,6369656,167238,56008356,2526,842,100,0,41,167215,167175,1370,1046,140,18,0,0,1,5692,5845,5766,5716,4371,3889,4310,1488,1.76722090,1484,1.76247031,366,476,1,1370,41,167215,167175,0,366,476
714,55,0,M_4x4_02,MI_Terrain_X4_Y4,6536894,168352,9734607,249696,83232,100,0,0,168351,168352,168352,87008,2,18,0,0,0,561824,215508,257524,308152,83249,249701,83249,168388,2.02311611,168388,2.02311611,0,3,3,168352,0,168351,168352,0,0,3
715,55,1,M_4x4_02,MI_Terrain_X4_Y4,6536894,168352,56010882,124848,41616,100,0,0,168351,168352,78514,43033,22,18,0,0,0,280916,207166,225099,246686,150959,145639,150926,80791,1.94134468,80928,1.94463668,2985,4903,2,78535,0,168351,168352,0,2985,4903
716,55,2,M_4x4_02,MI_Terrain_X4_Y4,6536894,168352,56135730,62424,20808,100,0,0,168351,168352,35346,18627,21,18,0,0,1,140462,125106,127010,131432,86400,88304,86088,37668,1.81026528,37667,1.81021722,3380,5213,1,35346,0,168351,168352,0,3380,5213
717,55,3,M_4x4_02,MI_Terrain_X4_Y4,6536894,168352,56198154,29958,9986,100,0,6,168349,168344,15061,7139,18,18,0,0,1,67414,64523,64777,65507,44449,50107,44328,16658,1.66813539,16709,1.67324254,2626,3761,1,15061,6,168349,168344,0,2626,3761
718,55,4,M_4x4_02,MI_Terrain_X4_Y4,6536894,168352,56228112,14976,4992,100,0,9,168349,168341,6893,3033,19,18,0,0,1,33704,33348,33032,33280,22781,27995,22648,7868,1.57612179,7896,1.58173077,1577,2212,1,6893,9,168349,168341,0,1577,2212
719,55,5,M_4x4_02,MI_Terrain_X4_Y4,6536894,168352,56243088,7488,2496,100,0,37,168323,168287,3362,1611,31,18,0,0,1,16856,16800,16712,16832,11812,14756,11669,3897,1.56129808,3895,1.56049679,949,1275,1,3362,37,168323,168287,0,949,1275
720,55,6,M_4x4_02,MI_Terrain_X4_Y4,6536894,168352,56250576,2496,832,100,0,41,168287,168247,1326,998,162,18,0,0,1,5624,5704,5667,5648,4285,3834,4230,1449,1.74158654,1437,1.72716346,270,362,1,1326,41,168287,168247,0,270,362
721,56,0,M_4x4_04,MI_Terrain_X4_Y4,6705246,167308,9984303,249696,83232,100,0,0,167307,167308,167308,84920,2,18,0,0,0,561824,212256,257524,302296,83249,249701,83249,167336,2.01047674,167336,2.01047674,0,3,3,167308,0,167307,167308,0,0,3
722,56,1,M_4x4_04,MI_Terrain_X4_Y4,6705246,167308,56253072,124848,41616,100,0,0,167299,167300,77339,42853,13,18,0,0,0,280916,219370,233738,250784,155468,149763,155486,79987,1.92202518,80066,1.92392349,3302,5458,2,77370,0,167299,167300,0,3302,5458
723,56,2,M_4x4_04,MI_Terrain_X4_Y4,6705246,167308,56377920,62424,20808,100,0,9,167299,167291,34578,18220,11,18,0,0,1,140462,127758,128941,131636,87851,90635,87803,37026,1.77941176,37115,1.78368897,3429,5288,1,34578,9,167299,167291,0,3429,5288
724,56,3,M_4x4_04,MI_Terrain_X4_Y4,6705246,167308,56440344,29958,9986,100,0,16,167299,167284,14443,6405,13,18,0,0,1,67414,64625,64361,65321,45070,52101,44839,16183,1.62056880,16259,1.62817945,2545,3597,1,14443,16,167299,167284,0,2545,3597
725,56,4,M_4x4_04,MI_Terrain_X4_Y4,6705246,167308,56470302,14976,4992,100,0,16,167299,167284,6642,2746,19,18,0,0,1,33704,32712,32662,33184,22962,29164,22913,7657,1.53385417,7714,1.54527244,1527,2020,1,6642,16,167299,167284,0,1527,2020
726,56,5,M_4x4_04,MI_Terrain_X4_Y4,6705246,167308,56485278,7488,2496,100,0,16,167299,167284,3242,1485,32,18,0,0,1,16856,16500,16458,16832,11501,14960,11486,3752,1.50320513,3804,1.52403846,753,993,1,3242,16,167299,167284,0,753,993
727,56,6,M_4x4_04,MI_Terrain_X4_Y4,6705246,167308,56492766,2496,832,100,0,16,167299,167284,1328,1004,122,18,0,0,1,5624,5428,5476,5648,4041,3899,4016,1451,1.74399038,1465,1.76081731,143,200,1,1328,16,167299,167284,0,143,200
728,57,0,M_3x4_03,MI_Terrain_X3_Y4,6872554,167110,10233999,249696,83232,101,0,0,167109,167110,167110,84524,2,18,0,0,0,561824,211632,257524,302596,83249,249701,83249,167116,2.00783353,167116,2.00783353,0,3,3,167110,0,167109,167110,0,0,3
729,57,1,M_3x4_03,MI_Terrain_X3_Y4,6872554,167110,56495262,124848,41616,101,0,0,167106,167107,76970,43033,8,18,0,0,0,280916,225496,238482,254516,157968,151276,157955,79752,1.91637832,79801,1.91755575,3574,5846,2,76991,0,167106,167107,0,3574,5846
730,57,2,M_3x4_03,MI_Terrain_X3_Y4,6872554,167110,56620110,62424,20808,101,0,2,167106,167105,34304,17664,10,18,0,0,1,140462,127869,129733,132884,88354,91090,88091,36840,1.77047290,37012,1.77873895,3508,5373,1,34304,2,167106,167105,0,3508,5373
731,57,3,M_3x4_03,MI_Terrain_X3_Y4,6872554,167110,56682534,29958,9986,101,0,5,167106,167102,14518,6534,13,18,0,0,1,67414,65438,65345,66182,45189,52232,45253,16221,1.62437412,16344,1.63669137,2604,3773,1,14518,5,167106,167102,0,2604,3773
732,57,4,M_3x4_03,MI_Terrain_X3_Y4,6872554,167110,56712492,14976,4992,101,0,9,167106,167098,6681,2776,21,18,0,0,1,33704,33300,33073,33424,23382,29532,23335,7725,1.54747596,7757,1.55388622,1692,2343,1,6681,9,167106,167098,0,1692,2343
733,57,5,M_3x4_03,MI_Terrain_X3_Y4,6872554,167110,56727468,7488,2496,101,0,16,167106,167091,3231,1453,24,18,0,0,1,16856,16932,16904,16928,11677,15139,11639,3788,1.51762821,3790,1.51842949,950,1286,1,3231,16,167106,167091,0,950,1286
734,57,6,M_3x4_03,MI_Terrain_X3_Y4,6872554,167110,56734956,2496,832,101,0,16,167106,167091,1284,931,129,18,0,0,1,5624,5668,5635,5648,4043,3993,3986,1408,1.69230769,1411,1.69591346,481,612,1,1284,16,167106,167091,0,481,612
735,58,0,M_3x4_01,MI_Terrain_X3_Y4,7039664,166954,10483695,249696,83232,101,0,0,166953,166954,166954,84212,2,18,0,0,0,561824,210792,257524,299032,83249,249701,83249,166958,2.00593522,166958,2.00593522,0,3,3,166954,0,166953,166954,0,0,3
736,58,1,M_3x4_01,MI_Terrain_X3_Y4,7039664,166954,56737452,124848,41616,101,0,0,166953,166954,77772,42717,11,18,0,0,0,280916,216154,233325,255914,153125,148265,152924,80353,1.93081988,80470,1.93363130,3238,5369,2,77800,0,166953,166954,0,3238,5369
737,58,2,M_3x4_01,MI_Terrain_X3_Y4,7039664,166954,56862300,62424,20808,101,0,0,166946,166947,34964,19078,12,18,0,0,1,140462,130530,131671,134324,88569,89997,88530,37249,1.79012880,37382,1.79652057,3691,5733,1,34964,0,166946,166947,0,3691,5733
738,58,3,M_3x4_01,MI_Terrain_X3_Y4,7039664,166954,56924724,29958,9986,101,0,0,166945,166946,14577,6634,17,18,0,0,1,67414,65944,65534,66184,45522,52072,45358,16248,1.62707791,16287,1.63098338,2915,4221,1,14577,0,166945,166946,0,2915,4221
739,58,4,M_3x4_01,MI_Terrain_X3_Y4,7039664,166954,56954682,14976,4992,101,0,16,166945,166930,6655,2729,17,18,0,0,1,33704,33492,33383,33664,23271,29155,23287,7649,1.53225160,7680,1.53846154,1920,2600,1,6655,16,166945,166930,0,1920,2600
740,58,5,M_3x4_01,MI_Terrain_X3_Y4,7039664,166954,56969658,7488,2496,101,0,16,166945,166930,3240,1468,25,18,0,0,1,16856,16920,16872,16928,11709,15179,11690,3757,1.50520833,3768,1.50961538,1097,1478,1,3240,16,166945,166930,0,1097,1478
741,58,6,M_3x4_01,MI_Terrain_X3_Y4,7039664,166954,56977146,2502,834,101,0,16,166945,166930,1283,914,119,18,0,0,1,5638,5822,5712,5662,4043,3952,4021,1411,1.69184652,1413,1.69424460,464,613,1,1283,16,166945,166930,0,464,613
742,59,0,M_3x4_02,MI_Terrain_X3_Y4,7206618,167190,10733391,249696,83232,101,0,0,167189,167190,167190,84684,2,18,0,0,0,561824,211944,257524,302104,83249,249701,83249,167198,2.00881872,167198,2.00881872,0,3,3,167190,0,167189,167190,0,0,3
743,59,1,M_3x4_02,MI_Terrain_X3_Y4,7206618,167190,56979648,124848,41616,101,0,5,167168,167164,78167,42179,9,18,0,0,0,280916,205054,223986,247172,150060,146589,150087,80489,1.93408785,80640,1.93771626,2980,4830,2,78194,5,167168,167164,0,2980,4830
744,59,2,M_3x4_02,MI_Terrain_X3_Y4,7206618,167190,57104496,62424,20808,101,0,29,167168,167140,35626,19609,13,18,0,0,1,140462,125340,127564,130838,87110,87696,87031,37818,1.81747405,37959,1.82425029,3050,4691,1,35626,29,167168,167140,0,3050,4691
745,59,3,M_3x4_02,MI_Terrain_X3_Y4,7206618,167190,57166920,29958,9986,101,0,29,167168,167140,14872,7028,14,18,0,0,1,67414,64648,63884,64456,45262,50531,45130,16522,1.65451632,16588,1.66112558,2392,3445,1,14872,29,167168,167140,0,2392,3445
746,59,4,M_3x4_02,MI_Terrain_X3_Y4,7206618,167190,57196878,14976,4992,101,0,29,167168,167140,6720,2848,25,18,0,0,1,33704,32880,32819,33424,23220,28635,23248,7740,1.55048077,7780,1.55849359,1547,2121,1,6720,29,167168,167140,0,1547,2121
747,59,5,M_3x4_02,MI_Terrain_X3_Y4,7206618,167190,57211854,7488,2496,101,0,29,167168,167140,3247,1515,29,18,0,0,1,16856,16620,16529,16640,11710,15108,11644,3768,1.50961538,3790,1.51842949,858,1151,1,3247,29,167168,167140,0,858,1151
748,59,6,M_3x4_02,MI_Terrain_X3_Y4,7206618,167190,57219342,2502,834,101,0,29,167168,167140,1310,979,161,18,0,0,1,5638,5648,5617,5662,4312,4021,4285,1434,1.71942446,1438,1.72422062,351,456,1,1310,29,167168,167140,0,351,456
749,60,0,M_3x4_04,MI_Terrain_X3_Y4,7373808,167168,10983087,249696,83232,101,0,0,167167,167168,167168,84640,2,18,0,0,0,561824,211836,257524,302692,83249,249701,83249,167174,2.00853037,167174,2.00853037,0,3,3,167168,0,167167,167168,0,0,3
750,60,1,M_3x4_04,MI_Terrain_X3_Y4,7373808,167168,57221844,124848,41616,101,0,1,167167,167167,76935,43233,9,18,0,0,0,280916,226744,239665,254798,158726,151659,158927,79747,1.91625817,79870,1.91921376,3420,5704,2,76944,1,167167,167167,0,3420,5704
751,60,2,M_3x4_04,MI_Terrain_X3_Y4,7373808,167168,57346692,62424,20808,101,0,16,167167,167152,34090,17583,12,18,0,0,1,140462,129633,130106,133391,89154,91944,88801,36764,1.76682045,36799,1.76850250,3592,5561,1,34090,16,167167,167152,0,3592,5561
752,60,3,M_3x4_04,MI_Terrain_X3_Y4,7373808,167168,57409116,29958,9986,101,0,16,167167,167152,14367,6344,17,18,0,0,1,67414,65597,65220,65705,45566,52718,45337,16162,1.61846585,16173,1.61956739,2778,4003,1,14367,16,167167,167152,0,2778,4003
753,60,4,M_3x4_04,MI_Terrain_X3_Y4,7373808,167168,57439074,14976,4992,101,0,16,167167,167152,6581,2668,17,18,0,0,1,33704,33168,33002,33376,23196,29477,23063,7639,1.53024840,7682,1.53886218,1750,2372,1,6581,16,167167,167152,0,1750,2372
754,60,5,M_3x4_04,MI_Terrain_X3_Y4,7373808,167168,57454050,7488,2496,101,0,16,167167,167152,3218,1485,23,18,0,0,1,16856,16728,16701,16832,11510,15047,11456,3758,1.50560897,3764,1.50801282,918,1232,1,3218,16,167167,167152,0,918,1232
755,60,6,M_3x4_04,MI_Terrain_X3_Y4,7373808,167168,57461538,2496,832,101,0,16,167167,167152,1316,991,130,18,0,0,1,5624,5644,5635,5648,4274,3969,4256,1431,1.71995192,1426,1.71394231,336,444,1,1316,16,167167,167152,0,336,444
756,61,0,M_4x3_03,MI_Terrain_X4_Y3,7540976,167910,11232783,249696,83232,102,0,0,167909,167910,167910,86128,3,18,0,0,0,561824,214380,257524,307000,155457,249703,155457,167936,2.01768551,167936,2.01768551,0,3,3,167910,0,167909,167910,0,0,3
757,61,1,M_4x3_03,MI_Terrain_X4_Y3,7540976,167910,57464034,124848,41616,102,0,7,167901,167895,77703,42251,9,18,0,0,0,280916,206506,224895,248324,152630,148578,152489,80093,1.92457228,80224,1.92772011,3362,5390,2,77745,7,167901,167895,0,3362,5390
758,61,2,M_4x3_03,MI_Terrain_X4_Y3,7540976,167910,57588882,62424,20808,102,0,30,167901,167872,35270,18248,9,18,0,0,1,140462,120948,123873,130031,84481,87442,84386,37558,1.80497885,37629,1.80839100,3049,4558,1,35270,30,167901,167872,0,3049,4558
759,61,3,M_4x3_03,MI_Terrain_X4_Y3,7540976,167910,57651306,29958,9986,102,0,52,167901,167850,15241,7428,18,18,0,0,1,67414,62919,63210,64935,43502,49274,43532,16788,1.68115362,16879,1.69026637,1954,2758,1,15241,52,167901,167850,0,1954,2758
760,61,4,M_4x3_03,MI_Terrain_X4_Y3,7540976,167910,57681264,14976,4992,102,0,135,167901,167767,7007,3195,16,18,0,0,1,33704,32532,32819,33136,22609,27472,22504,7946,1.59174679,7976,1.59775641,1129,1531,1,7007,135,167901,167767,0,1129,1531
761,61,5,M_4x3_03,MI_Terrain_X4_Y3,7540976,167910,57696240,7488,2496,102,0,221,167901,167681,3318,1593,28,18,0,0,1,16856,16452,16574,16928,11399,14542,11367,3838,1.53766026,3837,1.53725962,631,835,1,3318,221,167901,167681,0,631,835
762,61,6,M_4x3_03,MI_Terrain_X4_Y3,7540976,167910,57703728,2496,832,102,0,17759,167901,150143,1339,1022,239,18,0,0,1,5624,5320,5323,5432,4090,3875,3999,1466,1.76201923,1459,1.75360577,340,390,1,1339,17759,167901,150143,0,340,390
763,62,0,M_4x3_01,MI_Terrain_X4_Y3,7708886,167840,11482479,249696,83232,102,0,0,167839,167840,167840,85990,3,18,0,0,0,561824,213900,257684,307192,217155,249705,217155,167874,2.01694060,167874,2.01694060,0,3,3,167840,0,167839,167840,0,0,3
764,62,1,M_4x3_01,MI_Terrain_X4_Y3,7708886,167840,57706224,124848,41616,102,0,26,167831,167806,77680,42713,10,18,0,0,0,280916,213022,230360,249518,153533,148511,153467,80136,1.92560554,80296,1.92945021,3000,4861,2,77690,26,167831,167806,0,3000,4861
765,62,2,M_4x3_01,MI_Terrain_X4_Y3,7708886,167840,57831072,62424,20808,102,0,26,167831,167806,34873,18158,11,18,0,0,1,140462,125379,128549,133691,86767,89383,86482,37330,1.79402153,37363,1.79560746,3191,4946,1,34873,26,167831,167806,0,3191,4946
766,62,3,M_4x3_01,MI_Terrain_X4_Y3,7708886,167840,57893496,29958,9986,102,0,77,167831,167755,14797,6861,17,18,0,0,1,67414,65081,64884,65801,44536,51147,44347,16486,1.65091128,16548,1.65711997,2535,3641,1,14797,77,167831,167755,0,2535,3641
767,62,4,M_4x3_01,MI_Terrain_X4_Y3,7708886,167840,57923454,14976,4992,102,0,107,167831,167725,6718,2852,33,18,0,0,1,33704,33348,33287,33760,22668,28698,22614,7716,1.54567308,7742,1.55088141,1613,2183,1,6718,107,167831,167725,0,1613,2183
768,62,5,M_4x3_01,MI_Terrain_X4_Y3,7708886,167840,57938430,7488,2496,102,0,107,167831,167725,3239,1475,51,18,0,0,1,16856,16788,16860,16928,11294,14996,11247,3772,1.51121795,3781,1.51482372,924,1205,1,3239,107,167831,167725,0,924,1205
769,62,6,M_4x3_01,MI_Terrain_X4_Y3,7708886,167840,57945918,2496,832,102,0,13964,167831,153868,1331,1010,181,18,0,0,1,5624,5572,5514,5624,4021,3860,3981,1447,1.73918269,1443,1.73437500,230,290,1,1331,13964,167831,153868,0,230,290
770,63,0,M_4x3_02,MI_Terrain_X4_Y3,7876726,167406,11732175,249696,83232,102,0,0,167405,167406,167406,85116,2,18,0,0,0,561824,212760,257524,304216,83249,249701,83249,167418,2.01146194,167418,2.01146194,0,3,3,167406,0,167405,167406,0,0,3
771,63,1,M_4x3_02,MI_Terrain_X4_Y3,7876726,167406,57948414,124848,41616,102,0,16,167402,167387,77303,42740,9,18,0,0,0,280916,219886,234314,252356,155723,149874,155719,79930,1.92065552,80068,1.92397155,3472,5667,2,77349,16,167402,167387,0,3472,5667
772,63,2,M_4x3_02,MI_Terrain_X4_Y3,7876726,167406,58073262,62424,20808,102,0,16,167399,167384,34663,18038,12,18,0,0,1,140462,124653,126610,129167,88146,90736,87944,37152,1.78546713,37253,1.79032103,3452,5173,1,34663,16,167399,167384,0,3452,5173
773,63,3,M_4x3_02,MI_Terrain_X4_Y3,7876726,167406,58135686,29958,9986,102,0,16,167381,167366,14622,6640,16,18,0,0,1,67414,63806,63474,63590,44514,51795,44408,16304,1.63268576,16389,1.64119768,2382,3321,1,14622,16,167381,167366,0,2382,3321
774,63,4,M_4x3_02,MI_Terrain_X4_Y3,7876726,167406,58165644,14976,4992,102,0,45,167381,167337,6672,2804,17,18,0,0,1,33704,32304,32077,32608,22789,28737,22578,7741,1.55068109,7763,1.55508814,1326,1759,1,6672,45,167381,167337,0,1326,1759
775,63,5,M_4x3_02,MI_Terrain_X4_Y3,7876726,167406,58180620,7488,2496,102,0,45,167370,167326,3241,1478,21,18,0,0,1,16856,16104,16191,16544,11202,14838,11039,3765,1.50841346,3762,1.50721154,577,763,1,3241,45,167370,167326,0,577,763
776,63,6,M_4x3_02,MI_Terrain_X4_Y3,7876726,167406,58188108,2496,832,102,0,6540,167370,160831,1308,975,110,18,0,0,1,5624,5344,5475,5648,3962,3936,3829,1440,1.73076923,1426,1.71394231,194,254,1,1308,6540,167370,160831,0,194,254
777,64,0,M_3x3_04,MI_Terrain_X3_Y3,8044132,167704,11981871,249696,83232,103,0,0,167703,167704,167704,85712,2,18,0,0,0,561824,213648,257524,305464,83249,249701,83249,167732,2.01523453,167732,2.01523453,0,3,3,167704,0,167703,167704,0,0,3
778,64,1,M_3x3_04,MI_Terrain_X3_Y3,8044132,167704,58190604,124848,41616,103,0,0,167703,167704,77597,43136,8,18,0,0,0,280916,218332,234578,252068,155227,149431,155311,80239,1.92808055,80340,1.93050750,3274,5302,2,77640,0,167703,167704,0,3274,5302
779,64,2,M_3x3_04,MI_Terrain_X3_Y3,8044132,167704,58315452,62424,20808,103,0,1,167693,167693,34504,18012,10,18,0,0,1,140462,127287,128846,131579,88420,90434,88237,37171,1.78638024,37138,1.78479431,3329,5043,1,34504,1,167693,167693,0,3329,5043
780,64,3,M_3x3_04,MI_Terrain_X3_Y3,8044132,167704,58377876,29958,9986,103,0,1,167693,167693,14502,6441,15,18,0,0,1,67414,64695,64461,65895,45173,51860,44891,16247,1.62697777,16345,1.63679151,2461,3555,1,14502,1,167693,167693,0,2461,3555
781,64,4,M_3x3_04,MI_Terrain_X3_Y3,8044132,167704,58407834,14976,4992,103,0,5,167693,167689,6661,2737,16,18,0,0,1,33704,32832,32714,33184,22943,28975,22847,7677,1.53786058,7703,1.54306891,1498,2066,1,6661,5,167693,167689,0,1498,2066
782,64,5,M_3x3_04,MI_Terrain_X3_Y3,8044132,167704,58422810,7488,2496,103,0,5,167693,167689,3238,1475,23,18,0,0,1,16856,16452,16491,16640,11277,15055,11270,3752,1.50320513,3772,1.51121795,793,1062,1,3238,5,167693,167689,0,793,1062
783,64,6,M_3x3_04,MI_Terrain_X3_Y3,8044132,167704,58430298,2496,832,103,0,16,167693,167678,1323,991,122,18,0,0,1,5624,5524,5540,5648,4015,3914,3977,1444,1.73557692,1441,1.73197115,270,337,1,1323,16,167693,167678,0,270,337
784,65,0,M_3x3_03,MI_Terrain_X3_Y3,8211836,167478,12231567,249696,83232,103,0,0,167477,167478,167478,85260,2,18,0,0,0,561824,213144,257524,304504,83249,249701,83249,167492,2.01235102,167492,2.01235102,0,3,3,167478,0,167477,167478,0,0,3
785,65,1,M_3x3_03,MI_Terrain_X3_Y3,8211836,167478,58432794,124848,41616,103,0,0,167467,167468,78436,41776,13,18,0,0,0,280916,193588,213726,242474,147692,145703,147658,80523,1.93490484,80647,1.93788447,2644,4205,2,78462,0,167467,167468,0,2644,4205
786,65,2,M_3x3_03,MI_Terrain_X3_Y3,8211836,167478,58557642,62424,20808,103,0,0,167467,167468,36234,19853,12,18,0,0,1,140462,120816,125561,132212,83976,85331,83876,38351,1.84308920,38425,1.84664552,2606,4006,1,36234,0,167467,167468,0,2606,4006
787,65,3,M_3x3_03,MI_Terrain_X3_Y3,8211836,167478,58620066,29958,9986,103,0,5,167467,167463,15338,7656,18,18,0,0,1,67414,64357,64376,65701,44109,48649,44050,16869,1.68926497,16910,1.69337072,2092,3096,1,15338,5,167467,167463,0,2092,3096
788,65,4,M_3x3_03,MI_Terrain_X3_Y3,8211836,167478,58650024,14976,4992,103,0,5,167467,167463,6889,3070,25,18,0,0,1,33704,33156,32968,33376,22670,27828,22711,7876,1.57772436,7893,1.58112981,1500,2102,1,6889,5,167467,167463,0,1500,2102
789,65,5,M_3x3_03,MI_Terrain_X3_Y3,8211836,167478,58665000,7488,2496,103,0,5,167467,167463,3295,1534,25,18,0,0,1,16856,16788,16680,16832,11475,14622,11409,3796,1.52083333,3804,1.52403846,1001,1293,1,3295,5,167467,167463,0,1001,1293
790,65,6,M_3x3_03,MI_Terrain_X3_Y3,8211836,167478,58672488,2496,832,103,0,16,167467,167452,1316,988,260,18,0,0,1,5624,5668,5603,5648,4184,4049,4008,1444,1.73557692,1436,1.72596154,325,421,1,1316,16,167467,167452,0,325,421
791,66,0,M_3x3_01,MI_Terrain_X3_Y3,8379314,167580,12481263,249696,83232,103,0,0,167579,167580,167580,85466,3,18,0,0,0,561824,213084,257524,304888,193820,249703,193820,167584,2.01345636,167584,2.01345636,0,3,3,167580,0,167579,167580,0,0,3
792,66,1,M_3x3_01,MI_Terrain_X3_Y3,8379314,167580,58674984,124848,41616,103,0,0,167577,167578,77509,43161,9,18,0,0,0,280916,222280,236972,252980,156087,149585,156177,80200,1.92714341,80151,1.92596597,3380,5568,2,77543,0,167577,167578,0,3380,5568
793,66,2,M_3x3_01,MI_Terrain_X3_Y3,8379314,167580,58799832,62424,20808,103,0,1,167577,167577,34544,18137,12,18,0,0,1,140462,129471,131032,132116,89370,91267,89228,37037,1.77994041,37138,1.78479431,3511,5422,1,34544,1,167577,167577,0,3511,5422
794,66,3,M_3x3_01,MI_Terrain_X3_Y3,8379314,167580,58862256,29958,9986,103,0,16,167577,167562,14361,6314,15,18,0,0,1,67414,65282,64883,66182,45199,52290,45218,16118,1.61405968,16181,1.62036852,2482,3540,1,14361,16,167577,167562,0,2482,3540
795,66,4,M_3x3_01,MI_Terrain_X3_Y3,8379314,167580,58892214,14976,4992,103,0,16,167577,167562,6588,2698,21,18,0,0,1,33704,33024,32874,33472,23184,29303,23129,7646,1.53165064,7690,1.54046474,1496,2043,1,6588,16,167577,167562,0,1496,2043
796,66,5,M_3x3_01,MI_Terrain_X3_Y3,8379314,167580,58907190,7488,2496,103,0,16,167577,167562,3170,1438,29,18,0,0,1,16856,16716,16700,16832,11479,15070,11415,3718,1.48958333,3739,1.49799679,812,1080,1,3170,16,167577,167562,0,812,1080
797,66,6,M_3x3_01,MI_Terrain_X3_Y3,8379314,167580,58914678,2496,832,103,0,16,167577,167562,1295,949,178,18,0,0,1,5624,5668,5635,5648,4117,3830,4031,1408,1.69230769,1404,1.68750000,378,477,1,1295,16,167577,167562,0,378,477
798,67,0,M_3x3_02,MI_Terrain_X3_Y3,8546894,167296,12730959,249696,83232,103,0,0,167295,167296,167296,84896,2,18,0,0,0,561824,212184,257524,302788,83249,249701,83249,167304,2.01009227,167304,2.01009227,0,3,3,167296,0,167295,167296,0,0,3
799,67,1,M_3x3_02,MI_Terrain_X3_Y3,8546894,167296,58917174,124848,41616,103,0,1,167295,167295,77274,42803,9,18,0,0,0,280916,218590,232809,249284,155994,149964,155880,79885,1.91957420,79977,1.92178489,3257,5358,2,77317,1,167295,167295,0,3257,5358
800,67,2,M_3x3_02,MI_Terrain_X3_Y3,8546894,167296,59042022,62424,20808,103,0,1,167295,167295,34299,17737,11,18,0,0,1,140462,129189,130267,132182,88523,91325,88478,36860,1.77143406,36966,1.77652826,3585,5514,1,34299,1,167295,167295,0,3585,5514
801,67,3,M_3x3_02,MI_Terrain_X3_Y3,8546894,167296,59104446,29958,9986,103,0,1,167295,167295,14455,6423,16,18,0,0,1,67414,65267,64644,64739,45448,52360,45224,16249,1.62717805,16308,1.63308632,2744,3924,1,14455,1,167295,167295,0,2744,3924
802,67,4,M_3x3_02,MI_Terrain_X3_Y3,8546894,167296,59134404,14976,4992,103,0,16,167295,167280,6628,2737,19,18,0,0,1,33704,32892,32585,32992,22930,29131,22979,7663,1.53505609,7714,1.54527244,1654,2217,1,6628,16,167295,167280,0,1654,2217
803,67,5,M_3x3_02,MI_Terrain_X3_Y3,8546894,167296,59149380,7488,2496,103,0,16,167295,167280,3256,1485,20,18,0,0,1,16856,16440,16345,16568,11576,15272,11571,3804,1.52403846,3818,1.52964744,800,1059,1,3256,16,167295,167280,0,800,1059
804,67,6,M_3x3_02,MI_Terrain_X3_Y3,8546894,167296,59156868,2496,832,103,0,16,167295,167280,1328,999,161,18,0,0,1,5624,5524,5571,5552,4243,3894,4210,1446,1.73798077,1441,1.73197115,160,222,1,1328,16,167295,167280,0,160,222
805,68,0,M_4x3_04,MI_Terrain_X4_Y3,8714190,166950,12980655,249696,83232,102,0,0,166949,166950,166950,84206,3,18,0,0,0,561824,210936,257843,299332,96428,249703,96428,166954,2.00588716,166954,2.00588716,2,6,3,166950,0,166949,166950,0,0,3
806,68,1,M_4x3_04,MI_Terrain_X4_Y3,8714190,166950,59159364,124848,41616,102,0,0,166941,166942,77777,42593,10,18,0,0,0,280916,210310,226839,247694,151871,147726,151808,80253,1.92841696,80383,1.93154075,3010,4877,2,77800,0,166941,166942,0,3010,4877
807,68,2,M_4x3_04,MI_Terrain_X4_Y3,8714190,166950,59284212,62424,20808,102,0,3,166941,166939,35209,19240,16,18,0,0,1,140462,126861,128848,131540,87776,89127,87706,37559,1.80502691,37657,1.80973664,3264,5028,1,35209,3,166941,166939,0,3264,5028
808,68,3,M_4x3_04,MI_Terrain_X4_Y3,8714190,166950,59346636,29958,9986,102,0,9,166941,166933,14656,6751,17,18,0,0,1,67414,64802,64189,64646,44904,51086,44801,16323,1.63458842,16377,1.63999599,2424,3469,1,14656,9,166941,166933,0,2424,3469
809,68,4,M_4x3_04,MI_Terrain_X4_Y3,8714190,166950,59376594,14976,4992,102,0,9,166941,166933,6676,2795,21,18,0,0,1,33704,32808,32786,33088,22790,28946,22794,7668,1.53605769,7744,1.55128205,1437,1949,1,6676,9,166941,166933,0,1437,1949
810,68,5,M_4x3_04,MI_Terrain_X4_Y3,8714190,166950,59391570,7488,2496,102,0,20,166941,166922,3225,1479,26,18,0,0,1,16856,16572,16637,16832,11188,14936,11133,3718,1.48958333,3754,1.50400641,657,878,1,3225,20,166941,166922,0,657,878
811,68,6,M_4x3_04,MI_Terrain_X4_Y3,8714190,166950,59399058,2514,838,102,0,6664,166941,160278,1298,946,113,18,0,0,1,5665,5487,5485,5689,3985,3957,3910,1422,1.69689737,1424,1.69928401,283,339,1,1298,6666,166941,160276,0,283,339
812,69,0,E_X2_Y5_43,MI_Terrain_X2_Y5,8881140,163820,13230351,244824,81608,104,0,0,163819,163820,163820,82816,2,18,0,0,0,550862,207416,252500,295643,81625,244829,81625,163820,2.00740124,163820,2.00740124,0,3,3,163820,0,163819,163820,0,0,3
813,69,1,E_X2_Y5_43,MI_Terrain_X2_Y5,8881140,163820,59401572,122412,40804,104,0,5,163814,163810,75339,42125,9,18,0,0,0,275435,196204,204642,213661,149992,131667,149881,77929,1.90983727,78017,1.91199392,101,162,2,75342,5,163814,163810,0,101,162
814,69,2,E_X2_Y5_43,MI_Terrain_X2_Y5,8881140,163820,59523984,61206,20402,104,0,5,163814,163810,33700,17823,11,18,0,0,1,137722,109625,112393,115585,82560,74828,82610,36129,1.77085580,36322,1.78031566,104,166,1,33700,5,163814,163810,0,104,166
815,69,3,E_X2_Y5_43,MI_Terrain_X2_Y5,8881140,163820,59585190,29376,9792,104,0,5,163814,163810,14011,6273,14,18,0,0,1,66104,55980,57859,59760,41102,43211,41006,15849,1.61856618,15894,1.62316176,112,169,1,14011,5,163814,163810,0,112,169
816,69,4,E_X2_Y5_43,MI_Terrain_X2_Y5,8881140,163820,59614566,14688,4896,104,0,5,163814,163810,6478,2730,17,18,0,0,1,33056,28980,29839,31432,20737,25252,20678,7514,1.53472222,7530,1.53799020,120,174,1,6478,5,163814,163810,0,120,174
817,69,5,E_X2_Y5_43,MI_Terrain_X2_Y5,8881140,163820,59629254,7344,2448,104,0,5,163814,163810,3200,1552,21,18,0,0,1,16532,15094,15556,16262,10473,13674,10416,3695,1.50939542,3731,1.52410131,143,174,1,3200,5,163814,163810,0,143,174
818,69,6,E_X2_Y5_43,MI_Terrain_X2_Y5,8881140,163820,59636598,2448,816,104,0,5,163814,163810,1342,1062,234,18,0,0,1,5516,5176,5209,5444,4178,3445,4169,1454,1.78186275,1456,1.78431373,146,179,1,1342,5,163814,163810,0,146,179
819,70,0,E_X1_Y5_42,MI_Terrain_X1_Y5,9044960,164016,13475175,244824,81608,105,0,0,164015,164016,164016,83208,2,18,0,0,0,550862,208292,252500,298139,81625,244829,81625,164028,2.00995000,164028,2.00995000,0,3,3,164016,0,164015,164016,0,0,3
820,70,1,E_X1_Y5_42,MI_Terrain_X1_Y5,9044960,164016,59639046,122412,40804,105,0,0,164010,164011,75803,42139,10,18,0,0,0,275435,194932,204227,214967,149080,131834,149085,78300,1.91892952,78427,1.92204196,69,125,2,75819,0,164010,164011,0,69,125
821,70,2,E_X1_Y5_42,MI_Terrain_X1_Y5,9044960,164016,59761458,61206,20402,105,0,0,164010,164011,34066,18059,11,18,0,0,1,137722,109361,112895,117025,82028,75180,82009,36443,1.78624645,36541,1.79104990,90,168,1,34066,0,164010,164011,0,90,168
822,70,3,E_X1_Y5_42,MI_Terrain_X1_Y5,9044960,164016,59822664,29376,9792,105,0,5,164009,164005,14412,6750,18,18,0,0,1,66104,56160,58005,60504,41290,43056,41392,16118,1.64603758,16185,1.65287990,109,178,1,14412,5,164009,164005,0,109,178
823,70,4,E_X1_Y5_42,MI_Terrain_X1_Y5,9044960,164016,59852040,14688,4896,105,0,5,164009,164005,6565,2841,28,18,0,0,1,33056,29256,30268,31240,21106,25285,20910,7600,1.55228758,7629,1.55821078,113,179,1,6565,5,164009,164005,0,113,179
824,70,5,E_X1_Y5_42,MI_Terrain_X1_Y5,9044960,164016,59866728,7344,2448,105,0,5,164009,164005,3207,1570,30,18,0,0,1,16532,15106,15549,16412,10730,13869,10649,3755,1.53390523,3749,1.53145425,116,162,1,3207,5,164009,164005,0,116,162
825,70,6,E_X1_Y5_42,MI_Terrain_X1_Y5,9044960,164016,59874072,2448,816,105,0,5,164009,164005,1342,1067,187,18,0,0,1,5516,5332,5296,5408,4143,3513,4078,1451,1.77818627,1445,1.77083333,154,193,1,1342,5,164009,164005,0,154,193
826,71,0,E_X0_Y5_41,MI_Terrain_X0_Y5,9208976,164502,13719999,244824,81608,106,0,0,164501,164502,164502,84180,2,18,0,0,0,550862,209360,252500,299963,81625,244829,81625,164530,2.01610136,164530,2.01610136,0,3,3,164502,0,164501,164502,0,0,3
827,71,1,E_X0_Y5_41,MI_Terrain_X0_Y5,9208976,164502,59876520,122412,40804,106,0,0,164501,164502,75891,41978,11,18,0,0,0,275435,191476,201768,213410,148294,131516,148261,78331,1.91968925,78604,1.92637977,77,131,2,75918,0,164501,164502,0,77,131
828,71,2,E_X0_Y5_41,MI_Terrain_X0_Y5,9208976,164502,59998932,61206,20402,106,0,0,164501,164502,34199,18044,18,18,0,0,1,137722,108125,112481,116708,81482,74111,81468,36508,1.78943241,36672,1.79747084,99,151,1,34199,0,164501,164502,0,99,151
829,71,3,E_X0_Y5_41,MI_Terrain_X0_Y5,9208976,164502,60060138,29376,9792,106,0,0,164501,164502,14567,6938,27,18,0,0,1,66104,55656,57429,59664,40628,42351,40622,16183,1.65267565,16286,1.66319444,117,172,1,14567,0,164501,164502,0,117,172
830,71,4,E_X0_Y5_41,MI_Terrain_X0_Y5,9208976,164502,60089514,14688,4896,106,0,0,164501,164502,6668,2997,28,18,0,0,1,33056,29232,30313,31336,20943,24773,20831,7651,1.56270425,7681,1.56883170,136,210,1,6668,0,164501,164502,0,136,210
831,71,5,E_X0_Y5_41,MI_Terrain_X0_Y5,9208976,164502,60104202,7344,2448,106,0,5,164496,164492,3262,1616,38,18,0,0,1,16532,15220,15715,16220,10655,13690,10638,3780,1.54411765,3777,1.54289216,132,184,1,3262,5,164496,164492,0,132,184
832,71,6,E_X0_Y5_41,MI_Terrain_X0_Y5,9208976,164502,60111546,2448,816,106,0,5,164496,164492,1370,1102,269,18,0,0,1,5516,5398,5476,5522,4154,3504,4140,1479,1.81250000,1476,1.80882353,355,383,1,1370,5,164496,164492,0,355,383
833,72,0,E_X0_Y4_33,MI_Terrain_X0_Y4,9373478,163902,13964823,244824,81608,107,0,0,163901,163902,163902,82980,2,18,0,0,0,550862,207872,252500,298139,81625,244829,81625,163908,2.00847956,163908,2.00847956,0,3,3,163902,0,163901,163902,0,0,3
834,72,1,E_X0_Y4_33,MI_Terrain_X0_Y4,9373478,163902,60113994,122412,40804,107,0,2,163899,163898,75976,41318,11,18,0,0,0,275435,184436,197961,211069,146143,131490,146175,78345,1.92003235,78416,1.92177238,98,162,2,75982,2,163899,163898,0,98,162
835,72,2,E_X0_Y4_33,MI_Terrain_X0_Y4,9373478,163902,60236406,61206,20402,107,0,5,163896,163892,35352,19402,16,18,0,0,1,137722,105012,109798,115364,79082,73949,79014,37492,1.83766297,37598,1.84285854,109,167,1,35352,5,163896,163892,0,109,167
836,72,3,E_X0_Y4_33,MI_Terrain_X0_Y4,9373478,163902,60297612,29376,9792,107,0,5,163896,163892,15116,7839,21,18,0,0,1,66104,55428,57006,59304,40442,41393,40398,16583,1.69352533,16684,1.70383987,128,179,1,15116,5,163896,163892,0,128,179
837,72,4,E_X0_Y4_33,MI_Terrain_X0_Y4,9373478,163902,60326988,14688,4896,107,0,5,163896,163892,6826,3215,23,18,0,0,1,33056,28920,29838,30772,20551,23711,20648,7729,1.57863562,7787,1.59048203,138,189,1,6826,5,163896,163892,0,138,189
838,72,5,E_X0_Y4_33,MI_Terrain_X0_Y4,9373478,163902,60341676,7344,2448,107,0,5,163896,163892,3347,1712,27,18,0,0,1,16532,14908,15338,16070,10680,12951,10658,3824,1.56209150,3828,1.56372549,128,167,1,3347,5,163896,163892,0,128,167
839,72,6,E_X0_Y4_33,MI_Terrain_X0_Y4,9373478,163902,60349020,2472,824,107,0,5,163896,163892,1404,1156,181,18,0,0,1,5570,5317,5485,5498,4319,3542,4314,1518,1.84223301,1514,1.83737864,149,180,1,1404,5,163896,163892,0,149,180
840,73,0,E_X1_Y4_34,MI_Terrain_X1_Y4,9537380,164074,14209647,244824,81608,108,0,0,164073,164074,164074,83324,2,18,0,0,0,550862,208400,252500,298619,81625,244829,81625,164078,2.01056269,164078,2.01056269,0,3,3,164074,0,164073,164074,0,0,3
841,73,1,E_X1_Y4_34,MI_Terrain_X1_Y4,9537380,164074,60351492,122412,40804,108,0,0,164073,164074,75575,41771,9,18,0,0,0,275435,189398,202179,213298,148934,131794,149017,78021,1.91209195,78212,1.91677287,84,157,2,75580,0,164073,164074,0,84,157
842,73,2,E_X1_Y4_34,MI_Terrain_X1_Y4,9537380,164074,60473904,61206,20402,108,0,0,164073,164074,34766,18336,14,18,0,0,1,137722,105334,110566,116065,79338,74761,79351,36999,1.81349868,37139,1.82036075,97,154,1,34766,0,164073,164074,0,97,154
843,73,3,E_X1_Y4_34,MI_Terrain_X1_Y4,9537380,164074,60535110,29376,9792,108,0,9,164067,164059,15196,7811,14,18,0,0,1,66104,54828,56577,58200,40194,41629,40149,16665,1.70189951,16750,1.71058007,130,183,1,15196,9,164067,164059,0,130,183
844,73,4,E_X1_Y4_34,MI_Terrain_X1_Y4,9537380,164074,60564486,14688,4896,108,0,9,164067,164059,6864,3241,19,18,0,0,1,33056,29064,29961,30868,20809,24116,20795,7798,1.59272876,7810,1.59517974,126,169,1,6864,9,164067,164059,0,126,169
845,73,5,E_X1_Y4_34,MI_Terrain_X1_Y4,9537380,164074,60579174,7344,2448,108,0,9,164067,164059,3326,1707,29,18,0,0,1,16532,15094,15493,16070,10817,13171,10695,3839,1.56821895,3838,1.56781046,122,168,1,3326,9,164067,164059,0,122,168
846,73,6,E_X1_Y4_34,MI_Terrain_X1_Y4,9537380,164074,60586518,2454,818,108,0,9,164067,164059,1377,1119,262,18,0,0,1,5530,5387,5360,5439,4203,3553,4158,1488,1.81907090,1488,1.81907090,177,218,1,1377,9,164067,164059,0,177,218
847,74,0,E_X2_Y4_35,MI_Terrain_X2_Y4,9701454,164344,14454471,244824,81608,109,0,0,164343,164344,164344,83864,2,18,0,0,0,550862,209096,252500,300443,81625,244829,81625,164360,2.01401823,164360,2.01401823,0,3,3,164344,0,164343,164344,0,0,3
848,74,1,E_X2_Y4_35,MI_Terrain_X2_Y4,9701454,164344,60588972,122412,40804,109,0,0,164343,164344,75941,41570,11,18,0,0,0,275435,186377,200928,214967,147241,131475,147264,78281,1.91846388,78447,1.92253210,106,163,2,75957,0,164343,164344,0,106,163
849,74,2,E_X2_Y4_35,MI_Terrain_X2_Y4,9701454,164344,60711384,61206,20402,109,0,3,164338,164336,35132,18551,12,18,0,0,1,137722,104477,110973,116612,77700,74009,77914,37254,1.82599745,37364,1.83138908,117,178,1,35132,3,164338,164336,0,117,178
850,74,3,E_X2_Y4_35,MI_Terrain_X2_Y4,9701454,164344,60772590,29376,9792,109,0,5,164338,164334,15313,7910,22,18,0,0,1,66104,55056,57099,59496,39888,41260,39882,16734,1.70894608,16846,1.72038399,129,185,1,15313,5,164338,164334,0,129,185
851,74,4,E_X2_Y4_35,MI_Terrain_X2_Y4,9701454,164344,60801966,14688,4896,109,0,5,164338,164334,6840,3213,21,18,0,0,1,33056,29028,29980,31240,20470,23574,20425,7734,1.57965686,7783,1.58966503,134,192,1,6840,5,164338,164334,0,134,192
852,74,5,E_X2_Y4_35,MI_Terrain_X2_Y4,9701454,164344,60816654,7344,2448,109,0,5,164338,164334,3273,1598,28,18,0,0,1,16532,15010,15423,16028,10486,13091,10404,3739,1.52736928,3761,1.53635621,136,175,1,3273,5,164338,164334,0,136,175
853,74,6,E_X2_Y4_35,MI_Terrain_X2_Y4,9701454,164344,60823998,2460,820,109,0,5,164338,164334,1339,1041,182,18,0,0,1,5543,5239,5204,5375,4065,3504,4044,1450,1.76829268,1451,1.76951220,136,162,1,1339,5,164338,164334,0,136,162
854,75,0,E_X5_Y4_38,MI_Terrain_X5_Y4,9865798,164042,14699295,244824,81608,110,0,0,164041,164042,164042,83260,2,18,0,0,0,550862,208088,252500,297371,81625,244829,81625,164062,2.01036663,164062,2.01036663,0,3,3,164042,0,164041,164042,0,0,3
855,75,1,E_X5_Y4_38,MI_Terrain_X5_Y4,9865798,164042,60826458,122412,40804,110,0,2,164039,164038,75963,41789,14,18,0,0,0,275435,189208,202021,214333,147461,131513,147330,78333,1.91973826,78451,1.92263013,91,164,2,75980,2,164039,164038,0,91,164
856,75,2,E_X5_Y4_38,MI_Terrain_X5_Y4,9865798,164042,60948870,61206,20402,110,0,3,164036,164034,34610,18398,14,18,0,0,1,137722,107316,112121,116929,80322,74616,80449,36913,1.80928340,37021,1.81457700,107,184,1,34610,3,164036,164034,0,107,184
857,75,3,E_X5_Y4_38,MI_Terrain_X5_Y4,9865798,164042,61010076,29376,9792,110,0,5,164036,164032,14968,7495,20,18,0,0,1,66104,55716,57756,60192,40642,42164,40586,16541,1.68923611,16617,1.69699755,109,185,1,14968,5,164036,164032,0,109,185
858,75,4,E_X5_Y4_38,MI_Terrain_X5_Y4,9865798,164042,61039452,14688,4896,110,0,5,164036,164032,6766,3087,23,18,0,0,1,33056,29208,30356,31420,20581,24407,20518,7701,1.57291667,7685,1.56964869,129,187,1,6766,5,164036,164032,0,129,187
859,75,5,E_X5_Y4_38,MI_Terrain_X5_Y4,9865798,164042,61054140,7344,2448,110,0,5,164036,164032,3275,1613,29,18,0,0,1,16532,15094,15525,16124,10514,13266,10422,3767,1.53880719,3770,1.54003268,140,185,1,3275,5,164036,164032,0,140,185
860,75,6,E_X5_Y4_38,MI_Terrain_X5_Y4,9865798,164042,61061484,2460,820,110,0,5,164036,164032,1393,1140,195,18,0,0,1,5543,5443,5426,5567,4228,3505,4225,1509,1.84024390,1503,1.83292683,190,233,1,1393,5,164036,164032,0,190,233
861,76,0,E_X6_Y4_39,MI_Terrain_X6_Y4,10029840,163886,14944119,244824,81608,111,0,0,163885,163886,163886,82948,2,18,0,0,0,550862,207476,252500,295835,81625,244829,81625,163894,2.00830801,163894,2.00830801,0,3,3,163886,0,163885,163886,0,0,3
862,76,1,E_X6_Y4_39,MI_Terrain_X6_Y4,10029840,163886,61063944,122412,40804,111,0,0,163885,163886,76087,41334,10,18,0,0,0,275435,184982,200930,213757,146321,131785,146332,78362,1.92044898,78508,1.92402706,87,162,2,76096,0,163885,163886,0,87,162
863,76,2,E_X6_Y4_39,MI_Terrain_X6_Y4,10029840,163886,61186356,61206,20402,111,0,5,163880,163876,35133,19178,12,18,0,0,1,137722,106236,110844,115777,78895,74278,78963,37351,1.83075189,37362,1.83129105,94,164,1,35133,5,163880,163876,0,94,164
864,76,3,E_X6_Y4_39,MI_Terrain_X6_Y4,10029840,163886,61247562,29376,9792,111,0,5,163880,163876,15066,7653,17,18,0,0,1,66104,55260,56986,59352,40522,41547,40436,16564,1.69158497,16623,1.69761029,129,187,1,15066,5,163880,163876,0,129,187
865,76,4,E_X6_Y4_39,MI_Terrain_X6_Y4,10029840,163886,61276938,14688,4896,111,0,5,163880,163876,6815,3182,17,18,0,0,1,33056,29124,30154,31240,20798,23861,20658,7729,1.57863562,7803,1.59375000,125,176,1,6815,5,163880,163876,0,125,176
866,76,5,E_X6_Y4_39,MI_Terrain_X6_Y4,10029840,163886,61291626,7344,2448,111,0,5,163880,163876,3319,1674,30,18,0,0,1,16532,14968,15500,15974,10788,13100,10696,3837,1.56740196,3846,1.57107843,140,171,1,3319,5,163880,163876,0,140,171
867,76,6,E_X6_Y4_39,MI_Terrain_X6_Y4,10029840,163886,61298970,2466,822,111,0,5,163880,163876,1375,1102,175,18,0,0,1,5557,5265,5439,5581,4291,3526,4227,1487,1.80900243,1487,1.80900243,132,160,1,1375,5,163880,163876,0,132,160
868,77,0,E_X7_Y4_40,MI_Terrain_X7_Y4,10193726,164142,15188943,244824,81608,112,0,0,164141,164142,164142,83460,2,18,0,0,0,550862,208436,252500,298619,81625,244829,81625,164156,2.01151848,164156,2.01151848,0,3,3,164142,0,164141,164142,0,0,3
869,77,1,E_X7_Y4_40,MI_Terrain_X7_Y4,10193726,164142,61301436,122412,40804,112,0,0,164141,164142,75912,42261,11,18,0,0,0,275435,190706,201088,212759,149385,131562,149277,78326,1.91956671,78531,1.92459073,88,169,2,75935,0,164141,164142,0,88,169
870,77,2,E_X7_Y4_40,MI_Terrain_X7_Y4,10193726,164142,61423848,61206,20402,112,0,5,164136,164132,34297,18085,15,18,0,0,1,137722,106673,111258,116420,81344,74335,81308,36575,1.79271640,36735,1.80055877,115,209,1,34297,5,164136,164132,0,115,209
871,77,3,E_X7_Y4_40,MI_Terrain_X7_Y4,10193726,164142,61485054,29376,9792,112,0,5,164136,164132,14851,7354,15,18,0,0,1,66104,55212,57034,59856,40680,41937,40598,16445,1.67943219,16545,1.68964461,142,221,1,14851,5,164136,164132,0,142,221
872,77,4,E_X7_Y4_40,MI_Terrain_X7_Y4,10193726,164142,61514430,14688,4896,112,0,5,164136,164132,6794,3157,21,18,0,0,1,33056,28920,29767,30940,20807,24440,20705,7749,1.58272059,7769,1.58680556,148,201,1,6794,5,164136,164132,0,148,201
873,77,5,E_X7_Y4_40,MI_Terrain_X7_Y4,10193726,164142,61529118,7344,2448,112,0,5,164136,164132,3322,1715,22,18,0,0,1,16532,14920,15241,15974,10852,13280,10695,3825,1.56250000,3829,1.56413399,138,191,1,3322,5,164136,164132,0,138,191
874,77,6,E_X7_Y4_40,MI_Terrain_X7_Y4,10193726,164142,61536462,2454,818,112,0,5,164136,164132,1418,1200,190,18,0,0,1,5530,5406,5444,5554,4648,3490,4625,1526,1.86552567,1526,1.86552567,197,242,1,1418,5,164136,164132,0,197,242
875,78,0,E_X7_Y3_32,MI_Terrain_X7_Y3,10357868,165174,15433767,244824,81608,113,0,0,165173,165174,165174,85526,3,18,0,0,0,550862,210476,252500,300635,81625,244829,81625,165208,2.02440937,165208,2.02440937,0,3,3,165174,0,165173,165174,0,0,3
876,78,1,E_X7_Y3_32,MI_Terrain_X7_Y3,10357868,165174,61538916,122412,40804,113,0,5,165170,165166,76221,42297,8,18,0,0,0,275435,188132,200518,213122,147761,131115,147669,78567,1.92547299,78691,1.92851191,103,158,2,76235,5,165170,165166,0,103,158
877,78,2,E_X7_Y3_32,MI_Terrain_X7_Y3,10357868,165174,61661328,61206,20402,113,0,5,165170,165166,34669,18157,16,18,0,0,1,137722,105445,110656,115969,79999,74016,79868,36894,1.80835212,37015,1.81428291,102,152,1,34669,5,165170,165166,0,102,152
878,78,3,E_X7_Y3_32,MI_Terrain_X7_Y3,10357868,165174,61722534,29376,9792,113,0,5,165168,165164,15312,7876,27,18,0,0,1,66104,54708,56632,59304,40168,41443,40222,16797,1.71537990,16939,1.72988154,100,149,1,15312,5,165168,165164,0,100,149
879,78,4,E_X7_Y3_32,MI_Terrain_X7_Y3,10357868,165174,61751910,14688,4896,113,0,5,165168,165164,6945,3333,30,18,0,0,1,33056,29172,30037,31036,20753,23673,20745,7850,1.60334967,7904,1.61437908,110,167,1,6945,5,165168,165164,0,110,167
880,78,5,E_X7_Y3_32,MI_Terrain_X7_Y3,10357868,165174,61766598,7344,2448,113,0,5,165168,165164,3331,1701,30,18,0,0,1,16532,15178,15429,16070,10791,12951,10622,3828,1.56372549,3822,1.56127451,117,160,1,3331,5,165168,165164,0,117,160
881,78,6,E_X7_Y3_32,MI_Terrain_X7_Y3,10357868,165174,61773942,2454,818,113,0,5,165168,165164,1402,1165,316,18,0,0,1,5530,5394,5444,5554,4574,3417,4503,1517,1.85452323,1507,1.84229829,316,335,1,1402,5,165168,165164,0,316,335
882,79,0,E_X6_Y3_31,MI_Terrain_X6_Y3,10523042,163816,15678591,244824,81608,114,0,0,163815,163816,163816,82808,2,18,0,0,0,550862,207428,252500,296699,81625,244829,81625,163820,2.00740124,163820,2.00740124,0,3,3,163816,0,163815,163816,0,0,3
883,79,1,E_X6_Y3_31,MI_Terrain_X6_Y3,10523042,163816,61776396,122412,40804,114,0,2,163813,163812,75470,41621,9,18,0,0,0,275435,191525,204512,218114,149215,132004,149256,77994,1.91143025,78097,1.91395451,102,167,2,75498,2,163813,163812,0,102,167
884,79,2,E_X6_Y3_31,MI_Terrain_X6_Y3,10523042,163816,61898808,61206,20402,114,0,2,163813,163812,34553,18389,12,18,0,0,1,137722,106249,111233,116946,79568,75168,79572,36839,1.80565631,36965,1.81183217,128,186,1,34553,2,163813,163812,0,128,186
885,79,3,E_X6_Y3_31,MI_Terrain_X6_Y3,10523042,163816,61960014,29376,9792,114,0,2,163813,163812,14966,7559,17,18,0,0,1,66104,55224,57068,59088,40419,42228,40537,16522,1.68729575,16619,1.69720180,119,176,1,14966,2,163813,163812,0,119,176
886,79,4,E_X6_Y3_31,MI_Terrain_X6_Y3,10523042,163816,61989390,14688,4896,114,0,2,163813,163812,6749,3091,18,18,0,0,1,33056,29220,30140,30976,20575,24444,20489,7649,1.56229575,7665,1.56556373,119,164,1,6749,2,163813,163812,0,119,164
887,79,5,E_X6_Y3_31,MI_Terrain_X6_Y3,10523042,163816,62004078,7344,2448,114,0,2,163813,163812,3275,1625,22,18,0,0,1,16532,15034,15517,16124,10693,13262,10532,3751,1.53227124,3780,1.54411765,121,159,1,3275,2,163813,163812,0,121,159
888,79,6,E_X6_Y3_31,MI_Terrain_X6_Y3,10523042,163816,62011422,2448,816,114,0,5,163810,163806,1370,1106,216,18,0,0,1,5516,5278,5303,5348,4346,3444,4317,1482,1.81617647,1480,1.81372549,98,142,1,1370,5,163810,163806,0,98,142
889,80,0,E_X5_Y3_30,MI_Terrain_X5_Y3,10686858,164010,15923415,244824,81608,115,0,0,164009,164010,164010,83196,2,18,0,0,0,550862,208244,252500,298331,81625,244829,81625,164012,2.00975395,164012,2.00975395,0,3,3,164010,0,164009,164010,0,0,3
890,80,1,E_X5_Y3_30,MI_Terrain_X5_Y3,10686858,164010,62013870,122412,40804,115,0,1,164008,164008,75809,41720,11,18,0,0,0,275435,188848,201894,213565,148130,131867,148097,78232,1.91726301,78416,1.92177238,102,173,2,75814,1,164008,164008,0,102,173
891,80,2,E_X5_Y3_30,MI_Terrain_X5_Y3,10686858,164010,62136282,61206,20402,115,0,5,164008,164004,34768,18393,13,18,0,0,1,137722,104962,109958,115519,79376,74583,79401,37011,1.81408685,37117,1.81928242,112,164,1,34768,5,164008,164004,0,112,164
892,80,3,E_X5_Y3_30,MI_Terrain_X5_Y3,10686858,164010,62197488,29376,9792,115,0,5,164003,163999,15188,7741,26,18,0,0,1,66104,54768,56778,59520,40218,41732,40146,16657,1.70108252,16701,1.70557598,104,146,1,15188,5,164003,163999,0,104,146
893,80,4,E_X5_Y3_30,MI_Terrain_X5_Y3,10686858,164010,62226864,14688,4896,115,0,5,164003,163999,6883,3288,26,18,0,0,1,33056,28920,29926,31120,20723,23736,20584,7824,1.59803922,7827,1.59865196,105,148,1,6883,5,164003,163999,0,105,148
894,80,5,E_X5_Y3_30,MI_Terrain_X5_Y3,10686858,164010,62241552,7344,2448,115,0,5,164003,163999,3350,1711,25,18,0,0,1,16532,14896,15333,16070,10661,12993,10602,3825,1.56250000,3839,1.56821895,106,146,1,3350,5,164003,163999,0,106,146
895,80,6,E_X5_Y3_30,MI_Terrain_X5_Y3,10686858,164010,62248896,2448,816,115,0,5,164003,163999,1389,1145,271,18,0,0,1,5516,5392,5399,5444,4302,3460,4274,1502,1.84068627,1500,1.83823529,389,421,1,1389,5,164003,163999,0,389,421
896,81,0,E_X2_Y3_27,MI_Terrain_X2_Y3,10850868,164122,16168239,244824,81608,116,0,0,164121,164122,164122,83420,2,18,0,0,0,550862,208100,252500,297563,81625,244829,81625,164136,2.01127340,164136,2.01127340,0,3,3,164122,0,164121,164122,0,0,3
897,81,1,E_X2_Y3_27,MI_Terrain_X2_Y3,10850868,164122,62251344,122412,40804,116,0,1,164119,164119,76201,42209,10,18,0,0,0,275435,188330,200802,213298,146920,131377,146827,78582,1.92584060,78719,1.92919812,77,146,2,76228,1,164119,164119,0,77,146
898,81,2,E_X2_Y3_27,MI_Terrain_X2_Y3,10850868,164122,62373756,61206,20402,116,0,1,164118,164118,34577,18681,15,18,0,0,1,137722,107314,112506,117284,80479,73804,80484,36898,1.80854818,37008,1.81393981,94,176,1,34577,1,164118,164118,0,94,176
899,81,3,E_X2_Y3_27,MI_Terrain_X2_Y3,10850868,164122,62434962,29376,9792,116,0,3,164118,164116,14668,7134,29,18,0,0,1,66104,55644,57761,59784,40605,42129,40594,16318,1.66646242,16354,1.67013889,99,176,1,14668,3,164118,164116,0,99,176
900,81,4,E_X2_Y3_27,MI_Terrain_X2_Y3,10850868,164122,62464338,14688,4896,116,0,3,164115,164113,6701,3097,29,18,0,0,1,33056,29172,29887,31156,20648,24236,20606,7664,1.56535948,7731,1.57904412,100,165,1,6701,3,164115,164113,0,100,165
901,81,5,E_X2_Y3_27,MI_Terrain_X2_Y3,10850868,164122,62479026,7344,2448,116,0,5,164115,164111,3240,1615,45,18,0,0,1,16532,14884,15436,16220,10513,13224,10404,3761,1.53635621,3786,1.54656863,93,137,1,3240,5,164115,164111,0,93,137
902,81,6,E_X2_Y3_27,MI_Terrain_X2_Y3,10850868,164122,62486370,2454,818,116,0,5,164115,164111,1360,1102,158,18,0,0,1,5530,5212,5170,5343,4189,3488,4134,1469,1.79584352,1466,1.79217604,59,86,1,1360,5,164115,164111,0,59,86
903,82,0,E_X1_Y3_26,MI_Terrain_X1_Y3,11014990,163856,16413063,244824,81608,117,0,0,163855,163856,163856,82890,3,18,0,0,0,550862,207320,252500,295163,81625,244829,81625,163868,2.00798941,163868,2.00798941,0,3,3,163856,0,163855,163856,0,0,3
904,82,1,E_X1_Y3_26,MI_Terrain_X1_Y3,11014990,163856,62488824,122412,40804,117,0,0,163854,163855,76277,41841,8,18,0,0,0,275435,187012,199654,212951,146953,131468,146885,78628,1.92696794,78750,1.92995785,82,146,2,76303,0,163854,163855,0,82,146
905,82,2,E_X1_Y3_26,MI_Terrain_X1_Y3,11014990,163856,62611236,61206,20402,117,0,5,163850,163846,34863,18878,14,18,0,0,1,137722,106961,111518,115460,80931,74280,80977,37065,1.81673365,37226,1.82462504,131,214,1,34863,5,163850,163846,0,131,214
906,82,3,E_X1_Y3_26,MI_Terrain_X1_Y3,11014990,163856,62672442,29376,9792,117,0,5,163850,163846,14823,7354,23,18,0,0,1,66104,55332,56944,59112,40878,42062,40828,16418,1.67667484,16512,1.68627451,130,194,1,14823,5,163850,163846,0,130,194
907,82,4,E_X1_Y3_26,MI_Terrain_X1_Y3,11014990,163856,62701818,14688,4896,117,0,5,163850,163846,6731,3075,23,18,0,0,1,33056,28896,29848,30856,20791,24399,20715,7723,1.57741013,7736,1.58006536,122,181,1,6731,5,163850,163846,0,122,181
908,82,5,E_X1_Y3_26,MI_Terrain_X1_Y3,11014990,163856,62716506,7344,2448,117,0,5,163850,163846,3267,1615,29,18,0,0,1,16532,15070,15554,16070,10559,13256,10437,3745,1.52982026,3778,1.54330065,126,177,1,3267,5,163850,163846,0,126,177
909,82,6,E_X1_Y3_26,MI_Terrain_X1_Y3,11014990,163856,62723850,2454,818,117,0,5,163850,163846,1350,1068,224,18,0,0,1,5530,5221,5353,5498,4212,3604,4143,1465,1.79095355,1464,1.78973105,49,87,1,1350,5,163850,163846,0,49,87
910,83,0,E_X0_Y3_25,MI_Terrain_X0_Y3,11178846,164174,16657887,244824,81608,118,0,0,164173,164174,164174,83524,2,18,0,0,0,550862,209024,252500,300251,81625,244829,81625,164192,2.01195961,164192,2.01195961,0,3,3,164174,0,164173,164174,0,0,3
911,83,1,E_X0_Y3_25,MI_Terrain_X0_Y3,11178846,164174,62726304,122412,40804,118,0,3,164168,164166,75684,41867,8,18,0,0,0,275435,191935,204931,216829,148994,131712,149020,78156,1.91540045,78385,1.92101265,101,183,2,75691,3,164168,164166,0,101,183
912,83,2,E_X0_Y3_25,MI_Terrain_X0_Y3,11178846,164174,62848716,61206,20402,118,0,5,164168,164164,34490,18056,12,18,0,0,1,137722,106318,111713,117409,79162,74456,79262,36734,1.80050975,36844,1.80590138,113,180,1,34490,5,164168,164164,0,113,180
913,83,3,E_X0_Y3_25,MI_Terrain_X0_Y3,11178846,164174,62909922,29376,9792,118,0,5,164168,164164,15085,7660,13,18,0,0,1,66104,55008,56873,59376,40248,42004,40232,16577,1.69291258,16722,1.70772059,123,180,1,15085,5,164168,164164,0,123,180
914,83,4,E_X0_Y3_25,MI_Terrain_X0_Y3,11178846,164174,62939298,14688,4896,118,0,5,164168,164164,6847,3275,22,18,0,0,1,33056,29016,29977,31144,20879,24097,20652,7802,1.59354575,7818,1.59681373,125,179,1,6847,5,164168,164164,0,125,179
915,83,5,E_X0_Y3_25,MI_Terrain_X0_Y3,11178846,164174,62953986,7344,2448,118,0,5,164168,164164,3331,1749,29,18,0,0,1,16532,14938,15404,15878,10726,13085,10697,3808,1.55555556,3828,1.56372549,131,170,1,3331,5,164168,164164,0,131,170
916,83,6,E_X0_Y3_25,MI_Terrain_X0_Y3,11178846,164174,62961330,2454,818,118,0,5,164168,164164,1414,1185,214,18,0,0,1,5530,5226,5254,5554,4376,3450,4331,1523,1.86185819,1522,1.86063570,90,111,1,1414,5,164168,164164,0,90,111
917,84,0,E_X0_Y2_17,MI_Terrain_X0_Y2,11343020,164336,16902711,244824,81608,119,0,0,164335,164336,164336,83848,2,18,0,0,0,550862,209072,252500,299963,81625,244829,81625,164360,2.01401823,164360,2.01401823,0,3,3,164336,0,164335,164336,0,0,3
918,84,1,E_X0_Y2_17,MI_Terrain_X0_Y2,11343020,164336,62963784,122412,40804,119,0,5,164332,164328,75416,41942,11,18,0,0,0,275435,194945,204834,215890,150738,131601,150664,78003,1.91165082,78102,1.91407705,66,123,2,75419,5,164332,164328,0,66,123
919,84,2,E_X0_Y2_17,MI_Terrain_X0_Y2,11343020,164336,63086196,61206,20402,119,0,5,164332,164328,33791,17510,11,18,0,0,1,137722,109329,113015,117025,82121,74856,82062,36221,1.77536516,36356,1.78198216,103,207,1,33791,5,164332,164328,0,103,207
920,84,3,E_X0_Y2_17,MI_Terrain_X0_Y2,11343020,164336,63147402,29376,9792,119,0,5,164332,164328,14395,6711,12,18,0,0,1,66104,56220,57607,59832,41114,43066,41093,16130,1.64726307,16176,1.65196078,132,212,1,14395,5,164332,164328,0,132,212
921,84,4,E_X0_Y2_17,MI_Terrain_X0_Y2,11343020,164336,63176778,14688,4896,119,0,5,164330,164326,6629,2880,15,18,0,0,1,33056,29304,30089,31504,20965,25338,20794,7611,1.55453431,7657,1.56392974,139,217,1,6629,5,164330,164326,0,139,217
922,84,5,E_X0_Y2_17,MI_Terrain_X0_Y2,11343020,164336,63191466,7344,2448,119,0,5,164330,164326,3274,1635,19,18,0,0,1,16532,15196,15724,16412,10639,13717,10572,3802,1.55310458,3803,1.55351307,131,188,1,3274,5,164330,164326,0,131,188
923,84,6,E_X0_Y2_17,MI_Terrain_X0_Y2,11343020,164336,63198810,2448,816,119,0,5,164330,164326,1380,1125,225,18,0,0,1,5516,5200,5335,5540,4125,3522,4112,1490,1.82598039,1488,1.82352941,97,120,1,1380,5,164330,164326,0,97,120
924,85,0,E_X1_Y2_18,MI_Terrain_X1_Y2,11507356,163836,17147535,244824,81608,120,0,0,163835,163836,163836,82848,2,18,0,0,0,550862,207440,252500,296699,81625,244829,81625,163840,2.00764631,163840,2.00764631,0,3,3,163836,0,163835,163836,0,0,3
925,85,1,E_X1_Y2_18,MI_Terrain_X1_Y2,11507356,163836,63201258,122412,40804,120,0,0,163835,163836,75478,41705,9,18,0,0,0,275435,194797,203845,214450,149762,131995,149728,78029,1.91228801,78250,1.91770415,34,76,2,75488,0,163835,163836,0,34,76
926,85,2,E_X1_Y2_18,MI_Terrain_X1_Y2,11507356,163836,63323670,61206,20402,120,0,0,163835,163836,34115,18005,10,18,0,0,1,137722,109072,113219,116804,81670,75422,81767,36483,1.78820704,36624,1.79511813,70,130,1,34115,0,163835,163836,0,70,130
927,85,3,E_X1_Y2_18,MI_Terrain_X1_Y2,11507356,163836,63384876,29376,9792,120,0,0,163835,163836,14427,6786,12,18,0,0,1,66104,56580,58168,60528,41036,43395,41017,16064,1.64052288,16194,1.65379902,94,191,1,14427,0,163835,163836,0,94,191
928,85,4,E_X1_Y2_18,MI_Terrain_X1_Y2,11507356,163836,63414252,14688,4896,120,0,5,163829,163825,6564,2793,21,18,0,0,1,33056,29460,30455,31732,20580,25088,20529,7513,1.53451797,7533,1.53860294,107,189,1,6564,5,163829,163825,0,107,189
929,85,5,E_X1_Y2_18,MI_Terrain_X1_Y2,11507356,163836,63428940,7344,2448,120,0,5,163829,163825,3186,1463,25,18,0,0,1,16532,15196,15551,16220,10465,13613,10458,3687,1.50612745,3711,1.51593137,97,160,1,3186,5,163829,163825,0,97,160
930,85,6,E_X1_Y2_18,MI_Terrain_X1_Y2,11507356,163836,63436284,2472,824,120,0,5,163829,163825,1307,973,177,18,0,0,1,5570,5356,5422,5594,3947,3470,3899,1424,1.72815534,1433,1.73907767,156,198,1,1307,5,163829,163825,0,156,198
931,86,0,E_X2_Y2_19,MI_Terrain_X2_Y2,11671192,163888,17392359,244824,81608,121,0,0,163887,163888,163888,82952,2,18,0,0,0,550862,207548,252500,296315,81625,244829,81625,163900,2.00838153,163900,2.00838153,0,3,3,163888,0,163887,163888,0,0,3
932,86,1,E_X2_Y2_19,MI_Terrain_X2_Y2,11671192,163888,63438756,122412,40804,121,0,2,163886,163885,75549,41958,8,18,0,0,0,275435,194342,204097,214466,149610,131580,149567,78155,1.91537594,78246,1.91760612,78,156,2,75555,2,163886,163885,0,78,156
933,86,2,E_X2_Y2_19,MI_Terrain_X2_Y2,11671192,163888,63561168,61206,20402,121,0,5,163884,163880,34102,18147,10,18,0,0,1,137722,109025,112542,116065,81796,74558,81797,36575,1.79271640,36632,1.79551024,93,168,1,34102,5,163884,163880,0,93,168
934,86,3,E_X2_Y2_19,MI_Terrain_X2_Y2,11671192,163888,63622374,29376,9792,121,0,5,163882,163878,14279,6567,11,18,0,0,1,66104,55824,57510,60120,40987,42578,40992,16004,1.63439542,16061,1.64021650,102,167,1,14279,5,163882,163878,0,102,167
935,86,4,E_X2_Y2_19,MI_Terrain_X2_Y2,11671192,163888,63651750,14688,4896,121,0,5,163882,163878,6573,2804,14,18,0,0,1,33056,29040,29936,31228,20668,25037,20637,7584,1.54901961,7673,1.56719771,108,176,1,6573,5,163882,163878,0,108,176
936,86,5,E_X2_Y2_19,MI_Terrain_X2_Y2,11671192,163888,63666438,7344,2448,121,0,5,163882,163878,3241,1590,24,18,0,0,1,16532,14980,15373,16028,10605,13763,10500,3749,1.53145425,3784,1.54575163,102,151,1,3241,5,163882,163878,0,102,151
937,86,6,E_X2_Y2_19,MI_Terrain_X2_Y2,11671192,163888,63673782,2460,820,121,0,5,163882,163878,1374,1107,162,18,0,0,1,5543,5299,5268,5567,4244,3549,4155,1503,1.83292683,1485,1.81097561,108,154,1,1374,5,163882,163878,0,108,154
938,87,0,E_X3_Y2_20,MI_Terrain_X3_Y2,11835080,163708,17637183,244824,81608,122,0,0,163707,163708,163708,82592,2,18,0,0,0,550862,206756,252500,294587,81625,244829,81625,163712,2.00607784,163712,2.00607784,0,3,3,163708,0,163707,163708,0,0,3
939,87,1,E_X3_Y2_20,MI_Terrain_X3_Y2,11835080,163708,63676242,122412,40804,122,0,0,163707,163708,75340,42253,8,18,0,0,0,275435,198182,206051,217442,149887,131830,150000,77988,1.91128321,78158,1.91544947,64,135,2,75367,0,163707,163708,0,64,135
940,87,2,E_X3_Y2_20,MI_Terrain_X3_Y2,11835080,163708,63798654,61206,20402,122,0,5,163704,163700,33625,17875,13,18,0,0,1,137722,110197,113568,117255,82085,75398,82215,36102,1.76953240,36270,1.77776689,87,169,1,33625,5,163704,163700,0,87,169
941,87,3,E_X3_Y2_20,MI_Terrain_X3_Y2,11835080,163708,63859860,29376,9792,122,0,5,163704,163700,14118,6499,18,18,0,0,1,66104,56268,57784,60120,41133,43407,41148,15888,1.62254902,15937,1.62755310,105,174,1,14118,5,163704,163700,0,105,174
942,87,4,E_X3_Y2_20,MI_Terrain_X3_Y2,11835080,163708,63889236,14688,4896,122,0,5,163704,163700,6477,2773,27,18,0,0,1,33056,29112,30078,31444,20643,25228,20614,7470,1.52573529,7541,1.54023693,114,175,1,6477,5,163704,163700,0,114,175
943,87,5,E_X3_Y2_20,MI_Terrain_X3_Y2,11835080,163708,63903924,7344,2448,122,0,5,163704,163700,3228,1611,30,18,0,0,1,16532,15154,15620,16070,10622,13869,10670,3721,1.52001634,3774,1.54166667,115,161,1,3228,5,163704,163700,0,115,161
944,87,6,E_X3_Y2_20,MI_Terrain_X3_Y2,11835080,163708,63911268,2454,818,122,0,5,163702,163698,1375,1121,214,18,0,0,1,5530,5387,5348,5458,4362,3569,4328,1485,1.81540342,1484,1.81418093,274,321,1,1375,5,163702,163698,0,274,321
945,88,0,E_X4_Y2_21,MI_Terrain_X4_Y2,11998788,164150,17882007,244824,81608,123,0,0,164149,164150,164150,83476,2,18,0,0,0,550862,208700,252500,299483,81625,244829,81625,164166,2.01164102,164166,2.01164102,0,3,3,164150,0,164149,164150,0,0,3
946,88,1,E_X4_Y2_21,MI_Terrain_X4_Y2,11998788,164150,63913722,122412,40804,123,0,1,164148,164148,76137,42180,12,18,0,0,0,275435,190957,201888,214178,148763,131735,148705,78685,1.92836487,78771,1.93047250,82,142,2,76146,1,164148,164148,0,82,142
947,88,2,E_X4_Y2_21,MI_Terrain_X4_Y2,11998788,164150,64036134,61206,20402,123,0,4,164148,164145,34392,18337,12,18,0,0,1,137722,107734,111014,114692,81811,74693,81757,36743,1.80095089,36832,1.80531320,107,177,1,34392,4,164148,164145,0,107,177
948,88,3,E_X4_Y2_21,MI_Terrain_X4_Y2,11998788,164150,64097340,29376,9792,123,0,9,164148,164140,14611,7037,16,18,0,0,1,66104,55560,57415,59760,40954,42427,40853,16296,1.66421569,16301,1.66472631,121,192,1,14611,9,164148,164140,0,121,192
949,88,4,E_X4_Y2_21,MI_Terrain_X4_Y2,11998788,164150,64126716,14688,4896,123,0,9,164148,164140,6726,3142,20,18,0,0,1,33056,29172,30156,31636,20921,24589,20765,7709,1.57455065,7749,1.58272059,130,194,1,6726,9,164148,164140,0,130,194
950,88,5,E_X4_Y2_21,MI_Terrain_X4_Y2,11998788,164150,64141404,7344,2448,123,0,9,164146,164138,3260,1668,37,18,0,0,1,16532,15070,15399,15782,10815,13380,10776,3779,1.54370915,3777,1.54289216,141,185,1,3260,9,164146,164138,0,141,185
951,88,6,E_X4_Y2_21,MI_Terrain_X4_Y2,11998788,164150,64148748,2448,816,123,0,9,164144,164136,1382,1134,243,18,0,0,1,5516,5284,5328,5504,4453,3470,4423,1484,1.81862745,1486,1.82107843,237,271,1,1382,9,164144,164136,0,237,271
952,89,0,E_X5_Y2_22,MI_Terrain_X5_Y2,12162938,164472,18126831,244824,81608,124,0,0,164471,164472,164472,84122,3,18,0,0,0,550862,209132,252500,299483,130064,244829,130064,164494,2.01566023,164494,2.01566023,0,3,3,164472,0,164471,164472,0,0,3
953,89,1,E_X5_Y2_22,MI_Terrain_X5_Y2,12162938,164472,64151196,122412,40804,124,0,5,164470,164466,76135,42232,10,18,0,0,0,275435,189955,201191,214450,147587,131466,147545,78609,1.92650230,78654,1.92760514,60,119,2,76143,5,164470,164466,0,60,119
954,89,2,E_X5_Y2_22,MI_Terrain_X5_Y2,12162938,164472,64273608,61206,20402,124,0,5,164466,164462,34187,18193,13,18,0,0,1,137722,108797,112481,117505,81024,73794,81054,36478,1.78796196,36604,1.79413783,107,198,1,34187,5,164466,164462,0,107,198
955,89,3,E_X5_Y2_22,MI_Terrain_X5_Y2,12162938,164472,64334814,29376,9792,124,0,5,164466,164462,14406,6749,22,18,0,0,1,66104,56112,57975,60504,40621,42006,40786,16075,1.64164624,16181,1.65247141,103,203,1,14406,5,164466,164462,0,103,203
956,89,4,E_X5_Y2_22,MI_Terrain_X5_Y2,12162938,164472,64364190,14688,4896,124,0,5,164466,164462,6597,2876,30,18,0,0,1,33056,29364,30054,31312,20640,24632,20572,7628,1.55800654,7650,1.56250000,101,191,1,6597,5,164466,164462,0,101,191
957,89,5,E_X5_Y2_22,MI_Terrain_X5_Y2,12162938,164472,64378878,7344,2448,124,0,5,164466,164462,3197,1548,50,18,0,0,1,16532,15196,15752,16316,10375,13545,10354,3707,1.51429739,3706,1.51388889,96,171,1,3197,5,164466,164462,0,96,171
958,89,6,E_X5_Y2_22,MI_Terrain_X5_Y2,12162938,164472,64386222,2454,818,124,0,5,164466,164462,1326,1028,231,18,0,0,1,5530,5259,5285,5458,3953,3442,3887,1434,1.75305623,1435,1.75427873,127,167,1,1326,5,164466,164462,0,127,167
959,90,0,E_X6_Y2_23,MI_Terrain_X6_Y2,12327410,164426,18371655,244824,81608,125,0,0,164425,164426,164426,84030,3,18,0,0,0,550862,209072,252500,299579,110880,244829,110880,164448,2.01509656,164448,2.01509656,0,3,3,164426,0,164425,164426,0,0,3
960,90,1,E_X6_Y2_23,MI_Terrain_X6_Y2,12327410,164426,64388676,122412,40804,125,0,4,164424,164421,75885,41598,12,18,0,0,0,275435,189124,202086,213527,147109,131978,147070,78178,1.91593961,78344,1.92000784,99,172,2,75907,4,164424,164421,0,99,172
961,90,2,E_X6_Y2_23,MI_Terrain_X6_Y2,12327410,164426,64511088,61206,20402,125,0,5,164419,164415,34813,18258,14,18,0,0,1,137722,105005,110942,116191,78795,74046,78984,36963,1.81173414,37124,1.81962553,116,186,1,34813,5,164419,164415,0,116,186
962,90,3,E_X6_Y2_23,MI_Terrain_X6_Y2,12327410,164426,64572294,29376,9792,125,0,5,164419,164415,15238,7778,17,18,0,0,1,66104,54936,56729,59136,40343,41403,40359,16725,1.70802696,16782,1.71384804,131,184,1,15238,5,164419,164415,0,131,184
963,90,4,E_X6_Y2_23,MI_Terrain_X6_Y2,12327410,164426,64601670,14688,4896,125,0,5,164419,164415,6874,3254,17,18,0,0,1,33056,28932,29812,30736,20642,23668,20552,7765,1.58598856,7808,1.59477124,135,182,1,6874,5,164419,164415,0,135,182
964,90,5,E_X6_Y2_23,MI_Terrain_X6_Y2,12327410,164426,64616358,7344,2448,125,0,5,164419,164415,3305,1639,30,18,0,0,1,16532,15070,15572,16316,10570,13112,10473,3796,1.55065359,3806,1.55473856,125,172,1,3305,5,164419,164415,0,125,172
965,90,6,E_X6_Y2_23,MI_Terrain_X6_Y2,12327410,164426,64623702,2454,818,125,0,5,164419,164415,1353,1077,201,18,0,0,1,5530,5382,5380,5362,4088,3455,4029,1470,1.79706601,1470,1.79706601,123,155,1,1353,5,164419,164415,0,123,155
966,91,0,E_X7_Y2_24,MI_Terrain_X7_Y2,12491836,163926,18616479,244824,81608,126,0,0,163925,163926,163926,83028,2,18,0,0,0,550862,207956,252500,298427,81625,244829,81625,163938,2.00884717,163938,2.00884717,0,3,3,163926,0,163925,163926,0,0,3
967,91,1,E_X7_Y2_24,MI_Terrain_X7_Y2,12491836,163926,64626156,122412,40804,126,0,4,163923,163920,75313,41865,8,18,0,0,0,275435,195328,204451,215293,150965,131799,150945,77941,1.91013136,78021,1.91209195,81,158,2,75322,4,163923,163920,0,81,158
968,91,2,E_X7_Y2_24,MI_Terrain_X7_Y2,12491836,163926,64748568,61206,20402,126,0,5,163920,163916,33868,17399,14,18,0,0,1,137722,107460,112803,117668,81192,75235,81330,36257,1.77712969,36451,1.78663856,113,200,1,33868,5,163920,163916,0,113,200
969,91,3,E_X7_Y2_24,MI_Terrain_X7_Y2,12491836,163926,64809774,29376,9792,126,0,5,163920,163916,14855,7186,19,18,0,0,1,66104,54888,56966,59616,40236,42904,40172,16447,1.67963644,16552,1.69035948,110,185,1,14855,5,163920,163916,0,110,185
970,91,4,E_X7_Y2_24,MI_Terrain_X7_Y2,12491836,163926,64839150,14688,4896,126,0,5,163920,163916,6822,3216,21,18,0,0,1,33056,28944,29794,31264,20972,24638,20805,7746,1.58210784,7832,1.59967320,137,199,1,6822,5,163920,163916,0,137,199
971,91,5,E_X7_Y2_24,MI_Terrain_X7_Y2,12491836,163926,64853838,7344,2448,126,0,5,163920,163916,3354,1741,35,18,0,0,1,16532,14914,15431,16166,10932,13419,10867,3862,1.57761438,3850,1.57271242,98,148,1,3354,5,163920,163916,0,98,148
972,91,6,E_X7_Y2_24,MI_Terrain_X7_Y2,12491836,163926,64861182,2448,816,126,0,5,163920,163916,1393,1160,210,18,0,0,1,5516,5152,5304,5348,4551,3461,4550,1500,1.83823529,1500,1.83823529,137,171,1,1393,5,163920,163916,0,137,171
973,92,0,E_X0_Y1_9,MI_Terrain_X0_Y1,12655762,163956,18861303,244824,81608,127,0,0,163955,163956,163956,83088,2,18,0,0,0,550862,207824,252500,297467,81625,244829,81625,163964,2.00916577,163964,2.00916577,0,3,3,163956,0,163955,163956,0,0,3
974,92,1,E_X0_Y1_9,MI_Terrain_X0_Y1,12655762,163956,64863630,122412,40804,127,0,3,163950,163948,75495,41663,10,18,0,0,0,275435,192424,203844,213836,149221,131642,149205,77981,1.91111166,78130,1.91476326,81,143,2,75515,3,163950,163948,0,81,143
975,92,2,E_X0_Y1_9,MI_Terrain_X0_Y1,12655762,163956,64986042,61206,20402,127,0,5,163950,163946,34091,17746,10,18,0,0,1,137722,108688,113056,117476,81181,74692,81266,36519,1.78997157,36584,1.79315753,121,205,1,34091,5,163950,163946,0,121,205
976,92,3,E_X0_Y1_9,MI_Terrain_X0_Y1,12655762,163956,65047248,29376,9792,127,0,5,163950,163946,14576,6865,15,18,0,0,1,66104,55944,57890,60336,41028,42459,40971,16200,1.65441176,16269,1.66145833,127,209,1,14576,5,163950,163946,0,127,209
977,92,4,E_X0_Y1_9,MI_Terrain_X0_Y1,12655762,163956,65076624,14688,4896,127,0,5,163950,163946,6666,2951,19,18,0,0,1,33056,29004,30302,31456,20728,24847,20673,7659,1.56433824,7672,1.56699346,125,194,1,6666,5,163950,163946,0,125,194
978,92,5,E_X0_Y1_9,MI_Terrain_X0_Y1,12655762,163956,65091312,7344,2448,127,0,5,163950,163946,3262,1616,26,18,0,0,1,16532,15022,15548,16124,10633,13454,10580,3772,1.54084967,3772,1.54084967,121,175,1,3262,5,163950,163946,0,121,175
979,92,6,E_X0_Y1_9,MI_Terrain_X0_Y1,12655762,163956,65098656,2454,818,127,0,5,163950,163946,1339,1048,212,18,0,0,1,5530,5406,5348,5554,4015,3552,3971,1452,1.77506112,1450,1.77261614,125,166,1,1339,5,163950,163946,0,125,166
980,93,0,E_X1_Y1_10,MI_Terrain_X1_Y1,12819718,163998,19106127,244824,81608,128,0,0,163997,163998,163998,83172,2,18,0,0,0,550862,207728,252500,296507,81625,244829,81625,164016,2.00980296,164016,2.00980296,0,3,3,163998,0,163997,163998,0,0,3
981,93,1,E_X1_Y1_10,MI_Terrain_X1_Y1,12819718,163998,65101110,122412,40804,128,0,1,163996,163996,75806,42105,9,18,0,0,0,275435,193897,203392,213565,149464,131704,149420,78433,1.92218900,78466,1.92299775,69,132,2,75813,1,163996,163996,0,69,132
982,93,2,E_X1_Y1_10,MI_Terrain_X1_Y1,12819718,163998,65223522,61206,20402,128,0,1,163994,163994,33958,17812,10,18,0,0,1,137722,109390,112731,116767,82480,75130,82487,36359,1.78212920,36497,1.78889325,99,164,1,33958,1,163994,163994,0,99,164
983,93,3,E_X1_Y1_10,MI_Terrain_X1_Y1,12819718,163998,65284728,29376,9792,128,0,5,163991,163987,14443,6718,11,18,0,0,1,66104,56052,57659,59928,41754,43131,41710,16122,1.64644608,16215,1.65594363,107,172,1,14443,5,163991,163987,0,107,172
984,93,4,E_X1_Y1_10,MI_Terrain_X1_Y1,12819718,163998,65314104,14688,4896,128,0,5,163991,163987,6631,2867,16,18,0,0,1,33056,29304,30212,31420,21054,25474,20925,7627,1.55780229,7623,1.55698529,110,182,1,6631,5,163991,163987,0,110,182
985,93,5,E_X1_Y1_10,MI_Terrain_X1_Y1,12819718,163998,65328792,7344,2448,128,0,5,163991,163987,3251,1583,20,18,0,0,1,16532,15142,15570,16358,10689,13710,10635,3775,1.54207516,3791,1.54861111,111,160,1,3251,5,163991,163987,0,111,160
986,93,6,E_X1_Y1_10,MI_Terrain_X1_Y1,12819718,163998,65336136,2454,818,128,0,5,163991,163987,1348,1058,130,18,0,0,1,5530,5326,5424,5535,4077,3426,4032,1467,1.79339853,1464,1.78973105,209,251,1,1348,5,163991,163987,0,209,251
987,94,0,E_X2_Y1_11,MI_Terrain_X2_Y1,12983716,163748,19350951,244824,81608,129,0,0,163747,163748,163748,82672,2,18,0,0,0,550862,206876,252500,293339,81625,244829,81625,163758,2.00664151,163758,2.00664151,0,3,3,163748,0,163747,163748,0,0,3
988,94,1,E_X2_Y1_11,MI_Terrain_X2_Y1,12983716,163748,65338590,122412,40804,129,0,0,163747,163748,75449,41866,8,18,0,0,0,275435,195818,205121,213853,150189,132040,150150,78031,1.91233703,78187,1.91616018,103,168,2,75468,0,163747,163748,0,103,168
989,94,2,E_X2_Y1_11,MI_Terrain_X2_Y1,12983716,163748,65461002,61206,20402,129,0,0,163747,163748,33870,17890,10,18,0,0,1,137722,109896,113249,117188,82827,75112,82991,36319,1.78016861,36436,1.78590334,106,184,1,33870,0,163747,163748,0,106,184
990,94,3,E_X2_Y1_11,MI_Terrain_X2_Y1,12983716,163748,65522208,29376,9792,129,0,0,163747,163748,14316,6560,13,18,0,0,1,66104,56244,58089,60288,41736,43190,41811,16016,1.63562092,16080,1.64215686,116,180,1,14316,0,163747,163748,0,116,180
991,94,4,E_X2_Y1_11,MI_Terrain_X2_Y1,12983716,163748,65551584,14688,4896,129,0,0,163747,163748,6585,2822,18,18,0,0,1,33056,29196,29982,31264,20993,25659,21078,7557,1.54350490,7624,1.55718954,115,167,1,6585,0,163747,163748,0,115,167
992,94,5,E_X2_Y1_11,MI_Terrain_X2_Y1,12983716,163748,65566272,7344,2448,129,0,9,163741,163733,3215,1504,25,18,0,0,1,16532,15076,15555,16070,10647,13780,10556,3710,1.51552288,3728,1.52287582,108,152,1,3215,9,163741,163733,0,108,152
993,94,6,E_X2_Y1_11,MI_Terrain_X2_Y1,12983716,163748,65573616,2448,816,129,0,9,163741,163733,1337,1052,238,18,0,0,1,5516,5290,5405,5486,4257,3509,4197,1449,1.77573529,1448,1.77450980,139,190,1,1337,9,163741,163733,0,139,190
994,95,0,E_X3_Y1_12,MI_Terrain_X3_Y1,13147464,163640,19595775,244824,81608,130,0,0,163639,163640,163640,82456,2,18,0,0,0,550862,206348,252500,291323,81625,244829,81625,163640,2.00519557,163640,2.00519557,0,3,3,163640,0,163639,163640,0,0,3
995,95,1,E_X3_Y1_12,MI_Terrain_X3_Y1,13147464,163640,65576064,122412,40804,130,0,0,163639,163640,75330,41783,10,18,0,0,0,275435,196273,205407,214909,150250,131678,150228,77959,1.91057249,78038,1.91250858,93,161,2,75336,0,163639,163640,0,93,161
996,95,2,E_X3_Y1_12,MI_Terrain_X3_Y1,13147464,163640,65698476,61206,20402,130,0,0,163639,163640,33707,17803,12,18,0,0,1,137722,110241,113601,116833,83006,75303,83020,36136,1.77119890,36297,1.77909029,122,178,1,33707,0,163639,163640,0,122,178
997,95,3,E_X3_Y1_12,MI_Terrain_X3_Y1,13147464,163640,65759682,29376,9792,130,0,0,163639,163640,14131,6385,14,18,0,0,1,66104,56376,58611,60456,41628,43511,41518,15854,1.61907680,16004,1.63439542,118,182,1,14131,0,163639,163640,0,118,182
998,95,4,E_X3_Y1_12,MI_Terrain_X3_Y1,13147464,163640,65789058,14688,4896,130,0,0,163639,163640,6581,2922,21,18,0,0,1,33056,29460,30238,31552,21189,25495,20943,7608,1.55392157,7619,1.55616830,119,185,1,6581,0,163639,163640,0,119,185
999,95,5,E_X3_Y1_12,MI_Terrain_X3_Y1,13147464,163640,65803746,7344,2448,130,0,5,163634,163630,3237,1621,22,18,0,0,1,16532,15166,15554,16166,10752,13869,10718,3748,1.53104575,3795,1.55024510,109,149,1,3237,5,163634,163630,0,109,149
1000,95,6,E_X3_Y1_12,MI_Terrain_X3_Y1,13147464,163640,65811090,2460,820,130,0,5,163634,163630,1366,1096,147,18,0,0,1,5543,5359,5490,5471,4227,3520,4190,1483,1.80853659,1483,1.80853659,103,145,1,1366,5,163634,163630,0,103,145
1001,96,0,E_X4_Y1_13,MI_Terrain_X4_Y1,13311104,163992,19840599,244824,81608,131,0,0,163991,163992,163992,83160,2,18,0,0,0,550862,207752,252500,297275,81625,244829,81625,164006,2.00968042,164006,2.00968042,0,3,3,163992,0,163991,163992,0,0,3
1002,96,1,E_X4_Y1_13,MI_Terrain_X4_Y1,13311104,163992,65813550,122412,40804,131,0,5,163986,163982,76547,41467,12,18,0,0,0,275435,183680,199016,212605,144466,131596,144361,78734,1.92956573,78978,1.93554553,90,149,2,76592,5,163986,163982,0,90,149
1003,96,2,E_X4_Y1_13,MI_Terrain_X4_Y1,13311104,163992,65935962,61206,20402,131,0,5,163986,163982,34982,19095,15,18,0,0,1,137722,106944,111551,115527,81020,73861,81038,37148,1.82080188,37234,1.82501716,102,149,1,34982,5,163986,163982,0,102,149
1004,96,3,E_X4_Y1_13,MI_Terrain_X4_Y1,13311104,163992,65997168,29376,9792,131,0,5,163986,163982,14866,7357,18,18,0,0,1,66104,55680,57543,59616,41555,41579,41510,16419,1.67677696,16516,1.68668301,100,136,1,14866,5,163986,163982,0,100,136
1005,96,4,E_X4_Y1_13,MI_Terrain_X4_Y1,13311104,163992,66026544,14688,4896,131,0,5,163986,163982,6761,3071,24,18,0,0,1,33056,28932,29889,31360,21283,24100,21175,7772,1.58741830,7783,1.58966503,117,155,1,6761,5,163986,163982,0,117,155
1006,96,5,E_X4_Y1_13,MI_Terrain_X4_Y1,13311104,163992,66041232,7344,2448,131,0,5,163986,163982,3275,1629,36,18,0,0,1,16532,14866,15356,15836,10930,13312,10884,3786,1.54656863,3808,1.55555556,125,155,1,3275,5,163986,163982,0,125,155
1007,96,6,E_X4_Y1_13,MI_Terrain_X4_Y1,13311104,163992,66048576,2460,820,131,0,5,163986,163982,1363,1090,190,18,0,0,1,5543,5371,5331,5471,4330,3484,4316,1474,1.79756098,1469,1.79146341,203,223,1,1363,5,163986,163982,0,203,223
1008,97,0,E_X5_Y1_14,MI_Terrain_X5_Y1,13475096,163816,20085423,244824,81608,132,0,0,163815,163816,163816,82808,2,18,0,0,0,550862,207368,252500,296123,81625,244829,81625,163822,2.00742574,163822,2.00742574,0,3,3,163816,0,163815,163816,0,0,3
1009,97,1,E_X5_Y1_14,MI_Terrain_X5_Y1,13475096,163816,66051036,122412,40804,132,0,0,163815,163816,75484,41932,9,18,0,0,0,275435,195002,204673,215389,148518,131647,148604,78062,1.91309676,78191,1.91625821,80,151,2,75489,0,163815,163816,0,80,151
1010,97,2,E_X5_Y1_14,MI_Terrain_X5_Y1,13475096,163816,66173448,61206,20402,132,0,1,163810,163810,33904,17948,11,18,0,0,1,137722,109349,112995,117025,80862,74522,81053,36364,1.78237428,36472,1.78766788,102,171,1,33904,1,163810,163810,0,102,171
1011,97,3,E_X5_Y1_14,MI_Terrain_X5_Y1,13475096,163816,66234654,29376,9792,132,0,3,163810,163808,14100,6411,14,18,0,0,1,66104,55992,57599,59568,40628,42879,40557,15798,1.61335784,15939,1.62775735,119,195,1,14100,3,163810,163808,0,119,195
1012,97,4,E_X5_Y1_14,MI_Terrain_X5_Y1,13475096,163816,66264030,14688,4896,132,0,9,163810,163802,6480,2738,18,18,0,0,1,33056,29064,29890,30772,20462,25121,20442,7479,1.52757353,7521,1.53615196,114,176,1,6480,9,163810,163802,0,114,176
1013,97,5,E_X5_Y1_14,MI_Terrain_X5_Y1,13475096,163816,66278718,7344,2448,132,0,9,163810,163802,3187,1528,22,18,0,0,1,16532,15016,15448,16112,10520,13622,10368,3699,1.51102941,3733,1.52491830,102,158,1,3187,9,163810,163802,0,102,158
1014,97,6,E_X5_Y1_14,MI_Terrain_X5_Y1,13475096,163816,66286062,2448,816,132,0,9,163810,163802,1322,1025,201,18,0,0,1,5516,5260,5463,5540,4101,3391,4021,1431,1.75367647,1427,1.74877451,114,149,1,1322,9,163810,163802,0,114,149
1015,98,0,E_X6_Y1_15,MI_Terrain_X6_Y1,13638912,164130,20330247,244824,81608,133,0,0,164129,164130,164130,83436,2,18,0,0,0,550862,208592,252500,298715,81625,244829,81625,164138,2.01129791,164138,2.01129791,0,3,3,164130,0,164129,164130,0,0,3
1016,98,1,E_X6_Y1_15,MI_Terrain_X6_Y1,13638912,164130,66288510,122412,40804,133,0,0,164129,164130,75767,42107,10,18,0,0,0,275435,193481,202597,214141,149289,131644,149208,78213,1.91679737,78409,1.92160082,93,158,2,75779,0,164129,164130,0,93,158
1017,98,2,E_X6_Y1_15,MI_Terrain_X6_Y1,13638912,164130,66410922,61206,20402,133,0,5,164123,164119,33977,18094,15,18,0,0,1,137722,109399,112423,116132,82286,74387,82326,36393,1.78379571,36432,1.78570728,101,169,1,33977,5,164123,164119,0,101,169
1018,98,3,E_X6_Y1_15,MI_Terrain_X6_Y1,13638912,164130,66472128,29376,9792,133,0,5,164123,164119,14275,6610,16,18,0,0,1,66104,55968,57921,59880,41458,42851,41379,16040,1.63807190,16091,1.64328023,104,172,1,14275,5,164123,164119,0,104,172
1019,98,4,E_X6_Y1_15,MI_Terrain_X6_Y1,13638912,164130,66501504,14688,4896,133,0,5,164123,164119,6518,2792,19,18,0,0,1,33056,29148,30015,31036,20770,25226,20695,7504,1.53267974,7567,1.54554739,119,173,1,6518,5,164123,164119,0,119,173
1020,98,5,E_X6_Y1_15,MI_Terrain_X6_Y1,13638912,164130,66516192,7344,2448,133,0,5,164123,164119,3203,1574,22,18,0,0,1,16532,15094,15549,16220,10646,13835,10620,3735,1.52573529,3754,1.53349673,131,177,1,3203,5,164123,164119,0,131,177
1021,98,6,E_X6_Y1_15,MI_Terrain_X6_Y1,13638912,164130,66523536,2448,816,133,0,5,164123,164119,1363,1102,182,18,0,0,1,5516,5176,5367,5540,4251,3447,4206,1474,1.80637255,1471,1.80269608,64,95,1,1363,5,164123,164119,0,64,95
1022,99,0,E_X7_Y1_16,MI_Terrain_X7_Y1,13803042,164608,20575071,244824,81608,134,0,0,164607,164608,164608,84392,2,18,0,0,0,550862,209840,252500,301019,81625,244829,81625,164650,2.01757181,164650,2.01757181,0,3,3,164608,0,164607,164608,0,0,3
1023,99,1,E_X7_Y1_16,MI_Terrain_X7_Y1,13803042,164608,66525984,122412,40804,134,0,4,164603,164600,76007,42641,12,18,0,0,0,275435,194512,203298,212642,149798,130972,149737,78506,1.92397804,78566,1.92544849,79,146,2,76013,4,164603,164600,0,79,146
1024,99,2,E_X7_Y1_16,MI_Terrain_X7_Y1,13803042,164608,66648396,61206,20402,134,0,5,164601,164597,33658,17747,15,18,0,0,1,137722,110206,113248,116708,82855,74108,82943,36130,1.77090481,36303,1.77938437,109,182,1,33658,5,164601,164597,0,109,182
1025,99,3,E_X7_Y1_16,MI_Terrain_X7_Y1,13803042,164608,66709602,29376,9792,134,0,5,164601,164597,14015,6297,18,18,0,0,1,66104,55932,57959,60048,41035,42765,41069,15812,1.61478758,15890,1.62275327,141,213,1,14015,5,164601,164597,0,141,213
1026,99,4,E_X7_Y1_16,MI_Terrain_X7_Y1,13803042,164608,66738978,14688,4896,134,0,5,164601,164597,6492,2750,23,18,0,0,1,33056,29112,30030,30868,20861,25083,20818,7508,1.53349673,7584,1.54901961,139,200,1,6492,5,164601,164597,0,139,200
1027,99,5,E_X7_Y1_16,MI_Terrain_X7_Y1,13803042,164608,66753666,7344,2448,134,0,5,164601,164597,3220,1596,23,18,0,0,1,16532,14992,15338,16028,10700,13722,10699,3740,1.52777778,3736,1.52614379,130,171,1,3220,5,164601,164597,0,130,171
1028,99,6,E_X7_Y1_16,MI_Terrain_X7_Y1,13803042,164608,66761010,2448,816,134,0,5,164601,164597,1387,1137,183,18,0,0,1,5516,5206,5278,5390,4405,3431,4392,1492,1.82843137,1499,1.83700980,256,294,1,1387,5,164601,164597,0,256,294
1029,100,0,E_X7_Y0_8,MI_Terrain_X7_Y0,13967650,164042,20819895,244824,81608,135,0,0,164041,164042,164042,83260,2,18,0,0,0,550862,208280,252500,299003,81625,244829,81625,164050,2.01021959,164050,2.01021959,0,3,3,164042,0,164041,164042,0,0,3
1030,100,1,E_X7_Y0_8,MI_Terrain_X7_Y0,13967650,164042,66763458,122412,40804,135,0,7,164040,164034,75271,42181,9,18,0,0,0,275435,198343,205991,215138,151991,132002,151877,77912,1.90942065,78068,1.91324380,88,167,2,75289,7,164040,164034,0,88,167
1031,100,2,E_X7_Y0_8,MI_Terrain_X7_Y0,13967650,164042,66885870,61206,20402,135,0,7,164036,164030,33625,17725,13,18,0,0,1,137722,110095,113481,116871,83389,75323,83402,36182,1.77345358,36265,1.77752181,92,160,1,33625,7,164036,164030,0,92,160
1032,100,3,E_X7_Y0_8,MI_Terrain_X7_Y0,13967650,164042,66947076,29376,9792,135,0,7,164036,164030,14110,6434,15,18,0,0,1,66104,56364,58031,60336,41439,43463,41430,15897,1.62346814,15952,1.62908497,96,162,1,14110,7,164036,164030,0,96,162
1033,100,4,E_X7_Y0_8,MI_Terrain_X7_Y0,13967650,164042,66976452,14688,4896,135,0,7,164036,164030,6532,2816,20,18,0,0,1,33056,29268,30219,31324,20934,25520,20876,7562,1.54452614,7558,1.54370915,113,168,1,6532,7,164036,164030,0,113,168
1034,100,5,E_X7_Y0_8,MI_Terrain_X7_Y0,13967650,164042,66991140,7344,2448,135,0,7,164036,164030,3259,1636,28,18,0,0,1,16532,15154,15708,16412,10812,13856,10703,3766,1.53839869,3805,1.55433007,123,169,1,3259,7,164036,164030,0,123,169
1035,100,6,E_X7_Y0_8,MI_Terrain_X7_Y0,13967650,164042,66998484,2448,816,135,0,7,164036,164030,1406,1181,350,18,0,0,1,5516,5458,5463,5540,4714,3477,4666,1515,1.85661765,1514,1.85539216,353,383,1,1406,7,164036,164030,0,353,383
1036,101,0,E_X6_Y0_7,MI_Terrain_X6_Y0,14131692,164986,21064719,244824,81608,136,0,0,164985,164986,164986,85150,3,18,0,0,0,550862,210260,252500,300443,81625,244829,81625,165020,2.02210568,165020,2.02210568,0,3,3,164986,0,164985,164986,0,0,3
1037,101,1,E_X6_Y0_7,MI_Terrain_X6_Y0,14131692,164986,67000932,122412,40804,136,0,7,164982,164976,76757,42538,10,18,0,0,0,275435,189041,197952,208765,146780,130768,146646,79034,1.93691795,79094,1.93838839,88,155,2,76764,7,164982,164976,0,88,155
1038,101,2,E_X6_Y0_7,MI_Terrain_X6_Y0,14131692,164986,67123344,61206,20402,136,0,7,164980,164974,34395,18562,12,18,0,0,1,137722,108406,111804,116095,82168,73558,82282,36694,1.79854916,36811,1.80428389,85,137,1,34395,7,164980,164974,0,85,137
1039,101,3,E_X6_Y0_7,MI_Terrain_X6_Y0,14131692,164986,67184550,29376,9792,136,0,7,164980,164974,14370,6743,15,18,0,0,1,66104,55368,57125,59472,41419,42205,41289,16057,1.63980801,16139,1.64818219,89,139,1,14370,7,164980,164974,0,89,139
1040,101,4,E_X6_Y0_7,MI_Terrain_X6_Y0,14131692,164986,67213926,14688,4896,136,0,7,164980,164974,6498,2726,19,18,0,0,1,33056,29028,29891,31252,20719,24935,20672,7526,1.53717320,7579,1.54799837,74,117,1,6498,7,164980,164974,0,74,117
1041,101,5,E_X6_Y0_7,MI_Terrain_X6_Y0,14131692,164986,67228614,7344,2448,136,0,7,164980,164974,3205,1511,27,18,0,0,1,16532,14932,15561,16070,10605,13676,10500,3692,1.50816993,3724,1.52124183,78,108,1,3205,7,164980,164974,0,78,108
1042,101,6,E_X6_Y0_7,MI_Terrain_X6_Y0,14131692,164986,67235958,2448,816,136,0,7,164980,164974,1333,1049,199,18,0,0,1,5516,5260,5305,5540,4247,3483,4221,1451,1.77818627,1443,1.76838235,204,239,1,1333,7,164980,164974,0,204,239
1043,102,0,E_X5_Y0_6,MI_Terrain_X5_Y0,14296678,163964,21309543,244824,81608,137,0,0,163963,163964,163964,83104,2,18,0,0,0,550862,207908,252500,297371,81625,244829,81625,163974,2.00928831,163974,2.00928831,0,3,3,163964,0,163963,163964,0,0,3
1044,102,1,E_X5_Y0_6,MI_Terrain_X5_Y0,14296678,163964,67238406,122412,40804,137,0,1,163961,163961,75758,42065,9,18,0,0,0,275435,193489,203372,213277,148688,131498,148721,78211,1.91674836,78421,1.92189491,123,214,2,75761,1,163961,163961,0,123,214
1045,102,2,E_X5_Y0_6,MI_Terrain_X5_Y0,14296678,163964,67360818,61206,20402,137,0,1,163960,163960,34052,18050,12,18,0,0,1,137722,109157,112899,116737,81944,74820,81899,36471,1.78761886,36600,1.79394177,109,189,1,34052,1,163960,163960,0,109,189
1046,102,3,E_X5_Y0_6,MI_Terrain_X5_Y0,14296678,163964,67422024,29376,9792,137,0,5,163960,163956,14402,6830,15,18,0,0,1,66104,56040,57553,59760,41024,42661,41110,16124,1.64665033,16209,1.65533088,89,154,1,14402,5,163960,163956,0,89,154
1047,102,4,E_X5_Y0_6,MI_Terrain_X5_Y0,14296678,163964,67451400,14688,4896,137,0,5,163954,163950,6569,2890,23,18,0,0,1,33056,28980,29631,31048,20855,25005,20716,7576,1.54738562,7617,1.55575980,103,148,1,6569,5,163954,163950,0,103,148
1048,102,5,E_X5_Y0_6,MI_Terrain_X5_Y0,14296678,163964,67466088,7344,2448,137,0,5,163954,163950,3238,1628,28,18,0,0,1,16532,15118,15664,16358,10725,13680,10673,3751,1.53227124,3782,1.54493464,99,142,1,3238,5,163954,163950,0,99,142
1049,102,6,E_X5_Y0_6,MI_Terrain_X5_Y0,14296678,163964,67473432,2448,816,137,0,5,163954,163950,1391,1163,238,18,0,0,1,5516,5464,5463,5540,4490,3456,4461,1500,1.83823529,1505,1.84436275,287,326,1,1391,5,163954,163950,0,287,326
1050,103,0,E_X4_Y0_5,MI_Terrain_X4_Y0,14460642,163904,21554367,244824,81608,138,0,0,163903,163904,163904,82984,2,18,0,0,0,550862,207680,252500,296411,81625,244829,81625,163906,2.00845505,163906,2.00845505,0,3,3,163904,0,163903,163904,0,0,3
1051,103,1,E_X4_Y0_5,MI_Terrain_X4_Y0,14460642,163904,67475880,122412,40804,138,0,5,163902,163898,76304,41998,10,18,0,0,0,275435,187495,200324,213026,145832,131931,145921,78744,1.92981080,78792,1.93098716,103,186,2,76316,5,163902,163898,0,103,186
1052,103,2,E_X4_Y0_5,MI_Terrain_X4_Y0,14460642,163904,67598292,61206,20402,138,0,5,163898,163894,34573,18801,15,18,0,0,1,137722,107797,111783,116746,80708,74024,80830,36877,1.80751887,36969,1.81202823,106,181,1,34573,5,163898,163894,0,106,181
1053,103,3,E_X4_Y0_5,MI_Terrain_X4_Y0,14460642,163904,67659498,29376,9792,138,0,5,163898,163894,14522,7007,18,18,0,0,1,66104,55896,57441,59520,40781,41995,40855,16200,1.65441176,16245,1.65900735,114,170,1,14522,5,163898,163894,0,114,170
1054,103,4,E_X4_Y0_5,MI_Terrain_X4_Y0,14460642,163904,67688874,14688,4896,138,0,5,163898,163894,6657,2980,21,18,0,0,1,33056,28884,29649,30580,21024,24664,20935,7654,1.56331699,7699,1.57250817,121,163,1,6657,5,163898,163894,0,121,163
1055,103,5,E_X4_Y0_5,MI_Terrain_X4_Y0,14460642,163904,67703562,7344,2448,138,0,5,163898,163894,3309,1724,29,18,0,0,1,16532,14932,15332,15974,10967,13416,10949,3828,1.56372549,3847,1.57148693,122,160,1,3309,5,163898,163894,0,122,160
1056,103,6,E_X4_Y0_5,MI_Terrain_X4_Y0,14460642,163904,67710906,2460,820,138,0,5,163898,163894,1408,1172,238,18,0,0,1,5543,5337,5426,5567,4574,3499,4559,1519,1.85243902,1523,1.85731707,115,137,1,1408,5,163898,163894,0,115,137
1057,104,0,E_X3_Y0_4,MI_Terrain_X3_Y0,14624546,164136,21799191,244824,81608,139,0,0,164135,164136,164136,83448,2,18,0,0,0,550862,208424,252500,298235,81625,244829,81625,164142,2.01134693,164142,2.01134693,0,3,3,164136,0,164135,164136,0,0,3
1058,104,1,E_X3_Y0_4,MI_Terrain_X3_Y0,14624546,164136,67713366,122412,40804,139,0,5,164130,164126,76291,41593,11,18,0,0,0,275435,185042,198528,211954,145680,131569,145566,78643,1.92733556,78728,1.92941868,92,157,2,76308,5,164130,164126,0,92,157
1059,104,2,E_X3_Y0_4,MI_Terrain_X3_Y0,14624546,164136,67835778,61206,20402,139,0,5,164130,164126,34766,18715,11,18,0,0,1,137722,106709,110566,116353,80163,73878,80164,37003,1.81369474,37107,1.81879228,84,136,1,34766,5,164130,164126,0,84,136
1060,104,3,E_X3_Y0_4,MI_Terrain_X3_Y0,14624546,164136,67896984,29376,9792,139,0,5,164130,164126,14813,7326,16,18,0,0,1,66104,55404,57308,59232,40797,41519,40770,16407,1.67555147,16448,1.67973856,109,162,1,14813,5,164130,164126,0,109,162
1061,104,4,E_X3_Y0_4,MI_Terrain_X3_Y0,14624546,164136,67926360,14688,4896,139,0,5,164130,164126,6739,3075,22,18,0,0,1,33056,28980,29933,31348,21026,24417,21003,7740,1.58088235,7737,1.58026961,121,169,1,6739,5,164130,164126,0,121,169
1062,104,5,E_X3_Y0_4,MI_Terrain_X3_Y0,14624546,164136,67941048,7344,2448,139,0,5,164130,164126,3262,1630,25,18,0,0,1,16532,14986,15497,16016,10666,13513,10601,3777,1.54289216,3799,1.55187908,112,150,1,3262,5,164130,164126,0,112,150
1063,104,6,E_X3_Y0_4,MI_Terrain_X3_Y0,14624546,164136,67948392,2448,816,139,0,5,164130,164126,1358,1093,209,18,0,0,1,5516,5332,5367,5540,4256,3542,4219,1471,1.80269608,1474,1.80637255,99,139,1,1358,5,164130,164126,0,99,139
1064,105,0,E_X2_Y0_3,MI_Terrain_X2_Y0,14788682,163644,22044015,244824,81608,140,0,0,163643,163644,163644,82464,2,18,0,0,0,550862,206480,252500,293339,81625,244829,81625,163648,2.00529360,163648,2.00529360,0,3,3,163644,0,163643,163644,0,0,3
1065,105,1,E_X2_Y0_3,MI_Terrain_X2_Y0,14788682,163644,67950840,122412,40804,140,0,5,163642,163638,75451,42164,8,18,0,0,0,275435,197332,205859,215506,151549,132126,151567,78044,1.91265562,78144,1.91510636,95,168,2,75457,5,163642,163638,0,95,168
1066,105,2,E_X2_Y0_3,MI_Terrain_X2_Y0,14788682,163644,68073252,61206,20402,140,0,5,163638,163634,33583,17697,11,18,0,0,1,137722,110194,113000,116612,83750,75411,83774,36015,1.76526811,36188,1.77374767,95,151,1,33583,5,163638,163634,0,95,151
1067,105,3,E_X2_Y0_3,MI_Terrain_X2_Y0,14788682,163644,68134458,29376,9792,140,0,5,163638,163634,14162,6457,14,18,0,0,1,66104,56244,57849,60168,41948,43962,41812,15898,1.62357026,15964,1.63031046,94,150,1,14162,5,163638,163634,0,94,150
1068,105,4,E_X2_Y0_3,MI_Terrain_X2_Y0,14788682,163644,68163834,14688,4896,140,0,5,163638,163634,6552,2827,19,18,0,0,1,33056,29100,29949,31264,21129,25794,21106,7569,1.54595588,7592,1.55065359,98,151,1,6552,5,163638,163634,0,98,151
1069,105,5,E_X2_Y0_3,MI_Terrain_X2_Y0,14788682,163644,68178522,7344,2448,140,0,5,163638,163634,3235,1574,26,18,0,0,1,16532,15130,15473,16058,11033,13948,10921,3744,1.52941176,3787,1.54697712,104,147,1,3235,5,163638,163634,0,104,147
1070,105,6,E_X2_Y0_3,MI_Terrain_X2_Y0,14788682,163644,68185866,2466,822,140,0,5,163638,163634,1364,1088,115,18,0,0,1,5557,5305,5440,5581,4427,3519,4393,1486,1.80778589,1485,1.80656934,167,190,1,1364,5,163638,163634,0,167,190
1071,106,0,E_X1_Y0_2,MI_Terrain_X1_Y0,14952326,163948,22288839,244824,81608,141,0,0,163947,163948,163948,83072,2,18,0,0,0,550862,208052,252500,297563,81625,244829,81625,163950,2.00899422,163950,2.00899422,0,3,3,163948,0,163947,163948,0,0,3
1072,106,1,E_X1_Y0_2,MI_Terrain_X1_Y0,14952326,163948,68188332,122412,40804,141,0,0,163947,163948,75466,41935,9,18,0,0,0,275435,192877,203714,213586,148831,131831,148855,78025,1.91218998,78164,1.91559651,92,179,2,75466,0,163947,163948,0,92,179
1073,106,2,E_X1_Y0_2,MI_Terrain_X1_Y0,14952326,163948,68310744,61206,20402,141,0,0,163947,163948,33894,17956,14,18,0,0,1,137722,109452,113045,118399,81742,74979,81772,36304,1.77943339,36412,1.78472699,95,176,1,33894,0,163947,163948,0,95,176
1074,106,3,E_X1_Y0_2,MI_Terrain_X1_Y0,14952326,163948,68371950,29376,9792,141,0,5,163942,163938,14320,6718,15,18,0,0,1,66104,55992,57970,59640,41136,42782,41103,15995,1.63347631,16108,1.64501634,84,162,1,14320,5,163942,163938,0,84,162
1075,106,4,E_X1_Y0_2,MI_Terrain_X1_Y0,14952326,163948,68401326,14688,4896,141,0,5,163942,163938,6602,2916,21,18,0,0,1,33056,29160,29801,31228,20866,24958,20861,7589,1.55004085,7670,1.56658497,97,145,1,6602,5,163942,163938,0,97,145
1076,106,5,E_X1_Y0_2,MI_Terrain_X1_Y0,14952326,163948,68416014,7344,2448,141,0,5,163942,163938,3247,1611,27,18,0,0,1,16532,15058,15526,16124,10682,13541,10591,3769,1.53962418,3794,1.54983660,99,147,1,3247,5,163942,163938,0,99,147
1077,106,6,E_X1_Y0_2,MI_Terrain_X1_Y0,14952326,163948,68423358,2448,816,141,0,5,163942,163938,1374,1122,176,18,0,0,1,5516,5224,5240,5348,4439,3502,4380,1488,1.82352941,1492,1.82843137,134,153,1,1374,5,163942,163938,0,134,153
1078,107,0,E_X0_Y0_1,MI_Terrain_X0_Y0,15116274,163836,22533663,244824,81608,142,0,0,163835,163836,163836,82848,2,18,0,0,0,550862,207500,252500,296315,81625,244829,81625,163842,2.00767082,163842,2.00767082,0,3,3,163836,0,163835,163836,0,0,3
1079,107,1,E_X0_Y0_1,MI_Terrain_X0_Y0,15116274,163836,68425806,122412,40804,142,0,1,163830,163830,75433,42020,10,18,0,0,0,275435,195629,205184,216637,149819,131734,149812,77960,1.91059700,78199,1.91645427,121,207,2,75437,1,163830,163830,0,121,207
1080,107,2,E_X0_Y0_1,MI_Terrain_X0_Y0,15116274,163836,68548218,61206,20402,142,0,1,163830,163830,33885,17753,11,18,0,0,1,137722,109277,112930,116996,81964,75151,81894,36352,1.78178610,36444,1.78629546,96,183,1,33885,1,163830,163830,0,96,183
1081,107,3,E_X0_Y0_1,MI_Terrain_X0_Y0,15116274,163836,68609424,29376,9792,142,0,5,163830,163826,14349,6666,14,18,0,0,1,66104,55824,57639,59976,41141,42773,41112,16038,1.63786765,16123,1.64654820,80,147,1,14349,5,163830,163826,0,80,147
1082,107,4,E_X0_Y0_1,MI_Terrain_X0_Y0,15116274,163836,68638800,14688,4896,142,0,5,163830,163826,6653,2989,16,18,0,0,1,33056,29208,30083,31456,21144,25219,21028,7643,1.56107026,7707,1.57414216,97,162,1,6653,5,163830,163826,0,97,162
1083,107,5,E_X0_Y0_1,MI_Terrain_X0_Y0,15116274,163836,68653488,7344,2448,142,0,5,163830,163826,3296,1693,30,18,0,0,1,16532,15010,15442,15878,10859,13592,10813,3803,1.55351307,3818,1.55964052,108,139,1,3296,5,163830,163826,0,108,139
1084,107,6,E_X0_Y0_1,MI_Terrain_X0_Y0,15116274,163836,68660832,2454,818,142,0,5,163830,163826,1429,1220,176,18,0,0,1,5530,5206,5227,5402,4775,3491,4750,1537,1.87897311,1538,1.88019560,124,144,1,1429,5,163830,163826,0,124,144
1085,108,0,E_X4_Y4_37,MI_Terrain_X4_Y4,15280110,493244,22778487,734472,244824,100,0,0,493243,493244,493244,252018,3,19,0,0,0,1744379,627458,757502,897552,244841,734477,244841,493302,2.01492501,493302,2.01492501,0,8,8,493244,0,493243,493244,0,0,8
1086,108,1,E_X4_Y4_37,MI_Terrain_X4_Y4,15280110,493244,68663286,367236,122412,100,0,5,493238,493234,229224,124914,13,19,0,0,0,872194,693803,749320,818593,463277,435005,463246,236262,1.93005588,236513,1.93210633,21093,32709,4,229412,5,493238,493234,0,21093,32709
1087,108,2,E_X4_Y4_37,MI_Terrain_X4_Y4,15280110,493244,69030522,183618,61206,100,0,5,493238,493234,104356,55486,25,19,0,0,0,436101,404349,413346,418997,264395,259072,263984,111033,1.81408685,111305,1.81853086,19990,28571,2,104502,5,493238,493234,0,19990,28571
1088,108,3,E_X4_Y4_37,MI_Terrain_X4_Y4,15280110,493244,69214140,88134,29378,100,0,5,493238,493234,44672,21731,26,19,0,0,1,209327,205022,202932,203135,136803,147566,136356,49309,1.67843284,49499,1.68490027,12508,16966,1,44672,5,493238,493234,0,12508,16966
1089,108,4,E_X4_Y4_37,MI_Terrain_X4_Y4,15280110,493244,69302274,44064,14688,100,0,5,493238,493234,20193,8752,31,19,0,0,1,104660,103692,102650,103004,69608,83804,69688,23077,1.57114651,23215,1.58054194,6618,8705,1,20193,5,493238,493234,0,6618,8705
1090,108,5,E_X4_Y4_37,MI_Terrain_X4_Y4,15280110,493244,69346338,22032,7344,100,0,5,493238,493234,9585,4233,48,19,0,0,1,52334,52006,51807,52366,35000,44847,34915,11117,1.51375272,11250,1.53186275,3165,4137,1,9585,5,493238,493234,0,3165,4137
1091,108,6,E_X4_Y4_37,MI_Terrain_X4_Y4,15280110,493244,69368370,7344,2448,100,0,5,493238,493234,3526,2330,98,19,0,0,1,17450,16990,17301,17522,12259,13942,12114,4012,1.63888889,4002,1.63480392,807,1058,1,3526,5,493238,493234,0,807,1058
1092,109,0,E_X3_Y4_36,MI_Terrain_X3_Y4,15773354,492726,23512959,734472,244824,101,0,0,492725,492726,492726,250984,3,19,0,0,0,1744379,626102,757789,892848,519185,734481,519185,492762,2.01271934,492762,2.01271934,2,11,8,492726,0,492725,492726,0,0,8
1093,109,1,E_X3_Y4_36,MI_Terrain_X3_Y4,15773354,492726,69375714,367236,122412,101,0,11,492724,492714,229203,126623,12,19,0,0,0,872194,701791,751147,810546,467072,435171,466956,236424,1.93137928,236773,1.93423030,20301,31632,4,229343,11,492724,492714,0,20301,31632
1094,109,2,E_X3_Y4_36,MI_Terrain_X3_Y4,15773354,492726,69742950,183618,61206,101,0,11,492724,492714,103720,55385,20,19,0,0,0,436101,406031,414238,419227,267389,261369,267406,110463,1.80477404,110800,1.81028004,19777,28397,2,103835,11,492724,492714,0,19777,28397
1095,109,3,E_X3_Y4_36,MI_Terrain_X3_Y4,15773354,492726,69926568,88134,29378,101,0,11,492709,492699,44068,20959,27,19,0,0,1,209327,206104,203661,203519,137799,150571,137590,48799,1.66107291,49033,1.66903806,13056,17716,1,44068,11,492709,492699,0,13056,17716
1096,109,4,E_X3_Y4_36,MI_Terrain_X3_Y4,15773354,492726,70014702,44064,14688,101,0,11,492709,492699,19999,8540,34,19,0,0,1,104660,104040,102680,102908,70049,85548,69904,22900,1.55909586,23004,1.56617647,7044,9258,1,19999,11,492709,492699,0,7044,9258
1097,109,5,E_X3_Y4_36,MI_Terrain_X3_Y4,15773354,492726,70058766,22032,7344,101,0,11,492709,492699,9560,4243,67,19,0,0,1,52334,52090,51457,51790,35028,45784,34946,11137,1.51647603,11140,1.51688453,3519,4500,1,9560,11,492709,492699,0,3519,4500
1098,109,6,E_X3_Y4_36,MI_Terrain_X3_Y4,15773354,492726,70080798,7344,2448,101,0,11,492709,492699,3567,2359,117,19,0,0,1,17450,17110,17205,17426,12292,13464,12216,4040,1.65032680,4056,1.65686275,890,1111,1,3567,11,492709,492699,0,890,1111
1099,110,0,E_X4_Y3_29,MI_Terrain_X4_Y3,16266080,494004,24247431,734472,244824,102,0,0,494003,494004,494004,253538,3,19,0,0,0,1744379,630806,757502,903216,244841,734477,244841,494082,2.01811097,494082,2.01811097,0,8,8,494004,0,494003,494004,0,0,8
1100,110,1,E_X4_Y3_29,MI_Terrain_X4_Y3,16266080,494004,70088142,367236,122412,102,0,0,494003,494004,230127,126349,10,19,0,0,0,872194,687991,744412,803154,462134,431733,461826,237152,1.93732641,237338,1.93884586,19532,30728,4,230245,0,494003,494004,0,19532,30728
1101,110,2,E_X4_Y3_29,MI_Terrain_X4_Y3,16266080,494004,70455378,183618,61206,102,0,0,494003,494004,103515,54814,14,19,0,0,0,436101,409384,416463,423564,267346,261309,267287,110245,1.80121230,110715,1.80889129,21020,30261,2,103710,0,494003,494004,0,21020,30261
1102,110,3,E_X4_Y3_29,MI_Terrain_X4_Y3,16266080,494004,70638996,88134,29378,102,0,0,494003,494004,44195,20735,19,19,0,0,1,209327,206261,205184,205343,137102,149564,136956,49070,1.67029750,49239,1.67605011,13569,18430,1,44195,0,494003,494004,0,13569,18430
1103,110,4,E_X4_Y3_29,MI_Terrain_X4_Y3,16266080,494004,70727130,44064,14688,102,0,5,494003,493999,20202,8863,35,19,0,0,1,104660,104976,103669,103676,70068,85356,69967,23163,1.57700163,23292,1.58578431,7410,9825,1,20202,5,494003,493999,0,7410,9825
1104,110,5,E_X4_Y3_29,MI_Terrain_X4_Y3,16266080,494004,70771194,22032,7344,102,0,5,493998,493994,9602,4269,39,19,0,0,1,52334,52618,52031,52174,35733,45916,35631,11176,1.52178649,11247,1.53145425,3727,4863,1,9602,5,493998,493994,0,3727,4863
1105,110,6,E_X4_Y3_29,MI_Terrain_X4_Y3,16266080,494004,70793226,7344,2448,102,0,5,493998,493994,3512,2299,90,19,0,0,1,17450,17194,17269,17522,12540,14163,12430,3973,1.62295752,3956,1.61601307,1163,1428,1,3512,5,493998,493994,0,1163,1428
1106,111,0,E_X3_Y3_28,MI_Terrain_X3_Y3,16760084,492388,24981903,734472,244824,103,0,0,492387,492388,492388,250306,3,19,0,0,0,1744379,625214,757502,894576,262064,734477,262064,492424,2.01133876,492424,2.01133876,0,8,8,492388,0,492387,492388,0,0,8
1107,111,1,E_X3_Y3_28,MI_Terrain_X3_Y3,16760084,492388,70800570,367236,122412,103,0,2,492385,492384,227977,126770,10,19,0,0,0,872194,726568,773581,819004,475665,439386,475522,235726,1.92567722,235905,1.92713950,22725,35405,4,228193,2,492385,492384,0,22725,35405
1108,111,2,E_X3_Y3_28,MI_Terrain_X3_Y3,16760084,492388,71167806,183618,61206,103,0,5,492382,492378,101814,53897,16,19,0,0,0,436101,416054,417193,418426,274942,267422,275148,109223,1.78451459,109480,1.78871352,21893,31204,2,101951,5,492382,492378,0,21893,31204
1109,111,3,E_X3_Y3_28,MI_Terrain_X3_Y3,16760084,492388,71351424,88134,29378,103,0,5,492382,492378,42515,19016,17,19,0,0,1,209327,206314,203588,203423,139230,155789,139230,47750,1.62536592,47992,1.63360338,13670,18266,1,42515,5,492382,492378,0,13670,18266
1110,111,4,E_X3_Y3_28,MI_Terrain_X3_Y3,16760084,492388,71439558,44064,14688,103,0,5,492382,492378,19377,7791,23,19,0,0,1,104660,103788,102553,102620,70165,88376,70092,22486,1.53090959,22618,1.53989651,7087,9230,1,19377,5,492382,492378,0,7087,9230
1111,111,5,E_X3_Y3_28,MI_Terrain_X3_Y3,16760084,492388,71483622,22032,7344,103,0,5,492382,492378,9261,3935,40,19,0,0,1,52334,51886,51648,51886,35035,47010,34723,10891,1.48297930,10943,1.49005991,3472,4476,1,9261,5,492382,492378,0,3472,4476
1112,111,6,E_X3_Y3_28,MI_Terrain_X3_Y3,16760084,492388,71505654,7344,2448,103,0,5,492382,492378,3487,2313,92,19,0,0,1,17450,17194,17525,17522,11912,13919,11837,3959,1.61723856,3963,1.61887255,953,1223,1,3487,5,492382,492378,0,953,1223
1113,112,0,E_X7_Y7_64,MI_Terrain_X7_Y7,17252472,163708,25716375,244824,81608,143,0,0,163707,163708,163708,82592,2,18,0,0,0,550862,206744,252500,295067,81625,244829,81625,163714,2.00610234,163714,2.00610234,0,3,3,163708,0,163707,163708,0,0,3
1114,112,1,E_X7_Y7_64,MI_Terrain_X7_Y7,17252472,163708,71512998,122412,40804,143,0,1,163704,163704,75422,42125,9,18,0,0,0,275435,197615,206616,216035,150740,132019,150595,78079,1.91351338,78265,1.91807176,83,155,2,75425,1,163704,163704,0,83,155
1115,112,2,E_X7_Y7_64,MI_Terrain_X7_Y7,17252472,163708,71635410,61206,20402,143,0,5,163704,163700,33743,18040,10,18,0,0,1,137722,111048,113924,117572,83539,75542,83434,36165,1.77262033,36276,1.77806097,97,176,1,33743,5,163704,163700,0,97,176
1116,112,3,E_X7_Y7_64,MI_Terrain_X7_Y7,17252472,163708,71696616,29376,9792,143,0,5,163702,163698,14183,6479,13,18,0,0,1,66104,56208,58177,60456,41914,43689,41769,15907,1.62448938,16005,1.63449755,104,178,1,14183,5,163702,163698,0,104,178
1117,112,4,E_X7_Y7_64,MI_Terrain_X7_Y7,17252472,163708,71725992,14688,4896,143,0,5,163702,163698,6560,2834,17,18,0,0,1,33056,29220,30165,31516,20862,25739,20923,7556,1.54330065,7618,1.55596405,109,183,1,6560,5,163702,163698,0,109,183
1118,112,5,E_X7_Y7_64,MI_Terrain_X7_Y7,17252472,163708,71740680,7344,2448,143,0,5,163702,163698,3285,1708,26,18,0,0,1,16532,15112,15709,16316,10953,14052,10877,3806,1.55473856,3825,1.56250000,118,167,1,3285,5,163702,163698,0,118,167
1119,112,6,E_X7_Y7_64,MI_Terrain_X7_Y7,17252472,163708,71748024,2448,816,143,0,5,163702,163698,1405,1184,247,18,0,0,1,5516,5344,5367,5444,4515,3526,4504,1514,1.85539216,1519,1.86151961,292,336,1,1405,5,163702,163698,0,292,336
1120,113,0,E_X6_Y7_63,MI_Terrain_X6_Y7,17416180,164008,25961199,244824,81608,144,0,0,164007,164008,164008,83192,2,18,0,0,0,550862,207764,252500,296603,81625,244829,81625,164020,2.00985198,164020,2.00985198,0,3,3,164008,0,164007,164008,0,0,3
1121,113,1,E_X6_Y7_63,MI_Terrain_X6_Y7,17416180,164008,71750472,122412,40804,144,0,0,164007,164008,76139,41953,9,18,0,0,0,275435,189661,201440,213970,146986,131377,146937,78508,1.92402706,78566,1.92544849,84,157,2,76145,0,164007,164008,0,84,157
1122,113,2,E_X6_Y7_63,MI_Terrain_X6_Y7,17416180,164008,71872884,61206,20402,144,0,1,164001,164001,34595,18789,11,18,0,0,1,137722,108619,112254,116516,82502,73836,82368,36825,1.80497010,36944,1.81080286,110,187,1,34595,1,164001,164001,0,110,187
1123,113,3,E_X6_Y7_63,MI_Terrain_X6_Y7,17416180,164008,71934090,29376,9792,144,0,3,164001,163999,14506,6832,15,18,0,0,1,66104,55956,57767,59784,41392,42011,41335,16115,1.64573121,16228,1.65727124,121,209,1,14506,3,164001,163999,0,121,209
1124,113,4,E_X6_Y7_63,MI_Terrain_X6_Y7,17416180,164008,71963466,14688,4896,144,0,9,164001,163993,6705,2921,19,18,0,0,1,33056,29004,30077,31312,20966,24400,20871,7679,1.56842320,7733,1.57945261,106,178,1,6705,9,164001,163993,0,106,178
1125,113,5,E_X6_Y7_63,MI_Terrain_X6_Y7,17416180,164008,71978154,7344,2448,144,0,9,164001,163993,3273,1583,34,18,0,0,1,16532,15040,15398,16166,10632,13540,10583,3793,1.54942810,3815,1.55841503,111,171,1,3273,9,164001,163993,0,111,171
1126,113,6,E_X6_Y7_63,MI_Terrain_X6_Y7,17416180,164008,71985498,2454,818,144,0,9,164001,163993,1367,1098,143,18,0,0,1,5530,5278,5285,5458,4088,3564,4025,1482,1.81173594,1485,1.81540342,126,164,1,1367,9,164001,163993,0,126,164
1127,114,0,E_X5_Y7_62,MI_Terrain_X5_Y7,17580188,163758,26206023,244824,81608,145,0,0,163757,163758,163758,82692,2,18,0,0,0,550862,207044,252500,295163,81625,244829,81625,163758,2.00664151,163758,2.00664151,0,3,3,163758,0,163757,163758,0,0,3
1128,114,1,E_X5_Y7_62,MI_Terrain_X5_Y7,17580188,163758,71987952,122412,40804,145,0,5,163752,163748,75501,41763,9,18,0,0,0,275435,193117,204078,215677,149788,131787,149769,78093,1.91385648,78200,1.91647878,107,176,2,75518,5,163752,163748,0,107,176
1129,114,2,E_X5_Y7_62,MI_Terrain_X5_Y7,17580188,163758,72110364,61206,20402,145,0,5,163752,163748,33935,18060,11,18,0,0,1,137722,109380,112842,116420,83308,75050,83203,36356,1.78198216,36487,1.78840310,129,185,1,33935,5,163752,163748,0,129,185
1130,114,3,E_X5_Y7_62,MI_Terrain_X5_Y7,17580188,163758,72171570,29376,9792,145,0,5,163752,163748,14308,6659,14,18,0,0,1,66104,55896,57457,59952,41707,43011,41617,16071,1.64123775,16128,1.64705882,122,178,1,14308,5,163752,163748,0,122,178
1131,114,4,E_X5_Y7_62,MI_Terrain_X5_Y7,17580188,163758,72200946,14688,4896,145,0,5,163752,163748,6567,2860,23,18,0,0,1,33056,29004,29903,31156,20866,25338,20804,7605,1.55330882,7631,1.55861928,115,166,1,6567,5,163752,163748,0,115,166
1132,114,5,E_X5_Y7_62,MI_Terrain_X5_Y7,17580188,163758,72215634,7344,2448,145,0,5,163752,163748,3231,1604,31,18,0,0,1,16532,14998,15392,16124,10507,13763,10504,3750,1.53186275,3754,1.53349673,105,146,1,3231,5,163752,163748,0,105,146
1133,114,6,E_X5_Y7_62,MI_Terrain_X5_Y7,17580188,163758,72222978,2454,818,145,0,5,163752,163748,1373,1113,184,18,0,0,1,5530,5346,5316,5554,4268,3548,4220,1488,1.81907090,1489,1.82029340,110,151,1,1373,5,163752,163748,0,110,151
1134,115,0,E_X4_Y7_61,MI_Terrain_X4_Y7,17743946,163854,26450847,244824,81608,146,0,0,163853,163854,163854,82884,2,18,0,0,0,550862,207272,252500,295163,81625,244829,81625,163860,2.00789138,163860,2.00789138,0,3,3,163854,0,163853,163854,0,0,3
1135,115,1,E_X4_Y7_61,MI_Terrain_X4_Y7,17743946,163854,72225432,122412,40804,146,0,5,163850,163846,76324,41517,11,18,0,0,0,275435,187468,200513,213949,146026,131943,146257,78666,1.92789923,78787,1.93086462,108,166,2,76348,5,163850,163846,0,108,166
1136,115,2,E_X4_Y7_61,MI_Terrain_X4_Y7,17743946,163854,72347844,61206,20402,146,0,5,163848,163844,34699,18790,13,18,0,0,1,137722,108073,111523,116324,81670,74484,81627,36905,1.80889129,36979,1.81251838,133,181,1,34699,5,163848,163844,0,133,181
1137,115,3,E_X4_Y7_61,MI_Terrain_X4_Y7,17743946,163854,72409050,29376,9792,146,0,5,163848,163844,14680,7133,22,18,0,0,1,66104,55788,57609,59808,41690,42400,41573,16308,1.66544118,16331,1.66779003,128,172,1,14680,5,163848,163844,0,128,172
1138,115,4,E_X4_Y7_61,MI_Terrain_X4_Y7,17743946,163854,72438426,14688,4896,146,0,5,163848,163844,6758,3114,27,18,0,0,1,33056,29280,29962,31060,21507,24929,21442,7745,1.58190359,7790,1.59109477,136,171,1,6758,5,163848,163844,0,136,171
1139,115,5,E_X4_Y7_61,MI_Terrain_X4_Y7,17743946,163854,72453114,7344,2448,146,0,5,163848,163844,3286,1648,38,18,0,0,1,16532,14986,15397,15878,10829,13587,10696,3804,1.55392157,3810,1.55637255,133,166,1,3286,5,163848,163844,0,133,166
1140,115,6,E_X4_Y7_61,MI_Terrain_X4_Y7,17743946,163854,72460458,2460,820,146,0,5,163848,163844,1364,1098,216,18,0,0,1,5543,5275,5300,5567,4166,3591,4140,1469,1.79146341,1478,1.80243902,148,171,1,1364,5,163848,163844,0,148,171
1141,116,0,E_X3_Y7_60,MI_Terrain_X3_Y7,17907800,163794,26695671,244824,81608,147,0,0,163793,163794,163794,82764,2,18,0,0,0,550862,207176,252500,295547,81625,244829,81625,163802,2.00718067,163802,2.00718067,0,3,3,163794,0,163793,163794,0,0,3
1142,116,1,E_X3_Y7_60,MI_Terrain_X3_Y7,17907800,163794,72462918,122412,40804,147,0,0,163793,163794,75793,42120,9,18,0,0,0,275435,193189,203009,214066,147906,131648,147867,78324,1.91951769,78454,1.92270366,72,141,2,75799,0,163793,163794,0,72,141
1143,116,2,E_X3_Y7_60,MI_Terrain_X3_Y7,17907800,163794,72585330,61206,20402,147,0,1,163792,163792,34093,18217,13,18,0,0,1,137722,109303,113304,117025,81260,74684,81329,36432,1.78570728,36608,1.79433389,88,155,1,34093,1,163792,163792,0,88,155
1144,116,3,E_X3_Y7_60,MI_Terrain_X3_Y7,17907800,163794,72646536,29376,9792,147,0,5,163788,163784,14214,6584,15,18,0,0,1,66104,56340,57919,60264,41196,42889,41228,15966,1.63051471,16032,1.63725490,122,189,1,14214,5,163788,163784,0,122,189
1145,116,4,E_X3_Y7_60,MI_Terrain_X3_Y7,17907800,163794,72675912,14688,4896,147,0,5,163788,163784,6506,2795,20,18,0,0,1,33056,29124,30060,31636,20762,24972,20692,7529,1.53778595,7554,1.54289216,118,176,1,6506,5,163788,163784,0,118,176
1146,116,5,E_X3_Y7_60,MI_Terrain_X3_Y7,17907800,163794,72690600,7344,2448,147,0,5,163788,163784,3227,1575,31,18,0,0,1,16532,15124,15468,16220,10635,13750,10502,3741,1.52818627,3780,1.54411765,100,146,1,3227,5,163788,163784,0,100,146
1147,116,6,E_X3_Y7_60,MI_Terrain_X3_Y7,17907800,163794,72697944,2460,820,147,0,5,163788,163784,1368,1101,206,18,0,0,1,5543,5371,5394,5471,4117,3547,4102,1482,1.80731707,1491,1.81829268,89,128,1,1368,5,163788,163784,0,89,128
1148,117,0,E_X2_Y7_59,MI_Terrain_X2_Y7,18071594,163904,26940495,244824,81608,148,0,0,163903,163904,163904,82984,2,18,0,0,0,550862,207668,252500,297083,81625,244829,81625,163910,2.00850407,163910,2.00850407,0,3,3,163904,0,163903,163904,0,0,3
1149,117,1,E_X2_Y7_59,MI_Terrain_X2_Y7,18071594,163904,72700404,122412,40804,148,0,5,163900,163896,75447,42054,10,18,0,0,0,275435,196597,205026,215890,150619,131969,150537,77965,1.91071954,78149,1.91522890,76,132,2,75468,5,163900,163896,0,76,132
1150,117,2,E_X2_Y7_59,MI_Terrain_X2_Y7,18071594,163904,72822816,61206,20402,148,0,5,163898,163894,33931,17934,11,18,0,0,1,137722,110074,114147,117956,82845,75493,82960,36384,1.78335457,36463,1.78722674,104,176,1,33931,5,163898,163894,0,104,176
1151,117,3,E_X2_Y7_59,MI_Terrain_X2_Y7,18071594,163904,72884022,29376,9792,148,0,5,163898,163894,14294,6674,13,18,0,0,1,66104,56712,58584,60744,41458,43359,41358,16037,1.63776552,16044,1.63848039,115,197,1,14294,5,163898,163894,0,115,197
1152,117,4,E_X2_Y7_59,MI_Terrain_X2_Y7,18071594,163904,72913398,14688,4896,148,0,5,163898,163894,6647,2946,19,18,0,0,1,33056,29496,30458,31840,21078,25476,20925,7626,1.55759804,7672,1.56699346,118,201,1,6647,5,163898,163894,0,118,201
1153,117,5,E_X2_Y7_59,MI_Terrain_X2_Y7,18071594,163904,72928086,7344,2448,148,0,5,163898,163894,3258,1636,25,18,0,0,1,16532,15076,15517,16220,10873,13842,10812,3779,1.54370915,3798,1.55147059,136,187,1,3258,5,163898,163894,0,136,187
1154,117,6,E_X2_Y7_59,MI_Terrain_X2_Y7,18071594,163904,72935430,2448,816,148,0,5,163898,163894,1382,1140,244,18,0,0,1,5516,5356,5367,5444,4314,3542,4283,1488,1.82352941,1491,1.82720588,75,119,1,1382,5,163898,163894,0,75,119
1155,118,0,E_X1_Y7_58,MI_Terrain_X1_Y7,18235498,163992,27185319,244824,81608,149,0,0,163991,163992,163992,83160,2,18,0,0,0,550862,207884,252500,297179,81625,244829,81625,164002,2.00963141,164002,2.00963141,0,3,3,163992,0,163991,163992,0,0,3
1156,118,1,E_X1_Y7_58,MI_Terrain_X1_Y7,18235498,163992,72937878,122412,40804,149,0,0,163991,163992,75771,41835,9,18,0,0,0,275435,193009,203842,214546,148786,131699,148626,78252,1.91775316,78287,1.91861092,41,77,2,75777,0,163991,163992,0,41,77
1157,118,2,E_X1_Y7_58,MI_Terrain_X1_Y7,18235498,163992,73060290,61206,20402,149,0,0,163991,163992,34129,18026,9,18,0,0,1,137722,109150,112827,117697,81617,74799,81584,36521,1.79006960,36633,1.79555926,78,156,1,34129,0,163991,163992,0,78,156
1158,118,3,E_X1_Y7_58,MI_Terrain_X1_Y7,18235498,163992,73121496,29376,9792,149,0,1,163990,163990,14433,6754,15,18,0,0,1,66104,56220,57890,60600,41150,42842,41109,16081,1.64225899,16127,1.64695670,100,190,1,14433,1,163990,163990,0,100,190
1159,118,4,E_X1_Y7_58,MI_Terrain_X1_Y7,18235498,163992,73150872,14688,4896,149,0,5,163986,163982,6633,2886,16,18,0,0,1,33056,29244,30113,31252,20797,24934,20793,7579,1.54799837,7647,1.56188725,113,181,1,6633,5,163986,163982,0,113,181
1160,118,5,E_X1_Y7_58,MI_Terrain_X1_Y7,18235498,163992,73165560,7344,2448,149,0,5,163986,163982,3259,1565,23,18,0,0,1,16532,15112,15517,16124,10632,13703,10541,3775,1.54207516,3770,1.54003268,113,172,1,3259,5,163986,163982,0,113,172
1161,118,6,E_X1_Y7_58,MI_Terrain_X1_Y7,18235498,163992,73172904,2448,816,149,0,5,163986,163982,1362,1095,275,18,0,0,1,5516,5410,5431,5540,4159,3529,4110,1473,1.80514706,1479,1.81250000,329,374,1,1362,5,163986,163982,0,329,374
1162,119,0,E_X0_Y7_57,MI_Terrain_X0_Y7,18399490,164146,27430143,244824,81608,150,0,0,164145,164146,164146,83468,2,18,0,0,0,550862,208712,252500,300155,81625,244829,81625,164170,2.01169003,164170,2.01169003,0,3,3,164146,0,164145,164146,0,0,3
1163,119,1,E_X0_Y7_57,MI_Terrain_X0_Y7,18399490,164146,73175352,122412,40804,150,0,5,164140,164136,75272,41961,9,18,0,0,0,275435,195940,204392,213623,150715,131635,150677,77912,1.90942065,78024,1.91216547,73,138,2,75282,5,164140,164136,0,73,138
1164,119,2,E_X0_Y7_57,MI_Terrain_X0_Y7,18399490,164146,73297764,61206,20402,150,0,5,164140,164136,33630,17405,12,18,0,0,1,137722,109157,112454,115873,82471,74902,82375,36102,1.76953240,36197,1.77418881,79,135,1,33630,5,164140,164136,0,79,135
1165,119,3,E_X0_Y7_57,MI_Terrain_X0_Y7,18399490,164146,73358970,29376,9792,150,0,5,164140,164136,14331,6658,15,18,0,0,1,66104,56064,57429,59640,41501,43286,41430,16029,1.63694853,16126,1.64685458,116,179,1,14331,5,164140,164136,0,116,179
1166,119,4,E_X0_Y7_57,MI_Terrain_X0_Y7,18399490,164146,73388346,14688,4896,150,0,5,164140,164136,6631,2955,17,18,0,0,1,33056,28872,30028,31060,21086,25481,21062,7639,1.56025327,7679,1.56842320,117,169,1,6631,5,164140,164136,0,117,169
1167,119,5,E_X0_Y7_57,MI_Terrain_X0_Y7,18399490,164146,73403034,7344,2448,150,0,5,164140,164136,3336,1705,26,18,0,0,1,16532,15034,15275,15878,10882,13749,10793,3838,1.56781046,3871,1.58129085,127,159,1,3336,5,164140,164136,0,127,159
1168,119,6,E_X0_Y7_57,MI_Terrain_X0_Y7,18399490,164146,73410378,2448,816,150,0,5,164140,164136,1433,1238,322,18,0,0,1,5516,5368,5336,5540,4395,3504,4365,1545,1.89338235,1544,1.89215686,140,173,1,1433,5,164140,164136,0,140,173
1169,120,0,E_X0_Y6_49,MI_Terrain_X0_Y6,18563636,164166,27674967,244824,81608,151,0,0,164165,164166,164166,83508,2,18,0,0,0,550862,208628,252500,299387,81625,244829,81625,164178,2.01178806,164178,2.01178806,0,3,3,164166,0,164165,164166,0,0,3
1170,120,1,E_X0_Y6_49,MI_Terrain_X0_Y6,18563636,164166,73412826,122412,40804,151,0,5,164162,164158,75348,41633,9,18,0,0,0,275435,191476,202178,214258,149553,131584,149550,77877,1.90856289,78011,1.91184688,95,169,2,75371,5,164162,164158,0,95,169
1171,120,2,E_X0_Y6_49,MI_Terrain_X0_Y6,18563636,164166,73535238,61206,20402,151,0,5,164162,164158,34015,17632,15,18,0,0,1,137722,107885,112035,116583,80945,74590,80911,36414,1.78482502,36478,1.78796196,108,182,1,34015,5,164162,164158,0,108,182
1172,120,3,E_X0_Y6_49,MI_Terrain_X0_Y6,18563636,164166,73596444,29376,9792,151,0,5,164162,164158,14594,6916,12,18,0,0,1,66104,55752,57783,59808,40849,42624,40850,16216,1.65604575,16271,1.66166258,123,198,1,14594,5,164162,164158,0,123,198
1173,120,4,E_X0_Y6_49,MI_Terrain_X0_Y6,18563636,164166,73625820,14688,4896,151,0,5,164162,164158,6683,2995,18,18,0,0,1,33056,29124,30082,31552,20728,24624,20735,7609,1.55412582,7712,1.57516340,132,194,1,6683,5,164162,164158,0,132,194
1174,120,5,E_X0_Y6_49,MI_Terrain_X0_Y6,18563636,164166,73640508,7344,2448,151,0,5,164160,164156,3295,1657,22,18,0,0,1,16532,15016,15716,16220,10822,13447,10694,3821,1.56086601,3806,1.55473856,135,184,1,3295,5,164160,164156,0,135,184
1175,120,6,E_X0_Y6_49,MI_Terrain_X0_Y6,18563636,164166,73647852,2448,816,151,0,5,164160,164156,1394,1155,212,18,0,0,1,5516,5338,5367,5426,4449,3656,4383,1516,1.85784314,1500,1.83823529,119,168,1,1394,5,164160,164156,0,119,168
1176,121,0,E_X1_Y6_50,MI_Terrain_X1_Y6,18727802,163842,27919791,244824,81608,152,0,0,163841,163842,163842,82860,2,18,0,0,0,550862,207356,252500,295835,81625,244829,81625,163854,2.00781786,163854,2.00781786,0,3,3,163842,0,163841,163842,0,0,3
1177,121,1,E_X1_Y6_50,MI_Terrain_X1_Y6,18727802,163842,73650300,122412,40804,152,0,0,163841,163842,76150,41719,9,18,0,0,0,275435,188042,199070,211645,146862,131860,146883,78546,1.92495834,78647,1.92743358,97,157,2,76159,0,163841,163842,0,97,157
1178,121,2,E_X1_Y6_50,MI_Terrain_X1_Y6,18727802,163842,73772712,61206,20402,152,0,5,163838,163834,34395,18630,12,18,0,0,1,137722,108545,112006,115844,82601,74692,82558,36724,1.80001961,36855,1.80644055,96,154,1,34395,5,163838,163834,0,96,154
1179,121,3,E_X1_Y6_50,MI_Terrain_X1_Y6,18727802,163842,73833918,29376,9792,152,0,5,163836,163832,14418,6741,17,18,0,0,1,66104,55788,57454,59088,41706,42742,41660,16109,1.64511846,16124,1.64665033,119,176,1,14418,5,163836,163832,0,119,176
1180,121,4,E_X1_Y6_50,MI_Terrain_X1_Y6,18727802,163842,73863294,14688,4896,152,0,5,163836,163832,6601,2860,23,18,0,0,1,33056,28884,29616,31240,21001,25100,20949,7581,1.54840686,7607,1.55371732,126,170,1,6601,5,163836,163832,0,126,170
1181,121,5,E_X1_Y6_50,MI_Terrain_X1_Y6,18727802,163842,73877982,7344,2448,152,0,5,163836,163832,3194,1522,29,18,0,0,1,16532,14968,15307,15974,10646,13795,10493,3743,1.52900327,3709,1.51511438,108,142,1,3194,5,163836,163832,0,108,142
1182,121,6,E_X1_Y6_50,MI_Terrain_X1_Y6,18727802,163842,73885326,2460,820,152,0,5,163836,163832,1340,1047,180,18,0,0,1,5543,5383,5458,5567,4121,3543,4072,1462,1.78292683,1458,1.77804878,212,256,1,1340,5,163836,163832,0,212,256
1183,122,0,E_X2_Y6_51,MI_Terrain_X2_Y6,18891644,163618,28164615,244824,81608,153,0,0,163617,163618,163618,82412,2,18,0,0,0,550862,206324,252500,291899,81625,244829,81625,163622,2.00497500,163622,2.00497500,0,3,3,163618,0,163617,163618,0,0,3
1184,122,1,E_X2_Y6_51,MI_Terrain_X2_Y6,18891644,163618,73887786,122412,40804,153,0,0,163617,163618,75543,41752,8,18,0,0,0,275435,194860,204422,214988,148848,131994,148862,78133,1.91483678,78282,1.91848838,85,157,2,75551,0,163617,163618,0,85,157
1185,122,2,E_X2_Y6_51,MI_Terrain_X2_Y6,18891644,163618,74010198,61206,20402,153,0,0,163617,163618,33996,18217,11,18,0,0,1,137722,109641,113179,117505,83184,75344,83201,36319,1.78016861,36504,1.78923635,105,188,1,33996,0,163617,163618,0,105,188
1186,122,3,E_X2_Y6_51,MI_Terrain_X2_Y6,18891644,163618,74071404,29376,9792,153,0,5,163611,163607,14265,6467,15,18,0,0,1,66104,56436,58221,59760,41623,43188,41702,15954,1.62928922,16051,1.63919526,108,183,1,14265,5,163611,163607,0,108,183
1187,122,4,E_X2_Y6_51,MI_Terrain_X2_Y6,18891644,163618,74100780,14688,4896,153,0,5,163611,163607,6553,2818,17,18,0,0,1,33056,29160,30196,31324,20881,25520,20775,7518,1.53553922,7589,1.55004085,104,168,1,6553,5,163611,163607,0,104,168
1188,122,5,E_X2_Y6_51,MI_Terrain_X2_Y6,18891644,163618,74115468,7344,2448,153,0,5,163611,163607,3195,1525,27,18,0,0,1,16532,15058,15396,15974,10448,14005,10373,3696,1.50980392,3733,1.52491830,92,143,1,3195,5,163611,163607,0,92,143
1189,122,6,E_X2_Y6_51,MI_Terrain_X2_Y6,18891644,163618,74122812,2454,818,153,0,5,163611,163607,1323,1017,149,18,0,0,1,5530,5466,5476,5554,4002,3566,3923,1428,1.74572127,1440,1.76039120,137,198,1,1323,5,163611,163607,0,137,198
1190,123,0,E_X3_Y6_52,MI_Terrain_X3_Y6,19055262,163650,28409439,244824,81608,154,0,0,163649,163650,163650,82476,2,18,0,0,0,550862,206444,252500,292187,81625,244829,81625,163656,2.00539163,163656,2.00539163,0,3,3,163650,0,163649,163650,0,0,3
1191,123,1,E_X3_Y6_52,MI_Terrain_X3_Y6,19055262,163650,74125266,122412,40804,154,0,0,163649,163650,75566,42452,8,18,0,0,0,275435,196141,205665,215063,150353,132157,150257,78128,1.91471424,78232,1.91726301,76,136,2,75590,0,163649,163650,0,76,136
1192,123,2,E_X3_Y6_52,MI_Terrain_X3_Y6,19055262,163650,74247678,61206,20402,154,0,0,163649,163650,33880,18097,10,18,0,0,1,137722,110424,113531,117476,83512,75463,83447,36269,1.77771787,36396,1.78394275,92,164,1,33880,0,163649,163650,0,92,164
1193,123,3,E_X3_Y6_52,MI_Terrain_X3_Y6,19055262,163650,74308884,29376,9792,154,0,2,163648,163647,14256,6576,15,18,0,0,1,66104,56400,58258,59760,41751,43782,41794,15940,1.62785948,15990,1.63296569,116,197,1,14256,2,163648,163647,0,116,197
1194,123,4,E_X3_Y6_52,MI_Terrain_X3_Y6,19055262,163650,74338260,14688,4896,154,0,2,163647,163646,6560,2789,24,18,0,0,1,33056,29448,30454,31540,20949,25402,20770,7536,1.53921569,7574,1.54697712,110,178,1,6560,2,163647,163646,0,110,178
1195,123,5,E_X3_Y6_52,MI_Terrain_X3_Y6,19055262,163650,74352948,7344,2448,154,0,2,163647,163646,3224,1518,41,18,0,0,1,16532,15322,15651,16166,10797,13694,10637,3721,1.52001634,3741,1.52818627,113,168,1,3224,2,163647,163646,0,113,168
1196,123,6,E_X3_Y6_52,MI_Terrain_X3_Y6,19055262,163650,74360292,2466,822,154,0,5,163644,163640,1307,975,146,18,0,0,1,5557,5341,5311,5389,4030,3510,3981,1416,1.72262774,1423,1.73114355,73,107,1,1307,5,163644,163640,0,73,107
1197,124,0,E_X4_Y6_53,MI_Terrain_X4_Y6,19218912,163752,28654263,244824,81608,155,0,0,163751,163752,163752,82680,2,18,0,0,0,550862,206912,252500,294971,81625,244829,81625,163758,2.00664151,163758,2.00664151,0,3,3,163752,0,163751,163752,0,0,3
1198,124,1,E_X4_Y6_53,MI_Terrain_X4_Y6,19218912,163752,74362758,122412,40804,155,0,0,163746,163747,76320,41586,10,18,0,0,0,275435,185030,199198,213277,144713,131705,144722,78605,1.92640427,78761,1.93022743,120,186,2,76328,0,163746,163747,0,120,186
1199,124,2,E_X4_Y6_53,MI_Terrain_X4_Y6,19218912,163752,74485170,61206,20402,155,0,0,163746,163747,34540,18791,12,18,0,0,1,137722,106840,110816,115777,81103,73984,81123,36787,1.80310754,36898,1.80854818,122,166,1,34540,0,163746,163747,0,122,166
1200,124,3,E_X4_Y6_53,MI_Terrain_X4_Y6,19218912,163752,74546376,29376,9792,155,0,5,163745,163741,14518,6867,19,18,0,0,1,66104,55488,57168,59376,41066,41620,40931,16137,1.64797794,16232,1.65767974,113,163,1,14518,5,163745,163741,0,113,163
1201,124,4,E_X4_Y6_53,MI_Terrain_X4_Y6,19218912,163752,74575752,14688,4896,155,0,5,163745,163741,6646,2903,25,18,0,0,1,33056,29004,29963,31240,20684,24334,20690,7614,1.55514706,7644,1.56127451,129,167,1,6646,5,163745,163741,0,129,167
1202,124,5,E_X4_Y6_53,MI_Terrain_X4_Y6,19218912,163752,74590440,7344,2448,155,0,5,163745,163741,3263,1589,32,18,0,0,1,16532,14944,15459,15878,10716,13536,10618,3774,1.54166667,3791,1.54861111,131,159,1,3263,5,163745,163741,0,131,159
1203,124,6,E_X4_Y6_53,MI_Terrain_X4_Y6,19218912,163752,74597784,2466,822,155,0,5,163745,163741,1338,1048,219,18,0,0,1,5557,5457,5503,5581,4087,3507,4041,1457,1.77250608,1455,1.77007299,154,204,1,1338,5,163745,163741,0,154,204
1204,125,0,E_X5_Y6_54,MI_Terrain_X5_Y6,19382664,163850,28899087,244824,81608,156,0,0,163849,163850,163850,82876,2,18,0,0,0,550862,207380,252500,295643,81625,244829,81625,163860,2.00789138,163860,2.00789138,0,3,3,163850,0,163849,163850,0,0,3
1205,125,1,E_X5_Y6_54,MI_Terrain_X5_Y6,19382664,163850,74600250,122412,40804,156,0,3,163843,163841,75997,41751,10,18,0,0,0,275435,191668,203367,215618,148263,131977,148267,78418,1.92182139,78599,1.92625723,72,141,2,76014,3,163843,163841,0,72,141
1206,125,2,E_X5_Y6_54,MI_Terrain_X5_Y6,19382664,163850,74722662,61206,20402,156,0,5,163843,163839,34157,18093,15,18,0,0,1,137722,109260,112992,116900,81783,75024,82023,36533,1.79065778,36628,1.79531418,85,150,1,34157,5,163843,163839,0,85,150
1207,125,3,E_X5_Y6_54,MI_Terrain_X5_Y6,19382664,163850,74783868,29376,9792,156,0,5,163843,163839,14374,6645,14,18,0,0,1,66104,56196,57955,60264,41345,43088,41276,16069,1.64103350,16117,1.64593546,120,188,1,14374,5,163843,163839,0,120,188
1208,125,4,E_X5_Y6_54,MI_Terrain_X5_Y6,19382664,163850,74813244,14688,4896,156,0,5,163843,163839,6619,2870,21,18,0,0,1,33056,29076,29890,31336,20984,25343,20863,7579,1.54799837,7610,1.55433007,109,170,1,6619,5,163843,163839,0,109,170
1209,125,5,E_X5_Y6_54,MI_Terrain_X5_Y6,19382664,163850,74827932,7344,2448,156,0,5,163843,163839,3280,1640,24,18,0,0,1,16532,15046,15557,16070,10750,13826,10663,3767,1.53880719,3793,1.54942810,89,137,1,3280,5,163843,163839,0,89,137
1210,125,6,E_X5_Y6_54,MI_Terrain_X5_Y6,19382664,163850,74835276,2454,818,156,0,5,163843,163839,1352,1079,189,18,0,0,1,5530,5339,5361,5535,4296,3531,4230,1462,1.78728606,1464,1.78973105,147,185,1,1352,5,163843,163839,0,147,185
1211,126,0,E_X6_Y6_55,MI_Terrain_X6_Y6,19546514,163914,29143911,244824,81608,157,0,0,163913,163914,163914,83006,3,18,0,0,0,550862,207632,252596,296603,203644,244831,203644,163918,2.00860210,163918,2.00860210,0,3,3,163914,0,163913,163914,0,0,3
1212,126,1,E_X6_Y6_55,MI_Terrain_X6_Y6,19546514,163914,74837730,122412,40804,157,0,0,163913,163914,75493,41928,11,18,0,0,0,275435,194401,204321,213298,150406,131627,150320,78101,1.91405254,78184,1.91608666,81,147,2,75499,0,163913,163914,0,81,147
1213,126,2,E_X6_Y6_55,MI_Terrain_X6_Y6,19546514,163914,74960142,61206,20402,157,0,0,163913,163914,33925,17784,11,18,0,0,1,137722,109318,112706,115903,82135,74798,82194,36343,1.78134497,36541,1.79104990,107,181,1,33925,0,163913,163914,0,107,181
1214,126,3,E_X6_Y6_55,MI_Terrain_X6_Y6,19546514,163914,75021348,29376,9792,157,0,5,163910,163906,14256,6563,13,18,0,0,1,66104,55932,57794,60216,41092,42993,41046,15988,1.63276144,16062,1.64031863,114,179,1,14256,5,163910,163906,0,114,179
1215,126,4,E_X6_Y6_55,MI_Terrain_X6_Y6,19546514,163914,75050724,14688,4896,157,0,5,163908,163904,6560,2840,29,18,0,0,1,33056,29040,29726,31120,20640,24926,20615,7527,1.53737745,7615,1.55535131,108,161,1,6560,5,163908,163904,0,108,161
1216,126,5,E_X6_Y6_55,MI_Terrain_X6_Y6,19546514,163914,75065412,7344,2448,157,0,5,163908,163904,3152,1484,28,18,0,0,1,16532,15028,15663,16220,10373,13592,10276,3713,1.51674837,3697,1.51021242,106,162,1,3152,5,163908,163904,0,106,162
1217,126,6,E_X6_Y6_55,MI_Terrain_X6_Y6,19546514,163914,75072756,2454,818,157,0,5,163908,163904,1316,1000,152,18,0,0,1,5530,5230,5277,5402,4146,3467,4106,1428,1.74572127,1428,1.74572127,223,253,1,1316,5,163908,163904,0,223,253
1218,127,0,E_X7_Y6_56,MI_Terrain_X7_Y6,19710428,163762,29388735,244824,81608,158,0,0,163761,163762,163762,82700,2,18,0,0,0,550862,207068,252500,295259,81625,244829,81625,163764,2.00671503,163764,2.00671503,0,3,3,163762,0,163761,163762,0,0,3
1219,127,1,E_X7_Y6_56,MI_Terrain_X7_Y6,19710428,163762,75075210,122412,40804,158,0,4,163759,163756,75480,42019,11,18,0,0,0,275435,194989,204334,214909,150217,131868,150194,78034,1.91241055,78249,1.91767964,72,137,2,75494,4,163759,163756,0,72,137
1220,127,2,E_X7_Y6_56,MI_Terrain_X7_Y6,19710428,163762,75197622,61206,20402,158,0,5,163756,163752,33899,18106,12,18,0,0,1,137722,109836,113409,117735,83169,75296,83272,36356,1.78198216,36478,1.78796196,97,189,1,33899,5,163756,163752,0,97,189
1221,127,3,E_X7_Y6_56,MI_Terrain_X7_Y6,19710428,163762,75258828,29376,9792,158,0,5,163756,163752,14345,6685,15,18,0,0,1,66104,56064,57861,60264,41780,43298,41772,16095,1.64368873,16171,1.65145016,97,178,1,14345,5,163756,163752,0,97,178
1222,127,4,E_X7_Y6_56,MI_Terrain_X7_Y6,19710428,163762,75288204,14688,4896,158,0,5,163756,163752,6558,2874,18,18,0,0,1,33056,29280,29932,31348,21020,25596,20936,7631,1.55861928,7629,1.55821078,89,155,1,6558,5,163756,163752,0,89,155
1223,127,5,E_X7_Y6_56,MI_Terrain_X7_Y6,19710428,163762,75302892,7344,2448,158,0,5,163756,163752,3238,1625,27,18,0,0,1,16532,15154,15535,16112,10908,13904,10811,3779,1.54370915,3785,1.54616013,88,136,1,3238,5,163756,163752,0,88,136
1224,127,6,E_X7_Y6_56,MI_Terrain_X7_Y6,19710428,163762,75310236,2454,818,158,0,5,163755,163751,1389,1145,161,18,0,0,1,5530,5178,5190,5458,4615,3459,4566,1503,1.83740831,1507,1.84229829,61,99,1,1389,5,163755,163751,0,61,99
1225,128,0,E_X7_Y5_48,MI_Terrain_X7_Y5,19874190,163714,29633559,244824,81608,159,0,0,163713,163714,163714,82604,2,18,0,0,0,550862,206912,252500,294779,81625,244829,81625,163716,2.00612685,163716,2.00612685,0,3,3,163714,0,163713,163714,0,0,3
1226,128,1,E_X7_Y5_48,MI_Terrain_X7_Y5,19874190,163714,75312690,122412,40804,159,0,4,163712,163709,75394,42180,9,18,0,0,0,275435,196877,205858,213602,150844,131932,150828,77975,1.91096461,78102,1.91407705,96,171,2,75406,4,163712,163709,0,96,171
1227,128,2,E_X7_Y5_48,MI_Terrain_X7_Y5,19874190,163714,75435102,61206,20402,159,0,4,163711,163708,33808,17991,12,18,0,0,1,137722,109128,112612,117284,82909,75350,83083,36267,1.77761984,36342,1.78129595,88,147,1,33808,4,163711,163708,0,88,147
1228,128,3,E_X7_Y5_48,MI_Terrain_X7_Y5,19874190,163714,75496308,29376,9792,159,0,5,163708,163704,14274,6619,16,18,0,0,1,66104,56040,57835,60480,41519,43546,41536,16015,1.63551879,16058,1.63991013,95,149,1,14274,5,163708,163704,0,95,149
1229,128,4,E_X7_Y5_48,MI_Terrain_X7_Y5,19874190,163714,75525684,14688,4896,159,0,5,163708,163704,6598,2901,20,18,0,0,1,33056,29148,30267,31360,21101,25527,21044,7595,1.55126634,7658,1.56413399,100,157,1,6598,5,163708,163704,0,100,157
1230,128,5,E_X7_Y5_48,MI_Terrain_X7_Y5,19874190,163714,75540372,7344,2448,159,0,5,163708,163704,3284,1677,25,18,0,0,1,16532,15028,15517,16124,11155,13987,11039,3822,1.56127451,3831,1.56495098,124,163,1,3284,5,163708,163704,0,124,163
1231,128,6,E_X7_Y5_48,MI_Terrain_X7_Y5,19874190,163714,75547716,2460,820,159,0,5,163708,163704,1400,1154,160,18,0,0,1,5543,5304,5437,5548,4642,3530,4625,1509,1.84024390,1515,1.84756098,131,161,1,1400,5,163708,163704,0,131,161
1232,129,0,E_X6_Y5_47,MI_Terrain_X6_Y5,20037904,163686,29878383,244824,81608,160,0,0,163685,163686,163686,82550,3,18,0,0,0,550862,206756,252596,293051,108924,244831,108924,163690,2.00580825,163690,2.00580825,0,3,3,163686,0,163685,163686,0,0,3
1233,129,1,E_X6_Y5_47,MI_Terrain_X6_Y5,20037904,163686,75550176,122412,40804,160,0,0,163682,163683,75896,41872,11,18,0,0,0,275435,192061,204159,215447,146904,131894,146963,78360,1.92039996,78454,1.92270366,92,157,2,75908,0,163682,163683,0,92,157
1234,129,2,E_X6_Y5_47,MI_Terrain_X6_Y5,20037904,163686,75672588,61206,20402,160,0,5,163682,163678,34304,18618,18,18,0,0,1,137722,108581,112121,116420,81469,74471,81458,36679,1.79781394,36834,1.80541123,108,178,1,34304,5,163682,163678,0,108,178
1235,129,3,E_X6_Y5_47,MI_Terrain_X6_Y5,20037904,163686,75733794,29376,9792,160,0,5,163680,163676,14435,6851,20,18,0,0,1,66104,55968,57862,59976,40801,42719,40850,16053,1.63939951,16146,1.64889706,116,188,1,14435,5,163680,163676,0,116,188
1236,129,4,E_X6_Y5_47,MI_Terrain_X6_Y5,20037904,163686,75763170,14688,4896,160,0,5,163680,163676,6637,2910,25,18,0,0,1,33056,29088,29954,31348,20796,24867,20644,7605,1.55330882,7645,1.56147876,121,183,1,6637,5,163680,163676,0,121,183
1237,129,5,E_X6_Y5_47,MI_Terrain_X6_Y5,20037904,163686,75777858,7344,2448,160,0,5,163680,163676,3249,1589,35,18,0,0,1,16532,15106,15644,16124,10661,13508,10608,3754,1.53349673,3766,1.53839869,120,162,1,3249,5,163680,163676,0,120,162
1238,129,6,E_X6_Y5_47,MI_Terrain_X6_Y5,20037904,163686,75785202,2472,824,160,0,5,163680,163676,1341,1036,163,18,0,0,1,5570,5302,5326,5594,4055,3525,4002,1458,1.76941748,1462,1.77427184,156,188,1,1341,5,163680,163676,0,156,188
1239,130,0,E_X5_Y5_46,MI_Terrain_X5_Y5,20201590,163848,30123207,244824,81608,161,0,0,163847,163848,163848,82874,3,18,0,0,0,550862,207464,252596,296795,214088,244831,214088,163852,2.00779335,163852,2.00779335,0,3,3,163848,0,163847,163848,0,0,3
1240,130,1,E_X5_Y5_46,MI_Terrain_X5_Y5,20201590,163848,75787674,122412,40804,161,0,0,163847,163848,75915,41749,9,18,0,0,0,275435,190837,201246,213068,147590,131629,147574,78349,1.92013038,78517,1.92424762,112,180,2,75925,0,163847,163848,0,112,180
1241,130,2,E_X5_Y5_46,MI_Terrain_X5_Y5,20201590,163848,75910086,61206,20402,161,0,0,163847,163848,34189,18183,14,18,0,0,1,137722,108189,112254,115807,81360,74512,81364,36588,1.79335359,36677,1.79771591,123,198,1,34189,0,163847,163848,0,123,198
1242,130,3,E_X5_Y5_46,MI_Terrain_X5_Y5,20201590,163848,75971292,29376,9792,161,0,0,163847,163848,14366,6757,19,18,0,0,1,66104,55620,57240,59424,40677,42375,40659,16033,1.63735703,16146,1.64889706,123,183,1,14366,0,163847,163848,0,123,183
1243,130,4,E_X5_Y5_46,MI_Terrain_X5_Y5,20201590,163848,76000668,14688,4896,161,0,0,163847,163848,6592,2874,25,18,0,0,1,33056,28980,30021,31216,20707,24734,20697,7597,1.55167484,7664,1.56535948,118,160,1,6592,0,163847,163848,0,118,160
1244,130,5,E_X5_Y5_46,MI_Terrain_X5_Y5,20201590,163848,76015356,7344,2448,161,0,5,163842,163838,3254,1599,36,18,0,0,1,16532,14980,15181,16028,10707,13503,10560,3763,1.53717320,3784,1.54575163,118,148,1,3254,5,163842,163838,0,118,148
1245,130,6,E_X5_Y5_46,MI_Terrain_X5_Y5,20201590,163848,76022700,2472,824,161,0,5,163842,163838,1379,1110,179,18,0,0,1,5570,5278,5453,5498,4221,3524,4189,1494,1.81310680,1497,1.81674757,123,150,1,1379,5,163842,163838,0,123,150
1246,131,0,E_X4_Y5_45,MI_Terrain_X4_Y5,20365438,164024,30368031,244824,81608,162,0,0,164023,164024,164024,83224,2,18,0,0,0,550862,208304,252500,298811,81625,244829,81625,164030,2.00997451,164030,2.00997451,0,3,3,164024,0,164023,164024,0,0,3
1247,131,1,E_X4_Y5_45,MI_Terrain_X4_Y5,20365438,164024,76025172,122412,40804,162,0,5,164018,164014,75803,42059,8,18,0,0,0,275435,192584,202664,214754,149144,131735,149025,78290,1.91868444,78341,1.91993432,69,134,2,75814,5,164018,164014,0,69,134
1248,131,2,E_X4_Y5_45,MI_Terrain_X4_Y5,20365438,164024,76147584,61206,20402,162,0,5,164018,164014,34271,18200,12,18,0,0,1,137722,108852,112741,116612,81148,74706,81102,36730,1.80031369,36779,1.80271542,87,169,1,34271,5,164018,164014,0,87,169
1249,131,3,E_X4_Y5_45,MI_Terrain_X4_Y5,20365438,164024,76208790,29376,9792,162,0,5,164018,164014,14661,7175,19,18,0,0,1,66104,55548,57751,60144,40909,42402,40746,16259,1.66043709,16323,1.66697304,114,193,1,14661,5,164018,164014,0,114,193
1250,131,4,E_X4_Y5_45,MI_Terrain_X4_Y5,20365438,164024,76238166,14688,4896,162,0,5,164018,164014,6615,2990,29,18,0,0,1,33056,29016,30031,31348,20904,24721,20776,7660,1.56454248,7662,1.56495098,130,202,1,6615,5,164018,164014,0,130,202
1251,131,5,E_X4_Y5_45,MI_Terrain_X4_Y5,20365438,164024,76252854,7344,2448,162,0,5,164018,164014,3258,1628,30,18,0,0,1,16532,15010,15403,16124,10732,13492,10685,3770,1.54003268,3785,1.54616013,125,172,1,3258,5,164018,164014,0,125,172
1252,131,6,E_X4_Y5_45,MI_Terrain_X4_Y5,20365438,164024,76260198,2448,816,162,0,5,164018,164014,1373,1119,235,18,0,0,1,5516,5338,5285,5522,4378,3547,4382,1474,1.80637255,1486,1.82107843,277,318,1,1373,5,164018,164014,0,277,318
1253,132,0,E_X3_Y5_44,MI_Terrain_X3_Y5,20529462,163934,30612855,244824,81608,163,0,0,163933,163934,163934,83044,2,18,0,0,0,550862,207812,252500,296987,81625,244829,81625,163950,2.00899422,163950,2.00899422,0,3,3,163934,0,163933,163934,0,0,3
1254,132,1,E_X3_Y5_44,MI_Terrain_X3_Y5,20529462,163934,76262646,122412,40804,163,0,3,163927,163925,75901,41507,11,18,0,0,0,275435,189196,200995,211837,147307,131553,147246,78314,1.91927262,78415,1.92174787,94,161,2,75908,3,163927,163925,0,94,161
1255,132,2,E_X3_Y5_44,MI_Terrain_X3_Y5,20529462,163934,76385058,61206,20402,163,0,3,163927,163925,34301,18269,12,18,0,0,1,137722,107880,111749,115585,81915,74653,81811,36648,1.79629448,36811,1.80428389,99,154,1,34301,3,163927,163925,0,99,154
1256,132,3,E_X3_Y5_44,MI_Terrain_X3_Y5,20529462,163934,76446264,29376,9792,163,0,5,163927,163923,14511,6926,17,18,0,0,1,66104,55536,57287,59664,41322,42478,41205,16180,1.65236928,16282,1.66278595,110,154,1,14511,5,163927,163923,0,110,154
1257,132,4,E_X3_Y5_44,MI_Terrain_X3_Y5,20529462,163934,76475640,14688,4896,163,0,5,163927,163923,6664,2938,26,18,0,0,1,33056,28932,29775,31036,20962,24948,20909,7667,1.56597222,7688,1.57026144,112,147,1,6664,5,163927,163923,0,112,147
1258,132,5,E_X3_Y5_44,MI_Terrain_X3_Y5,20529462,163934,76490328,7344,2448,163,0,5,163927,163923,3258,1628,30,18,0,0,1,16532,14950,15486,16028,10752,13476,10692,3766,1.53839869,3773,1.54125817,116,144,1,3258,5,163927,163923,0,116,144
1259,132,6,E_X3_Y5_44,MI_Terrain_X3_Y5,20529462,163934,76497672,2448,816,163,0,5,163927,163923,1348,1080,262,18,0,0,1,5516,5296,5367,5540,4227,3453,4216,1465,1.79534314,1459,1.78799020,119,136,1,1348,5,163927,163923,0,119,136
1260,133,0,River,River,20693396,4688,30857679,14058,4686,164,0,0,4687,4688,4688,2,4,13,1,1,1,22853,11925,13135,16581,4752,14068,4752,5000,1.06700811,5000,1.06700811,0,1,1,4688,0,4687,4688,1,0,1
1261,133,1,River,River,20693396,4688,76500120,7029,2343,164,0,0,4687,4688,2345,2,8,13,1,1,1,11431,6414,7305,8727,3559,7039,3559,2501,1.06743491,2501,1.06743491,0,1,1,2345,0,4687,4688,1,0,1
1262,133,2,River,River,20693396,4688,76507149,3513,1171,164,0,0,4687,4688,1173,2,7,13,1,1,1,5717,3754,4201,5008,2063,3525,2063,1251,1.06831768,1251,1.06831768,0,1,1,1173,0,4687,4688,1,0,1
1263,133,3,River,River,20693396,4688,76510662,1686,562,164,0,0,4683,4684,564,2,6,13,1,1,1,2748,1974,2146,2497,1060,1734,1060,600,1.06761566,600,1.06761566,0,1,1,564,0,4687,4688,1,0,1
1264,133,4,River,River,20693396,4688,76512348,843,281,164,0,0,4683,4684,283,2,5,13,1,1,1,1378,1093,1173,1349,553,939,553,301,1.07117438,301,1.07117438,0,1,1,283,0,4687,4688,1,0,1
1265,133,5,River,River,20693396,4688,76513191,420,140,164,0,34,4683,4650,142,2,5,13,1,1,1,691,597,626,691,313,527,313,150,1.07142857,150,1.07142857,0,1,1,142,34,4687,4654,1,0,1
1266,133,6,River,River,20693396,4688,76513611,138,46,164,0,166,4612,4447,48,2,5,13,1,1,1,233,218,233,233,139,205,139,50,1.08695652,50,1.08695652,0,1,1,48,166,4616,4451,1,0,1
1267,134,0,Pyramid_v1a,MI_Pyramid_TableStand,20698084,3625,30871737,6408,2136,165,0,0,3624,3625,3625,1635,8,12,1,1,1,9620,7127,7660,8016,5997,6678,5941,3718,1.74063670,3723,1.74297753,0,1,1,3625,0,3624,3625,1,0,1
1268,134,0,Pyramid_v1a,MI_Pyramid_TableTop,20701709,1395,30878145,2070,690,166,0,0,1394,1395,1395,729,5,11,1,1,1,2855,1897,2195,2545,2073,2082,2073,1402,2.03188406,1402,2.03188406,0,1,1,1395,0,1394,1395,1,0,1
1269,134,0,Pyramid_v1a,MI_Pyramid_Ceiling,20703104,756,30880215,1152,384,167,0,0,755,756,756,372,3,10,1,1,1,1448,960,1176,1264,602,1158,602,756,1.96875000,756,1.96875000,0,1,1,756,0,755,756,1,0,1
1270,134,0,Pyramid_v1a,MI_Pyramid_StairsStraight,20703860,4304,30881367,5184,1728,168,0,0,4303,4304,4304,3424,2,13,1,1,1,8432,4728,5342,6464,1745,5189,1745,4304,2.49074074,4304,2.49074074,0,1,1,4304,0,4303,4304,1,0,1
1271,134,0,Pyramid_v1a,MI_Pyramid_StairsCorner,20708164,4938,30886551,6792,2264,169,0,0,4937,4938,4938,3114,3,13,1,1,1,11045,5938,6988,8289,7162,6801,7162,4941,2.18242049,4941,2.18242049,0,1,1,4938,0,4937,4938,1,0,1
1272,134,0,Pyramid_v1a,MI_Pyramid_WallTop_L,20713102,86405,30893343,133380,44460,170,0,0,86404,86405,86405,44551,7,17,0,0,0,283441,138919,159261,187349,133467,135999,133317,86979,1.95634278,87145,1.96007647,0,2,2,86405,0,86404,86405,0,0,2
1273,134,0,Pyramid_v1a,MI_Pyramid_WallTop_R,20799507,73182,31026723,112860,37620,171,0,0,73181,73182,73182,37773,7,17,0,0,0,239836,116385,132386,157803,112842,115125,112729,73643,1.95754918,73856,1.96321106,0,2,2,73182,0,73181,73182,0,0,2
1274,134,0,Pyramid_v1a,MI_Pyramid_Corner,20872689,18900,31139583,28728,9576,172,0,0,18899,18900,18900,9768,6,15,1,1,1,53873,26268,29803,35272,28510,28757,27023,18954,1.97932331,18957,1.97963659,0,1,1,18900,0,18899,18900,1,0,1
1275,134,0,Pyramid_v1a,MI_Pyramid_Column,20891589,98695,31168311,150048,50016,173,0,0,98694,98695,98695,49325,8,17,0,0,0,318860,132384,159035,178400,149385,150409,149306,98973,1.97882678,98993,1.97922665,0,2,2,98695,0,98694,98695,0,0,2
1276,134,0,Pyramid_v1a,MI_Pyramid_StairRail,20990284,12124,31318359,18144,6048,174,0,0,12123,12124,12124,6108,3,14,1,1,1,31760,15456,18834,22428,13690,18153,13690,12124,2.00462963,12124,2.00462963,0,1,1,12124,0,12123,12124,1,0,1
1277,134,0,Pyramid_v1a,MI_Pyramid_StairsBottom,21002408,4592,31336503,6888,2296,175,0,0,4591,4592,4592,2296,2,13,1,1,1,11201,5742,7110,7821,2313,6893,2313,4592,2.00000000,4592,2.00000000,0,1,1,4592,0,4591,4592,1,0,1
1278,134,0,Pyramid_v1a,MI_Pyramid_StairsTop,21007000,4160,31343391,6240,2080,176,0,0,4159,4160,4160,2080,2,13,1,1,1,10148,5200,6425,7056,2097,6245,2097,4160,2.00000000,4160,2.00000000,0,1,1,4160,0,4159,4160,1,0,1
1279,134,0,Pyramid_v1a,MI_Pyramid_RailCorner,21011160,2658,31349631,3912,1304,177,0,0,2657,2658,2658,1426,3,12,1,1,1,5876,3367,4062,4815,3985,3918,3984,2662,2.04141104,2662,2.04141104,0,1,1,2658,0,2657,2658,1,0,1
1280,134,0,Pyramid_v1a,MI_Pyramid_RailStraight,21013818,11012,31353543,15264,5088,178,0,0,11011,11012,11012,6788,4,14,1,1,1,26720,13992,15840,19156,15055,15285,15055,11044,2.17059748,11044,2.17059748,0,1,1,11012,0,11011,11012,1,0,1
1281,134,0,Pyramid_v1a,MI_Pyramid_BottomWallCorner,21024830,79285,31368807,116856,38952,179,0,0,79284,79285,79285,41981,4,17,0,0,0,248327,99912,121408,138225,119435,116912,119435,79300,2.03583898,79300,2.03583898,0,2,2,79285,0,79284,79285,0,0,2
1282,134,0,Pyramid_v1a,MI_Pyramid_BottomWallSide,21104115,182021,31485663,273024,91008,180,0,0,182020,182021,182021,98724,6,18,0,0,0,614312,259692,302072,347920,279620,275044,279357,182657,2.00704334,182668,2.00716421,0,3,3,182021,0,182020,182021,0,0,3
1283,134,0,Pyramid_v1a,MI_Pyramid_Topper,21286136,9559,31758687,14820,4940,181,0,0,9558,9559,9559,4719,8,14,1,1,1,25943,15315,17233,20932,14536,15016,14537,9622,1.94777328,9623,1.94797571,0,1,1,9559,0,9558,9559,1,0,1
1284,134,0,Pyramid_v1a,MI_Pyramid_BottomFlat,21295695,5822,31773507,8736,2912,182,0,0,5821,5822,5822,2910,4,13,1,1,1,14204,7280,9000,9888,2929,8741,2929,5822,1.99931319,5822,1.99931319,0,1,1,5822,0,5821,5822,1,0,1
1285,134,0,Pyramid_v1a,MI_Pyramid_Ground,21301517,151,31782243,234,78,183,0,0,150,151,151,77,5,8,1,1,1,242,219,242,242,229,240,229,155,1.98717949,155,1.98717949,0,1,1,151,0,150,151,1,0,1
1286,134,1,Pyramid_v1a,MI_Pyramid_TableStand,20698084,3625,76513749,3204,1068,165,0,17,3617,3601,2084,1195,13,12,1,1,1,4814,4067,4076,4108,4144,3512,4159,2125,1.98970037,2135,1.99906367,0,1,1,2084,7,3616,3610,1,0,1
1287,134,1,Pyramid_v1a,MI_Pyramid_TableTop,20701709,1395,76516953,1032,344,166,0,0,1361,1362,646,383,8,11,1,1,1,1427,1375,1385,1402,1395,1274,1391,671,1.95058140,671,1.95058140,0,1,1,646,0,1361,1362,1,0,1
1288,134,1,Pyramid_v1a,MI_Pyramid_Ceiling,20703104,756,76517985,576,192,167,0,0,754,755,345,185,7,10,1,1,1,728,732,728,728,702,680,701,356,1.85416667,364,1.89583333,0,1,1,345,0,754,755,1,0,1
1289,134,1,Pyramid_v1a,MI_Pyramid_StairsStraight,20703860,4304,76518561,2592,864,168,0,5,4303,4299,1823,1270,5,13,1,1,1,4220,3216,3320,3560,3789,2992,3805,1861,2.15393519,1861,2.15393519,0,1,1,1823,5,4303,4299,1,0,1
1290,134,1,Pyramid_v1a,MI_Pyramid_StairsCorner,20708164,4938,76521153,3396,1132,169,0,0,4936,4937,2340,1602,5,13,1,1,1,5527,4589,4607,4765,4756,3812,4743,2399,2.11925795,2400,2.12014134,0,1,1,2340,0,4936,4937,1,0,1
1291,134,1,Pyramid_v1a,MI_Pyramid_WallTop_L,20713102,86405,76524549,66690,22230,170,0,1,86401,86401,42398,25827,16,17,0,0,1,141725,105235,107830,109371,87712,81705,87807,43912,1.97534863,43932,1.97624831,0,2,1,42398,1,86403,86403,0,0,2
1292,134,1,Pyramid_v1a,MI_Pyramid_WallTop_R,20799507,73182,76591239,56430,18810,171,0,1,73179,73179,35785,21730,14,17,0,0,1,119922,89613,91652,92053,74034,69350,74125,37054,1.96990962,37142,1.97458799,0,2,1,35785,1,73181,73181,0,0,2
1293,134,1,Pyramid_v1a,MI_Pyramid_Corner,20872689,18900,76647669,14364,4788,172,0,0,18898,18899,9251,5565,9,15,1,1,1,26941,19658,20825,22246,17953,16418,18008,9545,1.99352548,9529,1.99018379,0,1,1,9251,0,18898,18899,1,0,1
1294,134,1,Pyramid_v1a,MI_Pyramid_Column,20891589,98695,76662033,75024,25008,173,0,0,98653,98654,44483,22829,14,17,0,0,1,159434,103486,107247,112324,92096,82505,91761,46390,1.85500640,46516,1.86004479,0,2,1,44483,0,98673,98674,0,0,2
1295,134,1,Pyramid_v1a,MI_Pyramid_StairRail,20990284,12124,76737057,9072,3024,174,0,1,12120,12120,5657,3279,10,14,1,1,1,15884,11944,11989,12492,12022,10829,12007,5839,1.93088624,5854,1.93584656,0,1,1,5657,1,12120,12120,1,0,1
1296,134,1,Pyramid_v1a,MI_Pyramid_StairsBottom,21002408,4592,76746129,6888,2296,175,0,0,4591,4592,4592,2296,2,13,1,1,1,11201,5742,7110,7821,2313,6893,2313,4592,2.00000000,4592,2.00000000,0,1,1,4592,0,4591,4592,1,0,1
1297,134,1,Pyramid_v1a,MI_Pyramid_StairsTop,21007000,4160,76753017,6240,2080,176,0,0,4159,4160,4160,2080,2,13,1,1,1,10148,5200,6425,7056,2097,6245,2097,4160,2.00000000,4160,2.00000000,0,1,1,4160,0,4159,4160,1,0,1
1298,134,1,Pyramid_v1a,MI_Pyramid_RailCorner,21011160,2658,76759257,1956,652,177,0,1,2654,2654,1223,717,6,12,1,1,1,2942,2403,2468,2661,2431,2198,2425,1265,1.94018405,1259,1.93098160,0,1,1,1223,1,2654,2654,1,0,1
1299,134,1,Pyramid_v1a,MI_Pyramid_RailStraight,21013818,11012,76761213,7572,2524,178,0,0,11011,11012,5119,3109,6,14,1,1,1,13259,9116,9563,10588,10751,8566,10697,5246,2.07844691,5262,2.08478605,0,1,1,5119,0,11011,11012,1,0,1
1300,134,1,Pyramid_v1a,MI_Pyramid_BottomWallCorner,21024830,79285,76768785,58428,19476,179,0,0,79284,79285,36462,21373,12,17,0,0,1,124168,79259,82297,86619,74916,69203,75084,37746,1.93807763,37859,1.94387965,0,2,1,36462,0,79284,79285,0,0,2
1301,134,1,Pyramid_v1a,MI_Pyramid_BottomWallSide,21104115,182021,76827213,136506,45502,180,0,1,182020,182020,88407,55343,10,18,0,0,0,307147,176443,184880,196921,178433,160759,178649,91292,2.00632939,91415,2.00903257,0,3,2,88407,1,182020,182020,0,0,3
1302,134,1,Pyramid_v1a,MI_Pyramid_Topper,21286136,9559,76963719,7410,2470,181,0,2,9558,9557,4773,3142,14,14,1,1,1,12976,11318,11551,12127,10322,9224,10348,4947,2.00283401,4908,1.98704453,0,1,1,4773,2,9558,9557,1,0,1
1303,134,1,Pyramid_v1a,MI_Pyramid_BottomFlat,21295695,5822,76971129,4368,1456,182,0,0,5821,5822,2422,1115,6,13,1,1,1,7106,5192,5564,6276,4751,4960,4777,2525,1.73420330,2522,1.73214286,0,1,1,2422,0,5821,5822,1,0,1
1304,134,1,Pyramid_v1a,MI_Pyramid_Ground,21301517,151,76975497,114,38,183,0,6,150,145,67,29,4,8,1,1,1,122,121,122,122,134,124,132,67,1.76315789,67,1.76315789,0,1,1,67,6,150,145,1,0,1
1305,134,2,Pyramid_v1a,MI_Pyramid_TableStand,20698084,3625,76975611,1602,534,165,0,18,3609,3592,957,528,7,12,1,1,1,2411,2143,2147,2307,2346,2085,2351,1005,1.88202247,1001,1.87453184,0,1,1,957,7,3611,3605,1,0,1
1306,134,2,Pyramid_v1a,MI_Pyramid_TableTop,20701709,1395,76977213,516,172,166,0,3,1337,1335,298,166,9,11,1,1,1,718,744,728,718,784,754,790,308,1.79069767,315,1.83139535,0,1,1,298,3,1337,1335,1,0,1
1307,134,2,Pyramid_v1a,MI_Pyramid_Ceiling,20703104,756,76977729,288,96,167,0,0,754,755,156,78,6,10,1,1,1,368,384,377,368,401,388,413,169,1.76041667,173,1.80208333,0,1,1,156,0,754,755,1,0,1
1308,134,2,Pyramid_v1a,MI_Pyramid_StairsStraight,20703860,4304,76978017,1296,432,168,0,8,4297,4290,792,512,5,13,1,1,1,2114,1666,1795,1960,1936,1660,1992,845,1.95601852,847,1.96064815,0,1,1,792,8,4297,4290,1,0,1
1309,134,2,Pyramid_v1a,MI_Pyramid_StairsCorner,20708164,4938,76979313,1698,566,169,0,0,4930,4931,1018,609,5,13,1,1,1,2768,2387,2457,2551,2503,2275,2514,1069,1.88869258,1069,1.88869258,0,1,1,1018,0,4930,4931,1,0,1
1310,134,2,Pyramid_v1a,MI_Pyramid_WallTop_L,20713102,86405,76981011,33342,11114,170,0,6,86400,86395,19354,11686,14,17,0,0,1,70860,55763,55238,55589,49017,48406,49078,20773,1.86908404,20835,1.87466259,0,2,1,19354,6,86402,86397,0,0,2
1311,134,2,Pyramid_v1a,MI_Pyramid_WallTop_R,20799507,73182,77014353,28212,9404,171,0,1,73177,73177,16357,9864,14,17,0,0,1,59959,47102,46668,46909,41464,41431,41500,17533,1.86441940,17598,1.87133135,0,2,1,16357,1,73179,73179,0,0,2
1312,134,2,Pyramid_v1a,MI_Pyramid_Corner,20872689,18900,77042565,7182,2394,172,0,0,18897,18898,4080,2400,10,15,1,1,1,13475,11166,11542,11717,10150,9534,10146,4387,1.83249791,4410,1.84210526,0,1,1,4080,0,18897,18898,1,0,1
1313,134,2,Pyramid_v1a,MI_Pyramid_Column,20891589,98695,77049747,37512,12504,173,0,3,98653,98651,19861,8914,9,17,0,0,1,79721,55874,56588,57428,51101,47451,51068,21469,1.71697057,21542,1.72280870,0,2,1,19861,3,98673,98671,0,0,2
1314,134,2,Pyramid_v1a,MI_Pyramid_StairRail,20990284,12124,77087259,4536,1512,174,0,1,12119,12119,2514,1306,7,14,1,1,1,7946,6231,6299,6852,6869,6647,6938,2698,1.78439153,2715,1.79563492,0,1,1,2514,1,12119,12119,1,0,1
1315,134,2,Pyramid_v1a,MI_Pyramid_StairsBottom,21002408,4592,77091795,6888,2296,175,0,0,4591,4592,4592,2296,2,13,1,1,1,11201,5742,7110,7821,2313,6893,2313,4592,2.00000000,4592,2.00000000,0,1,1,4592,0,4591,4592,1,0,1
1316,134,2,Pyramid_v1a,MI_Pyramid_StairsTop,21007000,4160,77098683,6240,2080,176,0,0,4159,4160,4160,2080,2,13,1,1,1,10148,5200,6425,7056,2097,6245,2097,4160,2.00000000,4160,2.00000000,0,1,1,4160,0,4159,4160,1,0,1
1317,134,2,Pyramid_v1a,MI_Pyramid_RailCorner,21011160,2658,77104923,978,326,177,0,1,2651,2651,553,293,6,12,1,1,1,1475,1318,1352,1431,1375,1230,1373,587,1.80061350,594,1.82208589,0,1,1,553,1,2651,2651,1,0,1
1318,134,2,Pyramid_v1a,MI_Pyramid_RailStraight,21013818,11012,77105901,3810,1270,178,0,0,11005,11006,2036,1036,11,14,1,1,1,6676,4982,5174,5755,5411,5219,5353,2180,1.71653543,2187,1.72204724,0,1,1,2036,0,11005,11006,1,0,1
1319,134,2,Pyramid_v1a,MI_Pyramid_BottomWallCorner,21024830,79285,77109711,29214,9738,179,0,0,79280,79281,16313,8747,9,17,0,0,1,62088,43090,43980,46050,39455,37751,39491,17414,1.78825221,17499,1.79698090,0,2,1,16313,0,79280,79281,0,0,2
1320,134,2,Pyramid_v1a,MI_Pyramid_BottomWallSide,21104115,182021,77138925,68256,22752,180,0,3,181997,181995,39087,22401,12,18,0,0,1,153584,96252,98390,104068,94247,88459,94666,41458,1.82216948,41658,1.83095992,0,3,1,39087,3,181997,181995,0,0,3
1321,134,2,Pyramid_v1a,MI_Pyramid_Topper,21286136,9559,77207181,3702,1234,181,0,6,9558,9553,2009,1294,20,14,1,1,1,6487,6152,6223,6344,5391,5476,5417,2184,1.76985413,2178,1.76499190,0,1,1,2009,6,9558,9553,1,0,1
1322,134,2,Pyramid_v1a,MI_Pyramid_BottomFlat,21295695,5822,77210883,2184,728,182,0,0,5820,5821,1210,560,8,13,1,1,1,3557,2854,3060,3315,2419,2453,2410,1253,1.72115385,1243,1.70741758,0,1,1,1210,0,5820,5821,1,0,1
1323,134,2,Pyramid_v1a,MI_Pyramid_Ground,21301517,151,77213067,54,18,183,0,12,150,139,30,13,3,8,1,1,1,62,62,62,62,74,66,74,30,1.66666667,30,1.66666667,0,1,1,30,18,150,133,1,0,1
1324,134,3,Pyramid_v1a,MI_Pyramid_TableStand,20698084,3625,77213121,768,256,165,0,43,3609,3567,415,199,6,12,1,1,1,1160,1036,1089,1160,1229,1152,1242,456,1.78125000,456,1.78125000,0,1,1,415,7,3611,3605,1,0,1
1325,134,3,Pyramid_v1a,MI_Pyramid_TableTop,20701709,1395,77213889,246,82,166,0,3,1331,1329,114,48,7,11,1,1,1,347,363,347,347,366,393,369,127,1.54878049,126,1.53658537,0,1,1,114,3,1331,1329,1,0,1
1326,134,3,Pyramid_v1a,MI_Pyramid_Ceiling,20703104,756,77214135,138,46,167,0,5,720,716,66,26,5,10,1,1,1,181,189,181,181,197,186,194,72,1.56521739,72,1.56521739,0,1,1,66,5,720,716,1,0,1
1327,134,3,Pyramid_v1a,MI_Pyramid_StairsStraight,20703860,4304,77214273,618,206,168,0,11,4297,4287,309,149,4,13,1,1,1,1013,848,925,1013,832,838,856,325,1.57766990,335,1.62621359,0,1,1,309,11,4297,4287,1,0,1
1328,134,3,Pyramid_v1a,MI_Pyramid_StairsCorner,20708164,4938,77214891,810,270,169,0,0,4914,4915,439,221,6,13,1,1,1,1325,1193,1243,1317,1188,1209,1191,468,1.73333333,468,1.73333333,0,1,1,439,0,4914,4915,1,0,1
1329,134,3,Pyramid_v1a,MI_Pyramid_WallTop_L,20713102,86405,77215701,16002,5334,170,0,9,86399,86391,8375,4648,12,17,0,0,1,34013,27339,26930,27324,23476,25204,23525,9247,1.73359580,9308,1.74503187,0,2,1,8375,9,86401,86393,0,0,2
1330,134,3,Pyramid_v1a,MI_Pyramid_WallTop_R,20799507,73182,77231703,13542,4514,171,0,1,73176,73176,7083,3942,11,17,0,0,1,28785,23087,22736,22918,19781,21429,19817,7829,1.73438192,7842,1.73726185,0,2,1,7083,1,73178,73178,0,0,2
1331,134,3,Pyramid_v1a,MI_Pyramid_Corner,20872689,18900,77245245,3444,1148,172,0,0,18897,18898,1670,844,9,15,1,1,1,6466,5658,5669,5829,4820,5002,4790,1870,1.62891986,1873,1.63153310,0,1,1,1670,0,18897,18898,1,0,1
1332,134,3,Pyramid_v1a,MI_Pyramid_Column,20891589,98695,77248689,18000,6000,173,0,13,98653,98641,8317,3141,7,17,0,0,1,38258,27316,27603,29400,23083,25369,23174,9225,1.53750000,9275,1.54583333,0,2,1,8317,13,98673,98661,0,0,2
1333,134,3,Pyramid_v1a,MI_Pyramid_StairRail,20990284,12124,77266689,2172,724,174,0,1,12119,12119,1129,542,8,14,1,1,1,3809,3067,3269,3474,3356,3433,3346,1218,1.68232044,1230,1.69889503,0,1,1,1129,1,12119,12119,1,0,1
1334,134,3,Pyramid_v1a,MI_Pyramid_StairsBottom,21002408,4592,77268861,6888,2296,175,0,0,4591,4592,4592,2296,2,13,1,1,1,11201,5742,7110,7821,2313,6893,2313,4592,2.00000000,4592,2.00000000,0,1,1,4592,0,4591,4592,1,0,1
1335,134,3,Pyramid_v1a,MI_Pyramid_StairsTop,21007000,4160,77275749,6240,2080,176,0,0,4159,4160,4160,2080,2,13,1,1,1,10148,5200,6425,7056,2097,6245,2097,4160,2.00000000,4160,2.00000000,0,1,1,4160,0,4159,4160,1,0,1
1336,134,3,Pyramid_v1a,MI_Pyramid_RailCorner,21011160,2658,77281989,468,156,177,0,1,2650,2650,240,104,5,12,1,1,1,710,661,660,710,636,688,642,257,1.64743590,258,1.65384615,0,1,1,240,1,2650,2650,1,0,1
1337,134,3,Pyramid_v1a,MI_Pyramid_RailStraight,21013818,11012,77282457,1830,610,178,0,5,11005,11001,856,275,9,14,1,1,1,3211,2542,2674,2925,2452,2529,2436,935,1.53278689,923,1.51311475,0,1,1,856,5,11005,11001,1,0,1
1338,134,3,Pyramid_v1a,MI_Pyramid_BottomWallCorner,21024830,79285,77284287,14022,4674,179,0,3,79278,79276,7055,3338,9,17,0,0,1,29805,21676,22044,22913,19540,20080,19711,7743,1.65661104,7782,1.66495507,0,2,1,7055,3,79278,79276,0,0,2
1339,134,3,Pyramid_v1a,MI_Pyramid_BottomWallSide,21104115,182021,77298309,32760,10920,180,0,76,181997,181922,17109,9084,13,18,0,0,1,73718,47877,49967,53837,46033,45519,46168,18442,1.68882784,18491,1.69331502,0,3,1,17109,78,181997,181920,0,0,3
1340,134,3,Pyramid_v1a,MI_Pyramid_Topper,21286136,9559,77331069,1776,592,181,0,6,9558,9553,734,276,10,14,1,1,1,3116,3026,3043,3072,2281,2908,2316,848,1.43243243,843,1.42398649,0,1,1,734,6,9558,9553,1,0,1
1341,134,3,Pyramid_v1a,MI_Pyramid_BottomFlat,21295695,5822,77332845,990,330,182,0,2,5820,5819,662,499,7,13,1,1,1,1617,1502,1491,1570,1565,1259,1573,678,2.05454545,678,2.05454545,0,1,1,662,2,5820,5819,1,0,1
1342,134,3,Pyramid_v1a,MI_Pyramid_Ground,21301517,151,77333835,54,18,183,0,12,150,139,30,13,3,8,1,1,1,62,62,62,62,74,66,74,30,1.66666667,30,1.66666667,0,1,1,30,18,150,133,1,0,1
1343,134,4,Pyramid_v1a,MI_Pyramid_TableStand,20698084,3625,77333889,384,128,165,0,43,3609,3567,194,76,5,12,1,1,1,584,524,577,584,597,628,608,215,1.67968750,215,1.67968750,0,1,1,194,24,3611,3588,1,0,1
1344,134,4,Pyramid_v1a,MI_Pyramid_TableTop,20701709,1395,77334273,120,40,166,0,6,1331,1326,52,19,7,11,1,1,1,173,178,173,173,163,185,162,54,1.35000000,54,1.35000000,0,1,1,52,6,1331,1326,1,0,1
1345,134,4,Pyramid_v1a,MI_Pyramid_Ceiling,20703104,756,77334393,66,22,167,0,5,663,659,29,11,6,10,1,1,1,91,91,91,91,102,97,100,29,1.31818182,29,1.31818182,0,1,1,29,5,663,659,1,0,1
1346,134,4,Pyramid_v1a,MI_Pyramid_StairsStraight,20703860,4304,77334459,306,102,168,0,37,4297,4261,145,40,5,13,1,1,1,506,461,463,506,408,451,412,150,1.47058824,150,1.47058824,0,1,1,145,37,4297,4261,1,0,1
1347,134,4,Pyramid_v1a,MI_Pyramid_StairsCorner,20708164,4938,77334765,402,134,169,0,0,4914,4915,193,77,6,13,1,1,1,662,627,620,662,567,646,564,207,1.54477612,214,1.59701493,0,1,1,193,0,4914,4915,1,0,1
1348,134,4,Pyramid_v1a,MI_Pyramid_WallTop_L,20713102,86405,77335167,7998,2666,170,0,30,86394,86365,3772,1826,11,17,0,0,1,17004,13881,13721,14237,11233,13405,11286,4256,1.59639910,4273,1.60277569,0,2,1,3772,30,86396,86367,0,0,2
1349,134,4,Pyramid_v1a,MI_Pyramid_WallTop_R,20799507,73182,77343165,6768,2256,171,0,109,73170,73062,3203,1521,10,17,0,0,1,14390,11662,11519,12030,9539,11374,9528,3592,1.59219858,3638,1.61258865,0,2,1,3203,109,73172,73064,0,0,2
1350,134,4,Pyramid_v1a,MI_Pyramid_Corner,20872689,18900,77349933,1722,574,172,0,21,18820,18800,703,251,10,15,1,1,1,3237,2871,2890,3015,2214,2660,2209,814,1.41811847,832,1.44947735,0,1,1,703,21,18820,18800,1,0,1
1351,134,4,Pyramid_v1a,MI_Pyramid_Column,20891589,98695,77351655,9000,3000,173,0,23,98639,98617,3739,1441,11,17,0,0,1,19133,14144,14190,15681,10640,13459,10624,4208,1.40266667,4262,1.42066667,0,2,1,3739,23,98659,98637,0,0,2
1352,134,4,Pyramid_v1a,MI_Pyramid_StairRail,20990284,12124,77360655,1086,362,174,0,1,12119,12119,526,210,7,14,1,1,1,1909,1622,1663,1837,1603,1749,1598,564,1.55801105,568,1.56906077,0,1,1,526,1,12119,12119,1,0,1
1353,134,4,Pyramid_v1a,MI_Pyramid_StairsBottom,21002408,4592,77361741,6888,2296,175,0,0,4591,4592,4592,2296,2,13,1,1,1,11201,5742,7110,7821,2313,6893,2313,4592,2.00000000,4592,2.00000000,0,1,1,4592,0,4591,4592,1,0,1
1354,134,4,Pyramid_v1a,MI_Pyramid_StairsTop,21007000,4160,77368629,6240,2080,176,0,0,4159,4160,4160,2080,2,13,1,1,1,10148,5200,6425,7056,2097,6245,2097,4160,2.00000000,4160,2.00000000,0,1,1,4160,0,4159,4160,1,0,1
1355,134,4,Pyramid_v1a,MI_Pyramid_RailCorner,21011160,2658,77374869,234,78,177,0,21,2643,2623,119,47,6,12,1,1,1,359,341,359,359,323,364,330,125,1.60256410,127,1.62820513,0,1,1,119,21,2643,2623,1,0,1
1356,134,4,Pyramid_v1a,MI_Pyramid_RailStraight,21013818,11012,77375103,876,292,178,0,11,11005,10995,454,201,9,14,1,1,1,1541,1292,1366,1509,1257,1315,1253,483,1.65410959,484,1.65753425,0,1,1,454,11,11005,10995,1,0,1
1357,134,4,Pyramid_v1a,MI_Pyramid_BottomWallCorner,21024830,79285,77375979,7008,2336,179,0,3,79273,79271,3210,1365,9,17,0,0,1,14900,11276,11550,12320,9688,10945,9719,3626,1.55222603,3633,1.55522260,0,2,1,3210,3,79273,79271,0,0,2
1358,134,4,Pyramid_v1a,MI_Pyramid_BottomWallSide,21104115,182021,77382987,16374,5458,180,0,540,181971,181432,7855,3864,17,18,0,0,1,36850,24757,26117,28547,22736,24344,22841,8644,1.58373030,8696,1.59325760,0,3,1,7855,439,181971,181533,0,0,3
1359,134,4,Pyramid_v1a,MI_Pyramid_Topper,21286136,9559,77399361,882,294,181,0,323,9552,9230,311,97,13,14,1,1,1,1552,1547,1578,1560,1116,1564,1090,385,1.30952381,380,1.29251701,0,1,1,311,178,9552,9375,1,0,1
1360,134,4,Pyramid_v1a,MI_Pyramid_BottomFlat,21295695,5822,77400243,672,224,182,0,33,5820,5788,521,469,7,13,1,1,1,1100,1028,1045,1100,1289,871,1289,531,2.37053571,531,2.37053571,0,1,1,521,33,5820,5788,1,0,1
1361,134,4,Pyramid_v1a,MI_Pyramid_Ground,21301517,151,77400915,54,18,183,0,12,150,139,30,13,3,8,1,1,1,62,62,62,62,74,66,74,30,1.66666667,30,1.66666667,0,1,1,30,18,150,133,1,0,1
1362,134,5,Pyramid_v1a,MI_Pyramid_TableStand,20698084,3625,77400969,192,64,165,0,124,3580,3457,97,42,5,12,1,1,1,296,280,296,296,307,331,312,105,1.64062500,105,1.64062500,0,1,1,97,24,3502,3479,1,0,1
1363,134,5,Pyramid_v1a,MI_Pyramid_TableTop,20701709,1395,77401161,60,20,166,0,40,928,889,28,9,4,10,1,1,1,83,83,83,83,92,87,92,28,1.40000000,28,1.40000000,0,1,1,28,40,928,889,1,0,1
1364,134,5,Pyramid_v1a,MI_Pyramid_Ceiling,20703104,756,77401221,66,22,167,0,5,663,659,29,11,6,10,1,1,1,91,91,91,91,102,97,100,29,1.31818182,29,1.31818182,0,1,1,29,5,663,659,1,0,1
1365,134,5,Pyramid_v1a,MI_Pyramid_StairsStraight,20703860,4304,77401287,150,50,168,0,37,4214,4178,83,36,3,13,1,1,1,252,235,252,252,250,227,250,86,1.72000000,86,1.72000000,0,1,1,83,37,4214,4178,1,0,1
1366,134,5,Pyramid_v1a,MI_Pyramid_StairsCorner,20708164,4938,77401437,198,66,169,0,89,4866,4778,99,36,5,13,1,1,1,330,319,330,330,322,322,315,106,1.60606061,106,1.60606061,0,1,1,99,89,4866,4778,1,0,1
1367,134,5,Pyramid_v1a,MI_Pyramid_WallTop_L,20713102,86405,77401635,3984,1328,170,0,191,86377,86187,1746,746,12,17,0,0,1,8474,6990,7028,7482,5439,7064,5491,1970,1.48343373,2024,1.52409639,0,2,1,1746,191,86379,86189,0,0,2
1368,134,5,Pyramid_v1a,MI_Pyramid_WallTop_R,20799507,73182,77405619,3384,1128,171,0,198,73169,72972,1472,625,9,17,0,0,1,7199,5883,5940,6307,4584,6040,4604,1675,1.48492908,1686,1.49468085,0,2,1,1472,198,73171,72974,0,0,2
1369,134,5,Pyramid_v1a,MI_Pyramid_Corner,20872689,18900,77409003,858,286,172,0,21,18757,18737,324,80,13,15,1,1,1,1617,1479,1493,1603,1114,1422,1096,379,1.32517483,387,1.35314685,0,1,1,324,21,18757,18737,1,0,1
1370,134,5,Pyramid_v1a,MI_Pyramid_Column,20891589,98695,77409861,4482,1494,173,0,712,97997,97286,1635,730,19,17,0,0,1,9533,7291,7516,8372,4369,6449,4050,1876,1.25568942,1915,1.28179384,0,2,1,1635,712,97997,97286,0,0,2
1371,134,5,Pyramid_v1a,MI_Pyramid_StairRail,20990284,12124,77414343,540,180,174,0,7,12116,12110,277,113,6,14,1,1,1,953,851,892,953,827,884,818,284,1.57777778,284,1.57777778,0,1,1,277,7,12116,12110,1,0,1
1372,134,5,Pyramid_v1a,MI_Pyramid_StairsBottom,21002408,4592,77414883,6888,2296,175,0,0,4591,4592,4592,2296,2,13,1,1,1,11201,5742,7110,7821,2313,6893,2313,4592,2.00000000,4592,2.00000000,0,1,1,4592,0,4591,4592,1,0,1
1373,134,5,Pyramid_v1a,MI_Pyramid_StairsTop,21007000,4160,77421771,6240,2080,176,0,0,4159,4160,4160,2080,2,13,1,1,1,10148,5200,6425,7056,2097,6245,2097,4160,2.00000000,4160,2.00000000,0,1,1,4160,0,4159,4160,1,0,1
1374,134,5,Pyramid_v1a,MI_Pyramid_RailCorner,21011160,2658,77428011,114,38,177,0,21,2572,2552,65,33,5,12,1,1,1,179,183,179,179,185,187,184,67,1.76315789,66,1.73684211,0,1,1,65,21,2572,2552,1,0,1
1375,134,5,Pyramid_v1a,MI_Pyramid_RailStraight,21013818,11012,77428125,444,148,178,0,11,11005,10995,249,139,8,14,1,1,1,785,699,739,785,710,723,707,259,1.75000000,259,1.75000000,0,1,1,249,11,11005,10995,1,0,1
1376,134,5,Pyramid_v1a,MI_Pyramid_BottomWallCorner,21024830,79285,77428569,3504,1168,179,0,3,79265,79263,1522,565,8,17,0,0,1,7454,5768,5975,6556,4678,5806,4689,1679,1.43750000,1701,1.45633562,0,2,1,1522,3,79265,79263,0,0,2
1377,134,5,Pyramid_v1a,MI_Pyramid_BottomWallSide,21104115,182021,77432073,8178,2726,180,0,589,181939,181351,3832,1853,21,18,0,0,1,18409,13078,13946,15235,11150,12593,11051,4185,1.53521643,4227,1.55062362,0,3,1,3832,439,181945,181507,0,0,3
1378,134,5,Pyramid_v1a,MI_Pyramid_Topper,21286136,9559,77440251,858,286,181,0,323,9552,9230,301,93,13,14,1,1,1,1510,1514,1536,1518,1087,1541,1066,370,1.29370629,373,1.30419580,0,1,1,301,178,9552,9375,1,0,1
1379,134,5,Pyramid_v1a,MI_Pyramid_BottomFlat,21295695,5822,77441109,672,224,182,0,33,5820,5788,521,469,7,13,1,1,1,1100,1028,1045,1100,1288,859,1291,531,2.37053571,531,2.37053571,0,1,1,521,33,5820,5788,1,0,1
1380,134,5,Pyramid_v1a,MI_Pyramid_Ground,21301517,151,77441781,54,18,183,0,12,150,139,30,13,3,8,1,1,1,62,62,62,62,74,66,74,30,1.66666667,30,1.66666667,0,1,1,30,18,150,133,1,0,1
1381,134,6,Pyramid_v1a,MI_Pyramid_TableStand,20698084,3625,77441835,60,20,165,0,124,3580,3457,35,17,4,12,1,1,1,98,98,98,98,118,114,119,38,1.90000000,38,1.90000000,0,1,1,35,148,3502,3355,1,0,1
1382,134,6,Pyramid_v1a,MI_Pyramid_TableTop,20701709,1395,77441895,24,8,166,0,74,928,855,12,3,3,10,1,1,1,38,38,38,38,55,44,52,12,1.50000000,12,1.50000000,0,1,1,12,92,928,837,1,0,1
1383,134,6,Pyramid_v1a,MI_Pyramid_Ceiling,20703104,756,77441919,66,22,167,0,5,663,659,29,11,6,10,1,1,1,91,91,91,91,102,97,100,29,1.31818182,29,1.31818182,0,1,1,29,5,663,659,1,0,1
1384,134,6,Pyramid_v1a,MI_Pyramid_StairsStraight,20703860,4304,77441985,48,16,168,0,691,4214,3524,30,14,3,12,1,1,1,80,80,80,80,88,74,88,30,1.87500000,30,1.87500000,0,1,1,30,691,4214,3524,1,0,1
1385,134,6,Pyramid_v1a,MI_Pyramid_StairsCorner,20708164,4938,77442033,66,22,169,0,346,4498,4153,39,19,5,13,1,1,1,116,116,116,116,128,114,130,39,1.77272727,39,1.77272727,0,1,1,39,346,4498,4153,1,0,1
1386,134,6,Pyramid_v1a,MI_Pyramid_WallTop_L,20713102,86405,77442099,1332,444,170,0,199,86051,85853,549,199,9,17,0,0,1,2839,2433,2536,2680,1848,2567,1857,624,1.40540541,636,1.43243243,0,2,1,549,199,86056,85858,0,0,2
1387,134,6,Pyramid_v1a,MI_Pyramid_WallTop_R,20799507,73182,77443431,1128,376,171,0,235,72844,72610,476,178,7,17,0,0,1,2405,2037,2145,2227,1572,2205,1568,542,1.44148936,549,1.46010638,0,2,1,476,237,72849,72613,0,0,2
1388,134,6,Pyramid_v1a,MI_Pyramid_Corner,20872689,18900,77444559,282,94,172,0,21,18753,18733,106,22,8,15,1,1,1,537,495,539,537,388,517,390,123,1.30851064,120,1.27659574,0,1,1,106,21,18753,18733,1,0,1
1389,134,6,Pyramid_v1a,MI_Pyramid_Column,20891589,98695,77444841,4266,1422,173,0,712,97997,97286,1561,720,21,17,0,0,1,9074,6864,7207,7994,4152,6024,3744,1779,1.25105485,1798,1.26441632,0,2,1,1561,712,97997,97286,0,0,2
1390,134,6,Pyramid_v1a,MI_Pyramid_StairRail,20990284,12124,77449107,180,60,174,0,148,12116,11969,117,69,4,14,1,1,1,323,309,323,323,337,320,338,117,1.95000000,117,1.95000000,0,1,1,117,148,12116,11969,1,0,1
1391,134,6,Pyramid_v1a,MI_Pyramid_StairsBottom,21002408,4592,77449287,6888,2296,175,0,0,4591,4592,4592,2296,2,13,1,1,1,11201,5742,7110,7821,2313,6893,2313,4592,2.00000000,4592,2.00000000,0,1,1,4592,0,4591,4592,1,0,1
1392,134,6,Pyramid_v1a,MI_Pyramid_StairsTop,21007000,4160,77456175,6240,2080,176,0,0,4159,4160,4160,2080,2,13,1,1,1,10148,5200,6425,7056,2097,6245,2097,4160,2.00000000,4160,2.00000000,0,1,1,4160,0,4159,4160,1,0,1
1393,134,6,Pyramid_v1a,MI_Pyramid_RailCorner,21011160,2658,77462415,36,12,177,0,21,1841,1821,22,10,3,11,1,1,1,58,58,58,58,75,68,75,22,1.83333333,22,1.83333333,0,1,1,22,21,1841,1821,1,0,1
1394,134,6,Pyramid_v1a,MI_Pyramid_RailStraight,21013818,11012,77462451,150,50,178,0,11,10209,10199,74,32,7,14,1,1,1,271,260,271,271,242,243,238,75,1.50000000,75,1.50000000,0,1,1,74,11,10209,10199,1,0,1
1395,134,6,Pyramid_v1a,MI_Pyramid_BottomWallCorner,21024830,79285,77462601,1164,388,179,0,3,79073,79071,518,162,6,17,0,0,1,2482,2003,2208,2295,1613,2076,1592,554,1.42783505,555,1.43041237,0,2,1,518,3,79073,79071,0,0,2
1396,134,6,Pyramid_v1a,MI_Pyramid_BottomWallSide,21104115,182021,77463765,3000,1000,180,0,41263,181939,140677,1564,981,26,18,0,0,1,6758,4891,5218,5771,4144,4207,4157,1678,1.67800000,1685,1.68500000,0,3,1,1564,41228,181945,140718,0,0,3
1397,134,6,Pyramid_v1a,MI_Pyramid_Topper,21286136,9559,77466765,858,286,181,0,323,9552,9230,301,93,13,14,1,1,1,1510,1514,1536,1518,1088,1542,1064,370,1.29370629,373,1.30419580,0,1,1,301,178,9552,9375,1,0,1
1398,134,6,Pyramid_v1a,MI_Pyramid_BottomFlat,21295695,5822,77467623,672,224,182,0,33,5820,5788,521,469,7,13,1,1,1,1100,1028,1045,1100,1289,871,1289,531,2.37053571,531,2.37053571,0,1,1,521,33,5820,5788,1,0,1
1399,134,6,Pyramid_v1a,MI_Pyramid_Ground,21301517,151,77468295,54,18,183,0,12,150,139,30,13,3,8,1,1,1,62,62,62,62,74,66,74,30,1.66666667,30,1.66666667,0,1,1,30,18,150,133,1,0,1
1400,135,0,STT_BanyanForest_ROP_Reduced_001_Translucent,MI_Banyan_Bark,21301668,3581712,31782477,4758486,1586162,184,0,0,3581711,3581712,3581712,2404940,3,22,0,0,0,13085845,4546053,4907806,5997388,5565945,4758497,5565945,3582340,2.25849566,3582340,2.25849566,0,55,55,3581720,0,3581711,3581712,0,0,55
1401,135,0,STT_BanyanForest_ROP_Reduced_001_Translucent,MI_Banyan_Vines,24883380,132990,36540963,194670,64890,185,0,0,132989,132990,132990,71310,2,18,0,0,0,438016,181343,200769,245278,64907,194675,64907,133102,2.05119433,133102,2.05119433,0,3,3,132992,0,132989,132990,0,0,3
1402,135,0,STT_BanyanForest_ROP_Reduced_001_Translucent,MI_Banyan_Leaves_TwoSided,25016370,7237387,36735633,9869175,3289725,186,3,0,7237386,7237387,7237387,4605599,2,23,0,0,0,28373887,9457961,10178779,12439230,10372592,9869180,10372592,7425367,2.25713912,7425367,2.25713912,0,111,111,7237387,0,7237386,7237387,0,0,111
1403,135,1,STT_BanyanForest_ROP_Reduced_001_Translucent,MI_Banyan_Bark,21301668,3581712,77468349,2336244,778748,184,0,8,3581710,3581703,1663601,1067924,9,22,0,0,0,6424679,2393714,2703588,3094401,2736200,2359498,2735054,1683130,2.16132818,1683207,2.16142706,0,55,26,1663613,8,3581710,3581703,0,0,55
1404,135,1,STT_BanyanForest_ROP_Reduced_001_Translucent,MI_Banyan_Vines,24883380,132990,79804593,94314,31438,185,0,2,132980,132979,60957,36177,7,18,0,0,1,212215,96132,107382,122410,106229,96146,106111,62215,1.97897449,62222,1.97919715,0,3,1,60957,2,132980,132979,0,0,3
1405,135,1,STT_BanyanForest_ROP_Reduced_001_Translucent,MI_Banyan_Leaves_TwoSided,25016370,7237387,79898907,4934583,1644861,186,3,1,7237377,7237377,3577757,2401570,4,23,0,0,0,14186935,5210717,5710670,6739623,6266809,4963016,6262068,3638848,2.21225259,3638847,2.21225198,0,111,55,3577784,1,7237377,7237377,0,0,111
1406,135,2,STT_BanyanForest_ROP_Reduced_001_Translucent,MI_Banyan_Bark,21301668,3581712,84833490,1167492,389164,184,0,8,3581710,3581703,855459,582668,9,22,0,0,0,3210611,1277775,1429531,1653228,1433138,1191324,1432623,866727,2.22715102,866885,2.22755702,0,55,14,855465,8,3581710,3581703,0,0,55
1407,135,2,STT_BanyanForest_ROP_Reduced_001_Translucent,MI_Banyan_Vines,24883380,132990,86000982,46890,15630,185,0,58,132636,132579,28148,16242,8,18,0,0,1,105511,51821,57247,66309,53938,48935,53842,29104,1.86206014,29153,1.86519514,0,3,1,28148,58,132636,132579,0,0,3
1408,135,2,STT_BanyanForest_ROP_Reduced_001_Translucent,MI_Banyan_Leaves_TwoSided,25016370,7237387,86047872,2404443,801481,186,3,1,7237371,7237371,686364,131640,71,23,0,0,0,6912782,6597081,6782999,6830323,2765969,4073837,2699752,834392,1.04106273,840682,1.04891070,322608,425072,11,694145,1,7237371,7237371,0,322608,425072
1409,135,3,STT_BanyanForest_ROP_Reduced_001_Translucent,MI_Banyan_Bark,21301668,3581712,88452315,570984,190328,184,0,8,3581710,3581703,434442,312427,9,22,0,0,0,1570214,652543,724369,841653,729324,587200,729271,440026,2.31193519,440075,2.31219264,0,52,7,434443,8,3581710,3581703,0,0,52
1410,135,3,STT_BanyanForest_ROP_Reduced_001_Translucent,MI_Banyan_Vines,24883380,132990,89023299,22758,7586,185,0,458,131672,131215,12340,6221,7,18,0,0,1,51214,27431,30461,34569,25572,24592,25473,12879,1.69773267,12930,1.70445558,0,3,1,12340,458,131672,131215,0,0,3
1411,135,3,STT_BanyanForest_ROP_Reduced_001_Translucent,MI_Banyan_Leaves_TwoSided,25016370,7237387,89046057,1132752,377584,186,3,5,7237369,7237365,345087,103587,73,23,0,0,0,3256670,3234650,3238861,3234670,1522969,2288728,1498377,406490,1.07655515,408537,1.08197646,194757,243061,6,346126,5,7237369,7237365,0,194757,243061
1412,135,4,STT_BanyanForest_ROP_Reduced_001_Translucent,MI_Banyan_Bark,21301668,3581712,90178809,284214,94738,184,0,177,3581710,3581534,228156,177078,9,22,0,0,0,781597,337800,378183,434632,386022,295311,386017,230598,2.43406025,230642,2.43452469,0,40,4,228156,177,3581710,3581534,0,0,40
1413,135,4,STT_BanyanForest_ROP_Reduced_001_Translucent,MI_Banyan_Vines,24883380,132990,90463023,11424,3808,185,0,1242,131386,130145,5781,2572,8,17,0,0,1,24284,14716,16263,18672,12598,12895,12522,6064,1.59243697,6108,1.60399160,0,2,1,5781,1242,131386,130145,0,0,2
1414,135,4,STT_BanyanForest_ROP_Reduced_001_Translucent,MI_Banyan_Leaves_TwoSided,25016370,7237387,90474447,562218,187406,186,3,5,7237361,7237357,186559,70038,71,23,0,0,0,1616385,1631759,1616747,1608311,863348,1281849,853650,215109,1.14782344,215973,1.15243375,110947,134762,3,186944,5,7237361,7237357,0,110947,134762
1415,135,5,STT_BanyanForest_ROP_Reduced_001_Translucent,MI_Banyan_Bark,21301668,3581712,91036665,142398,47466,184,0,577,3581710,3581134,121941,103614,9,22,0,0,0,391603,181059,203120,231614,211393,150615,211322,122889,2.58899001,122930,2.58985379,0,30,2,121941,577,3581710,3581134,0,0,30
1416,135,5,STT_BanyanForest_ROP_Reduced_001_Translucent,MI_Banyan_Vines,24883380,132990,91179063,5760,1920,185,0,2054,127367,125314,2832,1158,7,17,0,0,1,12248,7860,8770,10000,6397,6724,6347,2983,1.55364583,2969,1.54635417,0,2,1,2832,2054,127367,125314,0,0,2
1417,135,5,STT_BanyanForest_ROP_Reduced_001_Translucent,MI_Banyan_Leaves_TwoSided,25016370,7237387,91184823,283182,94394,186,3,5,7237361,7237357,100673,42872,68,23,0,0,0,814157,826697,815784,810861,482196,711200,477956,114500,1.21300083,115117,1.21953726,62183,73908,2,100703,5,7237361,7237357,0,62183,73908
1418,135,6,STT_BanyanForest_ROP_Reduced_001_Translucent,MI_Banyan_Bark,21301668,3581712,91468005,47562,15854,184,0,6866,3581677,3574812,42688,38558,8,22,0,0,1,130804,68774,76857,86521,76190,51910,76174,42931,2.70789706,42968,2.71023086,0,24,1,42688,6866,3581677,3574812,0,0,24
1419,135,6,STT_BanyanForest_ROP_Reduced_001_Translucent,MI_Banyan_Vines,24883380,132990,91515567,1944,648,185,0,2348,124527,122180,942,357,7,17,0,0,1,4139,2937,3234,3720,2270,2478,2265,981,1.51388889,983,1.51697531,0,2,1,942,2348,124527,122180,0,0,2
1420,135,6,STT_BanyanForest_ROP_Reduced_001_Translucent,MI_Banyan_Leaves_TwoSided,25016370,7237387,91517511,91800,30600,186,3,215,7237361,7237147,34022,15914,54,23,0,0,1,263933,268497,264816,263253,172288,258840,170778,38097,1.24500000,38221,1.24905229,23252,26533,1,34022,215,7237361,7237147,0,23252,26533
1421,136,0,Creek,River,32253757,10404,46604808,61206,20402,164,0,0,10403,10404,10404,2,6,14,1,1,1,107119,78533,79966,85087,44940,86144,59447,15579,0.76360161,21524,1.05499461,0,1,1,10404,0,10403,10404,1,0,1
1422,136,1,Creek,River,32253757,10404,91609311,30603,10201,164,0,0,10403,10404,5192,0,12,14,1,1,1,53564,42030,43475,46144,22530,44962,22713,7833,0.76786590,8686,0.85148515,0,1,1,5192,0,10403,10404,1,0,1
1423,136,2,Creek,River,32253757,10404,91639914,15300,5100,164,0,0,10403,10404,2624,0,12,14,1,1,1,26783,22109,22660,24063,11616,24107,11795,3891,0.76294118,4238,0.83098039,0,1,1,2624,0,10403,10404,1,0,1
1424,136,3,Creek,River,32253757,10404,91655214,7341,2447,164,0,0,10403,10404,1291,1,15,14,1,1,1,12855,11070,11386,12159,5669,12210,5737,1895,0.77441765,2009,0.82100531,0,1,1,1291,0,10403,10404,1,0,1
1425,136,4,Creek,River,32253757,10404,91662555,3669,1223,164,0,1,10403,10403,673,1,16,14,1,1,1,6429,5763,5830,6365,2838,6186,2898,957,0.78250204,1029,0.84137367,0,1,1,673,1,10403,10403,1,0,1
1426,136,5,Creek,River,32253757,10404,91666224,1836,612,164,0,1,10403,10403,358,0,16,14,1,1,1,3221,3007,3116,3200,1385,3097,1445,488,0.79738562,527,0.86111111,0,1,1,358,1,10320,10320,1,0,1
1427,136,6,Creek,River,32253757,10404,91668060,609,203,164,0,1,10403,10403,138,0,16,14,1,1,1,1074,1054,1079,1074,441,991,464,177,0.87192118,182,0.89655172,0,1,1,138,1,10310,10310,1,0,1
1428,137,0,RiverForest_03_Animated_Translucent_Impostor_0,RiverForest_03_Animated_Translucent_Impostor_0,32264161,4,91668669,6,2,187,3,0,3,4,4,2,2,2,1,1,1,10,10,10,10,21,11,21,4,2.00000000,4,2.00000000,0,1,1,4,0,3,4,1,0,1
1429,138,0,RiverForest_03_Animated_Translucent_Impostor_1,RiverForest_03_Animated_Translucent_Impostor_1,32264165,4,91668675,6,2,188,3,0,3,4,4,2,2,2,1,1,1,10,10,10,10,21,11,21,4,2.00000000,4,2.00000000,0,1,1,4,0,3,4,1,0,1
1430,139,0,RiverForest_03_Animated_Translucent_Impostor_2,RiverForest_03_Animated_Translucent_Impostor_2,32264169,4,91668681,6,2,189,3,0,3,4,4,2,2,2,1,1,1,10,10,10,10,21,11,21,4,2.00000000,4,2.00000000,0,1,1,4,0,3,4,1,0,1
1431,140,0,RiverForest_03_Animated_Translucent_Impostor_3,RiverForest_03_Animated_Translucent_Impostor_3,32264173,4,91668687,6,2,190,3,0,3,4,4,2,2,2,1,1,1,10,10,10,10,21,11,21,4,2.00000000,4,2.00000000,0,1,1,4,0,3,4,1,0,1
1432,141,0,RiverForest_03_Animated_Translucent_Impostor_4,RiverForest_03_Animated_Translucent_Impostor_4,32264177,4,91668693,6,2,191,3,0,3,4,4,2,2,2,1,1,1,10,10,10,10,21,11,21,4,2.00000000,4,2.00000000,0,1,1,4,0,3,4,1,0,1
1433,142,0,RiverForest_03_Animated_Translucent_Impostor_5,RiverForest_03_Animated_Translucent_Impostor_5,32264181,4,91668699,6,2,192,3,0,3,4,4,2,2,2,1,1,1,10,10,10,10,21,11,21,4,2.00000000,4,2.00000000,0,1,1,4,0,3,4,1,0,1
1434,143,0,RiverForest_03_Animated_Translucent_Impostor_6,RiverForest_03_Animated_Translucent_Impostor_6,32264185,4,91668705,6,2,193,3,0,3,4,4,2,2,2,1,1,1,10,10,10,10,21,11,21,4,2.00000000,4,2.00000000,0,1,1,4,0,3,4,1,0,1
1435,144,0,RiverForest_03_Animated_Translucent_Impostor_7,RiverForest_03_Animated_Translucent_Impostor_7,32264189,4,91668711,6,2,194,3,0,3,4,4,2,2,2,1,1,1,10,10,10,10,21,11,21,4,2.00000000,4,2.00000000,0,1,1,4,0,3,4,1,0,1
1436,145,0,RiverForest_01_Animated_Translucent_Impostor_0,RiverForest_01_Animated_Translucent_Impostor_0,32264193,4,91668717,6,2,195,3,0,3,4,4,2,2,2,1,1,1,10,10,10,10,21,11,21,4,2.00000000,4,2.00000000,0,1,1,4,0,3,4,1,0,1
1437,146,0,RiverForest_01_Animated_Translucent_Impostor_1,RiverForest_01_Animated_Translucent_Impostor_1,32264197,4,91668723,6,2,196,3,0,3,4,4,2,2,2,1,1,1,10,10,10,10,21,11,21,4,2.00000000,4,2.00000000,0,1,1,4,0,3,4,1,0,1
1438,147,0,RiverForest_01_Animated_Translucent_Impostor_2,RiverForest_01_Animated_Translucent_Impostor_2,32264201,4,91668729,6,2,197,3,0,3,4,4,2,2,2,1,1,1,10,10,10,10,21,11,21,4,2.00000000,4,2.00000000,0,1,1,4,0,3,4,1,0,1
1439,148,0,RiverForest_01_Animated_Translucent_Impostor_3,RiverForest_01_Animated_Translucent_Impostor_3,32264205,4,91668735,6,2,198,3,0,3,4,4,2,2,2,1,1,1,10,10,10,10,21,11,21,4,2.00000000,4,2.00000000,0,1,1,4,0,3,4,1,0,1
1440,149,0,RiverForest_01_Animated_Translucent_Impostor_4,RiverForest_01_Animated_Translucent_Impostor_4,32264209,4,91668741,6,2,199,3,0,3,4,4,2,2,2,1,1,1,10,10,10,10,21,11,21,4,2.00000000,4,2.00000000,0,1,1,4,0,3,4,1,0,1
1441,150,0,RiverForest_01_Animated_Translucent_Impostor_5,RiverForest_01_Animated_Translucent_Impostor_5,32264213,4,91668747,6,2,200,3,0,3,4,4,2,2,2,1,1,1,10,10,10,10,21,11,21,4,2.00000000,4,2.00000000,0,1,1,4,0,3,4,1,0,1
1442,151,0,RiverForest_01_Animated_Translucent_Impostor_6,RiverForest_01_Animated_Translucent_Impostor_6,32264217,4,91668753,6,2,201,3,0,3,4,4,2,2,2,1,1,1,10,10,10,10,21,11,21,4,2.00000000,4,2.00000000,0,1,1,4,0,3,4,1,0,1
1443,152,0,RiverForest_01_Animated_Translucent_Impostor_7,RiverForest_01_Animated_Translucent_Impostor_7,32264221,4,91668759,6,2,202,3,0,3,4,4,2,2,2,1,1,1,10,10,10,10,21,11,21,4,2.00000000,4,2.00000000,0,1,1,4,0,3,4,1,0,1
1444,153,0,RiverForest_05_Animated_Translucent_Impostor_0,RiverForest_05_Animated_Translucent_Impostor_0,32264225,4,91668765,6,2,203,3,0,3,4,4,2,2,2,1,1,1,10,10,10,10,21,11,21,4,2.00000000,4,2.00000000,0,1,1,4,0,3,4,1,0,1
1445,154,0,RiverForest_05_Animated_Translucent_Impostor_1,RiverForest_05_Animated_Translucent_Impostor_1,32264229,4,91668771,6,2,204,3,0,3,4,4,2,2,2,1,1,1,10,10,10,10,21,11,21,4,2.00000000,4,2.00000000,0,1,1,4,0,3,4,1,0,1
1446,155,0,RiverForest_05_Animated_Translucent_Impostor_2,RiverForest_05_Animated_Translucent_Impostor_2,32264233,4,91668777,6,2,205,3,0,3,4,4,2,2,2,1,1,1,10,10,10,10,21,11,21,4,2.00000000,4,2.00000000,0,1,1,4,0,3,4,1,0,1
1447,156,0,RiverForest_05_Animated_Translucent_Impostor_3,RiverForest_05_Animated_Translucent_Impostor_3,32264237,4,91668783,6,2,206,3,0,3,4,4,2,2,2,1,1,1,10,10,10,10,21,11,21,4,2.00000000,4,2.00000000,0,1,1,4,0,3,4,1,0,1
1448,157,0,RiverForest_05_Animated_Translucent_Impostor_4,RiverForest_05_Animated_Translucent_Impostor_4,32264241,4,91668789,6,2,207,3,0,3,4,4,2,2,2,1,1,1,10,10,10,10,21,11,21,4,2.00000000,4,2.00000000,0,1,1,4,0,3,4,1,0,1
1449,158,0,RiverForest_05_Animated_Translucent_Impostor_5,RiverForest_05_Animated_Translucent_Impostor_5,32264245,4,91668795,6,2,208,3,0,3,4,4,2,2,2,1,1,1,10,10,10,10,21,11,21,4,2.00000000,4,2.00000000,0,1,1,4,0,3,4,1,0,1
1450,159,0,RiverForest_05_Animated_Translucent_Impostor_6,RiverForest_05_Animated_Translucent_Impostor_6,32264249,4,91668801,6,2,209,3,0,3,4,4,2,2,2,1,1,1,10,10,10,10,21,11,21,4,2.00000000,4,2.00000000,0,1,1,4,0,3,4,1,0,1
1451,160,0,RiverForest_05_Animated_Translucent_Impostor_7,RiverForest_05_Animated_Translucent_Impostor_7,32264253,4,91668807,6,2,210,3,0,3,4,4,2,2,2,1,1,1,10,10,10,10,21,11,21,4,2.00000000,4,2.00000000,0,1,1,4,0,3,4,1,0,1
1452,161,0,QueenForest_06_Animated_Translucent_Impostor_0,QueenForest_06_Animated_Translucent_Impostor_0,32264257,4,91668813,6,2,211,3,0,3,4,4,2,2,2,1,1,1,10,10,10,10,21,11,21,4,2.00000000,4,2.00000000,0,1,1,4,0,3,4,1,0,1
1453,162,0,QueenForest_06_Animated_Translucent_Impostor_1,QueenForest_06_Animated_Translucent_Impostor_1,32264261,4,91668819,6,2,212,3,0,3,4,4,2,2,2,1,1,1,10,10,10,10,21,11,21,4,2.00000000,4,2.00000000,0,1,1,4,0,3,4,1,0,1
1454,163,0,QueenForest_06_Animated_Translucent_Impostor_2,QueenForest_06_Animated_Translucent_Impostor_2,32264265,4,91668825,6,2,213,3,0,3,4,4,2,2,2,1,1,1,10,10,10,10,21,11,21,4,2.00000000,4,2.00000000,0,1,1,4,0,3,4,1,0,1
1455,164,0,QueenForest_06_Animated_Translucent_Impostor_3,QueenForest_06_Animated_Translucent_Impostor_3,32264269,4,91668831,6,2,214,3,0,3,4,4,2,2,2,1,1,1,10,10,10,10,21,11,21,4,2.00000000,4,2.00000000,0,1,1,4,0,3,4,1,0,1
1456,165,0,QueenForest_06_Animated_Translucent_Impostor_4,QueenForest_06_Animated_Translucent_Impostor_4,32264273,4,91668837,6,2,215,3,0,3,4,4,2,2,2,1,1,1,10,10,10,10,21,11,21,4,2.00000000,4,2.00000000,0,1,1,4,0,3,4,1,0,1
1457,166,0,QueenForest_06_Animated_Translucent_Impostor_5,QueenForest_06_Animated_Translucent_Impostor_5,32264277,4,91668843,6,2,216,3,0,3,4,4,2,2,2,1,1,1,10,10,10,10,21,11,21,4,2.00000000,4,2.00000000,0,1,1,4,0,3,4,1,0,1
1458,167,0,QueenForest_06_Animated_Translucent_Impostor_6,QueenForest_06_Animated_Translucent_Impostor_6,32264281,4,91668849,6,2,217,3,0,3,4,4,2,2,2,1,1,1,10,10,10,10,21,11,21,4,2.00000000,4,2.00000000,0,1,1,4,0,3,4,1,0,1
1459,168,0,QueenForest_06_Animated_Translucent_Impostor_7,QueenForest_06_Animated_Translucent_Impostor_7,32264285,4,91668855,6,2,218,3,0,3,4,4,2,2,2,1,1,1,10,10,10,10,21,11,21,4,2.00000000,4,2.00000000,0,1,1,4,0,3,4,1,0,1
