kind,mesh_index,submesh_index,lod_index,view,path,width,height,image_path,image_mae,image_rmse,psnr_db,silhouette_iou,coverage_delta
mesh,0,,0,hero,mesh/m000/l00_hero.bmp,640,640,captures/mesh/m000/l00_hero.jpg,0.0,0.0,99.0,1.0,0.0
mesh,0,,1,hero,mesh/m000/l01_hero.bmp,640,640,captures/mesh/m000/l01_hero.jpg,0.005800520535558462,0.009818258695304394,40.15931058250449,0.9772357723577236,0.00010850694444444753
mesh,0,,2,hero,mesh/m000/l02_hero.bmp,640,640,captures/mesh/m000/l02_hero.jpg,0.04181750863790512,0.0695965513586998,23.148245599453617,0.844675740592474,0.0033637152777777762
mesh,0,,3,hero,mesh/m000/l03_hero.bmp,640,640,captures/mesh/m000/l03_hero.jpg,0.07409966737031937,0.10942111164331436,19.217977548051834,0.6596942880128721,0.009901258680555556
mesh,0,,4,hero,mesh/m000/l04_hero.bmp,640,640,captures/mesh/m000/l04_hero.jpg,0.09743830561637878,0.13372275233268738,17.4758938634564,0.4796488427773344,0.015570746527777776
mesh,0,,5,hero,mesh/m000/l05_hero.bmp,640,640,captures/mesh/m000/l05_hero.jpg,0.11563891172409058,0.1520124077796936,16.362419239745563,0.3357487922705314,0.020860460069444444
mesh,0,,6,hero,mesh/m000/l06_hero.bmp,640,640,captures/mesh/m000/l06_hero.jpg,0.13553676009178162,0.1709337830543518,15.343441911865261,0.14703493095044678,0.027560763888888888
mesh,0,,0,side,mesh/m000/l00_side.bmp,640,640,captures/mesh/m000/l00_side.jpg,0.0,0.0,99.0,1.0,0.0
mesh,0,,1,side,mesh/m000/l01_side.bmp,640,640,captures/mesh/m000/l01_side.jpg,0.005345495417714119,0.009122652001678944,40.79757783371859,0.9543094496365524,5.4253472222223764e-05
mesh,0,,2,side,mesh/m000/l02_side.bmp,640,640,captures/mesh/m000/l02_side.jpg,0.03321382775902748,0.054355278611183167,25.29516547667211,0.7906026557711952,0.003553602430555556
mesh,0,,3,side,mesh/m000/l03_side.bmp,640,640,captures/mesh/m000/l03_side.jpg,0.05998354032635689,0.08786904066801071,21.12328230180603,0.6079836233367452,0.00849066840277778
mesh,0,,4,side,mesh/m000/l04_side.bmp,640,640,captures/mesh/m000/l04_side.jpg,0.07436708360910416,0.10196193307638168,19.831238788408594,0.4448979591836735,0.012695312500000002
mesh,0,,5,side,mesh/m000/l05_side.bmp,640,640,captures/mesh/m000/l05_side.jpg,0.08544033020734787,0.1135641485452652,18.895175017990894,0.32061855670103095,0.016357421875
mesh,0,,6,side,mesh/m000/l06_side.bmp,640,640,captures/mesh/m000/l06_side.jpg,0.09686623513698578,0.12415510416030884,18.12070842785237,0.13963039014373715,0.02099609375
mesh,0,,0,top,mesh/m000/l00_top.bmp,640,640,captures/mesh/m000/l00_top.jpg,0.0,0.0,99.0,1.0,0.0
mesh,0,,1,top,mesh/m000/l01_top.bmp,640,640,captures/mesh/m000/l01_top.jpg,0.005540160462260246,0.00965755432844162,40.30265680117039,0.9850107066381156,0.00037977430555555247
mesh,0,,2,top,mesh/m000/l02_top.bmp,640,640,captures/mesh/m000/l02_top.jpg,0.05217888206243515,0.08478043973445892,21.434086703750918,0.8257894736842105,0.006863064236111112
mesh,0,,3,top,mesh/m000/l03_top.bmp,640,640,captures/mesh/m000/l03_top.jpg,0.09101341664791107,0.12730048596858978,17.90339876854919,0.6300211416490487,0.017306857638888888
mesh,0,,4,top,mesh/m000/l04_top.bmp,640,640,captures/mesh/m000/l04_top.jpg,0.11529163271188736,0.15111608803272247,16.413785951882247,0.47437929212889596,0.025254991319444444
mesh,0,,5,top,mesh/m000/l05_top.bmp,640,640,captures/mesh/m000/l05_top.jpg,0.13467028737068176,0.16952097415924072,15.41553121198026,0.3485169491525424,0.031901041666666664
mesh,0,,6,top,mesh/m000/l06_top.bmp,640,640,captures/mesh/m000/l06_top.jpg,0.15696394443511963,0.18863517045974731,14.487546623004699,0.15803523758675922,0.04212782118055555
submesh,0,0,0,hero,submesh/m000_s00/l00_hero.bmp,640,640,captures/submesh/m000_s00/l00_hero.jpg,0.0,0.0,99.0,1.0,0.0
submesh,0,0,1,hero,submesh/m000_s00/l01_hero.bmp,640,640,captures/submesh/m000_s00/l01_hero.jpg,0.007890499196946621,0.012542564421892166,38.03227319288813,0.8768115942028986,0.000542534722222222
submesh,0,0,2,hero,submesh/m000_s00/l02_hero.bmp,640,640,captures/submesh/m000_s00/l02_hero.jpg,0.014603311195969582,0.021289905533194542,33.436525311866106,0.7518248175182481,0.001573350694444445
submesh,0,0,3,hero,submesh/m000_s00/l03_hero.bmp,640,640,captures/submesh/m000_s00/l03_hero.jpg,0.022904865443706512,0.030289649963378906,30.374114909606597,0.5518518518518518,0.003228081597222222
submesh,0,0,4,hero,submesh/m000_s00/l04_hero.bmp,640,640,captures/submesh/m000_s00/l04_hero.jpg,0.03308974206447601,0.042358674108982086,27.46115284861151,0.33210332103321033,0.004801432291666667
submesh,0,0,5,hero,submesh/m000_s00/l05_hero.bmp,640,640,captures/submesh/m000_s00/l05_hero.jpg,0.03997299075126648,0.05028589069843292,25.971077058873032,0.1992619926199262,0.005777994791666667
submesh,0,0,6,hero,submesh/m000_s00/l06_hero.bmp,640,640,captures/submesh/m000_s00/l06_hero.jpg,0.044517066329717636,0.055437613278627396,25.123909508124992,0.13703703703703704,0.006266276041666667
submesh,0,1,0,hero,submesh/m000_s01/l00_hero.bmp,640,640,captures/submesh/m000_s01/l00_hero.jpg,0.0,0.0,99.0,1.0,0.0
submesh,0,1,1,hero,submesh/m000_s01/l01_hero.bmp,640,640,captures/submesh/m000_s01/l01_hero.jpg,0.006836601532995701,0.010224946774542332,39.80677888026615,0.9675,0.00018988715277777797
submesh,0,1,2,hero,submesh/m000_s01/l02_hero.bmp,640,640,captures/submesh/m000_s01/l02_hero.jpg,0.014876597560942173,0.02020266465842724,33.89182689806808,0.917910447761194,0.0006239149305555559
submesh,0,1,3,hero,submesh/m000_s01/l03_hero.bmp,640,640,captures/submesh/m000_s01/l03_hero.jpg,0.02646166831254959,0.036312878131866455,28.79878655726892,0.826302729528536,0.0015733506944444458
submesh,0,1,4,hero,submesh/m000_s01/l04_hero.bmp,640,640,captures/submesh/m000_s01/l04_hero.jpg,0.047006797045469284,0.0662110224366188,23.581394113041775,0.6467661691542289,0.003580729166666668
submesh,0,1,5,hero,submesh/m000_s01/l05_hero.bmp,640,640,captures/submesh/m000_s01/l05_hero.jpg,0.07264894247055054,0.09904469549655914,20.083375577321846,0.38847117794486213,0.006510416666666668
submesh,0,1,6,hero,submesh/m000_s01/l06_hero.bmp,640,640,captures/submesh/m000_s01/l06_hero.jpg,0.09265609085559845,0.11803479492664337,18.559799003515817,0.19597989949748743,0.008626302083333334
submesh,0,2,0,hero,submesh/m000_s02/l00_hero.bmp,640,640,captures/submesh/m000_s02/l00_hero.jpg,0.0,0.0,99.0,1.0,0.0
submesh,0,2,1,hero,submesh/m000_s02/l01_hero.bmp,640,640,captures/submesh/m000_s02/l01_hero.jpg,0.005309449043124914,0.00978118646889925,40.19216923217681,0.9814814814814815,0.0001898871527777797
submesh,0,2,2,hero,submesh/m000_s02/l02_hero.bmp,640,640,captures/submesh/m000_s02/l02_hero.jpg,0.05045164003968239,0.08144788444042206,21.782403834913747,0.7847882454624028,0.004747178819444444
submesh,0,2,3,hero,submesh/m000_s02/l03_hero.bmp,640,640,captures/submesh/m000_s02/l03_hero.jpg,0.08710087835788727,0.12364458292722702,18.156498120845164,0.5817391304347826,0.011420355902777776
submesh,0,2,4,hero,submesh/m000_s02/l04_hero.bmp,640,640,captures/submesh/m000_s02/l04_hero.jpg,0.11103685945272446,0.1478339433670044,16.60451676882272,0.43115318416523235,0.015652126736111112
submesh,0,2,5,hero,submesh/m000_s02/l05_hero.bmp,640,640,captures/submesh/m000_s02/l05_hero.jpg,0.12962660193443298,0.16627782583236694,15.583313255024285,0.29391304347826086,0.020399305555555556
submesh,0,2,6,hero,submesh/m000_s02/l06_hero.bmp,640,640,captures/submesh/m000_s02/l06_hero.jpg,0.14972832798957825,0.1849905103445053,14.657010989855637,0.13093145869947276,0.025851779513888888
mesh,1,,0,hero,mesh/m001/l00_hero.bmp,640,640,captures/mesh/m001/l00_hero.jpg,0.0,0.0,99.0,1.0,0.0
mesh,1,,1,hero,mesh/m001/l01_hero.bmp,640,640,captures/mesh/m001/l01_hero.jpg,0.00554370554164052,0.009422405622899532,40.516764077109144,0.9734085414987913,0.00018988715277778317
mesh,1,,2,hero,mesh/m001/l02_hero.bmp,640,640,captures/mesh/m001/l02_hero.jpg,0.039148200303316116,0.06364554166793823,23.924640260262187,0.8157267672756155,0.004611545138888892
mesh,1,,3,hero,mesh/m001/l03_hero.bmp,640,640,captures/mesh/m001/l03_hero.jpg,0.06986304372549057,0.09880605340003967,20.104328946769673,0.6170212765957447,0.010959201388888892
mesh,1,,4,hero,mesh/m001/l04_hero.bmp,640,640,captures/mesh/m001/l04_hero.jpg,0.09019189327955246,0.11993241310119629,18.42126856010684,0.42628205128205127,0.018337673611111112
mesh,1,,5,hero,mesh/m001/l05_hero.bmp,640,640,captures/mesh/m001/l05_hero.jpg,0.10562049597501755,0.1351250410079956,17.385283224762528,0.2936444086886565,0.023003472222222224
mesh,1,,6,hero,mesh/m001/l06_hero.bmp,640,640,captures/mesh/m001/l06_hero.jpg,0.11796174943447113,0.14673958718776703,16.66905414059726,0.15539452495974235,0.027696397569444448
mesh,1,,0,side,mesh/m001/l00_side.bmp,640,640,captures/mesh/m001/l00_side.jpg,0.0,0.0,99.0,1.0,0.0
mesh,1,,1,side,mesh/m001/l01_side.bmp,640,640,captures/mesh/m001/l01_side.jpg,0.005479071289300919,0.009193927980959415,40.729978050858016,0.9632495164410058,0.0002712673611111084
mesh,1,,2,side,mesh/m001/l02_side.bmp,640,640,captures/mesh/m001/l02_side.jpg,0.02799907512962818,0.04417172446846962,27.09711291022666,0.828080229226361,0.0028754340277777797
mesh,1,,3,side,mesh/m001/l03_side.bmp,640,640,captures/mesh/m001/l03_side.jpg,0.051431965082883835,0.07447288930416107,22.56003593252911,0.6181818181818182,0.008924696180555556
mesh,1,,4,side,mesh/m001/l04_side.bmp,640,640,captures/mesh/m001/l04_side.jpg,0.06513992697000504,0.08865385502576828,21.046047495673584,0.44015444015444016,0.014322916666666668
mesh,1,,5,side,mesh/m001/l05_side.bmp,640,640,captures/mesh/m001/l05_side.jpg,0.07464780658483505,0.09710241109132767,20.255399725082206,0.30303030303030304,0.018636067708333336
mesh,1,,6,side,mesh/m001/l06_side.bmp,640,640,captures/mesh/m001/l06_side.jpg,0.08293277770280838,0.1046740710735321,19.603217691023474,0.155053974484789,0.022867838541666668
mesh,1,,0,top,mesh/m001/l00_top.bmp,640,640,captures/mesh/m001/l00_top.jpg,0.0,0.0,99.0,1.0,0.0
mesh,1,,1,top,mesh/m001/l01_top.bmp,640,640,captures/mesh/m001/l01_top.jpg,0.004524510353803635,0.008083630353212357,41.84787108084507,0.9834313201496526,0.0005154079861111119
mesh,1,,2,top,mesh/m001/l02_top.bmp,640,640,captures/mesh/m001/l02_top.jpg,0.039811182767152786,0.06671743839979172,23.515212733674907,0.8433862433862434,0.006673177083333336
mesh,1,,3,top,mesh/m001/l03_top.bmp,640,640,captures/mesh/m001/l03_top.jpg,0.07966693490743637,0.10935859382152557,19.222941654883375,0.6322444678609063,0.017144097222222224
mesh,1,,4,top,mesh/m001/l04_top.bmp,640,640,captures/mesh/m001/l04_top.jpg,0.10836227238178253,0.1372843235731125,17.24758103594808,0.4369034994697773,0.027669270833333336
mesh,1,,5,top,mesh/m001/l05_top.bmp,640,640,captures/mesh/m001/l05_top.jpg,0.12676329910755157,0.15301108360290527,16.30554218453186,0.2911122937732837,0.03537326388888889
mesh,1,,6,top,mesh/m001/l06_top.bmp,640,640,captures/mesh/m001/l06_top.jpg,0.13965432345867157,0.16432388126850128,15.685986315054494,0.15002669514148426,0.04275173611111111
submesh,1,0,0,hero,submesh/m001_s00/l00_hero.bmp,640,640,captures/submesh/m001_s00/l00_hero.jpg,0.0,0.0,99.0,1.0,0.0
submesh,1,0,1,hero,submesh/m001_s00/l01_hero.bmp,640,640,captures/submesh/m001_s00/l01_hero.jpg,0.007463372778147459,0.012433282099664211,38.10828424998191,0.9051987767584098,0.0005154079861111101
submesh,1,0,2,hero,submesh/m001_s00/l02_hero.bmp,640,640,captures/submesh/m001_s00/l02_hero.jpg,0.014343217015266418,0.020980563014745712,33.56365723331968,0.7713414634146342,0.001654730902777777
submesh,1,0,3,hero,submesh/m001_s00/l03_hero.bmp,640,640,captures/submesh/m001_s00/l03_hero.jpg,0.023998865857720375,0.032194457948207855,29.844377652831145,0.5696594427244582,0.003662109374999999
submesh,1,0,4,hero,submesh/m001_s00/l04_hero.bmp,640,640,captures/submesh/m001_s00/l04_hero.jpg,0.032319553196430206,0.04166495054960251,27.604582585681698,0.38080495356037153,0.005316840277777777
submesh,1,0,5,hero,submesh/m001_s00/l05_hero.bmp,640,640,captures/submesh/m001_s00/l05_hero.jpg,0.039187271147966385,0.04905686154961586,26.186004791276922,0.2577639751552795,0.006429036458333332
submesh,1,0,6,hero,submesh/m001_s00/l06_hero.bmp,640,640,captures/submesh/m001_s00/l06_hero.jpg,0.046692319214344025,0.0564737431704998,24.963068511450928,0.1308411214953271,0.007568359374999999
submesh,1,1,0,hero,submesh/m001_s01/l00_hero.bmp,640,640,captures/submesh/m001_s01/l00_hero.jpg,0.0,0.0,99.0,1.0,0.0
submesh,1,1,1,hero,submesh/m001_s01/l01_hero.bmp,640,640,captures/submesh/m001_s01/l01_hero.jpg,0.007495444733649492,0.011750767938792706,38.598675007109556,0.969309462915601,0.00021701388888888812
submesh,1,1,2,hero,submesh/m001_s01/l02_hero.bmp,640,640,captures/submesh/m001_s01/l02_hero.jpg,0.015059493482112885,0.02142079547047615,33.383288109837075,0.9153846153846154,0.0008409288194444441
submesh,1,1,3,hero,submesh/m001_s01/l03_hero.bmp,640,640,captures/submesh/m001_s01/l03_hero.jpg,0.03856376186013222,0.052545417100191116,25.58930312454796,0.6854219948849105,0.003228081597222222
submesh,1,1,4,hero,submesh/m001_s01/l04_hero.bmp,640,640,captures/submesh/m001_s01/l04_hero.jpg,0.05494888499379158,0.07378048449754715,22.641169943984156,0.49743589743589745,0.005262586805555555
submesh,1,1,5,hero,submesh/m001_s01/l05_hero.bmp,640,640,captures/submesh/m001_s01/l05_hero.jpg,0.07067873328924179,0.09099456667900085,20.81969077594628,0.3641025641025641,0.006673177083333333
submesh,1,1,6,hero,submesh/m001_s01/l06_hero.bmp,640,640,captures/submesh/m001_s01/l06_hero.jpg,0.08589478582143784,0.1107051819562912,19.116640998441692,0.15167095115681234,0.008951822916666666
submesh,1,2,0,hero,submesh/m001_s02/l00_hero.bmp,640,640,captures/submesh/m001_s02/l00_hero.jpg,0.0,0.0,99.0,1.0,0.0
submesh,1,2,1,hero,submesh/m001_s02/l01_hero.bmp,640,640,captures/submesh/m001_s02/l01_hero.jpg,0.00454577524214983,0.00814332440495491,41.783965278168736,0.9856115107913669,5.4253472222220295e-05
submesh,1,2,2,hero,submesh/m001_s02/l02_hero.bmp,640,640,captures/submesh/m001_s02/l02_hero.jpg,0.044261276721954346,0.07029826194047928,23.06110824753815,0.7684943429068756,0.004720052083333332
submesh,1,2,3,hero,submesh/m001_s02/l03_hero.bmp,640,640,captures/submesh/m001_s02/l03_hero.jpg,0.07983580976724625,0.10979003459215164,19.188741561662187,0.5631487889273357,0.010823567708333332
submesh,1,2,4,hero,submesh/m001_s02/l04_hero.bmp,640,640,captures/submesh/m001_s02/l04_hero.jpg,0.10097379237413406,0.13170094788074493,17.608221986277517,0.3713784021071115,0.017469618055555556
submesh,1,2,5,hero,submesh/m001_s02/l05_hero.bmp,640,640,captures/submesh/m001_s02/l05_hero.jpg,0.11750708520412445,0.14737488329410553,16.631530516274125,0.24601769911504426,0.021647135416666668
submesh,1,2,6,hero,submesh/m001_s02/l06_hero.bmp,640,640,captures/submesh/m001_s02/l06_hero.jpg,0.12990590929985046,0.15850862860679626,15.99894182926272,0.1322609472743521,0.025472005208333336
mesh,2,,0,hero,mesh/m002/l00_hero.bmp,640,640,captures/mesh/m002/l00_hero.jpg,0.0,0.0,99.0,1.0,0.0
mesh,2,,1,hero,mesh/m002/l01_hero.bmp,640,640,captures/mesh/m002/l01_hero.jpg,0.005913007538765669,0.01089011412113905,39.25935138207225,0.966499162479062,0.00010850694444444059
mesh,2,,2,hero,mesh/m002/l02_hero.bmp,640,640,captures/mesh/m002/l02_hero.jpg,0.03841184824705124,0.061438579112291336,24.23117673545109,0.8182572614107884,0.004367404513888888
mesh,2,,3,hero,mesh/m002/l03_hero.bmp,640,640,captures/mesh/m002/l03_hero.jpg,0.061907630413770676,0.08928292989730835,20.98463132839981,0.6556016597510373,0.009684244791666664
mesh,2,,4,hero,mesh/m002/l04_hero.bmp,640,640,captures/mesh/m002/l04_hero.jpg,0.08227808773517609,0.1119849905371666,19.01680364725847,0.4863070539419087,0.015218098958333332
mesh,2,,5,hero,mesh/m002/l05_hero.bmp,640,640,captures/mesh/m002/l05_hero.jpg,0.09721961617469788,0.12725678086280823,17.906381340870883,0.31517183570829843,0.021240234375
mesh,2,,6,hero,mesh/m002/l06_hero.bmp,640,640,captures/mesh/m002/l06_hero.jpg,0.10945482552051544,0.13804906606674194,17.199330542309998,0.15754001684919966,0.026529947916666664
mesh,2,,0,side,mesh/m002/l00_side.bmp,640,640,captures/mesh/m002/l00_side.jpg,0.0,0.0,99.0,1.0,0.0
mesh,2,,1,side,mesh/m002/l01_side.bmp,640,640,captures/mesh/m002/l01_side.jpg,0.005557897035032511,0.009275713935494423,40.65305307078009,0.9651995905834186,0.0002712673611111119
mesh,2,,2,side,mesh/m002/l02_side.bmp,640,640,captures/mesh/m002/l02_side.jpg,0.03323696553707123,0.05190754681825638,25.69538991306827,0.7863590772316951,0.0034993489583333356
mesh,2,,3,side,mesh/m002/l03_side.bmp,640,640,captures/mesh/m002/l03_side.jpg,0.04890814796090126,0.0689159408211708,23.23360621208399,0.6407669021190716,0.007703993055555556
mesh,2,,4,side,mesh/m002/l04_side.bmp,640,640,captures/mesh/m002/l04_side.jpg,0.06066180765628815,0.08209073543548584,21.714117071078004,0.5005065856129686,0.011637369791666668
mesh,2,,5,side,mesh/m002/l05_side.bmp,640,640,captures/mesh/m002/l05_side.jpg,0.06839531660079956,0.08942168205976486,20.971143302555117,0.37563971340839303,0.01535373263888889
mesh,2,,6,side,mesh/m002/l06_side.bmp,640,640,captures/mesh/m002/l06_side.jpg,0.07891067862510681,0.09996843338012695,20.002742274609115,0.19479166666666667,0.02069769965277778
mesh,2,,0,top,mesh/m002/l00_top.bmp,640,640,captures/mesh/m002/l00_top.jpg,0.0,0.0,99.0,1.0,0.0
mesh,2,,1,top,mesh/m002/l01_top.bmp,640,640,captures/mesh/m002/l01_top.jpg,0.005260184872895479,0.00956512801349163,40.386184265622376,0.9793932455638237,0.00043402777777777624
mesh,2,,2,top,mesh/m002/l02_top.bmp,640,640,captures/mesh/m002/l02_top.jpg,0.04624943807721138,0.07336277514696121,22.69048497309226,0.8081884464385867,0.006781684027777776
mesh,2,,3,top,mesh/m002/l03_top.bmp,640,640,captures/mesh/m002/l03_top.jpg,0.07388267666101456,0.10222560912370682,19.808805859390056,0.6372328458942632,0.015272352430555552
mesh,2,,4,top,mesh/m002/l04_top.bmp,640,640,captures/mesh/m002/l04_top.jpg,0.09712794423103333,0.12602455914020538,17.990896262769215,0.48336153412295546,0.022894965277777776
mesh,2,,5,top,mesh/m002/l05_top.bmp,640,640,captures/mesh/m002/l05_top.jpg,0.11327052116394043,0.14082582294940948,17.02635404362846,0.3463497453310696,0.029703776041666668
mesh,2,,6,top,mesh/m002/l06_top.bmp,640,640,captures/mesh/m002/l06_top.jpg,0.13037891685962677,0.15491589903831482,16.19808016511646,0.18881916714204222,0.03770616319444445
submesh,2,0,0,hero,submesh/m002_s00/l00_hero.bmp,640,640,captures/submesh/m002_s00/l00_hero.jpg,0.0,0.0,99.0,1.0,0.0
submesh,2,0,1,hero,submesh/m002_s00/l01_hero.bmp,640,640,captures/submesh/m002_s00/l01_hero.jpg,0.006788952276110649,0.010959388688206673,39.20427340014045,0.9068100358422939,0.0003797743055555551
submesh,2,0,2,hero,submesh/m002_s00/l02_hero.bmp,640,640,captures/submesh/m002_s00/l02_hero.jpg,0.014080299064517021,0.020543502643704414,33.74651015426274,0.7821428571428571,0.001274956597222222
submesh,2,0,3,hero,submesh/m002_s00/l03_hero.bmp,640,640,captures/submesh/m002_s00/l03_hero.jpg,0.023240992799401283,0.031997814774513245,29.897593598461853,0.5551601423487544,0.002956814236111111
submesh,2,0,4,hero,submesh/m002_s00/l04_hero.bmp,640,640,captures/submesh/m002_s00/l04_hero.jpg,0.03148030862212181,0.04126378148794174,27.688619500067112,0.4050179211469534,0.004177517361111111
submesh,2,0,5,hero,submesh/m002_s00/l05_hero.bmp,640,640,captures/submesh/m002_s00/l05_hero.jpg,0.03798900917172432,0.04829895496368408,26.321245318060992,0.2717391304347826,0.005289713541666666
submesh,2,0,6,hero,submesh/m002_s00/l06_hero.bmp,640,640,captures/submesh/m002_s00/l06_hero.jpg,0.04630981385707855,0.05622573569417,25.001297065262143,0.145985401459854,0.006293402777777778
submesh,2,1,0,hero,submesh/m002_s01/l00_hero.bmp,640,640,captures/submesh/m002_s01/l00_hero.jpg,0.0,0.0,99.0,1.0,0.0
submesh,2,1,1,hero,submesh/m002_s01/l01_hero.bmp,640,640,captures/submesh/m002_s01/l01_hero.jpg,0.006615729536861181,0.01024477556347847,39.78995102853636,0.960093896713615,0.00018988715277777797
submesh,2,1,2,hero,submesh/m002_s01/l02_hero.bmp,640,640,captures/submesh/m002_s01/l02_hero.jpg,0.01588975079357624,0.023135080933570862,32.714579537336796,0.8844339622641509,0.001166449652777778
submesh,2,1,3,hero,submesh/m002_s01/l03_hero.bmp,640,640,captures/submesh/m002_s01/l03_hero.jpg,0.03163641318678856,0.04350651800632477,27.228913471425173,0.7610208816705336,0.002251519097222222
submesh,2,1,4,hero,submesh/m002_s01/l04_hero.bmp,640,640,captures/submesh/m002_s01/l04_hero.jpg,0.048973795026540756,0.06672799587249756,23.51383837353331,0.5584112149532711,0.004747178819444445
submesh,2,1,5,hero,submesh/m002_s01/l05_hero.bmp,640,640,captures/submesh/m002_s01/l05_hero.jpg,0.07102705538272858,0.09302350878715515,20.628145664118506,0.3262411347517731,0.007622612847222222
submesh,2,1,6,hero,submesh/m002_s01/l06_hero.bmp,640,640,captures/submesh/m002_s01/l06_hero.jpg,0.08652231842279434,0.11160968989133835,19.04596197111333,0.15165876777251186,0.009657118055555556
submesh,2,2,0,hero,submesh/m002_s02/l00_hero.bmp,640,640,captures/submesh/m002_s02/l00_hero.jpg,0.0,0.0,99.0,1.0,0.0
submesh,2,2,1,hero,submesh/m002_s02/l01_hero.bmp,640,640,captures/submesh/m002_s02/l01_hero.jpg,0.005645918659865856,0.011117491871118546,39.07986358852214,0.9801783944499505,5.4253472222223764e-05
submesh,2,2,2,hero,submesh/m002_s02/l02_hero.bmp,640,640,captures/submesh/m002_s02/l02_hero.jpg,0.04636232554912567,0.0720578283071518,22.84637661735607,0.7654440154440154,0.004530164930555556
submesh,2,2,3,hero,submesh/m002_s02/l03_hero.bmp,640,640,captures/submesh/m002_s02/l03_hero.jpg,0.07438591122627258,0.1041451245546341,19.647221125669862,0.5880077369439072,0.009602864583333332
submesh,2,2,4,hero,submesh/m002_s02/l04_hero.bmp,640,640,captures/submesh/m002_s02/l04_hero.jpg,0.09757949411869049,0.12844808399677277,17.82544739055838,0.4260869565217391,0.014105902777777776
submesh,2,2,5,hero,submesh/m002_s02/l05_hero.bmp,640,640,captures/submesh/m002_s02/l05_hero.jpg,0.11190177500247955,0.14173834025859833,16.970253141769778,0.28058252427184466,0.018364800347222224
submesh,2,2,6,hero,submesh/m002_s02/l06_hero.bmp,640,640,captures/submesh/m002_s02/l06_hero.jpg,0.12371303141117096,0.15181756019592285,16.373559844816015,0.137524557956778,0.022732204861111112
mesh,3,,0,hero,mesh/m003/l00_hero.bmp,640,640,captures/mesh/m003/l00_hero.jpg,0.0,0.0,99.0,1.0,0.0
mesh,3,,1,hero,mesh/m003/l01_hero.bmp,640,640,captures/mesh/m003/l01_hero.jpg,0.005845119711011648,0.009639662690460682,40.31876325189068,0.9725463280713795,0.0
mesh,3,,2,hero,mesh/m003/l02_hero.bmp,640,640,captures/mesh/m003/l02_hero.jpg,0.04536836966872215,0.07675948739051819,22.297358683997782,0.8292517006802721,0.0050184461805555525
mesh,3,,3,hero,mesh/m003/l03_hero.bmp,640,640,captures/mesh/m003/l03_hero.jpg,0.07678675651550293,0.11263494938611984,18.966536635437606,0.6449864498644986,0.012098524305555552
mesh,3,,4,hero,mesh/m003/l04_hero.bmp,640,640,captures/mesh/m003/l04_hero.jpg,0.09869236499071121,0.13521268963813782,17.37965096356688,0.47474747474747475,0.018554687499999997
mesh,3,,5,hero,mesh/m003/l05_hero.bmp,640,640,captures/mesh/m003/l05_hero.jpg,0.11726181209087372,0.15445443987846375,16.22399206295109,0.32994579945799457,0.02471245659722222
mesh,3,,6,hero,mesh/m003/l06_hero.bmp,640,640,captures/mesh/m003/l06_hero.jpg,0.13782477378845215,0.1745825558900833,15.159983054436363,0.14807162534435261,0.032741970486111105
mesh,3,,0,side,mesh/m003/l00_side.bmp,640,640,captures/mesh/m003/l00_side.jpg,0.0,0.0,99.0,1.0,0.0
mesh,3,,1,side,mesh/m003/l01_side.bmp,640,640,captures/mesh/m003/l01_side.jpg,0.005334113724529743,0.009068013168871403,40.84975715696239,0.9621890547263682,0.00016276041666666435
mesh,3,,2,side,mesh/m003/l02_side.bmp,640,640,captures/mesh/m003/l02_side.jpg,0.03516276180744171,0.05750170350074768,24.806385780984485,0.7902439024390244,0.003553602430555556
mesh,3,,3,side,mesh/m003/l03_side.bmp,640,640,captures/mesh/m003/l03_side.jpg,0.06017125025391579,0.08682221174240112,21.227383099436032,0.5998062015503876,0.008544921875
mesh,3,,4,side,mesh/m003/l04_side.bmp,640,640,captures/mesh/m003/l04_side.jpg,0.07309941202402115,0.0997479110956192,20.0219238093947,0.47953216374269003,0.01215277777777778
mesh,3,,5,side,mesh/m003/l05_side.bmp,640,640,captures/mesh/m003/l05_side.jpg,0.0843544527888298,0.11103752255439758,19.090604733345884,0.3254203758654797,0.01698133680555556
mesh,3,,6,side,mesh/m003/l06_side.bmp,640,640,captures/mesh/m003/l06_side.jpg,0.09637146443128586,0.12179706245660782,18.28726372080672,0.15045135406218657,0.022216796875
mesh,3,,0,top,mesh/m003/l00_top.bmp,640,640,captures/mesh/m003/l00_top.jpg,0.0,0.0,99.0,1.0,0.0
mesh,3,,1,top,mesh/m003/l01_top.bmp,640,640,captures/mesh/m003/l01_top.jpg,0.0053211660124361515,0.009281535632908344,40.64760327363035,0.9896907216494846,0.000244140625
mesh,3,,2,top,mesh/m003/l02_top.bmp,640,640,captures/mesh/m003/l02_top.jpg,0.05227116122841835,0.08770966529846191,21.1390509252676,0.8439613526570048,0.006646050347222217
mesh,3,,3,top,mesh/m003/l03_top.bmp,640,640,captures/mesh/m003/l03_top.jpg,0.09057526290416718,0.1286909431219101,17.809040326960154,0.6687651331719129,0.01671006944444444
mesh,3,,4,top,mesh/m003/l04_top.bmp,640,640,captures/mesh/m003/l04_top.jpg,0.1174672394990921,0.1539536863565445,16.252198152735865,0.5146705146705147,0.02476671006944444
mesh,3,,5,top,mesh/m003/l05_top.bmp,640,640,captures/mesh/m003/l05_top.jpg,0.14216822385787964,0.17691314220428467,15.044798076141525,0.34266409266409265,0.034722222222222224
mesh,3,,6,top,mesh/m003/l06_top.bmp,640,640,captures/mesh/m003/l06_top.jpg,0.1656286120414734,0.1972641497850418,14.099036699946364,0.1536217792902285,0.045817057291666664
submesh,3,0,0,hero,submesh/m003_s00/l00_hero.bmp,640,640,captures/submesh/m003_s00/l00_hero.jpg,0.0,0.0,99.0,1.0,0.0
submesh,3,0,1,hero,submesh/m003_s00/l01_hero.bmp,640,640,captures/submesh/m003_s00/l01_hero.jpg,0.007100514601916075,0.01143137738108635,38.83802875523425,0.8637873754152824,0.0006239149305555551
submesh,3,0,2,hero,submesh/m003_s00/l02_hero.bmp,640,640,captures/submesh/m003_s00/l02_hero.jpg,0.013825708068907261,0.019987180829048157,33.98496916689283,0.6933333333333334,0.002061631944444444
submesh,3,0,3,hero,submesh/m003_s00/l03_hero.bmp,640,640,captures/submesh/m003_s00/l03_hero.jpg,0.023815497756004333,0.03237089142203331,29.796906818658712,0.494949494949495,0.003797743055555555
submesh,3,0,4,hero,submesh/m003_s00/l04_hero.bmp,640,640,captures/submesh/m003_s00/l04_hero.jpg,0.032255787402391434,0.041629891842603683,27.611894348789274,0.3310810810810811,0.00515407986111111
submesh,3,0,5,hero,submesh/m003_s00/l05_hero.bmp,640,640,captures/submesh/m003_s00/l05_hero.jpg,0.03847316652536392,0.04820188507437706,26.338719541699625,0.23809523809523808,0.005967881944444444
submesh,3,0,6,hero,submesh/m003_s00/l06_hero.bmp,640,640,captures/submesh/m003_s00/l06_hero.jpg,0.04550625756382942,0.056281059980392456,24.992754635797596,0.11604095563139932,0.006971571180555555
submesh,3,1,0,hero,submesh/m003_s01/l00_hero.bmp,640,640,captures/submesh/m003_s01/l00_hero.jpg,0.0,0.0,99.0,1.0,0.0
submesh,3,1,1,hero,submesh/m003_s01/l01_hero.bmp,640,640,captures/submesh/m003_s01/l01_hero.jpg,0.00686540175229311,0.01049630157649517,39.57927399548459,0.967479674796748,0.0003255208333333322
submesh,3,1,2,hero,submesh/m003_s01/l02_hero.bmp,640,640,captures/submesh/m003_s01/l02_hero.jpg,0.016935601830482483,0.02440285123884678,32.25118855113154,0.9255533199195171,0.0006239149305555559
submesh,3,1,3,hero,submesh/m003_s01/l03_hero.bmp,640,640,captures/submesh/m003_s01/l03_hero.jpg,0.03597133606672287,0.04902280867099762,26.19203620546818,0.7831325301204819,0.002495659722222222
submesh,3,1,4,hero,submesh/m003_s01/l04_hero.bmp,640,640,captures/submesh/m003_s01/l04_hero.jpg,0.0609687939286232,0.08242268860340118,21.679064460490483,0.5504032258064516,0.005723741319444444
submesh,3,1,5,hero,submesh/m003_s01/l05_hero.bmp,640,640,captures/submesh/m003_s01/l05_hero.jpg,0.07602774351835251,0.10072194039821625,19.937518323587543,0.4204081632653061,0.007703993055555555
submesh,3,1,6,hero,submesh/m003_s01/l06_hero.bmp,640,640,captures/submesh/m003_s01/l06_hero.jpg,0.09693744033575058,0.12256772071123123,18.232477800725043,0.17755102040816326,0.010932074652777778
submesh,3,2,0,hero,submesh/m003_s02/l00_hero.bmp,640,640,captures/submesh/m003_s02/l00_hero.jpg,0.0,0.0,99.0,1.0,0.0
submesh,3,2,1,hero,submesh/m003_s02/l01_hero.bmp,640,640,captures/submesh/m003_s02/l01_hero.jpg,0.005505396053195,0.009888975881040096,40.09697364680834,0.9775193798449613,0.00035264756944444753
submesh,3,2,2,hero,submesh/m003_s02/l02_hero.bmp,640,640,captures/submesh/m003_s02/l02_hero.jpg,0.05443125218153,0.08787687867879868,21.12250754587446,0.7821100917431193,0.005615234375
submesh,3,2,3,hero,submesh/m003_s02/l03_hero.bmp,640,640,captures/submesh/m003_s02/l03_hero.jpg,0.09077616780996323,0.12797994911670685,17.85716133674343,0.5767477203647416,0.012559678819444444
submesh,3,2,4,hero,submesh/m003_s02/l04_hero.bmp,640,640,captures/submesh/m003_s02/l04_hero.jpg,0.11449990421533585,0.15088032186031342,16.427347963236613,0.43712121212121213,0.017388237847222224
submesh,3,2,5,hero,submesh/m003_s02/l05_hero.bmp,640,640,captures/submesh/m003_s02/l05_hero.jpg,0.13555356860160828,0.1714015156030655,15.319706843689556,0.2778625954198473,0.0234375
submesh,3,2,6,hero,submesh/m003_s02/l06_hero.bmp,640,640,captures/submesh/m003_s02/l06_hero.jpg,0.15668240189552307,0.1914254128932953,14.360008149709982,0.1254871395167576,0.029676649305555556
mesh,4,,0,hero,mesh/m004/l00_hero.bmp,640,640,captures/mesh/m004/l00_hero.jpg,0.0,0.0,99.0,1.0,0.0
mesh,4,,1,hero,mesh/m004/l01_hero.bmp,640,640,captures/mesh/m004/l01_hero.jpg,0.005524571053683758,0.009364379569888115,40.57041982397004,0.9740608228980322,0.00013563368055555594
mesh,4,,2,hero,mesh/m004/l02_hero.bmp,640,640,captures/mesh/m004/l02_hero.jpg,0.03497970104217529,0.05959855392575264,24.49528555341172,0.8255506607929516,0.003797743055555556
mesh,4,,3,hero,mesh/m004/l03_hero.bmp,640,640,captures/mesh/m004/l03_hero.jpg,0.06943897157907486,0.09861960262060165,20.12073503508923,0.6243386243386243,0.010036892361111112
mesh,4,,4,hero,mesh/m004/l04_hero.bmp,640,640,captures/mesh/m004/l04_hero.jpg,0.09381955116987228,0.12472868710756302,18.080672980198838,0.40550133096716945,0.017035590277777776
mesh,4,,5,hero,mesh/m004/l05_hero.bmp,640,640,captures/mesh/m004/l05_hero.jpg,0.1051173135638237,0.13451386988162994,17.424658654867898,0.29040852575488457,0.020589192708333332
mesh,4,,6,hero,mesh/m004/l06_hero.bmp,640,640,captures/mesh/m004/l06_hero.jpg,0.11420467495918274,0.142714723944664,16.91062436418991,0.1518418688230009,0.025227864583333332
mesh,4,,0,side,mesh/m004/l00_side.bmp,640,640,captures/mesh/m004/l00_side.jpg,0.0,0.0,99.0,1.0,0.0
mesh,4,,1,side,mesh/m004/l01_side.bmp,640,640,captures/mesh/m004/l01_side.jpg,0.005881091114133596,0.010142779909074306,39.87685996571599,0.9527027027027027,0.00013563368055555594
mesh,4,,2,side,mesh/m004/l02_side.bmp,640,640,captures/mesh/m004/l02_side.jpg,0.025309335440397263,0.04202405735850334,27.530040388747494,0.8206106870229007,0.0029839409722222238
mesh,4,,3,side,mesh/m004/l03_side.bmp,640,640,captures/mesh/m004/l03_side.jpg,0.04637251794338226,0.06745867431163788,23.4192439551384,0.619452313503305,0.008219401041666668
mesh,4,,4,side,mesh/m004/l04_side.bmp,640,640,captures/mesh/m004/l04_side.jpg,0.06103119999170303,0.08375757187604904,21.53951842603948,0.43387250237868696,0.013861762152777778
mesh,4,,5,side,mesh/m004/l05_side.bmp,640,640,captures/mesh/m004/l05_side.jpg,0.071023128926754,0.09411685913801193,20.526651490054245,0.31634615384615383,0.017605251736111112
mesh,4,,6,side,mesh/m004/l06_side.bmp,640,640,captures/mesh/m004/l06_side.jpg,0.0823567658662796,0.10480023175477982,19.592755139085778,0.14021421616358326,0.022976345486111112
mesh,4,,0,top,mesh/m004/l00_top.bmp,640,640,captures/mesh/m004/l00_top.jpg,0.0,0.0,99.0,1.0,0.0
mesh,4,,1,top,mesh/m004/l01_top.bmp,640,640,captures/mesh/m004/l01_top.jpg,0.00524282967671752,0.00931214913725853,40.619001545271686,0.9796033994334278,0.0002712673611111119
mesh,4,,2,top,mesh/m004/l02_top.bmp,640,640,captures/mesh/m004/l02_top.jpg,0.042593810707330704,0.0697520449757576,23.12886110627206,0.8152901785714286,0.006808810763888888
mesh,4,,3,top,mesh/m004/l03_top.bmp,640,640,captures/mesh/m004/l03_top.jpg,0.08404648303985596,0.11435995995998383,18.83452010740744,0.615,0.01619466145833333
mesh,4,,4,top,mesh/m004/l04_top.bmp,640,640,captures/mesh/m004/l04_top.jpg,0.10838079452514648,0.13770373165607452,17.22108581132015,0.43680709534368073,0.024739583333333332
mesh,4,,5,top,mesh/m004/l05_top.bmp,640,640,captures/mesh/m004/l05_top.jpg,0.12361037731170654,0.1512652188539505,16.40521839872772,0.32310267857142855,0.030734592013888888
mesh,4,,6,top,mesh/m004/l06_top.bmp,640,640,captures/mesh/m004/l06_top.jpg,0.13909325003623962,0.16422796249389648,15.691057903784998,0.16298811544991512,0.039306640625
submesh,4,0,0,hero,submesh/m004_s00/l00_hero.bmp,640,640,captures/submesh/m004_s00/l00_hero.jpg,0.0,0.0,99.0,1.0,0.0
submesh,4,0,1,hero,submesh/m004_s00/l01_hero.bmp,640,640,captures/submesh/m004_s00/l01_hero.jpg,0.008329282514750957,0.013756707310676575,37.229710054460895,0.8140495867768595,0.000678168402777778
submesh,4,0,2,hero,submesh/m004_s00/l02_hero.bmp,640,640,captures/submesh/m004_s00/l02_hero.jpg,0.01382271945476532,0.020329715684056282,33.83737390063706,0.6735537190082644,0.001600477430555556
submesh,4,0,3,hero,submesh/m004_s00/l03_hero.bmp,640,640,captures/submesh/m004_s00/l03_hero.jpg,0.022090405225753784,0.029855679720640182,30.49946073679669,0.4957983193277311,0.0029296875
submesh,4,0,4,hero,submesh/m004_s00/l04_hero.bmp,640,640,captures/submesh/m004_s00/l04_hero.jpg,0.028841964900493622,0.03737159073352814,28.549168317510762,0.3547008547008547,0.003987630208333334
submesh,4,0,5,hero,submesh/m004_s00/l05_hero.bmp,640,640,captures/submesh/m004_s00/l05_hero.jpg,0.03522118553519249,0.04439425468444824,27.05346461585642,0.2446351931330472,0.004720052083333334
submesh,4,0,6,hero,submesh/m004_s00/l06_hero.bmp,640,640,captures/submesh/m004_s00/l06_hero.jpg,0.04351314157247543,0.053062643855810165,25.504222300272477,0.1072961373390558,0.005588107638888889
submesh,4,1,0,hero,submesh/m004_s01/l00_hero.bmp,640,640,captures/submesh/m004_s01/l00_hero.jpg,0.0,0.0,99.0,1.0,0.0
submesh,4,1,1,hero,submesh/m004_s01/l01_hero.bmp,640,640,captures/submesh/m004_s01/l01_hero.jpg,0.007680520415306091,0.013926178216934204,37.123361026902785,0.9641148325358851,8.138020833333391e-05
submesh,4,1,2,hero,submesh/m004_s01/l02_hero.bmp,640,640,captures/submesh/m004_s01/l02_hero.jpg,0.013389266096055508,0.02005123160779476,33.957178930659715,0.9375,0.00048828125
submesh,4,1,3,hero,submesh/m004_s01/l03_hero.bmp,640,640,captures/submesh/m004_s01/l03_hero.jpg,0.031307805329561234,0.04503781720995903,26.928453320790368,0.7830188679245284,0.001844618055555556
submesh,4,1,4,hero,submesh/m004_s01/l04_hero.bmp,640,640,captures/submesh/m004_s01/l04_hero.jpg,0.056716978549957275,0.0766451507806778,22.310306341518434,0.5419664268585132,0.004909939236111111
submesh,4,1,5,hero,submesh/m004_s01/l05_hero.bmp,640,640,captures/submesh/m004_s01/l05_hero.jpg,0.07350669056177139,0.09544016420841217,20.405376442339804,0.3908872901678657,0.006618923611111111
submesh,4,1,6,hero,submesh/m004_s01/l06_hero.bmp,640,640,captures/submesh/m004_s01/l06_hero.jpg,0.08602385967969894,0.11092223972082138,19.099627396277064,0.2087378640776699,0.008843315972222222
submesh,4,2,0,hero,submesh/m004_s02/l00_hero.bmp,640,640,captures/submesh/m004_s02/l00_hero.jpg,0.0,0.0,99.0,1.0,0.0
submesh,4,2,1,hero,submesh/m004_s02/l01_hero.bmp,640,640,captures/submesh/m004_s02/l01_hero.jpg,0.00471942825242877,0.008708409033715725,41.201223607056875,0.9699481865284975,0.00029839409722222376
submesh,4,2,2,hero,submesh/m004_s02/l02_hero.bmp,640,640,captures/submesh/m004_s02/l02_hero.jpg,0.0421842597424984,0.06874685734510422,23.25494300271763,0.7811860940695297,0.004014756944444444
submesh,4,2,3,hero,submesh/m004_s02/l03_hero.bmp,640,640,captures/submesh/m004_s02/l03_hero.jpg,0.08122207969427109,0.11102236807346344,19.09179027071374,0.5486815415821501,0.009847005208333332
submesh,4,2,4,hero,submesh/m004_s02/l04_hero.bmp,640,640,captures/submesh/m004_s02/l04_hero.jpg,0.10816726088523865,0.13796797394752502,17.2044342650241,0.32991803278688525,0.016059027777777776
submesh,4,2,5,hero,submesh/m004_s02/l05_hero.bmp,640,640,captures/submesh/m004_s02/l05_hero.jpg,0.11854533106088638,0.14681802690029144,16.66441233490225,0.24102564102564103,0.018446180555555556
submesh,4,2,6,hero,submesh/m004_s02/l06_hero.bmp,640,640,captures/submesh/m004_s02/l06_hero.jpg,0.1278739720582962,0.15474353730678558,16.20774959518565,0.12839248434237996,0.021945529513888888
mesh,5,,0,hero,mesh/m005/l00_hero.bmp,640,640,captures/mesh/m005/l00_hero.jpg,0.0,0.0,99.0,1.0,0.0
mesh,5,,1,hero,mesh/m005/l01_hero.bmp,640,640,captures/mesh/m005/l01_hero.jpg,0.00592027697712183,0.00896479468792677,40.94919304433715,0.9891205802357208,0.00016276041666666435
mesh,5,,2,hero,mesh/m005/l02_hero.bmp,640,640,captures/mesh/m005/l02_hero.jpg,0.029792409390211105,0.042208727449178696,27.49195482382994,0.9133000453926464,0.004530164930555559
mesh,5,,3,hero,mesh/m005/l03_hero.bmp,640,640,captures/mesh/m005/l03_hero.jpg,0.05584637075662613,0.07588468492031097,22.39691729519533,0.7975432211101001,0.011691623263888895
mesh,5,,4,hero,mesh/m005/l04_hero.bmp,640,640,captures/mesh/m005/l04_hero.jpg,0.07513035088777542,0.0990898460149765,20.079416929588128,0.667881548974943,0.019558376736111112
mesh,5,,5,hero,mesh/m005/l05_hero.bmp,640,640,captures/mesh/m005/l05_hero.jpg,0.09060502052307129,0.11654700338840485,18.66997776824102,0.5432604735883424,0.026936848958333336
mesh,5,,6,hero,mesh/m005/l06_hero.bmp,640,640,captures/mesh/m005/l06_hero.jpg,0.11027856171131134,0.13788549602031708,17.209628284840026,0.35444191343963555,0.03822157118055556
mesh,5,,0,side,mesh/m005/l00_side.bmp,640,640,captures/mesh/m005/l00_side.jpg,0.0,0.0,99.0,1.0,0.0
mesh,5,,1,side,mesh/m005/l01_side.bmp,640,640,captures/mesh/m005/l01_side.jpg,0.005609067156910896,0.008413025178015232,41.50095622702068,0.9774661992989484,0.00013563368055555247
mesh,5,,2,side,mesh/m005/l02_side.bmp,640,640,captures/mesh/m005/l02_side.jpg,0.02090461179614067,0.028714261949062347,30.838046840707946,0.898355754857997,0.003634982638888888
mesh,5,,3,side,mesh/m005/l03_side.bmp,640,640,captures/mesh/m005/l03_side.jpg,0.037519484758377075,0.04877545312047005,26.235973747000735,0.7520040080160321,0.012125651041666664
mesh,5,,4,side,mesh/m005/l04_side.bmp,640,640,captures/mesh/m005/l04_side.jpg,0.04998437315225601,0.06290005892515182,24.02697895409739,0.6205334675390035,0.019639756944444448
mesh,5,,5,side,mesh/m005/l05_side.bmp,640,640,captures/mesh/m005/l05_side.jpg,0.06055810675024986,0.07441741228103638,22.56650871574573,0.4926952141057935,0.026611328125
mesh,5,,6,side,mesh/m005/l06_side.bmp,640,640,captures/mesh/m005/l06_side.jpg,0.07351002842187881,0.08778844028711319,21.131253337922313,0.32964824120603015,0.035210503472222224
mesh,5,,0,top,mesh/m005/l00_top.bmp,640,640,captures/mesh/m005/l00_top.jpg,0.0,0.0,99.0,1.0,0.0
mesh,5,,1,top,mesh/m005/l01_top.bmp,640,640,captures/mesh/m005/l01_top.jpg,0.005458383820950985,0.008195978589355946,41.72798369584319,0.9933628318584071,2.7126736111111882e-05
mesh,5,,2,top,mesh/m005/l02_top.bmp,640,640,captures/mesh/m005/l02_top.jpg,0.03306165337562561,0.04604846239089966,26.7356973359643,0.953519256308101,0.0025227864583333356
mesh,5,,3,top,mesh/m005/l03_top.bmp,640,640,captures/mesh/m005/l03_top.jpg,0.06452174484729767,0.08451306074857712,21.4615233895934,0.8659885006634233,0.007785373263888888
mesh,5,,4,top,mesh/m005/l04_top.bmp,640,640,captures/mesh/m005/l04_top.jpg,0.09002942591905594,0.11396048218011856,18.864914437559296,0.7631695440460381,0.014187282986111112
mesh,5,,5,top,mesh/m005/l05_top.bmp,640,640,captures/mesh/m005/l05_top.jpg,0.11446516960859299,0.14076866209506989,17.02988034052417,0.6181818181818182,0.023247612847222224
mesh,5,,6,top,mesh/m005/l06_top.bmp,640,640,captures/mesh/m005/l06_top.jpg,0.14064952731132507,0.16826611757278442,15.480066513827657,0.4172949002217295,0.03553602430555556
submesh,5,0,0,hero,submesh/m005_s00/l00_hero.bmp,640,640,captures/submesh/m005_s00/l00_hero.jpg,0.0,0.0,99.0,1.0,0.0
submesh,5,0,1,hero,submesh/m005_s00/l01_hero.bmp,640,640,captures/submesh/m005_s00/l01_hero.jpg,0.003193819196894765,0.0053649465553462505,45.40869200083412,0.9762532981530343,2.7126736111110147e-05
submesh,5,0,2,hero,submesh/m005_s00/l02_hero.bmp,640,640,captures/submesh/m005_s00/l02_hero.jpg,0.005724113900214434,0.009915430098772049,40.07376885565434,0.9631578947368421,0.00010850694444444406
submesh,5,0,3,hero,submesh/m005_s00/l03_hero.bmp,640,640,captures/submesh/m005_s00/l03_hero.jpg,0.00947368424385786,0.014607745222747326,36.70833628759731,0.9552631578947368,0.00018988715277777797
submesh,5,0,4,hero,submesh/m005_s00/l04_hero.bmp,640,640,captures/submesh/m005_s00/l04_hero.jpg,0.015981335192918777,0.02374231070280075,32.48954031871498,0.9186351706036745,0.0005154079861111101
submesh,5,0,5,hero,submesh/m005_s00/l05_hero.bmp,640,640,captures/submesh/m005_s00/l05_hero.jpg,0.02062683366239071,0.03038298338651657,30.347391676820227,0.8871391076115486,0.0008409288194444441
submesh,5,0,6,hero,submesh/m005_s00/l06_hero.bmp,640,640,captures/submesh/m005_s00/l06_hero.jpg,0.04179252311587334,0.06963765621185303,23.14311708635788,0.6710182767624021,0.002983940972222222
submesh,5,1,0,hero,submesh/m005_s01/l00_hero.bmp,640,640,captures/submesh/m005_s01/l00_hero.jpg,0.0,0.0,99.0,1.0,0.0
submesh,5,1,1,hero,submesh/m005_s01/l01_hero.bmp,640,640,captures/submesh/m005_s01/l01_hero.jpg,0.00848599523305893,0.012862122617661953,37.81374709002671,0.8439425051334702,0.002821180555555556
submesh,5,1,2,hero,submesh/m005_s01/l02_hero.bmp,640,640,captures/submesh/m005_s01/l02_hero.jpg,0.015093807131052017,0.021432537585496902,33.37852811986817,0.7173689619732785,0.006212022569444444
submesh,5,1,3,hero,submesh/m005_s01/l03_hero.bmp,640,640,captures/submesh/m005_s01/l03_hero.jpg,0.023231208324432373,0.031107179820537567,30.14278720559613,0.5697916666666667,0.010660807291666668
submesh,5,1,4,hero,submesh/m005_s01/l04_hero.bmp,640,640,captures/submesh/m005_s01/l04_hero.jpg,0.031242242082953453,0.04008762538433075,27.939793373879827,0.4302203567681007,0.014567057291666668
submesh,5,1,5,hero,submesh/m005_s01/l05_hero.bmp,640,640,captures/submesh/m005_s01/l05_hero.jpg,0.03809249401092529,0.04788346588611603,26.396288443199435,0.3476890756302521,0.016737196180555556
submesh,5,1,6,hero,submesh/m005_s01/l06_hero.bmp,640,640,captures/submesh/m005_s01/l06_hero.jpg,0.04875225946307182,0.06012076511979103,24.41951002105428,0.17770767613038907,0.021158854166666668
submesh,5,2,0,hero,submesh/m005_s02/l00_hero.bmp,640,640,captures/submesh/m005_s02/l00_hero.jpg,0.0,0.0,99.0,1.0,0.0
submesh,5,2,1,hero,submesh/m005_s02/l01_hero.bmp,640,640,captures/submesh/m005_s02/l01_hero.jpg,0.004920419305562973,0.007598070427775383,42.38593370430071,0.9893428063943162,0.0001627604166666713
submesh,5,2,2,hero,submesh/m005_s02/l02_hero.bmp,640,640,captures/submesh/m005_s02/l02_hero.jpg,0.03445831313729286,0.049428511410951614,26.120449371097724,0.8955012398157988,0.006591796875
submesh,5,2,3,hero,submesh/m005_s02/l03_hero.bmp,640,640,captures/submesh/m005_s02/l03_hero.jpg,0.06433603912591934,0.08632462471723557,21.27730602003075,0.7507082152974505,0.017632378472222224
submesh,5,2,4,hero,submesh/m005_s02/l04_hero.bmp,640,640,captures/submesh/m005_s02/l04_hero.jpg,0.08653204888105392,0.11296346783638,18.9412396758655,0.5963791267305645,0.029758029513888888
submesh,5,2,5,hero,submesh/m005_s02/l05_hero.bmp,640,640,captures/submesh/m005_s02/l05_hero.jpg,0.10416705161333084,0.1329258531332016,17.527810873071946,0.4645781416874333,0.04014756944444444
submesh,5,2,6,hero,submesh/m005_s02/l06_hero.bmp,640,640,captures/submesh/m005_s02/l06_hero.jpg,0.12293768674135208,0.15361349284648895,16.27141271585406,0.27188612099644127,0.05479600694444445
mesh,6,,0,hero,mesh/m006/l00_hero.bmp,640,640,captures/mesh/m006/l00_hero.jpg,0.0,0.0,99.0,1.0,0.0
mesh,6,,1,hero,mesh/m006/l01_hero.bmp,640,640,captures/mesh/m006/l01_hero.jpg,0.005824845749884844,0.009166909381747246,40.75554123577053,0.9874944171505137,0.00016276041666666435
mesh,6,,2,hero,mesh/m006/l02_hero.bmp,640,640,captures/mesh/m006/l02_hero.jpg,0.03184852376580238,0.0452115423977375,26.895013533987825,0.9214031971580817,0.0034993489583333287
mesh,6,,3,hero,mesh/m006/l03_hero.bmp,640,640,captures/mesh/m006/l03_hero.jpg,0.060758959501981735,0.08156508952379227,21.76991365612809,0.8096299598751672,0.010769314236111105
mesh,6,,4,hero,mesh/m006/l04_hero.bmp,640,640,captures/mesh/m006/l04_hero.jpg,0.08362216502428055,0.10835029929876328,19.303397693598207,0.6720285969615728,0.01936848958333333
mesh,6,,5,hero,mesh/m006/l05_hero.bmp,640,640,captures/mesh/m006/l05_hero.jpg,0.10180432349443436,0.129391610622406,17.761877623038615,0.5292541313086199,0.027994791666666664
mesh,6,,6,hero,mesh/m006/l06_hero.bmp,640,640,captures/mesh/m006/l06_hero.jpg,0.12244436144828796,0.1513788104057312,16.398698238846634,0.3510258697591436,0.03870985243055555
mesh,6,,0,side,mesh/m006/l00_side.bmp,640,640,captures/mesh/m006/l00_side.jpg,0.0,0.0,99.0,1.0,0.0
mesh,6,,1,side,mesh/m006/l01_side.bmp,640,640,captures/mesh/m006/l01_side.jpg,0.005459139589220285,0.008056302554905415,41.877284643878895,0.9790652385589095,8.138020833333565e-05
mesh,6,,2,side,mesh/m006/l02_side.bmp,640,640,captures/mesh/m006/l02_side.jpg,0.02282700315117836,0.03141380846500397,30.05758817106186,0.8933074684772065,0.004448784722222224
mesh,6,,3,side,mesh/m006/l03_side.bmp,640,640,captures/mesh/m006/l03_side.jpg,0.041183143854141235,0.05384417623281479,25.377225259289467,0.7588721438988819,0.01220703125
mesh,6,,4,side,mesh/m006/l04_side.bmp,640,640,captures/mesh/m006/l04_side.jpg,0.05600887909531593,0.07112795859575272,22.959193111385964,0.620136186770428,0.019992404513888888
mesh,6,,5,side,mesh/m006/l05_side.bmp,640,640,captures/mesh/m006/l05_side.jpg,0.06808295100927353,0.08429942280054092,21.483507979723,0.4826744753538311,0.027940538194444444
mesh,6,,6,side,mesh/m006/l06_side.bmp,640,640,captures/mesh/m006/l06_side.jpg,0.08068139851093292,0.09773087501525879,20.199364256744463,0.3354523227383863,0.03626844618055555
mesh,6,,0,top,mesh/m006/l00_top.bmp,640,640,captures/mesh/m006/l00_top.jpg,0.0,0.0,99.0,1.0,0.0
mesh,6,,1,top,mesh/m006/l01_top.bmp,640,640,captures/mesh/m006/l01_top.jpg,0.005438547115772963,0.008424187079071999,41.489439943511,0.996947230702137,0.00013563368055555247
mesh,6,,2,top,mesh/m006/l02_top.bmp,640,640,captures/mesh/m006/l02_top.jpg,0.03522983938455582,0.04992121830582619,26.03429648853137,0.9460400348128808,0.0030381944444444406
mesh,6,,3,top,mesh/m006/l03_top.bmp,640,640,captures/mesh/m006/l03_top.jpg,0.07200188934803009,0.0947217047214508,20.47100988969145,0.8619337979094077,0.008382161458333329
mesh,6,,4,top,mesh/m006/l04_top.bmp,640,640,captures/mesh/m006/l04_top.jpg,0.10295470803976059,0.12975206971168518,17.737714117421312,0.755119825708061,0.015082465277777776
mesh,6,,5,top,mesh/m006/l05_top.bmp,640,640,captures/mesh/m006/l05_top.jpg,0.12987999618053436,0.15867896378040314,15.989612885147855,0.6099476439790575,0.02425130208333333
mesh,6,,6,top,mesh/m006/l06_top.bmp,640,640,captures/mesh/m006/l06_top.jpg,0.1614932268857956,0.19174674153327942,14.345440150827635,0.39179755671902267,0.03781467013888889
submesh,6,0,0,hero,submesh/m006_s00/l00_hero.bmp,640,640,captures/submesh/m006_s00/l00_hero.jpg,0.0,0.0,99.0,1.0,0.0
submesh,6,0,1,hero,submesh/m006_s00/l01_hero.bmp,640,640,captures/submesh/m006_s00/l01_hero.jpg,0.0033071893267333508,0.005288062151521444,45.53406898306488,0.99,0.00010850694444444406
submesh,6,0,2,hero,submesh/m006_s00/l02_hero.bmp,640,640,captures/submesh/m006_s00/l02_hero.jpg,0.005964657291769981,0.009628216736018658,40.329082841979414,0.9555555555555556,0.00021701388888888812
submesh,6,0,3,hero,submesh/m006_s00/l03_hero.bmp,640,640,captures/submesh/m006_s00/l03_hero.jpg,0.010030288249254227,0.014845134690403938,36.5683171536338,0.9414634146341463,0.00010850694444444406
submesh,6,0,4,hero,submesh/m006_s00/l04_hero.bmp,640,640,captures/submesh/m006_s00/l04_hero.jpg,0.015897823497653008,0.023574361577630043,32.55120119307816,0.8840579710144928,0.000542534722222222
submesh,6,0,5,hero,submesh/m006_s00/l05_hero.bmp,640,640,captures/submesh/m006_s00/l05_hero.jpg,0.025049326941370964,0.036905862390995026,28.658092838425052,0.8231132075471698,0.000732421875
submesh,6,0,6,hero,submesh/m006_s00/l06_hero.bmp,640,640,captures/submesh/m006_s00/l06_hero.jpg,0.04688965529203415,0.06843351572751999,23.29462295665996,0.6494117647058824,0.002685546875
submesh,6,1,0,hero,submesh/m006_s01/l00_hero.bmp,640,640,captures/submesh/m006_s01/l00_hero.jpg,0.0,0.0,99.0,1.0,0.0
submesh,6,1,1,hero,submesh/m006_s01/l01_hero.bmp,640,640,captures/submesh/m006_s01/l01_hero.jpg,0.008680173195898533,0.013282849453389645,37.534174991620795,0.8721413721413721,0.001817491319444444
submesh,6,1,2,hero,submesh/m006_s01/l02_hero.bmp,640,640,captures/submesh/m006_s01/l02_hero.jpg,0.015926454216241837,0.02223784662783146,33.05814538759828,0.7286166842661035,0.006266276041666664
submesh,6,1,3,hero,submesh/m006_s01/l03_hero.bmp,640,640,captures/submesh/m006_s01/l03_hero.jpg,0.024420740082859993,0.03235765919089317,29.80045807076806,0.5620360551431601,0.010715060763888888
submesh,6,1,4,hero,submesh/m006_s01/l04_hero.bmp,640,640,captures/submesh/m006_s01/l04_hero.jpg,0.031874243170022964,0.04061201214790344,27.826909851626105,0.44562899786780386,0.013888888888888888
submesh,6,1,5,hero,submesh/m006_s01/l05_hero.bmp,640,640,captures/submesh/m006_s01/l05_hero.jpg,0.038796715438365936,0.04832863062620163,26.31591020519246,0.3408119658119658,0.016628689236111112
submesh,6,1,6,hero,submesh/m006_s01/l06_hero.bmp,640,640,captures/submesh/m006_s01/l06_hero.jpg,0.0482904352247715,0.058886755257844925,24.59964750502661,0.19271948608137046,0.020453559027777776
submesh,6,2,0,hero,submesh/m006_s02/l00_hero.bmp,640,640,captures/submesh/m006_s02/l00_hero.jpg,0.0,0.0,99.0,1.0,0.0
submesh,6,2,1,hero,submesh/m006_s02/l01_hero.bmp,640,640,captures/submesh/m006_s02/l01_hero.jpg,0.004687868058681488,0.007452908903360367,42.553483742065325,0.9867086393844001,0.00010850694444444753
submesh,6,2,2,hero,submesh/m006_s02/l02_hero.bmp,640,640,captures/submesh/m006_s02/l02_hero.jpg,0.03752931207418442,0.05301696062088013,25.51170346620253,0.9024982650936849,0.005235460069444434
submesh,6,2,3,hero,submesh/m006_s02/l03_hero.bmp,640,640,captures/submesh/m006_s02/l03_hero.jpg,0.07168151438236237,0.09555608034133911,20.394833461624508,0.7578506629448709,0.01730685763888888
submesh,6,2,4,hero,submesh/m006_s02/l04_hero.bmp,640,640,captures/submesh/m006_s02/l04_hero.jpg,0.09793275594711304,0.12586833536624908,18.0016702279187,0.6032855644879412,0.029541015624999993
submesh,6,2,5,hero,submesh/m006_s02/l05_hero.bmp,640,640,captures/submesh/m006_s02/l05_hero.jpg,0.11855655163526535,0.14989875257015228,16.48403962510961,0.44759901857693657,0.041937934027777776
submesh,6,2,6,hero,submesh/m006_s02/l06_hero.bmp,640,640,captures/submesh/m006_s02/l06_hero.jpg,0.14053595066070557,0.17325353622436523,15.22635784750574,0.26481936162749914,0.05615234375
mesh,7,,0,hero,mesh/m007/l00_hero.bmp,640,640,captures/mesh/m007/l00_hero.jpg,0.0,0.0,99.0,1.0,0.0
mesh,7,,1,hero,mesh/m007/l01_hero.bmp,640,640,captures/mesh/m007/l01_hero.jpg,0.005696473177522421,0.008542805910110474,41.36798921120629,0.9841758241758242,5.4253472222223764e-05
mesh,7,,2,hero,mesh/m007/l02_hero.bmp,640,640,captures/mesh/m007/l02_hero.jpg,0.027185870334506035,0.03785279393196106,28.438041190146336,0.9060579455662863,0.004720052083333336
mesh,7,,3,hero,mesh/m007/l03_hero.bmp,640,640,captures/mesh/m007/l03_hero.jpg,0.04942932352423668,0.06498981267213821,23.743094296994606,0.7712906057945567,0.01304796006944444
mesh,7,,4,hero,mesh/m007/l04_hero.bmp,640,640,captures/mesh/m007/l04_hero.jpg,0.06750992685556412,0.08579303324222565,21.330959545427195,0.6420079260237781,0.02134874131944444
mesh,7,,5,hero,mesh/m007/l05_hero.bmp,640,640,captures/mesh/m007/l05_hero.jpg,0.08123207837343216,0.10110051184892654,19.90493291338242,0.5123565754633715,0.029541015625
mesh,7,,6,hero,mesh/m007/l06_hero.bmp,640,640,captures/mesh/m007/l06_hero.jpg,0.09582235664129257,0.11646674573421478,18.675961184731218,0.33450859409431466,0.04036458333333333
mesh,7,,0,side,mesh/m007/l00_side.bmp,640,640,captures/mesh/m007/l00_side.jpg,0.0,0.0,99.0,1.0,0.0
mesh,7,,1,side,mesh/m007/l01_side.bmp,640,640,captures/mesh/m007/l01_side.jpg,0.005681900307536125,0.008435352705419064,41.477935072843195,0.9735194992778046,0.00029839409722222376
mesh,7,,2,side,mesh/m007/l02_side.bmp,640,640,captures/mesh/m007/l02_side.jpg,0.020273733884096146,0.027184665203094482,31.3135202249901,0.889049686444766,0.004665798611111112
mesh,7,,3,side,mesh/m007/l03_side.bmp,640,640,captures/mesh/m007/l03_side.jpg,0.034438226372003555,0.043905287981033325,27.149663398037212,0.7595364558184452,0.012044270833333336
mesh,7,,4,side,mesh/m007/l04_side.bmp,640,640,captures/mesh/m007/l04_side.jpg,0.04707842692732811,0.058297671377658844,24.686975844109803,0.6279632317368167,0.019612630208333336
mesh,7,,5,side,mesh/m007/l05_side.bmp,640,640,captures/mesh/m007/l05_side.jpg,0.05765777826309204,0.07005693763494492,23.090977014164046,0.49199417758369723,0.027479383680555556
mesh,7,,6,side,mesh/m007/l06_side.bmp,640,640,captures/mesh/m007/l06_side.jpg,0.0704483613371849,0.08355436474084854,21.560617167152422,0.33900778210116733,0.036214192708333336
mesh,7,,0,top,mesh/m007/l00_top.bmp,640,640,captures/mesh/m007/l00_top.jpg,0.0,0.0,99.0,1.0,0.0
mesh,7,,1,top,mesh/m007/l01_top.bmp,640,640,captures/mesh/m007/l01_top.jpg,0.005539911799132824,0.00833924300968647,41.5774674084369,0.9907773386034255,0.0001356336805555594
mesh,7,,2,top,mesh/m007/l02_top.bmp,640,640,captures/mesh/m007/l02_top.jpg,0.028979767113924026,0.039403192698955536,28.08937174858354,0.9380764163372859,0.003390842013888888
mesh,7,,3,top,mesh/m007/l03_top.bmp,640,640,captures/mesh/m007/l03_top.jpg,0.05643583461642265,0.0722905844449997,22.818365282287804,0.8459507042253521,0.009331597222222224
mesh,7,,4,top,mesh/m007/l04_top.bmp,640,640,captures/mesh/m007/l04_top.jpg,0.08062266558408737,0.10005053132772446,19.995612013201853,0.7313104661389622,0.016303168402777776
mesh,7,,5,top,mesh/m007/l05_top.bmp,640,640,captures/mesh/m007/l05_top.jpg,0.10107724368572235,0.12192952632904053,18.277822266790555,0.6103038309114928,0.023898654513888888
mesh,7,,6,top,mesh/m007/l06_top.bmp,640,640,captures/mesh/m007/l06_top.jpg,0.12479142099618912,0.1462070196866989,16.700635510899428,0.404227212681638,0.03659396701388889
submesh,7,0,0,hero,submesh/m007_s00/l00_hero.bmp,640,640,captures/submesh/m007_s00/l00_hero.jpg,0.0,0.0,99.0,1.0,0.0
submesh,7,0,1,hero,submesh/m007_s00/l01_hero.bmp,640,640,captures/submesh/m007_s00/l01_hero.jpg,0.002260669134557247,0.004163255915045738,47.611337844833905,0.9788235294117648,0.00013563368055555594
submesh,7,0,2,hero,submesh/m007_s00/l02_hero.bmp,640,640,captures/submesh/m007_s00/l02_hero.jpg,0.004972935654222965,0.008087357506155968,41.843867164697556,0.9689737470167065,0.00029839409722222203
submesh,7,0,3,hero,submesh/m007_s00/l03_hero.bmp,640,640,captures/submesh/m007_s00/l03_hero.jpg,0.008045440539717674,0.013537460938096046,37.36925567014881,0.9404761904761905,0.0005696614583333322
submesh,7,0,4,hero,submesh/m007_s00/l04_hero.bmp,640,640,captures/submesh/m007_s00/l04_hero.jpg,0.014391358941793442,0.021099481731653214,33.5145642436646,0.8802816901408451,0.0009494357638888881
submesh,7,0,5,hero,submesh/m007_s00/l05_hero.bmp,640,640,captures/submesh/m007_s00/l05_hero.jpg,0.01906546577811241,0.02889144793152809,30.78461384784068,0.8484848484848485,0.001166449652777778
submesh,7,0,6,hero,submesh/m007_s00/l06_hero.bmp,640,640,captures/submesh/m007_s00/l06_hero.jpg,0.037525251507759094,0.05908291041851044,24.57076239057114,0.6659090909090909,0.002794053819444444
submesh,7,1,0,hero,submesh/m007_s01/l00_hero.bmp,640,640,captures/submesh/m007_s01/l00_hero.jpg,0.0,0.0,99.0,1.0,0.0
submesh,7,1,1,hero,submesh/m007_s01/l01_hero.bmp,640,640,captures/submesh/m007_s01/l01_hero.jpg,0.008858650922775269,0.0136038176715374,37.32678394874667,0.8444216990788127,0.0024956597222222238
submesh,7,1,2,hero,submesh/m007_s01/l02_hero.bmp,640,640,captures/submesh/m007_s01/l02_hero.jpg,0.015575426630675793,0.021946130320429802,33.17284092405507,0.7073422957600828,0.006591796875
submesh,7,1,3,hero,submesh/m007_s01/l03_hero.bmp,640,640,captures/submesh/m007_s01/l03_hero.jpg,0.022952070459723473,0.031100226566195488,30.144728942234906,0.5822916666666667,0.010172526041666668
submesh,7,1,4,hero,submesh/m007_s01/l04_hero.bmp,640,640,captures/submesh/m007_s01/l04_hero.jpg,0.02994602546095848,0.038923393934965134,28.19578596675616,0.46065057712486884,0.01361762152777778
submesh,7,1,5,hero,submesh/m007_s01/l05_hero.bmp,640,640,captures/submesh/m007_s01/l05_hero.jpg,0.03719160705804825,0.0471571646630764,26.52904629723777,0.3473684210526316,0.016655815972222224
submesh,7,1,6,hero,submesh/m007_s01/l06_hero.bmp,640,640,captures/submesh/m007_s01/l06_hero.jpg,0.046438321471214294,0.05749329924583435,24.807655374080774,0.18248945147679324,0.02096896701388889
submesh,7,2,0,hero,submesh/m007_s02/l00_hero.bmp,640,640,captures/submesh/m007_s02/l00_hero.jpg,0.0,0.0,99.0,1.0,0.0
submesh,7,2,1,hero,submesh/m007_s02/l01_hero.bmp,640,640,captures/submesh/m007_s02/l01_hero.jpg,0.00498312059789896,0.007544008083641529,42.44795709820611,0.9843695727683224,0.00013563368055556635
submesh,7,2,2,hero,submesh/m007_s02/l02_hero.bmp,640,640,captures/submesh/m007_s02/l02_hero.jpg,0.03140741214156151,0.043489523231983185,27.232307068056265,0.885001731901628,0.0072157118055555525
submesh,7,2,3,hero,submesh/m007_s02/l03_hero.bmp,640,640,captures/submesh/m007_s02/l03_hero.jpg,0.05805496871471405,0.07561001926660538,22.428413025455963,0.7153739612188366,0.02045355902777777
submesh,7,2,4,hero,submesh/m007_s02/l04_hero.bmp,640,640,captures/submesh/m007_s02/l04_hero.jpg,0.0781903937458992,0.09842800348997116,20.13762648036723,0.5495652173913044,0.03398980034722222
submesh,7,2,5,hero,submesh/m007_s02/l05_hero.bmp,640,640,captures/submesh/m007_s02/l05_hero.jpg,0.09278636425733566,0.11476532369852066,18.80378628079952,0.41043478260869565,0.04484049479166666
submesh,7,2,6,hero,submesh/m007_s02/l06_hero.bmp,640,640,captures/submesh/m007_s02/l06_hero.jpg,0.10736396163702011,0.12995818257331848,17.72392741528503,0.24496177901320362,0.057644314236111105
mesh,8,,0,hero,mesh/m008/l00_hero.bmp,640,640,captures/mesh/m008/l00_hero.jpg,0.0,0.0,99.0,1.0,0.0
mesh,8,,1,hero,mesh/m008/l01_hero.bmp,640,640,captures/mesh/m008/l01_hero.jpg,0.006061200052499771,0.009041926823556423,40.874780240779565,0.9845454545454545,5.4253472222216825e-05
mesh,8,,2,hero,mesh/m008/l02_hero.bmp,640,640,captures/mesh/m008/l02_hero.jpg,0.030357036739587784,0.04302818328142166,27.324939802731755,0.9121129326047359,0.004475911458333336
mesh,8,,3,hero,mesh/m008/l03_hero.bmp,640,640,captures/mesh/m008/l03_hero.jpg,0.05544548109173775,0.07497712224721909,22.501424651492172,0.8010041077133729,0.011338975694444448
mesh,8,,4,hero,mesh/m008/l04_hero.bmp,640,640,captures/mesh/m008/l04_hero.jpg,0.07532911002635956,0.09864544868469238,20.11845894958833,0.6614892645043399,0.019721137152777783
mesh,8,,5,hero,mesh/m008/l05_hero.bmp,640,640,captures/mesh/m008/l05_hero.jpg,0.0922827273607254,0.11773614585399628,18.58180370235035,0.517897598550068,0.02750651041666667
mesh,8,,6,hero,mesh/m008/l06_hero.bmp,640,640,captures/mesh/m008/l06_hero.jpg,0.11055412143468857,0.13758638501167297,17.22849079975011,0.34306569343065696,0.038519965277777776
mesh,8,,0,side,mesh/m008/l00_side.bmp,640,640,captures/mesh/m008/l00_side.jpg,0.0,0.0,99.0,1.0,0.0
mesh,8,,1,side,mesh/m008/l01_side.bmp,640,640,captures/mesh/m008/l01_side.jpg,0.005516416393220425,0.008133073337376118,41.79490623142439,0.9741966893865628,0.000244140625
mesh,8,,2,side,mesh/m008/l02_side.bmp,640,640,captures/mesh/m008/l02_side.jpg,0.01992139033973217,0.026958918198943138,31.38595078105468,0.8910600879335613,0.004747178819444441
mesh,8,,3,side,mesh/m008/l03_side.bmp,640,640,captures/mesh/m008/l03_side.jpg,0.035476766526699066,0.0460868775844574,26.72845429217476,0.7366114897760467,0.012993706597222224
mesh,8,,4,side,mesh/m008/l04_side.bmp,640,640,captures/mesh/m008/l04_side.jpg,0.04791680723428726,0.06048222631216049,24.367444622196835,0.6057928325969563,0.021023220486111112
mesh,8,,5,side,mesh/m008/l05_side.bmp,640,640,captures/mesh/m008/l05_side.jpg,0.059173181653022766,0.07224807888269424,22.82347393107882,0.46454767726161367,0.028510199652777776
mesh,8,,6,side,mesh/m008/l06_side.bmp,640,640,captures/mesh/m008/l06_side.jpg,0.07043237239122391,0.08338161557912827,21.578593887168026,0.3277723258096173,0.03634982638888889
mesh,8,,0,top,mesh/m008/l00_top.bmp,640,640,captures/mesh/m008/l00_top.jpg,0.0,0.0,99.0,1.0,0.0
mesh,8,,1,top,mesh/m008/l01_top.bmp,640,640,captures/mesh/m008/l01_top.jpg,0.0059981392696499825,0.008980254642665386,40.93422696746352,0.9950914770191879,2.7126736111111882e-05
mesh,8,,2,top,mesh/m008/l02_top.bmp,640,640,captures/mesh/m008/l02_top.jpg,0.032277662307024,0.04496323689818382,26.942848630088626,0.953125,0.0025770399305555594
mesh,8,,3,top,mesh/m008/l03_top.bmp,640,640,captures/mesh/m008/l03_top.jpg,0.06306108832359314,0.08279578387737274,21.639835555464543,0.8655049151027703,0.008002387152777783
mesh,8,,4,top,mesh/m008/l04_top.bmp,640,640,captures/mesh/m008/l04_top.jpg,0.09095130860805511,0.11479371786117554,18.80163756504633,0.7542448614834674,0.014756944444444448
mesh,8,,5,top,mesh/m008/l05_top.bmp,640,640,captures/mesh/m008/l05_top.jpg,0.11580707132816315,0.1417974829673767,16.966629564029574,0.6151785714285715,0.02311197916666667
mesh,8,,6,top,mesh/m008/l06_top.bmp,640,640,captures/mesh/m008/l06_top.jpg,0.14244918525218964,0.17061114311218262,15.359852144015722,0.40634778721502013,0.03591579861111111
submesh,8,0,0,hero,submesh/m008_s00/l00_hero.bmp,640,640,captures/submesh/m008_s00/l00_hero.jpg,0.0,0.0,99.0,1.0,0.0
submesh,8,0,1,hero,submesh/m008_s00/l01_hero.bmp,640,640,captures/submesh/m008_s00/l01_hero.jpg,0.0029321671463549137,0.004770040046423674,46.42955949732009,0.9949874686716792,0.0
submesh,8,0,2,hero,submesh/m008_s00/l02_hero.bmp,640,640,captures/submesh/m008_s00/l02_hero.jpg,0.006396816112101078,0.009746808558702469,40.222751280360185,0.9603960396039604,0.00010850694444444406
submesh,8,0,3,hero,submesh/m008_s00/l03_hero.bmp,640,640,captures/submesh/m008_s00/l03_hero.jpg,0.010070200078189373,0.014998223632574081,36.479203501892755,0.9481481481481482,0.00018988715277777797
submesh,8,0,4,hero,submesh/m008_s00/l04_hero.bmp,640,640,captures/submesh/m008_s00/l04_hero.jpg,0.01311053242534399,0.01928580552339554,34.29524433890435,0.9236453201970444,0.0004069010416666661
submesh,8,0,5,hero,submesh/m008_s00/l05_hero.bmp,640,640,captures/submesh/m008_s00/l05_hero.jpg,0.026004524901509285,0.038045819848775864,28.393861057152154,0.8426150121065376,0.0009494357638888881
submesh,8,0,6,hero,submesh/m008_s00/l06_hero.bmp,640,640,captures/submesh/m008_s00/l06_hero.jpg,0.05258084088563919,0.079787977039814,21.961250919514228,0.6443914081145584,0.002902560763888888
submesh,8,1,0,hero,submesh/m008_s01/l00_hero.bmp,640,640,captures/submesh/m008_s01/l00_hero.jpg,0.0,0.0,99.0,1.0,0.0
submesh,8,1,1,hero,submesh/m008_s01/l01_hero.bmp,640,640,captures/submesh/m008_s01/l01_hero.jpg,0.009557150304317474,0.014033438637852669,37.056718000007564,0.8565853658536585,0.0026312934027777797
submesh,8,1,2,hero,submesh/m008_s01/l02_hero.bmp,640,640,captures/submesh/m008_s01/l02_hero.jpg,0.01637907139956951,0.022895004600286484,32.80518529747227,0.7148475909537857,0.006944444444444444
submesh,8,1,3,hero,submesh/m008_s01/l03_hero.bmp,640,640,captures/submesh/m008_s01/l03_hero.jpg,0.025071922689676285,0.033145610243082047,29.591479615738827,0.5618199802176064,0.01142035590277778
submesh,8,1,4,hero,submesh/m008_s01/l04_hero.bmp,640,640,captures/submesh/m008_s01/l04_hero.jpg,0.03352556750178337,0.04279341921210289,27.372460236377293,0.44167497507477566,0.015028211805555556
submesh,8,1,5,hero,submesh/m008_s01/l05_hero.bmp,640,640,captures/submesh/m008_s01/l05_hero.jpg,0.041196711361408234,0.051547206938266754,25.75589723579979,0.3246753246753247,0.018283420138888888
submesh,8,1,6,hero,submesh/m008_s01/l06_hero.bmp,640,640,captures/submesh/m008_s01/l06_hero.jpg,0.05017124116420746,0.06178734079003334,24.18200991188138,0.173,0.022433810763888888
submesh,8,2,0,hero,submesh/m008_s02/l00_hero.bmp,640,640,captures/submesh/m008_s02/l00_hero.jpg,0.0,0.0,99.0,1.0,0.0
submesh,8,2,1,hero,submesh/m008_s02/l01_hero.bmp,640,640,captures/submesh/m008_s02/l01_hero.jpg,0.00506243109703064,0.007607561536133289,42.37509052058542,0.9870967741935484,0.00037977430555555247
submesh,8,2,2,hero,submesh/m008_s02/l02_hero.bmp,640,640,captures/submesh/m008_s02/l02_hero.jpg,0.03398832678794861,0.04872696101665497,26.244613473524648,0.9004637887977167,0.0055067274305555525
submesh,8,2,3,hero,submesh/m008_s02/l03_hero.bmp,640,640,captures/submesh/m008_s02/l03_hero.jpg,0.06527908891439438,0.08744831383228302,21.164971202355606,0.7665355738291026,0.015977647569444448
submesh,8,2,4,hero,submesh/m008_s02/l04_hero.bmp,640,640,captures/submesh/m008_s02/l04_hero.jpg,0.08959200233221054,0.1159413605928421,18.71523214822054,0.6086175942549371,0.02848307291666667
submesh,8,2,5,hero,submesh/m008_s02/l05_hero.bmp,640,640,captures/submesh/m008_s02/l05_hero.jpg,0.1086156964302063,0.13742220401763916,17.238861807937894,0.44136690647482013,0.041314019097222224
submesh,8,2,6,hero,submesh/m008_s02/l06_hero.bmp,640,640,captures/submesh/m008_s02/l06_hero.jpg,0.1258779764175415,0.15641926229000092,16.114195333560644,0.25782092772384035,0.055121527777777776
mesh,9,,0,hero,mesh/m009/l00_hero.bmp,640,640,captures/mesh/m009/l00_hero.jpg,0.0,0.0,99.0,1.0,0.0
mesh,9,,1,hero,mesh/m009/l01_hero.bmp,640,640,captures/mesh/m009/l01_hero.jpg,0.005934472661465406,0.008843858726322651,41.06716407100386,0.9816681943171403,0.00032552083333333565
mesh,9,,2,hero,mesh/m009/l02_hero.bmp,640,640,captures/mesh/m009/l02_hero.jpg,0.026143791154026985,0.03607283905148506,28.856393518549535,0.9096330275229357,0.004692925347222224
mesh,9,,3,hero,mesh/m009/l03_hero.bmp,640,640,captures/mesh/m009/l03_hero.jpg,0.04979792609810829,0.06494197249412537,23.749490492117005,0.791743119266055,0.011664496527777776
mesh,9,,4,hero,mesh/m009/l04_hero.bmp,640,640,captures/mesh/m009/l04_hero.jpg,0.06816753000020981,0.08607087284326553,21.302875856780265,0.6614678899082569,0.019368489583333336
mesh,9,,5,hero,mesh/m009/l05_hero.bmp,640,640,captures/mesh/m009/l05_hero.jpg,0.08361269533634186,0.10307314246892929,19.737089661749742,0.5204409738171796,0.02783203125
mesh,9,,6,hero,mesh/m009/l06_hero.bmp,640,640,captures/mesh/m009/l06_hero.jpg,0.09925569593906403,0.11923214793205261,18.472132645754506,0.3193933823529412,0.039740668402777776
mesh,9,,0,side,mesh/m009/l00_side.bmp,640,640,captures/mesh/m009/l00_side.jpg,0.0,0.0,99.0,1.0,0.0
mesh,9,,1,side,mesh/m009/l01_side.bmp,640,640,captures/mesh/m009/l01_side.jpg,0.005334622226655483,0.00791399646550417,42.03208296063252,0.971830985915493,0.0
mesh,9,,2,side,mesh/m009/l02_side.bmp,640,640,captures/mesh/m009/l02_side.jpg,0.019119687378406525,0.025900883600115776,31.733708397055437,0.8746879680479281,0.004475911458333329
mesh,9,,3,side,mesh/m009/l03_side.bmp,640,640,captures/mesh/m009/l03_side.jpg,0.034030281007289886,0.04384511709213257,27.161575315296027,0.7331658291457287,0.012776692708333329
mesh,9,,4,side,mesh/m009/l04_side.bmp,640,640,captures/mesh/m009/l04_side.jpg,0.045750316232442856,0.057007577270269394,24.881348308319666,0.5864851235501765,0.02099609375
mesh,9,,5,side,mesh/m009/l05_side.bmp,640,640,captures/mesh/m009/l05_side.jpg,0.055727556347846985,0.06735507398843765,23.432593649249995,0.4574898785425101,0.028211805555555552
mesh,9,,6,side,mesh/m009/l06_side.bmp,640,640,captures/mesh/m009/l06_side.jpg,0.06712767481803894,0.07960079610347748,21.981651775493262,0.31786074672048437,0.03548177083333333
mesh,9,,0,top,mesh/m009/l00_top.bmp,640,640,captures/mesh/m009/l00_top.jpg,0.0,0.0,99.0,1.0,0.0
mesh,9,,1,top,mesh/m009/l01_top.bmp,640,640,captures/mesh/m009/l01_top.jpg,0.005143776070326567,0.007845497690141201,42.10759002248117,0.9941309255079007,0.00013563368055555247
mesh,9,,2,top,mesh/m009/l02_top.bmp,640,640,captures/mesh/m009/l02_top.jpg,0.027778662741184235,0.03806274011731148,28.389999005692147,0.95483288166215,0.0025499131944444406
mesh,9,,3,top,mesh/m009/l03_top.bmp,640,640,captures/mesh/m009/l03_top.jpg,0.05742005631327629,0.07280832529067993,22.756379166189916,0.851333032083145,0.008816189236111112
mesh,9,,4,top,mesh/m009/l04_top.bmp,640,640,captures/mesh/m009/l04_top.jpg,0.08158942312002182,0.09947662800550461,20.045578891729683,0.7319168173598554,0.016031901041666664
mesh,9,,5,top,mesh/m009/l05_top.bmp,640,640,captures/mesh/m009/l05_top.jpg,0.10298233479261398,0.12228933721780777,18.252228175602703,0.5765237020316027,0.02522786458333333
mesh,9,,6,top,mesh/m009/l06_top.bmp,640,640,captures/mesh/m009/l06_top.jpg,0.12584993243217468,0.14565026760101318,16.733774262259185,0.3696339810212381,0.03773328993055555
submesh,9,0,0,hero,submesh/m009_s00/l00_hero.bmp,640,640,captures/submesh/m009_s00/l00_hero.jpg,0.0,0.0,99.0,1.0,0.0
submesh,9,0,1,hero,submesh/m009_s00/l01_hero.bmp,640,640,captures/submesh/m009_s00/l01_hero.jpg,0.0029609045013785362,0.004851003643125296,46.283367984334554,0.994750656167979,0.0
submesh,9,0,2,hero,submesh/m009_s00/l02_hero.bmp,640,640,captures/submesh/m009_s00/l02_hero.jpg,0.0058360351249575615,0.009257043711841106,40.670553710470884,0.9816272965879265,0.00013563368055555594
submesh,9,0,3,hero,submesh/m009_s00/l03_hero.bmp,640,640,captures/submesh/m009_s00/l03_hero.jpg,0.00918806716799736,0.014156060293316841,36.981151925778,0.9606299212598425,0.00035264756944444406
submesh,9,0,4,hero,submesh/m009_s00/l04_hero.bmp,640,640,captures/submesh/m009_s00/l04_hero.jpg,0.01680479757487774,0.025738555938005447,31.78831645690654,0.9226804123711341,0.00037977430555555594
submesh,9,0,5,hero,submesh/m009_s00/l05_hero.bmp,640,640,captures/submesh/m009_s00/l05_hero.jpg,0.024965958669781685,0.03566211462020874,28.955858169562315,0.8932291666666666,0.0008951822916666661
submesh,9,0,6,hero,submesh/m009_s00/l06_hero.bmp,640,640,captures/submesh/m009_s00/l06_hero.jpg,0.04332107678055763,0.0639168843626976,23.88768805844517,0.7734375,0.002143012152777778
submesh,9,1,0,hero,submesh/m009_s01/l00_hero.bmp,640,640,captures/submesh/m009_s01/l00_hero.jpg,0.0,0.0,99.0,1.0,0.0
submesh,9,1,1,hero,submesh/m009_s01/l01_hero.bmp,640,640,captures/submesh/m009_s01/l01_hero.jpg,0.008708149194717407,0.013071618974208832,37.6734123983175,0.8594080338266384,0.002360026041666668
submesh,9,1,2,hero,submesh/m009_s01/l02_hero.bmp,640,640,captures/submesh/m009_s01/l02_hero.jpg,0.015312395989894867,0.02141677960753441,33.38491664937752,0.7319915254237288,0.005723741319444444
submesh,9,1,3,hero,submesh/m009_s01/l03_hero.bmp,640,640,captures/submesh/m009_s01/l03_hero.jpg,0.023758865892887115,0.03154235705733299,30.022117127723153,0.5670212765957446,0.010118272569444444
submesh,9,1,4,hero,submesh/m009_s01/l04_hero.bmp,640,640,captures/submesh/m009_s01/l04_hero.jpg,0.03070424310863018,0.039474379271268845,28.073693809639586,0.4640943193997856,0.013020833333333334
submesh,9,1,5,hero,submesh/m009_s01/l05_hero.bmp,640,640,captures/submesh/m009_s01/l05_hero.jpg,0.038095440715551376,0.04778788238763809,26.413644276690114,0.36451612903225805,0.015652126736111112
submesh,9,1,6,hero,submesh/m009_s01/l06_hero.bmp,640,640,captures/submesh/m009_s01/l06_hero.jpg,0.04965483024716377,0.061228491365909576,24.260928823871453,0.17189189189189188,0.020670572916666668
submesh,9,2,0,hero,submesh/m009_s02/l00_hero.bmp,640,640,captures/submesh/m009_s02/l00_hero.jpg,0.0,0.0,99.0,1.0,0.0
submesh,9,2,1,hero,submesh/m009_s02/l01_hero.bmp,640,640,captures/submesh/m009_s02/l01_hero.jpg,0.004606264643371105,0.006925052031874657,43.191539182970914,0.9866618601297765,0.00029839409722222376
submesh,9,2,2,hero,submesh/m009_s02/l02_hero.bmp,640,640,captures/submesh/m009_s02/l02_hero.jpg,0.030094962567090988,0.04205617681145668,27.523404202730344,0.8907260963335729,0.006510416666666657
submesh,9,2,3,hero,submesh/m009_s02/l03_hero.bmp,640,640,captures/submesh/m009_s02/l03_hero.jpg,0.05805927887558937,0.07516150176525116,22.48009102117853,0.7294668587896254,0.018961588541666664
submesh,9,2,4,hero,submesh/m009_s02/l04_hero.bmp,640,640,captures/submesh/m009_s02/l04_hero.jpg,0.07748716324567795,0.09692253917455673,20.271504334963524,0.5560764514965741,0.032145182291666664
submesh,9,2,5,hero,submesh/m009_s02/l05_hero.bmp,640,640,captures/submesh/m009_s02/l05_hero.jpg,0.09392961859703064,0.11455010622739792,18.820090074676948,0.40115648717022045,0.04402669270833333
submesh,9,2,6,hero,submesh/m009_s02/l06_hero.bmp,640,640,captures/submesh/m009_s02/l06_hero.jpg,0.10807330906391144,0.12938328087329865,17.762436806204075,0.24647122692725298,0.05577256944444444
mesh,10,,0,hero,mesh/m010/l00_hero.bmp,640,640,captures/mesh/m010/l00_hero.jpg,0.0,0.0,99.0,1.0,0.0
mesh,10,,1,hero,mesh/m010/l01_hero.bmp,640,640,captures/mesh/m010/l01_hero.jpg,0.005696636624634266,0.008582052774727345,41.328176382637906,0.9837505489679402,0.0001356336805555594
mesh,10,,2,hero,mesh/m010/l02_hero.bmp,640,640,captures/mesh/m010/l02_hero.jpg,0.021643415093421936,0.03094327822327614,30.18867355490475,0.9517755370451556,0.0016276041666666644
mesh,10,,3,hero,mesh/m010/l03_hero.bmp,640,640,captures/mesh/m010/l03_hero.jpg,0.037748537957668304,0.05300108715891838,25.5143044410873,0.8947368421052632,0.005208333333333329
mesh,10,,4,hero,mesh/m010/l04_hero.bmp,640,640,captures/mesh/m010/l04_hero.jpg,0.0539536289870739,0.07431893050670624,22.578010974469652,0.8139023317201936,0.010552300347222217
mesh,10,,5,hero,mesh/m010/l05_hero.bmp,640,640,captures/mesh/m010/l05_hero.jpg,0.07157914340496063,0.09684624522924423,20.27834424806223,0.7064786249449097,0.017361111111111112
mesh,10,,6,hero,mesh/m010/l06_hero.bmp,640,640,captures/mesh/m010/l06_hero.jpg,0.09640811383724213,0.12681598961353302,17.936519698308683,0.5343915343915344,0.027994791666666664
mesh,10,,0,side,mesh/m010/l00_side.bmp,640,640,captures/mesh/m010/l00_side.jpg,0.0,0.0,99.0,1.0,0.0
mesh,10,,1,side,mesh/m010/l01_side.bmp,640,640,captures/mesh/m010/l01_side.jpg,0.005511787720024586,0.008054886013269424,41.87881202024813,0.9714285714285714,0.00021701388888888812
mesh,10,,2,side,mesh/m010/l02_side.bmp,640,640,captures/mesh/m010/l02_side.jpg,0.01689773052930832,0.022978344932198524,32.77362511147414,0.9254327563249002,0.0018988715277777762
mesh,10,,3,side,mesh/m010/l03_side.bmp,640,640,captures/mesh/m010/l03_side.jpg,0.025618931278586388,0.034783463925123215,29.1725434158105,0.8740509155873157,0.0057508680555555525
mesh,10,,4,side,mesh/m010/l04_side.bmp,640,640,captures/mesh/m010/l04_side.jpg,0.03496015444397926,0.04635779932141304,26.677543777400807,0.7789709172259508,0.01171875
mesh,10,,5,side,mesh/m010/l05_side.bmp,640,640,captures/mesh/m010/l05_side.jpg,0.04456476867198944,0.05851282924413681,24.654978042772782,0.676496872207328,0.017795138888888888
mesh,10,,6,side,mesh/m010/l06_side.bmp,640,640,captures/mesh/m010/l06_side.jpg,0.06235276907682419,0.07881978899240494,22.067294642277343,0.482358195623046,0.029541015625
mesh,10,,0,top,mesh/m010/l00_top.bmp,640,640,captures/mesh/m010/l00_top.jpg,0.0,0.0,99.0,1.0,0.0
mesh,10,,1,top,mesh/m010/l01_top.bmp,640,640,captures/mesh/m010/l01_top.jpg,0.0050924611277878284,0.007549967151135206,42.441098758440745,0.9964804223493181,5.4253472222223764e-05
mesh,10,,2,top,mesh/m010/l02_top.bmp,640,640,captures/mesh/m010/l02_top.jpg,0.024172376841306686,0.03314734995365143,29.59102373221917,0.9731868131868132,0.0013834635416666713
mesh,10,,3,top,mesh/m010/l03_top.bmp,640,640,captures/mesh/m010/l03_top.jpg,0.04205109551548958,0.05807429179549217,24.720321552615726,0.9304271246147072,0.004231770833333336
mesh,10,,4,top,mesh/m010/l04_top.bmp,640,640,captures/mesh/m010/l04_top.jpg,0.06203339248895645,0.08331582695245743,21.585449814549904,0.8670774647887324,0.008083767361111112
mesh,10,,5,top,mesh/m010/l05_top.bmp,640,640,captures/mesh/m010/l05_top.jpg,0.0861915871500969,0.11200477182865143,19.0152694868275,0.7881057268722467,0.013047960069444448
mesh,10,,6,top,mesh/m010/l06_top.bmp,640,640,captures/mesh/m010/l06_top.jpg,0.12298978865146637,0.15325964987277985,16.291443418793406,0.6204315279612506,0.02332899305555556
submesh,10,0,0,hero,submesh/m010_s00/l00_hero.bmp,640,640,captures/submesh/m010_s00/l00_hero.jpg,0.0,0.0,99.0,1.0,0.0
submesh,10,0,1,hero,submesh/m010_s00/l01_hero.bmp,640,640,captures/submesh/m010_s00/l01_hero.jpg,0.006298528052866459,0.010228370316326618,39.80387113613299,0.9683210137275607,0.0
submesh,10,0,2,hero,submesh/m010_s00/l02_hero.bmp,640,640,captures/submesh/m010_s00/l02_hero.jpg,0.012186291627585888,0.017798608168959618,34.99227915401784,0.9172774869109948,0.0008951822916666678
submesh,10,0,3,hero,submesh/m010_s00/l03_hero.bmp,640,640,captures/submesh/m010_s00/l03_hero.jpg,0.020989181473851204,0.0290610920637846,30.73376139445287,0.8161764705882353,0.003662109375
submesh,10,0,4,hero,submesh/m010_s00/l04_hero.bmp,640,640,captures/submesh/m010_s00/l04_hero.jpg,0.03054986149072647,0.04130089282989502,27.680811195973426,0.7022175290390708,0.0068359375
submesh,10,0,5,hero,submesh/m010_s00/l05_hero.bmp,640,640,captures/submesh/m010_s00/l05_hero.jpg,0.039853405207395554,0.05447167530655861,25.276585351080307,0.5818373812038015,0.009928385416666668
submesh,10,0,6,hero,submesh/m010_s00/l06_hero.bmp,640,640,captures/submesh/m010_s00/l06_hero.jpg,0.0543702207505703,0.07429756224155426,22.580508710632223,0.4152542372881356,0.014322916666666668
submesh,10,1,0,hero,submesh/m010_s01/l00_hero.bmp,640,640,captures/submesh/m010_s01/l00_hero.jpg,0.0,0.0,99.0,1.0,0.0
submesh,10,1,1,hero,submesh/m010_s01/l01_hero.bmp,640,640,captures/submesh/m010_s01/l01_hero.jpg,0.0057597169652581215,0.008859110996127129,41.052197139793066,0.8784648187633263,0.0009223090277777762
submesh,10,1,2,hero,submesh/m010_s01/l02_hero.bmp,640,640,captures/submesh/m010_s01/l02_hero.jpg,0.008920799009501934,0.013421313837170601,37.44409936396015,0.8051391862955032,0.0029839409722222203
submesh,10,1,3,hero,submesh/m010_s01/l03_hero.bmp,640,640,captures/submesh/m010_s01/l03_hero.jpg,0.012734918855130672,0.018543154001235962,34.63632789699706,0.7250268528464017,0.005154079861111108
submesh,10,1,4,hero,submesh/m010_s01/l04_hero.bmp,640,640,captures/submesh/m010_s01/l04_hero.jpg,0.01781439036130905,0.024997912347316742,32.04192518167784,0.6433260393873085,0.007975260416666664
submesh,10,1,5,hero,submesh/m010_s01/l05_hero.bmp,640,640,captures/submesh/m010_s01/l05_hero.jpg,0.02412436716258526,0.03246012330055237,29.772996696574168,0.5361050328227571,0.010633680555555554
submesh,10,1,6,hero,submesh/m010_s01/l06_hero.bmp,640,640,captures/submesh/m010_s01/l06_hero.jpg,0.03599965199828148,0.04554246366024017,26.83166959075173,0.3509933774834437,0.015516493055555554
submesh,10,2,0,hero,submesh/m010_s02/l00_hero.bmp,640,640,captures/submesh/m010_s02/l00_hero.jpg,0.0,0.0,99.0,1.0,0.0
submesh,10,2,1,hero,submesh/m010_s02/l01_hero.bmp,640,640,captures/submesh/m010_s02/l01_hero.jpg,0.004901070147752762,0.007471269927918911,42.53211145549269,0.9918256130790191,0.00013563368055555247
submesh,10,2,2,hero,submesh/m010_s02/l02_hero.bmp,640,640,captures/submesh/m010_s02/l02_hero.jpg,0.02815648727118969,0.039202313870191574,28.133765970101617,0.936458736923673,0.0030924479166666713
submesh,10,2,3,hero,submesh/m010_s02/l03_hero.bmp,640,640,captures/submesh/m010_s02/l03_hero.jpg,0.049273375421762466,0.06743434816598892,23.422376722346606,0.8569762922658375,0.009060329861111112
submesh,10,2,4,hero,submesh/m010_s02/l04_hero.bmp,640,640,captures/submesh/m010_s02/l04_hero.jpg,0.06973728537559509,0.0924343466758728,20.68333248033457,0.7560311284046692,0.016248914930555552
submesh,10,2,5,hero,submesh/m010_s02/l05_hero.bmp,640,640,captures/submesh/m010_s02/l05_hero.jpg,0.0907629206776619,0.11819391697645187,18.548097489660705,0.6395484624367458,0.0244140625
submesh,10,2,6,hero,submesh/m010_s02/l06_hero.bmp,640,640,captures/submesh/m010_s02/l06_hero.jpg,0.11907508224248886,0.15080541372299194,16.43166135131166,0.4496879875195008,0.037841796875
mesh,11,,0,hero,mesh/m011/l00_hero.bmp,640,640,captures/mesh/m011/l00_hero.jpg,0.0,0.0,99.0,1.0,0.0
mesh,11,,1,hero,mesh/m011/l01_hero.bmp,640,640,captures/mesh/m011/l01_hero.jpg,0.0056695109233260155,0.00860171765089035,41.30829634299217,0.9831206257719226,0.00029839409722222376
mesh,11,,2,hero,mesh/m011/l02_hero.bmp,640,640,captures/mesh/m011/l02_hero.jpg,0.0219001155346632,0.03087492100894451,30.207882896782174,0.9282492824928249,0.003390842013888888
mesh,11,,3,hero,mesh/m011/l03_hero.bmp,640,640,captures/mesh/m011/l03_hero.jpg,0.038251448422670364,0.05317503586411476,25.48584417026983,0.872322899505766,0.007649739583333336
mesh,11,,4,hero,mesh/m011/l04_hero.bmp,640,640,captures/mesh/m011/l04_hero.jpg,0.053899746388196945,0.07356107234954834,22.667038967663167,0.7938994229183842,0.012912326388888888
mesh,11,,5,hero,mesh/m011/l05_hero.bmp,640,640,captures/mesh/m011/l05_hero.jpg,0.07196810841560364,0.09683719277381897,20.279156177359283,0.6894563426688632,0.01969401041666667
mesh,11,,6,hero,mesh/m011/l06_hero.bmp,640,640,captures/mesh/m011/l06_hero.jpg,0.09634311497211456,0.12522189319133759,18.046394690728036,0.5,0.03249782986111111
mesh,11,,0,side,mesh/m011/l00_side.bmp,640,640,captures/mesh/m011/l00_side.jpg,0.0,0.0,99.0,1.0,0.0
mesh,11,,1,side,mesh/m011/l01_side.bmp,640,640,captures/mesh/m011/l01_side.jpg,0.005488231312483549,0.00797281228005886,41.96776922507964,0.9712643678160919,0.00013563368055555247
mesh,11,,2,side,mesh/m011/l02_side.bmp,640,640,captures/mesh/m011/l02_side.jpg,0.01690424606204033,0.023358317092061043,32.63116900513091,0.924262439453985,0.0022786458333333356
mesh,11,,3,side,mesh/m011/l03_side.bmp,640,640,captures/mesh/m011/l03_side.jpg,0.025464581325650215,0.0346403531730175,29.20835377633241,0.8538088947600176,0.006618923611111112
mesh,11,,4,side,mesh/m011/l04_side.bmp,640,640,captures/mesh/m011/l04_side.jpg,0.0347120501101017,0.046354737132787704,26.678117547324,0.7673903411608329,0.012613932291666671
mesh,11,,5,side,mesh/m011/l05_side.bmp,640,640,captures/mesh/m011/l05_side.jpg,0.0454435795545578,0.05910895764827728,24.566933982229763,0.6589595375722543,0.019612630208333336
mesh,11,,6,side,mesh/m011/l06_side.bmp,640,640,captures/mesh/m011/l06_side.jpg,0.06163506582379341,0.07726281136274338,22.24058986451455,0.47925033467202144,0.03089735243055556
mesh,11,,0,top,mesh/m011/l00_top.bmp,640,640,captures/mesh/m011/l00_top.jpg,0.0,0.0,99.0,1.0,0.0
mesh,11,,1,top,mesh/m011/l01_top.bmp,640,640,captures/mesh/m011/l01_top.jpg,0.005056705325841904,0.00750720826908946,42.490430710615186,0.9952569169960475,5.4253472222223764e-05
mesh,11,,2,top,mesh/m011/l02_top.bmp,640,640,captures/mesh/m011/l02_top.jpg,0.023856468498706818,0.03304075077176094,29.619001858795517,0.9727272727272728,0.001491970486111105
mesh,11,,3,top,mesh/m011/l03_top.bmp,640,640,captures/mesh/m011/l03_top.jpg,0.04339807108044624,0.060004159808158875,24.43637281929153,0.9235946159936659,0.005072699652777776
mesh,11,,4,top,mesh/m011/l04_top.bmp,640,640,captures/mesh/m011/l04_top.jpg,0.06325472146272659,0.08468525111675262,21.44384440645755,0.8601426307448494,0.009521484374999993
mesh,11,,5,top,mesh/m011/l05_top.bmp,640,640,captures/mesh/m011/l05_top.jpg,0.08693250268697739,0.11267740279436111,18.963263440519185,0.7633557578155916,0.016004774305555552
mesh,11,,6,top,mesh/m011/l06_top.bmp,640,640,captures/mesh/m011/l06_top.jpg,0.1239185705780983,0.15352044999599457,16.27667530551281,0.5775930324623911,0.02878146701388888
submesh,11,0,0,hero,submesh/m011_s00/l00_hero.bmp,640,640,captures/submesh/m011_s00/l00_hero.jpg,0.0,0.0,99.0,1.0,0.0
submesh,11,0,1,hero,submesh/m011_s00/l01_hero.bmp,640,640,captures/submesh/m011_s00/l01_hero.jpg,0.006610838696360588,0.010474608279764652,39.59724418846037,0.9677083333333333,0.00029839409722222376
submesh,11,0,2,hero,submesh/m011_s00/l02_hero.bmp,640,640,captures/submesh/m011_s00/l02_hero.jpg,0.01285357866436243,0.019224273040890694,34.32300147817586,0.9159751037344398,0.0014377170138888881
submesh,11,0,3,hero,submesh/m011_s00/l03_hero.bmp,640,640,captures/submesh/m011_s00/l03_hero.jpg,0.021205218508839607,0.0298269372433424,30.507826791025995,0.8381742738589212,0.0034722222222222238
submesh,11,0,4,hero,submesh/m011_s00/l04_hero.bmp,640,640,captures/submesh/m011_s00/l04_hero.jpg,0.031008383259177208,0.04201788455247879,27.531316330515704,0.7130977130977131,0.0068359375
submesh,11,0,5,hero,submesh/m011_s00/l05_hero.bmp,640,640,captures/submesh/m011_s00/l05_hero.jpg,0.04225226491689682,0.056620124727487564,24.940583565402093,0.5890269151138716,0.009901258680555556
submesh,11,0,6,hero,submesh/m011_s00/l06_hero.bmp,640,640,captures/submesh/m011_s00/l06_hero.jpg,0.05926467478275299,0.07884328812360764,22.06470543920631,0.4109730848861284,0.014567057291666668
submesh,11,1,0,hero,submesh/m011_s01/l00_hero.bmp,640,640,captures/submesh/m011_s01/l00_hero.jpg,0.0,0.0,99.0,1.0,0.0
submesh,11,1,1,hero,submesh/m011_s01/l01_hero.bmp,640,640,captures/submesh/m011_s01/l01_hero.jpg,0.005000777542591095,0.007951932027935982,41.99054681773421,0.9150622876557192,0.0007866753472222238
submesh,11,1,2,hero,submesh/m011_s01/l02_hero.bmp,640,640,captures/submesh/m011_s01/l02_hero.jpg,0.007981822825968266,0.012168426997959614,38.2953111802781,0.8250564334085779,0.002794053819444444
submesh,11,1,3,hero,submesh/m011_s01/l03_hero.bmp,640,640,captures/submesh/m011_s01/l03_hero.jpg,0.012254533357918262,0.018320349976420403,34.741324683913156,0.7370203160270881,0.004909939236111112
submesh,11,1,4,hero,submesh/m011_s01/l04_hero.bmp,640,640,captures/submesh/m011_s01/l04_hero.jpg,0.016798583790659904,0.024201149120926857,32.3232802464829,0.6479357798165137,0.007676866319444444
submesh,11,1,5,hero,submesh/m011_s01/l05_hero.bmp,640,640,captures/submesh/m011_s01/l05_hero.jpg,0.023196974769234657,0.03185758367180824,29.935743351486455,0.5523590333716916,0.010064019097222222
submesh,11,1,6,hero,submesh/m011_s01/l06_hero.bmp,640,640,captures/submesh/m011_s01/l06_hero.jpg,0.03455191105604172,0.04382346570491791,27.165865599401936,0.3650057937427578,0.014702690972222222
submesh,11,2,0,hero,submesh/m011_s02/l00_hero.bmp,640,640,captures/submesh/m011_s02/l00_hero.jpg,0.0,0.0,99.0,1.0,0.0
submesh,11,2,1,hero,submesh/m011_s02/l01_hero.bmp,640,640,captures/submesh/m011_s02/l01_hero.jpg,0.004913846496492624,0.007403520401567221,42.61123445019016,0.9870363701836514,0.00037977430555555247
submesh,11,2,2,hero,submesh/m011_s02/l02_hero.bmp,640,640,captures/submesh/m011_s02/l02_hero.jpg,0.02679528295993805,0.03723852336406708,28.580150972477732,0.9313550232391848,0.0027669270833333287
submesh,11,2,3,hero,submesh/m011_s02/l03_hero.bmp,640,640,captures/submesh/m011_s02/l03_hero.jpg,0.0474688783288002,0.0646030604839325,23.79493814790019,0.8494430470715055,0.009684244791666671
submesh,11,2,4,hero,submesh/m011_s02/l04_hero.bmp,640,640,captures/submesh/m011_s02/l04_hero.jpg,0.0680355653166771,0.08996173739433289,20.91884331606525,0.7409009009009009,0.018256293402777776
submesh,11,2,5,hero,submesh/m011_s02/l05_hero.bmp,640,640,captures/submesh/m011_s02/l05_hero.jpg,0.08958879858255386,0.11633452773094177,18.685827377394,0.6091829356471439,0.028564453125
submesh,11,2,6,hero,submesh/m011_s02/l06_hero.bmp,640,640,captures/submesh/m011_s02/l06_hero.jpg,0.11660821735858917,0.14745377004146576,16.626882381908104,0.4091238233164374,0.043728298611111105
mesh,12,,0,hero,mesh/m012/l00_hero.bmp,640,640,captures/mesh/m012/l00_hero.jpg,0.0,0.0,99.0,1.0,0.0
mesh,12,,1,hero,mesh/m012/l01_hero.bmp,640,640,captures/mesh/m012/l01_hero.jpg,0.00570982089266181,0.008539914153516293,41.370929899666166,0.9873521011831905,0.00013563368055556635
mesh,12,,2,hero,mesh/m012/l02_hero.bmp,640,640,captures/mesh/m012/l02_hero.jpg,0.02232465334236622,0.03168577328324318,29.982713791259307,0.9435647584246853,0.002414279513888895
mesh,12,,3,hero,mesh/m012/l03_hero.bmp,640,640,captures/mesh/m012/l03_hero.jpg,0.03856208920478821,0.05422510951757431,25.315991243507227,0.882328990228013,0.006863064236111119
mesh,12,,4,hero,mesh/m012/l04_hero.bmp,640,640,captures/mesh/m012/l04_hero.jpg,0.05377998948097229,0.07421781867742538,22.589836281415092,0.7956026058631922,0.012641059027777783
mesh,12,,5,hero,mesh/m012/l05_hero.bmp,640,640,captures/mesh/m012/l05_hero.jpg,0.07136967033147812,0.09636647999286652,20.321480086607178,0.6886715566422168,0.019856770833333343
mesh,12,,6,hero,mesh/m012/l06_hero.bmp,640,640,captures/mesh/m012/l06_hero.jpg,0.09732047468423843,0.1272161602973938,17.909154333155357,0.49060457516339867,0.03328450520833334
mesh,12,,0,side,mesh/m012/l00_side.bmp,640,640,captures/mesh/m012/l00_side.jpg,0.0,0.0,99.0,1.0,0.0
mesh,12,,1,side,mesh/m012/l01_side.bmp,640,640,captures/mesh/m012/l01_side.jpg,0.005787162575870752,0.008406294509768486,41.507907976055435,0.9774358974358974,0.00016276041666666435
mesh,12,,2,side,mesh/m012/l02_side.bmp,640,640,captures/mesh/m012/l02_side.jpg,0.01728857308626175,0.023782500997185707,32.47484952743018,0.9202020202020202,0.0016276041666666644
mesh,12,,3,side,mesh/m012/l03_side.bmp,640,640,captures/mesh/m012/l03_side.jpg,0.02451777644455433,0.03297341242432594,29.636722106353833,0.875,0.004665798611111105
mesh,12,,4,side,mesh/m012/l04_side.bmp,640,640,captures/mesh/m012/l04_side.jpg,0.03272364288568497,0.04367557913064957,27.195226552737886,0.8061068702290076,0.008490668402777776
mesh,12,,5,side,mesh/m012/l05_side.bmp,640,640,captures/mesh/m012/l05_side.jpg,0.043630052357912064,0.05721316114068031,24.850081118790293,0.6959424756034925,0.015190972222222217
mesh,12,,6,side,mesh/m012/l06_side.bmp,640,640,captures/mesh/m012/l06_side.jpg,0.06125588342547417,0.07714314758777618,22.25405290128068,0.5286230015471892,0.024359809027777776
mesh,12,,0,top,mesh/m012/l00_top.bmp,640,640,captures/mesh/m012/l00_top.jpg,0.0,0.0,99.0,1.0,0.0
mesh,12,,1,top,mesh/m012/l01_top.bmp,640,640,captures/mesh/m012/l01_top.jpg,0.005338807590305805,0.007946500554680824,41.996481639152194,0.9948717948717949,5.4253472222223764e-05
mesh,12,,2,top,mesh/m012/l02_top.bmp,640,640,captures/mesh/m012/l02_top.jpg,0.023522725328803062,0.03238062560558319,29.794295295452798,0.9641943734015346,0.001681857638888895
mesh,12,,3,top,mesh/m012/l03_top.bmp,640,640,captures/mesh/m012/l03_top.jpg,0.04159386456012726,0.05716565251350403,24.857296698372856,0.9175565997436993,0.004909939236111112
mesh,12,,4,top,mesh/m012/l04_top.bmp,640,640,captures/mesh/m012/l04_top.jpg,0.060887984931468964,0.08215531706809998,21.707286478148788,0.8499358700299273,0.009304470486111112
mesh,12,,5,top,mesh/m012/l05_top.bmp,640,640,captures/mesh/m012/l05_top.jpg,0.08548326045274734,0.11138472706079483,19.063487100292427,0.7688356164383562,0.014594184027777783
mesh,12,,6,top,mesh/m012/l06_top.bmp,640,640,captures/mesh/m012/l06_top.jpg,0.12469469010829926,0.154556542634964,16.21825211610671,0.5837259100642398,0.0263671875
submesh,12,0,0,hero,submesh/m012_s00/l00_hero.bmp,640,640,captures/submesh/m012_s00/l00_hero.jpg,0.0,0.0,99.0,1.0,0.0
submesh,12,0,1,hero,submesh/m012_s00/l01_hero.bmp,640,640,captures/submesh/m012_s00/l01_hero.jpg,0.005969680845737457,0.009241585619747639,40.685070171208,0.9530271398747391,0.00018988715277777624
submesh,12,0,2,hero,submesh/m012_s00/l02_hero.bmp,640,640,captures/submesh/m012_s00/l02_hero.jpg,0.011635201051831245,0.016912641003727913,35.43577139176143,0.9029927760577915,0.0009223090277777762
submesh,12,0,3,hero,submesh/m012_s00/l03_hero.bmp,640,640,captures/submesh/m012_s00/l03_hero.jpg,0.019060106948018074,0.027090052142739296,31.343803180782075,0.8140020898641588,0.0038519965277777762
submesh,12,0,4,hero,submesh/m012_s00/l04_hero.bmp,640,640,captures/submesh/m012_s00/l04_hero.jpg,0.02794986590743065,0.038676630705595016,28.251027325545955,0.7028154327424401,0.00664605034722222
submesh,12,0,5,hero,submesh/m012_s00/l05_hero.bmp,640,640,captures/submesh/m012_s00/l05_hero.jpg,0.03945770487189293,0.05368475988507271,25.40297970023266,0.5575313807531381,0.01055230034722222
submesh,12,0,6,hero,submesh/m012_s00/l06_hero.bmp,640,640,captures/submesh/m012_s00/l06_hero.jpg,0.0536896176636219,0.07394850254058838,22.621412321088627,0.43007360672975814,0.014051649305555554
submesh,12,1,0,hero,submesh/m012_s01/l00_hero.bmp,640,640,captures/submesh/m012_s01/l00_hero.jpg,0.0,0.0,99.0,1.0,0.0
submesh,12,1,1,hero,submesh/m012_s01/l01_hero.bmp,640,640,captures/submesh/m012_s01/l01_hero.jpg,0.005799058824777603,0.009163075126707554,40.75917505407401,0.8714121699196326,0.001085069444444444
submesh,12,1,2,hero,submesh/m012_s01/l02_hero.bmp,640,640,captures/submesh/m012_s01/l02_hero.jpg,0.009069746360182762,0.01350738387554884,37.38857514899412,0.7968036529680366,0.0026041666666666644
submesh,12,1,3,hero,submesh/m012_s01/l03_hero.bmp,640,640,captures/submesh/m012_s01/l03_hero.jpg,0.01301572099328041,0.018804015591740608,34.514987947586675,0.727061556329849,0.004964192708333332
submesh,12,1,4,hero,submesh/m012_s01/l04_hero.bmp,640,640,captures/submesh/m012_s01/l04_hero.jpg,0.017399301752448082,0.024487389251589775,32.22115030327826,0.6267441860465116,0.00735134548611111
submesh,12,1,5,hero,submesh/m012_s01/l05_hero.bmp,640,640,captures/submesh/m012_s01/l05_hero.jpg,0.02283971942961216,0.030961357057094574,30.183600243057104,0.5405405405405406,0.009738498263888888
submesh,12,1,6,hero,submesh/m012_s01/l06_hero.bmp,640,640,captures/submesh/m012_s01/l06_hero.jpg,0.03538011759519577,0.04455869644880295,27.02135045604588,0.33851674641148327,0.01494683159722222
submesh,12,2,0,hero,submesh/m012_s02/l00_hero.bmp,640,640,captures/submesh/m012_s02/l00_hero.jpg,0.0,0.0,99.0,1.0,0.0
submesh,12,2,1,hero,submesh/m012_s02/l01_hero.bmp,640,640,captures/submesh/m012_s02/l01_hero.jpg,0.004984862171113491,0.007580297067761421,42.406275485349724,0.9903121636167922,2.712673611111882e-05
submesh,12,2,2,hero,submesh/m012_s02/l02_hero.bmp,640,640,captures/submesh/m012_s02/l02_hero.jpg,0.027495315298438072,0.0382714606821537,28.342499240436435,0.9339521599428775,0.0034993489583333287
submesh,12,2,3,hero,submesh/m012_s02/l03_hero.bmp,640,640,captures/submesh/m012_s02/l03_hero.jpg,0.04941823333501816,0.06725606322288513,23.445371146795498,0.8533524560774471,0.010226779513888881
submesh,12,2,4,hero,submesh/m012_s02/l04_hero.bmp,640,640,captures/submesh/m012_s02/l04_hero.jpg,0.06805840134620667,0.09119337797164917,20.800733938428756,0.7610492274523895,0.017496744791666657
submesh,12,2,5,hero,submesh/m012_s02/l05_hero.bmp,640,640,captures/submesh/m012_s02/l05_hero.jpg,0.08909444510936737,0.11643082648515701,18.67864039373025,0.631162288593019,0.027479383680555552
submesh,12,2,6,hero,submesh/m012_s02/l06_hero.bmp,640,640,captures/submesh/m012_s02/l06_hero.jpg,0.11947815865278244,0.15097156167030334,16.422097050537065,0.4237958303378864,0.042995876736111105
mesh,13,,0,hero,mesh/m013/l00_hero.bmp,640,640,captures/mesh/m013/l00_hero.jpg,0.0,0.0,99.0,1.0,0.0
mesh,13,,1,hero,mesh/m013/l01_hero.bmp,640,640,captures/mesh/m013/l01_hero.jpg,0.0039757550694048405,0.006266208831220865,44.05990271339016,0.9936833793920252,0.00010850694444444753
mesh,13,,2,hero,mesh/m013/l02_hero.bmp,640,640,captures/mesh/m013/l02_hero.jpg,0.006237808149307966,0.009432940743863583,40.50705787434205,0.9874164372788046,0.0
mesh,13,,3,hero,mesh/m013/l03_hero.bmp,640,640,captures/mesh/m013/l03_hero.jpg,0.02625589445233345,0.04137759655714035,27.664694783935346,0.9441384736428009,0.0030381944444444475
mesh,13,,4,hero,mesh/m013/l04_hero.bmp,640,640,captures/mesh/m013/l04_hero.jpg,0.04780292510986328,0.07303500175476074,22.72937911927871,0.8670338316286389,0.008355034722222224
mesh,13,,5,hero,mesh/m013/l05_hero.bmp,640,640,captures/mesh/m013/l05_hero.jpg,0.06576284021139145,0.09905834496021271,20.082178647332,0.7684748427672956,0.015055338541666664
mesh,13,,6,hero,mesh/m013/l06_hero.bmp,640,640,captures/mesh/m013/l06_hero.jpg,0.0895785391330719,0.12828677892684937,17.836361983175994,0.6367218282111899,0.0244140625
mesh,13,,0,side,mesh/m013/l00_side.bmp,640,640,captures/mesh/m013/l00_side.jpg,0.0,0.0,99.0,1.0,0.0
mesh,13,,1,side,mesh/m013/l01_side.bmp,640,640,captures/mesh/m013/l01_side.jpg,0.004084967076778412,0.005928714293986559,44.54078955790009,0.9840909090909091,2.7126736111104943e-05
mesh,13,,2,side,mesh/m013/l02_side.bmp,640,640,captures/mesh/m013/l02_side.jpg,0.006242630071938038,0.009279649704694748,40.64936835103107,0.9782411604714415,5.4253472222216825e-05
mesh,13,,3,side,mesh/m013/l03_side.bmp,640,640,captures/mesh/m013/l03_side.jpg,0.018817612901329994,0.027542846277356148,31.199823635483792,0.9266968325791856,0.0029296875
mesh,13,,4,side,mesh/m013/l04_side.bmp,640,640,captures/mesh/m013/l04_side.jpg,0.033557526767253876,0.0471089631319046,26.537929089528628,0.8430127041742287,0.008246527777777776
mesh,13,,5,side,mesh/m013/l05_side.bmp,640,640,captures/mesh/m013/l05_side.jpg,0.0460822768509388,0.06242690235376358,24.092564287772973,0.7615384615384615,0.012830946180555552
mesh,13,,6,side,mesh/m013/l06_side.bmp,640,640,captures/mesh/m013/l06_side.jpg,0.05862469598650932,0.07764281332492828,22.19797473374248,0.6555002263467632,0.019232855902777776
mesh,13,,0,top,mesh/m013/l00_top.bmp,640,640,captures/mesh/m013/l00_top.jpg,0.0,0.0,99.0,1.0,0.0
mesh,13,,1,top,mesh/m013/l01_top.bmp,640,640,captures/mesh/m013/l01_top.jpg,0.004580473527312279,0.007094640284776688,42.981392388335635,0.9949221394719026,2.712673611111882e-05
mesh,13,,2,top,mesh/m013/l02_top.bmp,640,640,captures/mesh/m013/l02_top.jpg,0.006604398600757122,0.010000589303672314,39.99948815241544,0.9939189189189189,0.00021701388888888118
mesh,13,,3,top,mesh/m013/l03_top.bmp,640,640,captures/mesh/m013/l03_top.jpg,0.029284320771694183,0.04435979947447777,27.060208514355036,0.9556533513879485,0.003173828125
mesh,13,,4,top,mesh/m013/l04_top.bmp,640,640,captures/mesh/m013/l04_top.jpg,0.051176805049180984,0.07499878108501434,22.49891589812705,0.9001692047377327,0.007568359375
mesh,13,,5,top,mesh/m013/l05_top.bmp,640,640,captures/mesh/m013/l05_top.jpg,0.07103444635868073,0.10275684297084808,19.76378494319396,0.8347443278022351,0.012912326388888895
mesh,13,,6,top,mesh/m013/l06_top.bmp,640,640,captures/mesh/m013/l06_top.jpg,0.09329131245613098,0.13241270184516907,17.561407053715246,0.727580372250423,0.02140299479166667
submesh,13,0,0,hero,submesh/m013_s00/l00_hero.bmp,640,640,captures/submesh/m013_s00/l00_hero.jpg,0.0,0.0,99.0,1.0,0.0
submesh,13,0,1,hero,submesh/m013_s00/l01_hero.bmp,640,640,captures/submesh/m013_s00/l01_hero.jpg,0.002403055317699909,0.004885404370725155,46.22198966774181,0.9965357967667436,2.7126736111111882e-05
submesh,13,0,2,hero,submesh/m013_s00/l02_hero.bmp,640,640,captures/submesh/m013_s00/l02_hero.jpg,0.00625916663557291,0.010605484247207642,39.48938993552021,0.9781357882623706,0.000244140625
submesh,13,0,3,hero,submesh/m013_s00/l03_hero.bmp,640,640,captures/submesh/m013_s00/l03_hero.jpg,0.010653221048414707,0.017539959400892258,35.119428324289956,0.9611428571428572,0.0003255208333333322
submesh,13,0,4,hero,submesh/m013_s00/l04_hero.bmp,640,640,captures/submesh/m013_s00/l04_hero.jpg,0.01816321164369583,0.02920304425060749,30.691437469437652,0.9371428571428572,0.0008951822916666678
submesh,13,0,5,hero,submesh/m013_s00/l05_hero.bmp,640,640,captures/submesh/m013_s00/l05_hero.jpg,0.030017662793397903,0.04862760007381439,26.26234327424153,0.8916761687571265,0.0018717447916666678
submesh,13,0,6,hero,submesh/m013_s00/l06_hero.bmp,640,640,captures/submesh/m013_s00/l06_hero.jpg,0.08079174160957336,0.10580450296401978,19.509916972895553,0.7261363636363637,0.005669487847222224
submesh,13,1,0,hero,submesh/m013_s01/l00_hero.bmp,640,640,captures/submesh/m013_s01/l00_hero.jpg,0.0,0.0,99.0,1.0,0.0
submesh,13,1,1,hero,submesh/m013_s01/l01_hero.bmp,640,640,captures/submesh/m013_s01/l01_hero.jpg,0.004681420512497425,0.007544480264186859,42.44741346414379,0.995906432748538,0.00010850694444444753
submesh,13,1,2,hero,submesh/m013_s01/l02_hero.bmp,640,640,captures/submesh/m013_s01/l02_hero.jpg,0.007711121346801519,0.012724808417260647,37.90697495224509,0.9909515469935786,0.000244140625
submesh,13,1,3,hero,submesh/m013_s01/l03_hero.bmp,640,640,captures/submesh/m013_s01/l03_hero.jpg,0.03517915681004524,0.052977096289396286,25.518236987235376,0.9286546301688993,0.005615234375
submesh,13,1,4,hero,submesh/m013_s01/l04_hero.bmp,640,640,captures/submesh/m013_s01/l04_hero.jpg,0.06382998079061508,0.09275385737419128,20.65336040482626,0.8313919627256844,0.014675564236111119
submesh,13,1,5,hero,submesh/m013_s01/l05_hero.bmp,640,640,captures/submesh/m013_s01/l05_hero.jpg,0.08577580749988556,0.12297559529542923,18.203621328957617,0.7382960162838035,0.02311197916666667
submesh,13,1,6,hero,submesh/m013_s01/l06_hero.bmp,640,640,captures/submesh/m013_s01/l06_hero.jpg,0.11110159009695053,0.15571321547031403,16.15349054089541,0.6033779848573093,0.03591579861111111
submesh,13,2,0,hero,submesh/m013_s02/l00_hero.bmp,640,640,captures/submesh/m013_s02/l00_hero.jpg,0.0,0.0,99.0,1.0,0.0
submesh,13,2,1,hero,submesh/m013_s02/l01_hero.bmp,640,640,captures/submesh/m013_s02/l01_hero.jpg,0.0029417257755994797,0.0051253014244139194,45.80561176403846,0.9378151260504202,0.00018988715277777797
submesh,13,2,2,hero,submesh/m013_s02/l02_hero.bmp,640,640,captures/submesh/m013_s02/l02_hero.jpg,0.006259595509618521,0.009734809398651123,40.23345094538421,0.9161073825503355,0.00048828125
submesh,13,2,3,hero,submesh/m013_s02/l03_hero.bmp,640,640,captures/submesh/m013_s02/l03_hero.jpg,0.00924739520996809,0.01318369247019291,37.59925872224738,0.8366336633663366,0.001274956597222222
submesh,13,2,4,hero,submesh/m013_s02/l04_hero.bmp,640,640,captures/submesh/m013_s02/l04_hero.jpg,0.01188752893358469,0.01666879467666149,35.561916058869166,0.7969798657718121,0.002414279513888888
submesh,13,2,5,hero,submesh/m013_s02/l05_hero.bmp,640,640,captures/submesh/m013_s02/l05_hero.jpg,0.015284733846783638,0.02199973538517952,33.15165085759906,0.6844741235392321,0.004096137152777778
submesh,13,2,6,hero,submesh/m013_s02/l06_hero.bmp,640,640,captures/submesh/m013_s02/l06_hero.jpg,0.02165474183857441,0.031014589592814445,30.168679227110907,0.5658783783783784,0.006320529513888888
submesh,13,3,0,hero,submesh/m013_s03/l00_hero.bmp,640,640,captures/submesh/m013_s03/l00_hero.jpg,0.0,0.0,99.0,1.0,0.0
submesh,13,3,1,hero,submesh/m013_s03/l01_hero.bmp,640,640,captures/submesh/m013_s03/l01_hero.jpg,0.0039019116666167974,0.0070066689513623714,43.089768028301656,0.9753930280246069,0.00016276041666666435
submesh,13,3,2,hero,submesh/m013_s03/l02_hero.bmp,640,640,captures/submesh/m013_s03/l02_hero.jpg,0.009543264284729958,0.015007134526968002,36.47404448681645,0.9197080291970803,8.138020833333565e-05
submesh,13,3,3,hero,submesh/m013_s03/l03_hero.bmp,640,640,captures/submesh/m013_s03/l03_hero.jpg,0.014419452287256718,0.020975951105356216,33.565566759741465,0.8699080157687253,0.0013563368055555525
submesh,13,3,4,hero,submesh/m013_s03/l04_hero.bmp,640,640,captures/submesh/m013_s03/l04_hero.jpg,0.024316854774951935,0.03400954231619835,29.367984251017404,0.7687460617517329,0.002414279513888888
submesh,13,3,5,hero,submesh/m013_s03/l05_hero.bmp,640,640,captures/submesh/m013_s03/l05_hero.jpg,0.03341478109359741,0.04679728299379349,26.595587218456153,0.6955982641041537,0.004367404513888888
submesh,13,3,6,hero,submesh/m013_s03/l06_hero.bmp,640,640,captures/submesh/m013_s03/l06_hero.jpg,0.04459609091281891,0.058526311069726944,24.65297697459338,0.5388631090487239,0.006591796875
submesh,13,4,0,hero,submesh/m013_s04/l00_hero.bmp,640,640,captures/submesh/m013_s04/l00_hero.jpg,0.0,0.0,99.0,1.0,0.0
submesh,13,4,1,hero,submesh/m013_s04/l01_hero.bmp,640,640,captures/submesh/m013_s04/l01_hero.jpg,0.004682179540395737,0.006884663365781307,43.24234580518636,0.9499323410013532,0.000244140625
submesh,13,4,2,hero,submesh/m013_s04/l02_hero.bmp,640,640,captures/submesh/m013_s04/l02_hero.jpg,0.008301770314574242,0.011221982538700104,38.99860822780377,0.8935611038107752,0.000244140625
submesh,13,4,3,hero,submesh/m013_s04/l03_hero.bmp,640,640,captures/submesh/m013_s04/l03_hero.jpg,0.012277696281671524,0.016397865489125252,35.70425360810223,0.8279009126466753,0.0013020833333333322
submesh,13,4,4,hero,submesh/m013_s04/l04_hero.bmp,640,640,captures/submesh/m013_s04/l04_hero.jpg,0.01854502037167549,0.02475290559232235,32.12747629125713,0.7323943661971831,0.0026312934027777797
submesh,13,4,5,hero,submesh/m013_s04/l05_hero.bmp,640,640,captures/submesh/m013_s04/l05_hero.jpg,0.026132550090551376,0.03602726012468338,28.867375294865553,0.5687960687960688,0.004692925347222222
submesh,13,4,6,hero,submesh/m013_s04/l06_hero.bmp,640,640,captures/submesh/m013_s04/l06_hero.jpg,0.035831667482852936,0.04947338625788689,26.112567257529832,0.3093994778067885,0.012125651041666668
submesh,13,5,0,hero,submesh/m013_s05/l00_hero.bmp,640,640,captures/submesh/m013_s05/l00_hero.jpg,0.0,0.0,99.0,1.0,0.0
submesh,13,5,1,hero,submesh/m013_s05/l01_hero.bmp,640,640,captures/submesh/m013_s05/l01_hero.jpg,0.008187537081539631,0.013470673933625221,37.41221352231386,0.9789227166276346,0.00010850694444444753
submesh,13,5,2,hero,submesh/m013_s05/l02_hero.bmp,640,640,captures/submesh/m013_s05/l02_hero.jpg,0.015113426372408867,0.022695614024996758,32.881161260352144,0.9592074592074592,0.00037977430555555247
submesh,13,5,3,hero,submesh/m013_s05/l03_hero.bmp,640,640,captures/submesh/m013_s05/l03_hero.jpg,0.02488967590034008,0.03829966112971306,28.336101371879117,0.9240139211136891,0.0016004774305555525
submesh,13,5,4,hero,submesh/m013_s05/l04_hero.bmp,640,640,captures/submesh/m013_s05/l04_hero.jpg,0.03690534085035324,0.05530567467212677,25.144606107232516,0.874496257915947,0.0032552083333333287
submesh,13,5,5,hero,submesh/m013_s05/l05_hero.bmp,640,640,captures/submesh/m013_s05/l05_hero.jpg,0.04643143340945244,0.0667419359087944,23.51202400807063,0.7846506300114547,0.007052951388888888
submesh,13,5,6,hero,submesh/m013_s05/l06_hero.bmp,640,640,captures/submesh/m013_s05/l06_hero.jpg,0.06694585829973221,0.09090934693813324,20.82782924095888,0.5699361578641904,0.018202039930555552
submesh,13,6,0,hero,submesh/m013_s06/l00_hero.bmp,640,640,captures/submesh/m013_s06/l00_hero.jpg,0.0,0.0,99.0,1.0,0.0
submesh,13,6,1,hero,submesh/m013_s06/l01_hero.bmp,640,640,captures/submesh/m013_s06/l01_hero.jpg,0.002580787520855665,0.0038907350972294807,48.19936674721411,0.9816446402349486,5.4253472222223764e-05
submesh,13,6,2,hero,submesh/m013_s06/l02_hero.bmp,640,640,captures/submesh/m013_s06/l02_hero.jpg,0.0038943453691899776,0.005768091883510351,44.77935660175143,0.9733284618195104,0.00013563368055555247
submesh,13,6,3,hero,submesh/m013_s06/l03_hero.bmp,640,640,captures/submesh/m013_s06/l03_hero.jpg,0.013363558799028397,0.02083531767129898,33.62399747136185,0.8619293078055965,0.009195963541666671
submesh,13,6,4,hero,submesh/m013_s06/l04_hero.bmp,640,640,captures/submesh/m013_s06/l04_hero.jpg,0.03312718868255615,0.047092266380786896,26.541008160572428,0.5733235077376566,0.030544704861111112
submesh,13,6,5,hero,submesh/m013_s06/l05_hero.bmp,640,640,captures/submesh/m013_s06/l05_hero.jpg,0.04879073053598404,0.06554862856864929,23.66872780680017,0.3274725274725275,0.04806857638888889
submesh,13,6,6,hero,submesh/m013_s06/l06_hero.bmp,640,640,captures/submesh/m013_s06/l06_hero.jpg,0.05881597474217415,0.07762088626623154,22.200428056878472,0.1845431563741423,0.057400173611111105
submesh,13,7,0,hero,submesh/m013_s07/l00_hero.bmp,640,640,captures/submesh/m013_s07/l00_hero.jpg,0.0,0.0,99.0,1.0,0.0
submesh,13,7,1,hero,submesh/m013_s07/l01_hero.bmp,640,640,captures/submesh/m013_s07/l01_hero.jpg,0.0032605272717773914,0.005352177657186985,45.42938958546448,0.9886064855390009,0.00029839409722222376
submesh,13,7,2,hero,submesh/m013_s07/l02_hero.bmp,640,640,captures/submesh/m013_s07/l02_hero.jpg,0.0067155007272958755,0.010551870800554752,39.53341070054097,0.9623797025371829,0.0010036892361111119
submesh,13,7,3,hero,submesh/m013_s07/l03_hero.bmp,640,640,captures/submesh/m013_s07/l03_hero.jpg,0.011858484707772732,0.01775900274515152,35.011628512632505,0.9221347331583553,0.0022515190972222238
submesh,13,7,4,hero,submesh/m013_s07/l04_hero.bmp,640,640,captures/submesh/m013_s07/l04_hero.jpg,0.02114187180995941,0.031041571870446205,30.161125904606386,0.852760736196319,0.004503038194444444
submesh,13,7,5,hero,submesh/m013_s07/l05_hero.bmp,640,640,captures/submesh/m013_s07/l05_hero.jpg,0.035864006727933884,0.05189346522092819,25.697746560632062,0.7526315789473684,0.007649739583333336
submesh,13,7,6,hero,submesh/m013_s07/l06_hero.bmp,640,640,captures/submesh/m013_s07/l06_hero.jpg,0.059250086545944214,0.08773625642061234,21.136418005085055,0.4535087719298246,0.016899956597222224
mesh,14,,0,hero,mesh/m014/l00_hero.bmp,640,640,captures/mesh/m014/l00_hero.jpg,0.0,0.0,99.0,1.0,0.0
mesh,14,,1,hero,mesh/m014/l01_hero.bmp,640,640,captures/mesh/m014/l01_hero.jpg,0.0038120506796985865,0.005679133348166943,44.91435867601151,0.9946236559139785,5.4253472222223764e-05
mesh,14,,2,hero,mesh/m014/l02_hero.bmp,640,640,captures/mesh/m014/l02_hero.jpg,0.005845830775797367,0.008553124964237213,41.35750365451355,0.9910594546267323,0.00010850694444444059
mesh,14,,3,hero,mesh/m014/l03_hero.bmp,640,640,captures/mesh/m014/l03_hero.jpg,0.02288633957505226,0.03439069911837578,29.27117990887718,0.9414132379248659,0.002956814236111112
mesh,14,,4,hero,mesh/m014/l04_hero.bmp,640,640,captures/mesh/m014/l04_hero.jpg,0.043619126081466675,0.06351417303085327,23.942587043050633,0.8601429848078642,0.007785373263888888
mesh,14,,5,hero,mesh/m014/l05_hero.bmp,640,640,captures/mesh/m014/l05_hero.jpg,0.05637131258845329,0.08133525401353836,21.79442345344679,0.7902721999107541,0.011881510416666671
mesh,14,,6,hero,mesh/m014/l06_hero.bmp,640,640,captures/mesh/m014/l06_hero.jpg,0.07654490321874619,0.10680773854255676,19.427945604468132,0.6665174574753805,0.019721137152777776
mesh,14,,0,side,mesh/m014/l00_side.bmp,640,640,captures/mesh/m014/l00_side.jpg,0.0,0.0,99.0,1.0,0.0
mesh,14,,1,side,mesh/m014/l01_side.bmp,640,640,captures/mesh/m014/l01_side.jpg,0.004055317956954241,0.005963709205389023,44.489670824078615,0.9929435483870968,5.4253472222223764e-05
mesh,14,,2,side,mesh/m014/l02_side.bmp,640,640,captures/mesh/m014/l02_side.jpg,0.005973111838102341,0.00850202888250351,41.40954848022527,0.9815184815184815,0.00029839409722222376
mesh,14,,3,side,mesh/m014/l03_side.bmp,640,640,captures/mesh/m014/l03_side.jpg,0.016151444986462593,0.023004574701189995,32.763715827539194,0.9344344344344344,0.002468532986111112
mesh,14,,4,side,mesh/m014/l04_side.bmp,640,640,captures/mesh/m014/l04_side.jpg,0.029593337327241898,0.04089407995343208,27.766791164863974,0.8538653366583541,0.0064832899305555525
mesh,14,,5,side,mesh/m014/l05_side.bmp,640,640,captures/mesh/m014/l05_side.jpg,0.04100660979747772,0.055251095443964005,25.153182139082354,0.7701552328492739,0.011420355902777776
mesh,14,,6,side,mesh/m014/l06_side.bmp,640,640,captures/mesh/m014/l06_side.jpg,0.056418485939502716,0.07351952791213989,22.67194580659855,0.6501004016064257,0.01814778645833333
mesh,14,,0,top,mesh/m014/l00_top.bmp,640,640,captures/mesh/m014/l00_top.jpg,0.0,0.0,99.0,1.0,0.0
mesh,14,,1,top,mesh/m014/l01_top.bmp,640,640,captures/mesh/m014/l01_top.jpg,0.0042183129116892815,0.006392145995050669,43.887066288021444,0.997465604634323,0.00018988715277779011
mesh,14,,2,top,mesh/m014/l02_top.bmp,640,640,captures/mesh/m014/l02_top.jpg,0.00642780214548111,0.009549283422529697,40.40058433234044,0.9953034682080925,2.712673611111882e-05
mesh,14,,3,top,mesh/m014/l03_top.bmp,640,640,captures/mesh/m014/l03_top.jpg,0.024635422974824905,0.0362141914665699,28.822424131964173,0.9530346820809249,0.003200954861111119
mesh,14,,4,top,mesh/m014/l04_top.bmp,640,640,captures/mesh/m014/l04_top.jpg,0.0452081523835659,0.0656188428401947,23.659428649541695,0.888647866955893,0.008138020833333343
mesh,14,,5,top,mesh/m014/l05_top.bmp,640,640,captures/mesh/m014/l05_top.jpg,0.06159186363220215,0.08752699196338654,21.157159933140854,0.817557803468208,0.013373480902777783
mesh,14,,6,top,mesh/m014/l06_top.bmp,640,640,captures/mesh/m014/l06_top.jpg,0.08135543763637543,0.1123029962182045,18.992173134134294,0.6962802455760202,0.022433810763888895
submesh,14,0,0,hero,submesh/m014_s00/l00_hero.bmp,640,640,captures/submesh/m014_s00/l00_hero.jpg,0.0,0.0,99.0,1.0,0.0
submesh,14,0,1,hero,submesh/m014_s00/l01_hero.bmp,640,640,captures/submesh/m014_s00/l01_hero.jpg,0.0032117427326738834,0.005498744081705809,45.194729848913184,0.9932960893854749,0.0
submesh,14,0,2,hero,submesh/m014_s00/l02_hero.bmp,640,640,captures/submesh/m014_s00/l02_hero.jpg,0.006122612860053778,0.009883852675557137,40.10147473255706,0.9865921787709497,0.00016276041666666782
submesh,14,0,3,hero,submesh/m014_s00/l03_hero.bmp,640,640,captures/submesh/m014_s00/l03_hero.jpg,0.010366013273596764,0.01579609327018261,36.02900621154091,0.97,0.00029839409722222376
submesh,14,0,4,hero,submesh/m014_s00/l04_hero.bmp,640,640,captures/submesh/m014_s00/l04_hero.jpg,0.019285326823592186,0.02880839817225933,30.809617780791484,0.9377729257641921,0.000244140625
submesh,14,0,5,hero,submesh/m014_s00/l05_hero.bmp,640,640,captures/submesh/m014_s00/l05_hero.jpg,0.02837696671485901,0.04435126483440399,27.06187980400955,0.8792165397170838,0.0015462239583333356
submesh,14,0,6,hero,submesh/m014_s00/l06_hero.bmp,640,640,captures/submesh/m014_s00/l06_hero.jpg,0.07066261023283005,0.09416709840297699,20.52201622821846,0.6356673960612691,0.007839626736111112
submesh,14,1,0,hero,submesh/m014_s01/l00_hero.bmp,640,640,captures/submesh/m014_s01/l00_hero.jpg,0.0,0.0,99.0,1.0,0.0
submesh,14,1,1,hero,submesh/m014_s01/l01_hero.bmp,640,640,captures/submesh/m014_s01/l01_hero.jpg,0.004193480126559734,0.0062670656479895115,44.05871512016919,0.9946070878274268,5.4253472222223764e-05
submesh,14,1,2,hero,submesh/m014_s01/l02_hero.bmp,640,640,captures/submesh/m014_s01/l02_hero.jpg,0.006168629974126816,0.009289132431149483,40.64049691056595,0.9907869481765835,0.0001627604166666713
submesh,14,1,3,hero,submesh/m014_s01/l03_hero.bmp,640,640,captures/submesh/m014_s01/l03_hero.jpg,0.030758550390601158,0.04566140100359917,26.809015348462843,0.9198619631901841,0.004692925347222224
submesh,14,1,4,hero,submesh/m014_s01/l04_hero.bmp,640,640,captures/submesh/m014_s01/l04_hero.jpg,0.05671503022313118,0.08082573860883713,21.849006359808712,0.8420650095602294,0.009847005208333329
submesh,14,1,5,hero,submesh/m014_s01/l05_hero.bmp,640,640,captures/submesh/m014_s01/l05_hero.jpg,0.075001560151577,0.10480062663555145,19.592722411254137,0.770761576731726,0.01500108506944444
submesh,14,1,6,hero,submesh/m014_s01/l06_hero.bmp,640,640,captures/submesh/m014_s01/l06_hero.jpg,0.09771881252527237,0.13400889933109283,17.45732719657679,0.6359800537015727,0.024820963541666664
submesh,14,2,0,hero,submesh/m014_s02/l00_hero.bmp,640,640,captures/submesh/m014_s02/l00_hero.jpg,0.0,0.0,99.0,1.0,0.0
submesh,14,2,1,hero,submesh/m014_s02/l01_hero.bmp,640,640,captures/submesh/m014_s02/l01_hero.jpg,0.003110592719167471,0.0054053752683103085,45.34348299517945,0.9518413597733711,5.4253472222223764e-05
submesh,14,2,2,hero,submesh/m014_s02/l02_hero.bmp,640,640,captures/submesh/m014_s02/l02_hero.jpg,0.006221117917448282,0.009227460250258446,40.69835633934748,0.9112676056338028,0.0005154079861111119
submesh,14,2,3,hero,submesh/m014_s02/l03_hero.bmp,640,640,captures/submesh/m014_s02/l03_hero.jpg,0.009556516073644161,0.013761051930487156,37.22696732470759,0.8573446327683616,0.0016547309027777762
submesh,14,2,4,hero,submesh/m014_s02/l04_hero.bmp,640,640,captures/submesh/m014_s02/l04_hero.jpg,0.01232119556516409,0.01810324378311634,34.84487200439739,0.78,0.003526475694444444
submesh,14,2,5,hero,submesh/m014_s02/l05_hero.bmp,640,640,captures/submesh/m014_s02/l05_hero.jpg,0.016800569370388985,0.02455233410000801,32.198144296019095,0.6891117478510028,0.005343967013888888
submesh,14,2,6,hero,submesh/m014_s02/l06_hero.bmp,640,640,captures/submesh/m014_s02/l06_hero.jpg,0.023201214149594307,0.03302745521068573,29.6224977544693,0.5649072753209701,0.007568359375
submesh,14,3,0,hero,submesh/m014_s03/l00_hero.bmp,640,640,captures/submesh/m014_s03/l00_hero.jpg,0.0,0.0,99.0,1.0,0.0
submesh,14,3,1,hero,submesh/m014_s03/l01_hero.bmp,640,640,captures/submesh/m014_s03/l01_hero.jpg,0.003697851672768593,0.006531029939651489,43.70036650669995,0.9731389102072141,0.00018988715277777624
submesh,14,3,2,hero,submesh/m014_s03/l02_hero.bmp,640,640,captures/submesh/m014_s03/l02_hero.jpg,0.00967766996473074,0.015412813983857632,36.24236126055319,0.913075780089153,0.0002983940972222168
submesh,14,3,3,hero,submesh/m014_s03/l03_hero.bmp,640,640,captures/submesh/m014_s03/l03_hero.jpg,0.0158548504114151,0.023103227838873863,32.72654677905826,0.8533529845246868,0.0013292100694444475
submesh,14,3,4,hero,submesh/m014_s03/l04_hero.bmp,640,640,captures/submesh/m014_s03/l04_hero.jpg,0.025218982249498367,0.03492002561688423,29.13850892746946,0.7954545454545454,0.003119574652777783
submesh,14,3,5,hero,submesh/m014_s03/l05_hero.bmp,640,640,captures/submesh/m014_s03/l05_hero.jpg,0.033381711691617966,0.04579944536089897,26.782795626891854,0.7184325108853411,0.00531684027777778
submesh,14,3,6,hero,submesh/m014_s03/l06_hero.bmp,640,640,captures/submesh/m014_s03/l06_hero.jpg,0.05017086863517761,0.06862828135490417,23.26993753855765,0.5028571428571429,0.012478298611111115
submesh,14,4,0,hero,submesh/m014_s04/l00_hero.bmp,640,640,captures/submesh/m014_s04/l00_hero.jpg,0.0,0.0,99.0,1.0,0.0
submesh,14,4,1,hero,submesh/m014_s04/l01_hero.bmp,640,640,captures/submesh/m014_s04/l01_hero.jpg,0.004339642357081175,0.0065095992758870125,43.72891490644737,0.9479015918958031,0.0004340277777777797
submesh,14,4,2,hero,submesh/m014_s04/l02_hero.bmp,640,640,captures/submesh/m014_s04/l02_hero.jpg,0.007889294996857643,0.011292736977338791,38.944015740599106,0.8799435028248588,0.0008409288194444441
submesh,14,4,3,hero,submesh/m014_s04/l03_hero.bmp,640,640,captures/submesh/m014_s04/l03_hero.jpg,0.012934866361320019,0.017905650660395622,34.94019785709055,0.8055172413793104,0.0014377170138888916
submesh,14,4,4,hero,submesh/m014_s04/l04_hero.bmp,640,640,captures/submesh/m014_s04/l04_hero.jpg,0.018989024683833122,0.02621733956038952,31.628227620473144,0.7189631650750341,0.0027669270833333356
submesh,14,4,5,hero,submesh/m014_s04/l05_hero.bmp,640,640,captures/submesh/m014_s04/l05_hero.jpg,0.025984594598412514,0.034627143293619156,29.211666717086157,0.6197564276048715,0.004475911458333334
submesh,14,4,6,hero,submesh/m014_s04/l06_hero.bmp,640,640,captures/submesh/m014_s04/l06_hero.jpg,0.03875090554356575,0.055288735777139664,25.147266809034747,0.3736111111111111,0.010118272569444446
submesh,14,5,0,hero,submesh/m014_s05/l00_hero.bmp,640,640,captures/submesh/m014_s05/l00_hero.jpg,0.0,0.0,99.0,1.0,0.0
submesh,14,5,1,hero,submesh/m014_s05/l01_hero.bmp,640,640,captures/submesh/m014_s05/l01_hero.jpg,0.007617971859872341,0.012810618616640568,37.848597958882145,0.9801047120418848,0.0002712673611111119
submesh,14,5,2,hero,submesh/m014_s05/l02_hero.bmp,640,640,captures/submesh/m014_s05/l02_hero.jpg,0.014062128961086273,0.020707914605736732,33.67727269216735,0.9511941848390446,0.0009223090277777762
submesh,14,5,3,hero,submesh/m014_s05/l03_hero.bmp,640,640,captures/submesh/m014_s05/l03_hero.jpg,0.022834692150354385,0.0329863578081131,29.63331268949428,0.9375975039001561,0.0017903645833333287
submesh,14,5,4,hero,submesh/m014_s05/l04_hero.bmp,640,640,captures/submesh/m014_s05/l04_hero.jpg,0.036147672683000565,0.049985744059085846,26.023076776985974,0.8812785388127854,0.0022786458333333287
submesh,14,5,5,hero,submesh/m014_s05/l05_hero.bmp,640,640,captures/submesh/m014_s05/l05_hero.jpg,0.05337512120604515,0.07427868992090225,22.582715293351782,0.8012295081967213,0.007486979166666664
submesh,14,5,6,hero,submesh/m014_s05/l06_hero.bmp,640,640,captures/submesh/m014_s05/l06_hero.jpg,0.06348522752523422,0.08484876900911331,21.42708908140517,0.5421245421245421,0.022922092013888888
submesh,14,6,0,hero,submesh/m014_s06/l00_hero.bmp,640,640,captures/submesh/m014_s06/l00_hero.jpg,0.0,0.0,99.0,1.0,0.0
submesh,14,6,1,hero,submesh/m014_s06/l01_hero.bmp,640,640,captures/submesh/m014_s06/l01_hero.jpg,0.0023647192865610123,0.0036631422117352486,48.72292441364333,0.980361956103196,8.138020833334259e-05
submesh,14,6,2,hero,submesh/m014_s06/l02_hero.bmp,640,640,captures/submesh/m014_s06/l02_hero.jpg,0.00341405370272696,0.004961586557328701,46.08758855521252,0.9727342549923195,8.138020833332871e-05
submesh,14,6,3,hero,submesh/m014_s06/l03_hero.bmp,640,640,captures/submesh/m014_s06/l03_hero.jpg,0.010516567155718803,0.015650209039449692,36.10959714436574,0.8451737451737452,0.009792751736111105
submesh,14,6,4,hero,submesh/m014_s06/l04_hero.bmp,640,640,captures/submesh/m014_s06/l04_hero.jpg,0.026143791154026985,0.03549030050635338,28.997806466866955,0.5308498253783469,0.032416449652777776
submesh,14,6,5,hero,submesh/m014_s06/l05_hero.bmp,640,640,captures/submesh/m014_s06/l05_hero.jpg,0.03783136606216431,0.04830407723784447,26.320324197738355,0.28493788819875776,0.04964192708333333
submesh,14,6,6,hero,submesh/m014_s06/l06_hero.bmp,640,640,captures/submesh/m014_s06/l06_hero.jpg,0.04561630263924599,0.05708112567663193,24.870149418110266,0.18278346605991658,0.05482313368055555
submesh,14,7,0,hero,submesh/m014_s07/l00_hero.bmp,640,640,captures/submesh/m014_s07/l00_hero.jpg,0.0,0.0,99.0,1.0,0.0
submesh,14,7,1,hero,submesh/m014_s07/l01_hero.bmp,640,640,captures/submesh/m014_s07/l01_hero.jpg,0.0032311303075402975,0.005166433751583099,45.73618270266085,0.9853281853281853,0.00040690104166666435
submesh,14,7,2,hero,submesh/m014_s07/l02_hero.bmp,640,640,captures/submesh/m014_s07/l02_hero.jpg,0.006594403646886349,0.01007202360779047,39.93766529914542,0.9660755589822668,0.0009765625
submesh,14,7,3,hero,submesh/m014_s07/l03_hero.bmp,640,640,captures/submesh/m014_s07/l03_hero.jpg,0.011991999112069607,0.018040738999843597,34.874913529916206,0.9366306027820711,0.002170138888888888
submesh,14,7,4,hero,submesh/m014_s07/l04_hero.bmp,640,640,captures/submesh/m014_s07/l04_hero.jpg,0.021869665011763573,0.03221356123685837,29.839225217966433,0.8554868624420402,0.0050184461805555525
submesh,14,7,5,hero,submesh/m014_s07/l05_hero.bmp,640,640,captures/submesh/m014_s07/l05_hero.jpg,0.036354631185531616,0.05331884324550629,25.462385623851862,0.7463263727764888,0.00889756944444444
submesh,14,7,6,hero,submesh/m014_s07/l06_hero.bmp,640,640,captures/submesh/m014_s07/l06_hero.jpg,0.06403408944606781,0.09465976059436798,20.476691964965905,0.4323279195668987,0.019911024305555552
mesh,15,,0,hero,mesh/m015/l00_hero.bmp,640,640,captures/mesh/m015/l00_hero.jpg,0.0,0.0,99.0,1.0,0.0
mesh,15,,1,hero,mesh/m015/l01_hero.bmp,640,640,captures/mesh/m015/l01_hero.jpg,0.0041573005728423595,0.0063722277991473675,43.91417414221311,0.9942680776014109,2.7126736111111882e-05
mesh,15,,2,hero,mesh/m015/l02_hero.bmp,640,640,captures/mesh/m015/l02_hero.jpg,0.00612997030839324,0.009081500582396984,40.83684769739706,0.9933920704845814,2.7126736111111882e-05
mesh,15,,3,hero,mesh/m015/l03_hero.bmp,640,640,captures/mesh/m015/l03_hero.jpg,0.026709169149398804,0.0406099371612072,27.827353650515477,0.9386503067484663,0.002712673611111112
mesh,15,,4,hero,mesh/m015/l04_hero.bmp,640,640,captures/mesh/m015/l04_hero.jpg,0.0491001233458519,0.07236169278621674,22.809825641353967,0.8553266111354669,0.007921006944444448
mesh,15,,5,hero,mesh/m015/l05_hero.bmp,640,640,captures/mesh/m015/l05_hero.jpg,0.06837756931781769,0.09742122888565063,20.226927929509802,0.7874015748031497,0.011881510416666671
mesh,15,,6,hero,mesh/m015/l06_hero.bmp,640,640,captures/mesh/m015/l06_hero.jpg,0.09189318120479584,0.1283186674118042,17.834203183614875,0.6792784865816102,0.01917860243055556
mesh,15,,0,side,mesh/m015/l00_side.bmp,640,640,captures/mesh/m015/l00_side.jpg,0.0,0.0,99.0,1.0,0.0
mesh,15,,1,side,mesh/m015/l01_side.bmp,640,640,captures/mesh/m015/l01_side.jpg,0.0043110316619277,0.006370994728058577,43.91585508585255,0.9874551971326165,0.00016276041666666435
mesh,15,,2,side,mesh/m015/l02_side.bmp,640,640,captures/mesh/m015/l02_side.jpg,0.0064478288404643536,0.009392999112606049,40.54391437385892,0.9803571428571428,0.00016276041666666435
mesh,15,,3,side,mesh/m015/l03_side.bmp,640,640,captures/mesh/m015/l03_side.jpg,0.01819594018161297,0.02550821378827095,31.866399035610904,0.9274588340008901,0.002685546875
mesh,15,,4,side,mesh/m015/l04_side.bmp,640,640,captures/mesh/m015/l04_side.jpg,0.03091544099152088,0.04185418039560318,27.565223163415663,0.856378233719893,0.007269965277777776
mesh,15,,5,side,mesh/m015/l05_side.bmp,640,640,captures/mesh/m015/l05_side.jpg,0.0418156199157238,0.055604372173547745,25.097821169728643,0.7559681697612732,0.012424045138888888
mesh,15,,6,side,mesh/m015/l06_side.bmp,640,640,captures/mesh/m015/l06_side.jpg,0.05787999927997589,0.07476935535669327,22.525527274384267,0.6402139991083371,0.020372178819444448
mesh,15,,0,top,mesh/m015/l00_top.bmp,640,640,captures/mesh/m015/l00_top.jpg,0.0,0.0,99.0,1.0,0.0
mesh,15,,1,top,mesh/m015/l01_top.bmp,640,640,captures/mesh/m015/l01_top.jpg,0.004682098515331745,0.007158904802054167,42.90306825441593,0.9965409892770668,5.4253472222223764e-05
mesh,15,,2,top,mesh/m015/l02_top.bmp,640,640,captures/mesh/m015/l02_top.jpg,0.006994594819843769,0.010641182772815228,39.460201946160566,0.9968858131487889,8.138020833332871e-05
mesh,15,,3,top,mesh/m015/l03_top.bmp,640,640,captures/mesh/m015/l03_top.jpg,0.02827666886150837,0.04190569743514061,27.55453853999175,0.9637180373185902,0.002468532986111105
mesh,15,,4,top,mesh/m015/l04_top.bmp,640,640,captures/mesh/m015/l04_top.jpg,0.05172090604901314,0.07476874440908432,22.525598247915614,0.8939550949913644,0.007893880208333329
mesh,15,,5,top,mesh/m015/l05_top.bmp,640,640,captures/mesh/m015/l05_top.jpg,0.07112773507833481,0.10099995881319046,19.91357606636849,0.8143795368129969,0.014241536458333329
mesh,15,,6,top,mesh/m015/l06_top.bmp,640,640,captures/mesh/m015/l06_top.jpg,0.0924108475446701,0.12791138887405396,17.8618157085574,0.6867012089810017,0.024169921875
submesh,15,0,0,hero,submesh/m015_s00/l00_hero.bmp,640,640,captures/submesh/m015_s00/l00_hero.jpg,0.0,0.0,99.0,1.0,0.0
submesh,15,0,1,hero,submesh/m015_s00/l01_hero.bmp,640,640,captures/submesh/m015_s00/l01_hero.jpg,0.003603333607316017,0.006337572354823351,43.96154138750386,0.99235807860262,0.00013563368055555594
submesh,15,0,2,hero,submesh/m015_s00/l02_hero.bmp,640,640,captures/submesh/m015_s00/l02_hero.jpg,0.006663824897259474,0.01016334630548954,39.85926552069876,0.9869565217391304,5.4253472222223764e-05
submesh,15,0,3,hero,submesh/m015_s00/l03_hero.bmp,640,640,captures/submesh/m015_s00/l03_hero.jpg,0.015732409432530403,0.026376614347100258,31.575619008799105,0.9454545454545454,0.00029839409722222376
submesh,15,0,4,hero,submesh/m015_s00/l04_hero.bmp,640,640,captures/submesh/m015_s00/l04_hero.jpg,0.03084532357752323,0.050002701580524445,26.02013061335235,0.8503118503118503,0.001356336805555556
submesh,15,0,5,hero,submesh/m015_s00/l05_hero.bmp,640,640,captures/submesh/m015_s00/l05_hero.jpg,0.05273393914103508,0.07674620300531387,22.298862038092146,0.7703252032520326,0.0023871527777777797
submesh,15,0,6,hero,submesh/m015_s00/l06_hero.bmp,640,640,captures/submesh/m015_s00/l06_hero.jpg,0.09567912667989731,0.12773534655570984,17.87377818785829,0.5867507886435331,0.008707682291666668
submesh,15,1,0,hero,submesh/m015_s01/l00_hero.bmp,640,640,captures/submesh/m015_s01/l00_hero.jpg,0.0,0.0,99.0,1.0,0.0
submesh,15,1,1,hero,submesh/m015_s01/l01_hero.bmp,640,640,captures/submesh/m015_s01/l01_hero.jpg,0.004911781754344702,0.008576049469411373,41.3342544498768,0.9937823834196892,5.4253472222223764e-05
submesh,15,1,2,hero,submesh/m015_s01/l02_hero.bmp,640,640,captures/submesh/m015_s01/l02_hero.jpg,0.006962674669921398,0.011443424969911575,38.82887947079361,0.9886363636363636,2.712673611111882e-05
submesh,15,1,3,hero,submesh/m015_s01/l03_hero.bmp,640,640,captures/submesh/m015_s01/l03_hero.jpg,0.032678838819265366,0.048991858959198,26.197521625078444,0.9193937306234929,0.0054796006944444475
submesh,15,1,4,hero,submesh/m015_s01/l04_hero.bmp,640,640,captures/submesh/m015_s01/l04_hero.jpg,0.06087201461195946,0.08824947476387024,21.085757414628667,0.8202828561572956,0.013481987847222224
submesh,15,1,5,hero,submesh/m015_s01/l05_hero.bmp,640,640,captures/submesh/m015_s01/l05_hero.jpg,0.08167632669210434,0.11549622565507889,18.7486441602775,0.7272099447513812,0.020941840277777776
submesh,15,1,6,hero,submesh/m015_s01/l06_hero.bmp,640,640,captures/submesh/m015_s01/l06_hero.jpg,0.10594183206558228,0.1475822776556015,16.619315828374496,0.581868321268528,0.032145182291666664
submesh,15,2,0,hero,submesh/m015_s02/l00_hero.bmp,640,640,captures/submesh/m015_s02/l00_hero.jpg,0.0,0.0,99.0,1.0,0.0
submesh,15,2,1,hero,submesh/m015_s02/l01_hero.bmp,640,640,captures/submesh/m015_s02/l01_hero.jpg,0.00251842406578362,0.004612594377249479,46.72109469481769,0.9578820697954272,0.00013563368055555594
submesh,15,2,2,hero,submesh/m015_s02/l02_hero.bmp,640,640,captures/submesh/m015_s02/l02_hero.jpg,0.00554894981905818,0.008269849233329296,41.65004815896114,0.9084423305588585,0.000732421875
submesh,15,2,3,hero,submesh/m015_s02/l03_hero.bmp,640,640,captures/submesh/m015_s02/l03_hero.jpg,0.008657018654048443,0.012617450207471848,37.98056800913996,0.8690476190476191,0.0016818576388888916
submesh,15,2,4,hero,submesh/m015_s02/l04_hero.bmp,640,640,captures/submesh/m015_s02/l04_hero.jpg,0.011236267164349556,0.01663197949528694,35.581121181912245,0.8167848699763594,0.002577039930555556
submesh,15,2,5,hero,submesh/m015_s02/l05_hero.bmp,640,640,captures/submesh/m015_s02/l05_hero.jpg,0.014546952210366726,0.02179049700498581,33.234657282122846,0.7443519619500595,0.004475911458333336
submesh,15,2,6,hero,submesh/m015_s02/l06_hero.bmp,640,640,captures/submesh/m015_s02/l06_hero.jpg,0.019410207867622375,0.028681781142950058,30.847877648274636,0.6464285714285715,0.006754557291666668
submesh,15,3,0,hero,submesh/m015_s03/l00_hero.bmp,640,640,captures/submesh/m015_s03/l00_hero.jpg,0.0,0.0,99.0,1.0,0.0
submesh,15,3,1,hero,submesh/m015_s03/l01_hero.bmp,640,640,captures/submesh/m015_s03/l01_hero.jpg,0.003330525942146778,0.0059287152253091335,44.54078819346185,0.9781461944235117,0.00018988715277777624
submesh,15,3,2,hero,submesh/m015_s03/l02_hero.bmp,640,640,captures/submesh/m015_s03/l02_hero.jpg,0.008021170273423195,0.012887530028820038,37.79660619543233,0.9370836417468542,2.7126736111111882e-05
submesh,15,3,3,hero,submesh/m015_s03/l03_hero.bmp,640,640,captures/submesh/m015_s03/l03_hero.jpg,0.012871883809566498,0.02026144415140152,33.86659206339182,0.9006526468455403,8.138020833332871e-05
submesh,15,3,4,hero,submesh/m015_s03/l04_hero.bmp,640,640,captures/submesh/m015_s03/l04_hero.jpg,0.020905788987874985,0.031469810754060745,30.042117374792007,0.8246110325318247,0.0010308159722222238
submesh,15,3,5,hero,submesh/m015_s03/l05_hero.bmp,640,640,captures/submesh/m015_s03/l05_hero.jpg,0.02889988012611866,0.04109787195920944,27.723613304716842,0.7630298818624045,0.002197265625
submesh,15,3,6,hero,submesh/m015_s03/l06_hero.bmp,640,640,captures/submesh/m015_s03/l06_hero.jpg,0.05654488876461983,0.07344456017017365,22.68080731280882,0.5517011340893929,0.007921006944444448
submesh,15,4,0,hero,submesh/m015_s04/l00_hero.bmp,640,640,captures/submesh/m015_s04/l00_hero.jpg,0.0,0.0,99.0,1.0,0.0
submesh,15,4,1,hero,submesh/m015_s04/l01_hero.bmp,640,640,captures/submesh/m015_s04/l01_hero.jpg,0.004183006938546896,0.006010511890053749,44.42177078770306,0.9679389312977099,0.00013563368055555594
submesh,15,4,2,hero,submesh/m015_s04/l02_hero.bmp,640,640,captures/submesh/m015_s04/l02_hero.jpg,0.007571796420961618,0.010410993359982967,39.650156610217586,0.9212121212121213,0.0007052951388888881
submesh,15,4,3,hero,submesh/m015_s04/l03_hero.bmp,640,640,captures/submesh/m015_s04/l03_hero.jpg,0.011441296897828579,0.015356495045125484,36.27415792080239,0.8607407407407407,0.0010308159722222203
submesh,15,4,4,hero,submesh/m015_s04/l04_hero.bmp,640,640,captures/submesh/m015_s04/l04_hero.jpg,0.01826046220958233,0.025191163644194603,31.975035417341907,0.7964860907759883,0.001817491319444444
submesh,15,4,5,hero,submesh/m015_s04/l05_hero.bmp,640,640,captures/submesh/m015_s04/l05_hero.jpg,0.026720218360424042,0.03577909618616104,28.927412686396178,0.6429587482219061,0.003770616319444444
submesh,15,4,6,hero,submesh/m015_s04/l06_hero.bmp,640,640,captures/submesh/m015_s04/l06_hero.jpg,0.03814564272761345,0.05131528526544571,25.79506504955145,0.35693215339233036,0.010145399305555556
submesh,15,5,0,hero,submesh/m015_s05/l00_hero.bmp,640,640,captures/submesh/m015_s05/l00_hero.jpg,0.0,0.0,99.0,1.0,0.0
submesh,15,5,1,hero,submesh/m015_s05/l01_hero.bmp,640,640,captures/submesh/m015_s05/l01_hero.jpg,0.008272350765764713,0.013331977650523186,37.50210846108012,0.976592977893368,0.00010850694444444753
submesh,15,5,2,hero,submesh/m015_s05/l02_hero.bmp,640,640,captures/submesh/m015_s05/l02_hero.jpg,0.015235374681651592,0.022361885756254196,33.009831512131946,0.9497098646034816,0.0005425347222222238
submesh,15,5,3,hero,submesh/m015_s05/l03_hero.bmp,640,640,captures/submesh/m015_s05/l03_hero.jpg,0.024354828521609306,0.034794583916664124,29.16976705104837,0.9220360824742269,0.0016547309027777762
submesh,15,5,4,hero,submesh/m015_s05/l04_hero.bmp,640,640,captures/submesh/m015_s05/l04_hero.jpg,0.04206221178174019,0.05980364978313446,24.465446209092597,0.8746021642266073,0.002685546875
submesh,15,5,5,hero,submesh/m015_s05/l05_hero.bmp,640,640,captures/submesh/m015_s05/l05_hero.jpg,0.055479746311903,0.07828279584646225,22.126673440810166,0.7573667711598746,0.006537543402777776
submesh,15,5,6,hero,submesh/m015_s05/l06_hero.bmp,640,640,captures/submesh/m015_s05/l06_hero.jpg,0.06601139903068542,0.08951837569475174,20.961756133080762,0.5947503201024328,0.015001085069444444
submesh,15,6,0,hero,submesh/m015_s06/l00_hero.bmp,640,640,captures/submesh/m015_s06/l00_hero.jpg,0.0,0.0,99.0,1.0,0.0
submesh,15,6,1,hero,submesh/m015_s06/l01_hero.bmp,640,640,captures/submesh/m015_s06/l01_hero.jpg,0.0026903843972831964,0.004190213978290558,47.55527597400099,0.9745860608394301,0.0002712673611111188
submesh,15,6,2,hero,submesh/m015_s06/l02_hero.bmp,640,640,captures/submesh/m015_s06/l02_hero.jpg,0.004192038904875517,0.006161784287542105,44.20587019168942,0.9585412667946257,0.00043402777777777624
submesh,15,6,3,hero,submesh/m015_s06/l03_hero.bmp,640,640,captures/submesh/m015_s06/l03_hero.jpg,0.012845835648477077,0.019513696432113647,34.19320910927801,0.8317177200465297,0.010687934027777776
submesh,15,6,4,hero,submesh/m015_s06/l04_hero.bmp,640,640,captures/submesh/m015_s06/l04_hero.jpg,0.027751274406909943,0.03896355628967285,28.186828219392616,0.5479239425688786,0.03062608506944444
submesh,15,6,5,hero,submesh/m015_s06/l05_hero.bmp,640,640,captures/submesh/m015_s06/l05_hero.jpg,0.039539821445941925,0.05205967649817467,25.66997069898597,0.3100504462553357,0.04725477430555555
submesh,15,6,6,hero,submesh/m015_s06/l06_hero.bmp,640,640,captures/submesh/m015_s06/l06_hero.jpg,0.046737294644117355,0.0598939023911953,24.452347790161152,0.23177283192632386,0.0517578125
submesh,15,7,0,hero,submesh/m015_s07/l00_hero.bmp,640,640,captures/submesh/m015_s07/l00_hero.jpg,0.0,0.0,99.0,1.0,0.0
submesh,15,7,1,hero,submesh/m015_s07/l01_hero.bmp,640,640,captures/submesh/m015_s07/l01_hero.jpg,0.0034742983989417553,0.005664104130119085,44.9373754216185,0.9878310665712241,0.00035264756944444753
submesh,15,7,2,hero,submesh/m015_s07/l02_hero.bmp,640,640,captures/submesh/m015_s07/l02_hero.jpg,0.006780928932130337,0.010249266400933266,39.786144369097784,0.9685264663805436,0.0010308159722222238
submesh,15,7,3,hero,submesh/m015_s07/l03_hero.bmp,640,640,captures/submesh/m015_s07/l03_hero.jpg,0.01190235372632742,0.01785454899072647,34.96502231386266,0.9348137535816619,0.002414279513888888
submesh,15,7,4,hero,submesh/m015_s07/l04_hero.bmp,640,640,captures/submesh/m015_s07/l04_hero.jpg,0.021161478012800217,0.030942244455218315,30.188963742169037,0.8623655913978494,0.005208333333333336
submesh,15,7,5,hero,submesh/m015_s07/l05_hero.bmp,640,640,captures/submesh/m015_s07/l05_hero.jpg,0.035010192543268204,0.051098935306072235,25.831762974023896,0.7469534050179212,0.009575737847222224
submesh,15,7,6,hero,submesh/m015_s07/l06_hero.bmp,640,640,captures/submesh/m015_s07/l06_hero.jpg,0.060339681804180145,0.08866339921951294,21.045112450587496,0.4637992831541219,0.020290798611111112
mesh,16,,0,hero,mesh/m016/l00_hero.bmp,640,640,captures/mesh/m016/l00_hero.jpg,0.0,0.0,99.0,1.0,0.0
mesh,16,,1,hero,mesh/m016/l01_hero.bmp,640,640,captures/mesh/m016/l01_hero.jpg,0.010534410364925861,0.015631714835762978,36.119867524891156,0.9019607843137255,0.00013563368055555572
mesh,16,,2,hero,mesh/m016/l02_hero.bmp,640,640,captures/mesh/m016/l02_hero.jpg,0.01745482347905636,0.02561361715197563,31.830581723707393,0.8627450980392157,0.00018988715277777775
mesh,16,,3,hero,mesh/m016/l03_hero.bmp,640,640,captures/mesh/m016/l03_hero.jpg,0.03260432183742523,0.05087101832032204,25.870591374178403,0.7307692307692307,0.0003255208333333335
mesh,16,,4,hero,mesh/m016/l04_hero.bmp,640,640,captures/mesh/m016/l04_hero.jpg,0.03325791656970978,0.05070408806204796,25.899140477548404,0.6153846153846154,0.0004882812500000001
mesh,16,,5,hero,mesh/m016/l05_hero.bmp,640,640,captures/mesh/m016/l05_hero.jpg,0.04227401688694954,0.05863166227936745,24.637355857213855,0.49056603773584906,0.0006239149305555556
mesh,16,,6,hero,mesh/m016/l06_hero.bmp,640,640,captures/mesh/m016/l06_hero.jpg,0.06988436728715897,0.09205678850412369,20.718883599761124,0.2692307692307692,0.0009765625
mesh,16,,0,side,mesh/m016/l00_side.bmp,640,640,captures/mesh/m016/l00_side.jpg,0.0,0.0,99.0,1.0,0.0
mesh,16,,1,side,mesh/m016/l01_side.bmp,640,640,captures/mesh/m016/l01_side.jpg,0.016153128817677498,0.022257894277572632,33.05031849534325,0.7142857142857143,0.0
mesh,16,,2,side,mesh/m016/l02_side.bmp,640,640,captures/mesh/m016/l02_side.jpg,0.02145969495177269,0.02967205084860325,30.55304870868135,0.75,8.138020833333332e-05
mesh,16,,3,side,mesh/m016/l03_side.bmp,640,640,captures/mesh/m016/l03_side.jpg,0.017755990847945213,0.024862386286258698,32.08914380413813,0.75,8.138020833333332e-05
mesh,16,,4,side,mesh/m016/l04_side.bmp,640,640,captures/mesh/m016/l04_side.jpg,0.021023964509367943,0.02550695091485977,31.86682907162637,0.8333333333333334,5.425347222222219e-05
mesh,16,,5,side,mesh/m016/l05_side.bmp,640,640,captures/mesh/m016/l05_side.jpg,0.020311715081334114,0.025243420153856277,31.95703608418448,0.7692307692307693,2.712673611111107e-05
mesh,16,,6,side,mesh/m016/l06_side.bmp,640,640,captures/mesh/m016/l06_side.jpg,0.05610021576285362,0.0694257915019989,23.16958320584547,0.16666666666666666,0.0002712673611111111
mesh,16,,0,top,mesh/m016/l00_top.bmp,640,640,captures/mesh/m016/l00_top.jpg,0.0,0.0,99.0,1.0,0.0
mesh,16,,1,top,mesh/m016/l01_top.bmp,640,640,captures/mesh/m016/l01_top.jpg,0.015411077067255974,0.021579571068286896,33.3191438385927,0.8947368421052632,5.4253472222222246e-05
mesh,16,,2,top,mesh/m016/l02_top.bmp,640,640,captures/mesh/m016/l02_top.jpg,0.032316628843545914,0.0415671207010746,27.62500114901115,0.9444444444444444,2.7126736111111123e-05
mesh,16,,3,top,mesh/m016/l03_top.bmp,640,640,captures/mesh/m016/l03_top.jpg,0.04390618950128555,0.06441688537597656,23.820005552055022,0.8823529411764706,5.425347222222219e-05
mesh,16,,4,top,mesh/m016/l04_top.bmp,640,640,captures/mesh/m016/l04_top.jpg,0.04844290763139725,0.06876188516616821,23.253044505307233,0.8235294117647058,8.138020833333332e-05
mesh,16,,5,top,mesh/m016/l05_top.bmp,640,640,captures/mesh/m016/l05_top.jpg,0.04875048249959946,0.06924694031476974,23.191988223975876,0.7647058823529411,0.00010850694444444444
mesh,16,,6,top,mesh/m016/l06_top.bmp,640,640,captures/mesh/m016/l06_top.jpg,0.07804690301418304,0.10922156274318695,19.233832277326602,0.29411764705882354,0.0003255208333333333
submesh,16,0,0,hero,submesh/m016_s00/l00_hero.bmp,640,640,captures/submesh/m016_s00/l00_hero.jpg,0.0,0.0,99.0,1.0,0.0
submesh,16,0,1,hero,submesh/m016_s00/l01_hero.bmp,640,640,captures/submesh/m016_s00/l01_hero.jpg,0.010534410364925861,0.015631714835762978,36.119867524891156,0.9019607843137255,0.00013563368055555572
submesh,16,0,2,hero,submesh/m016_s00/l02_hero.bmp,640,640,captures/submesh/m016_s00/l02_hero.jpg,0.01745482347905636,0.02561361715197563,31.830581723707393,0.8627450980392157,0.00018988715277777775
submesh,16,0,3,hero,submesh/m016_s00/l03_hero.bmp,640,640,captures/submesh/m016_s00/l03_hero.jpg,0.03260432183742523,0.05087101832032204,25.870591374178403,0.7307692307692307,0.0003255208333333335
submesh,16,0,4,hero,submesh/m016_s00/l04_hero.bmp,640,640,captures/submesh/m016_s00/l04_hero.jpg,0.03325791656970978,0.05070408806204796,25.899140477548404,0.6153846153846154,0.0004882812500000001
submesh,16,0,5,hero,submesh/m016_s00/l05_hero.bmp,640,640,captures/submesh/m016_s00/l05_hero.jpg,0.04227401688694954,0.05863166227936745,24.637355857213855,0.49056603773584906,0.0006239149305555556
submesh,16,0,6,hero,submesh/m016_s00/l06_hero.bmp,640,640,captures/submesh/m016_s00/l06_hero.jpg,0.06988436728715897,0.09205678850412369,20.718883599761124,0.2692307692307692,0.0009765625
mesh,17,,0,hero,mesh/m017/l00_hero.bmp,640,640,captures/mesh/m017/l00_hero.jpg,0.0,0.0,99.0,1.0,0.0
mesh,17,,1,hero,mesh/m017/l01_hero.bmp,640,640,captures/mesh/m017/l01_hero.jpg,0.009470454417169094,0.014094953425228596,37.018727097088636,0.9387755102040817,2.7126736111111015e-05
mesh,17,,2,hero,mesh/m017/l02_hero.bmp,640,640,captures/mesh/m017/l02_hero.jpg,0.01576470583677292,0.02299390733242035,32.767744464373564,0.86,2.712673611111123e-05
mesh,17,,3,hero,mesh/m017/l03_hero.bmp,640,640,captures/mesh/m017/l03_hero.jpg,0.02410130761563778,0.03531075641512871,29.041859580543314,0.8125,0.00018988715277777775
mesh,17,,4,hero,mesh/m017/l04_hero.bmp,640,640,captures/mesh/m017/l04_hero.jpg,0.03032679669559002,0.04948018863797188,26.1113730667621,0.74,0.00018988715277777775
mesh,17,,5,hero,mesh/m017/l05_hero.bmp,640,640,captures/mesh/m017/l05_hero.jpg,0.06783479452133179,0.10264258086681366,19.77344873006629,0.5319148936170213,0.0005967881944444445
mesh,17,,6,hero,mesh/m017/l06_hero.bmp,640,640,captures/mesh/m017/l06_hero.jpg,0.10271172970533371,0.13618271052837372,17.317560520821203,0.0425531914893617,0.001220703125
mesh,17,,0,side,mesh/m017/l00_side.bmp,640,640,captures/mesh/m017/l00_side.jpg,0.0,0.0,99.0,1.0,0.0
mesh,17,,1,side,mesh/m017/l01_side.bmp,640,640,captures/mesh/m017/l01_side.jpg,0.013071895577013493,0.017696503549814224,35.04225064906049,1.0,0.0
mesh,17,,2,side,mesh/m017/l02_side.bmp,640,640,captures/mesh/m017/l02_side.jpg,0.018538324162364006,0.026333240792155266,31.58991379278209,0.7272727272727273,8.138020833333337e-05
mesh,17,,3,side,mesh/m017/l03_side.bmp,640,640,captures/mesh/m017/l03_side.jpg,0.04064171016216278,0.049782536923885345,26.058459509321224,0.6363636363636364,0.00010850694444444447
mesh,17,,4,side,mesh/m017/l04_side.bmp,640,640,captures/mesh/m017/l04_side.jpg,0.05000000074505806,0.06473888456821442,23.77669575268271,0.3333333333333333,0.00016276041666666668
mesh,17,,5,side,mesh/m017/l05_side.bmp,640,640,captures/mesh/m017/l05_side.jpg,0.06797385960817337,0.08935494720935822,20.97762794850619,0.07692307692307693,0.00021701388888888893
mesh,17,,6,side,mesh/m017/l06_side.bmp,640,640,captures/mesh/m017/l06_side.jpg,0.07902555167675018,0.0976104736328125,20.210071598122727,0.0,0.00029839409722222225
mesh,17,,0,top,mesh/m017/l00_top.bmp,640,640,captures/mesh/m017/l00_top.jpg,0.0,0.0,99.0,1.0,0.0
mesh,17,,1,top,mesh/m017/l01_top.bmp,640,640,captures/mesh/m017/l01_top.jpg,0.011826952919363976,0.016608435660600662,35.59342543160228,0.7619047619047619,2.7126736111111123e-05
mesh,17,,2,top,mesh/m017/l02_top.bmp,640,640,captures/mesh/m017/l02_top.jpg,0.015805110335350037,0.02035418525338173,33.82692554148844,0.7272727272727273,5.4253472222222246e-05
mesh,17,,3,top,mesh/m017/l03_top.bmp,640,640,captures/mesh/m017/l03_top.jpg,0.01865716092288494,0.02592301182448864,31.72629084093021,0.5,8.138020833333332e-05
mesh,17,,4,top,mesh/m017/l04_top.bmp,640,640,captures/mesh/m017/l04_top.jpg,0.04671482741832733,0.06834528595209122,23.305828701834606,0.42105263157894735,0.000244140625
mesh,17,,5,top,mesh/m017/l05_top.bmp,640,640,captures/mesh/m017/l05_top.jpg,0.06615831702947617,0.10367944836616516,19.68614644323658,0.3888888888888889,0.00029839409722222225
mesh,17,,6,top,mesh/m017/l06_top.bmp,640,640,captures/mesh/m017/l06_top.jpg,0.08206245303153992,0.11362026631832123,18.89088394200573,0.05555555555555555,0.0004611545138888889
submesh,17,0,0,hero,submesh/m017_s00/l00_hero.bmp,640,640,captures/submesh/m017_s00/l00_hero.jpg,0.0,0.0,99.0,1.0,0.0
submesh,17,0,1,hero,submesh/m017_s00/l01_hero.bmp,640,640,captures/submesh/m017_s00/l01_hero.jpg,0.009470454417169094,0.014094953425228596,37.018727097088636,0.9387755102040817,2.7126736111111015e-05
submesh,17,0,2,hero,submesh/m017_s00/l02_hero.bmp,640,640,captures/submesh/m017_s00/l02_hero.jpg,0.01576470583677292,0.02299390733242035,32.767744464373564,0.86,2.712673611111123e-05
submesh,17,0,3,hero,submesh/m017_s00/l03_hero.bmp,640,640,captures/submesh/m017_s00/l03_hero.jpg,0.02410130761563778,0.03531075641512871,29.041859580543314,0.8125,0.00018988715277777775
submesh,17,0,4,hero,submesh/m017_s00/l04_hero.bmp,640,640,captures/submesh/m017_s00/l04_hero.jpg,0.03032679669559002,0.04948018863797188,26.1113730667621,0.74,0.00018988715277777775
submesh,17,0,5,hero,submesh/m017_s00/l05_hero.bmp,640,640,captures/submesh/m017_s00/l05_hero.jpg,0.06783479452133179,0.10264258086681366,19.77344873006629,0.5319148936170213,0.0005967881944444445
submesh,17,0,6,hero,submesh/m017_s00/l06_hero.bmp,640,640,captures/submesh/m017_s00/l06_hero.jpg,0.10271172970533371,0.13618271052837372,17.317560520821203,0.0425531914893617,0.001220703125
mesh,18,,0,hero,mesh/m018/l00_hero.bmp,640,640,captures/mesh/m018/l00_hero.jpg,0.0,0.0,99.0,1.0,0.0
mesh,18,,1,hero,mesh/m018/l01_hero.bmp,640,640,captures/mesh/m018/l01_hero.jpg,0.009293301030993462,0.015647931024432182,36.11086153816234,0.953125,2.7126736111111015e-05
mesh,18,,2,hero,mesh/m018/l02_hero.bmp,640,640,captures/mesh/m018/l02_hero.jpg,0.021475257351994514,0.03703557327389717,28.627618570260825,0.8412698412698413,0.000271267361111111
mesh,18,,3,hero,mesh/m018/l03_hero.bmp,640,640,captures/mesh/m018/l03_hero.jpg,0.037316177040338516,0.06742824614048004,23.42316273006724,0.671875,0.000515407986111111
mesh,18,,4,hero,mesh/m018/l04_hero.bmp,640,640,captures/mesh/m018/l04_hero.jpg,0.044846657663583755,0.07591540366411209,22.39340188720569,0.6,0.0005967881944444445
mesh,18,,5,hero,mesh/m018/l05_hero.bmp,640,640,captures/mesh/m018/l05_hero.jpg,0.06419306248426437,0.09262857586145401,20.665100261079008,0.4153846153846154,0.0009223090277777778
mesh,18,,6,hero,mesh/m018/l06_hero.bmp,640,640,captures/mesh/m018/l06_hero.jpg,0.0843033492565155,0.10884416103363037,19.26389727621349,0.2222222222222222,0.0013292100694444445
mesh,18,,0,side,mesh/m018/l00_side.bmp,640,640,captures/mesh/m018/l00_side.jpg,0.0,0.0,99.0,1.0,0.0
mesh,18,,1,side,mesh/m018/l01_side.bmp,640,640,captures/mesh/m018/l01_side.jpg,0.01576797477900982,0.02312423475086689,32.71865260872981,0.875,0.0
mesh,18,,2,side,mesh/m018/l02_side.bmp,640,640,captures/mesh/m018/l02_side.jpg,0.015196078456938267,0.02048683352768421,33.77050323092516,0.875,0.0
mesh,18,,3,side,mesh/m018/l03_side.bmp,640,640,captures/mesh/m018/l03_side.jpg,0.04403594881296158,0.05181877315044403,25.710257469728553,0.375,0.0002170138888888889
mesh,18,,4,side,mesh/m018/l04_side.bmp,640,640,captures/mesh/m018/l04_side.jpg,0.04820261523127556,0.05672735720872879,24.9241489740086,0.5,0.00016276041666666668
mesh,18,,5,side,mesh/m018/l05_side.bmp,640,640,captures/mesh/m018/l05_side.jpg,0.053921569138765335,0.06413394212722778,23.85824128882699,0.4375,0.0001898871527777778
mesh,18,,6,side,mesh/m018/l06_side.bmp,640,640,captures/mesh/m018/l06_side.jpg,0.05413302779197693,0.06508515775203705,23.730360763599926,0.29411764705882354,0.0002170138888888889
mesh,18,,0,top,mesh/m018/l00_top.bmp,640,640,captures/mesh/m018/l00_top.jpg,0.0,0.0,99.0,1.0,0.0
mesh,18,,1,top,mesh/m018/l01_top.bmp,640,640,captures/mesh/m018/l01_top.jpg,0.01718020625412464,0.025328077375888824,31.927955514676857,0.8571428571428571,2.7126736111111123e-05
mesh,18,,2,top,mesh/m018/l02_top.bmp,640,640,captures/mesh/m018/l02_top.jpg,0.019732337445020676,0.02679396979510784,31.43925873090792,0.7142857142857143,0.00010850694444444449
mesh,18,,3,top,mesh/m018/l03_top.bmp,640,640,captures/mesh/m018/l03_top.jpg,0.02437908574938774,0.04117024317383766,27.708331356312634,0.8,0.00010850694444444449
mesh,18,,4,top,mesh/m018/l04_top.bmp,640,640,captures/mesh/m018/l04_top.jpg,0.02720199152827263,0.04519334062933922,26.89851110067599,0.7619047619047619,8.138020833333337e-05
mesh,18,,5,top,mesh/m018/l05_top.bmp,640,640,captures/mesh/m018/l05_top.jpg,0.045440398156642914,0.05994368717074394,24.445130937297662,0.5238095238095238,0.00021701388888888893
mesh,18,,6,top,mesh/m018/l06_top.bmp,640,640,captures/mesh/m018/l06_top.jpg,0.05577342212200165,0.07353200763463974,22.67047152763636,0.42857142857142855,0.0002712673611111111
submesh,18,0,0,hero,submesh/m018_s00/l00_hero.bmp,640,640,captures/submesh/m018_s00/l00_hero.jpg,0.0,0.0,99.0,1.0,0.0
submesh,18,0,1,hero,submesh/m018_s00/l01_hero.bmp,640,640,captures/submesh/m018_s00/l01_hero.jpg,0.009293301030993462,0.015647931024432182,36.11086153816234,0.953125,2.7126736111111015e-05
submesh,18,0,2,hero,submesh/m018_s00/l02_hero.bmp,640,640,captures/submesh/m018_s00/l02_hero.jpg,0.021475257351994514,0.03703557327389717,28.627618570260825,0.8412698412698413,0.000271267361111111
submesh,18,0,3,hero,submesh/m018_s00/l03_hero.bmp,640,640,captures/submesh/m018_s00/l03_hero.jpg,0.037316177040338516,0.06742824614048004,23.42316273006724,0.671875,0.000515407986111111
submesh,18,0,4,hero,submesh/m018_s00/l04_hero.bmp,640,640,captures/submesh/m018_s00/l04_hero.jpg,0.044846657663583755,0.07591540366411209,22.39340188720569,0.6,0.0005967881944444445
submesh,18,0,5,hero,submesh/m018_s00/l05_hero.bmp,640,640,captures/submesh/m018_s00/l05_hero.jpg,0.06419306248426437,0.09262857586145401,20.665100261079008,0.4153846153846154,0.0009223090277777778
submesh,18,0,6,hero,submesh/m018_s00/l06_hero.bmp,640,640,captures/submesh/m018_s00/l06_hero.jpg,0.0843033492565155,0.10884416103363037,19.26389727621349,0.2222222222222222,0.0013292100694444445
mesh,19,,0,hero,mesh/m019/l00_hero.bmp,640,640,captures/mesh/m019/l00_hero.jpg,0.0,0.0,99.0,1.0,0.0
mesh,19,,1,hero,mesh/m019/l01_hero.bmp,640,640,captures/mesh/m019/l01_hero.jpg,0.027733799070119858,0.04717319831252098,26.526093557387753,0.8954451345755694,0.0005696614583333322
mesh,19,,2,hero,mesh/m019/l02_hero.bmp,640,640,captures/mesh/m019/l02_hero.jpg,0.07884383946657181,0.1165647953748703,18.66865188742331,0.6844660194174758,0.003173828125
mesh,19,,3,hero,mesh/m019/l03_hero.bmp,640,640,captures/mesh/m019/l03_hero.jpg,0.11765729635953903,0.1584705114364624,16.001030809227682,0.4681684622918707,0.009575737847222222
mesh,19,,4,hero,mesh/m019/l04_hero.bmp,640,640,captures/mesh/m019/l04_hero.jpg,0.14690150320529938,0.19124162197113037,14.368351631869185,0.2578046324269889,0.016357421875
mesh,19,,5,hero,mesh/m019/l05_hero.bmp,640,640,captures/mesh/m019/l05_hero.jpg,0.1583002209663391,0.20053601264953613,13.956152491743932,0.14790996784565916,0.021185980902777776
mesh,19,,6,hero,mesh/m019/l06_hero.bmp,640,640,captures/mesh/m019/l06_hero.jpg,0.17137646675109863,0.2115289717912674,13.492602832693152,0.05686695278969957,0.023518880208333332
mesh,19,,0,side,mesh/m019/l00_side.bmp,640,640,captures/mesh/m019/l00_side.jpg,0.0,0.0,99.0,1.0,0.0
mesh,19,,1,side,mesh/m019/l01_side.bmp,640,640,captures/mesh/m019/l01_side.jpg,0.027765076607465744,0.048028141260147095,26.37008441382985,0.8963486454652533,0.0002712673611111119
mesh,19,,2,side,mesh/m019/l02_side.bmp,640,640,captures/mesh/m019/l02_side.jpg,0.05912472680211067,0.08491728454828262,21.420078039662044,0.7442396313364056,0.002332899305555556
mesh,19,,3,side,mesh/m019/l03_side.bmp,640,640,captures/mesh/m019/l03_side.jpg,0.10246354341506958,0.1401606798171997,17.067476094504116,0.5303030303030303,0.007785373263888888
mesh,19,,4,side,mesh/m019/l04_side.bmp,640,640,captures/mesh/m019/l04_side.jpg,0.1394040584564209,0.18170678615570068,14.812577058138764,0.35355892648774795,0.011935763888888888
mesh,19,,5,side,mesh/m019/l05_side.bmp,640,640,captures/mesh/m019/l05_side.jpg,0.15646667778491974,0.19574958086013794,14.165983183645501,0.1770573566084788,0.017795138888888888
mesh,19,,6,side,mesh/m019/l06_side.bmp,640,640,captures/mesh/m019/l06_side.jpg,0.1655133068561554,0.20450523495674133,13.785911407536052,0.09090909090909091,0.019639756944444444
mesh,19,,0,top,mesh/m019/l00_top.bmp,640,640,captures/mesh/m019/l00_top.jpg,0.0,0.0,99.0,1.0,0.0
mesh,19,,1,top,mesh/m019/l01_top.bmp,640,640,captures/mesh/m019/l01_top.jpg,0.031177746132016182,0.05344764143228531,25.44142909649193,0.9270298047276464,0.0005154079861111119
mesh,19,,2,top,mesh/m019/l02_top.bmp,640,640,captures/mesh/m019/l02_top.jpg,0.07743853330612183,0.11120360344648361,19.07762279256701,0.7474949899799599,0.004069010416666668
mesh,19,,3,top,mesh/m019/l03_top.bmp,640,640,captures/mesh/m019/l03_top.jpg,0.12335946410894394,0.1660243570804596,15.596563857313079,0.5313463514902363,0.01095920138888889
mesh,19,,4,top,mesh/m019/l04_top.bmp,640,640,captures/mesh/m019/l04_top.jpg,0.16162194311618805,0.2056867778301239,13.735872503487997,0.32712215320910976,0.0166015625
mesh,19,,5,top,mesh/m019/l05_top.bmp,640,640,captures/mesh/m019/l05_top.jpg,0.17908908426761627,0.22339406609535217,13.018567340278473,0.17523609653725078,0.02099609375
mesh,19,,6,top,mesh/m019/l06_top.bmp,640,640,captures/mesh/m019/l06_top.jpg,0.19234634935855865,0.23460406064987183,12.593289503184707,0.07563025210084033,0.023600260416666668
submesh,19,0,0,hero,submesh/m019_s00/l00_hero.bmp,640,640,captures/submesh/m019_s00/l00_hero.jpg,0.0,0.0,99.0,1.0,0.0
submesh,19,0,1,hero,submesh/m019_s00/l01_hero.bmp,640,640,captures/submesh/m019_s00/l01_hero.jpg,0.027733799070119858,0.04717319831252098,26.526093557387753,0.8954451345755694,0.0005696614583333322
submesh,19,0,2,hero,submesh/m019_s00/l02_hero.bmp,640,640,captures/submesh/m019_s00/l02_hero.jpg,0.07884383946657181,0.1165647953748703,18.66865188742331,0.6844660194174758,0.003173828125
submesh,19,0,3,hero,submesh/m019_s00/l03_hero.bmp,640,640,captures/submesh/m019_s00/l03_hero.jpg,0.11765729635953903,0.1584705114364624,16.001030809227682,0.4681684622918707,0.009575737847222222
submesh,19,0,4,hero,submesh/m019_s00/l04_hero.bmp,640,640,captures/submesh/m019_s00/l04_hero.jpg,0.14690150320529938,0.19124162197113037,14.368351631869185,0.2578046324269889,0.016357421875
submesh,19,0,5,hero,submesh/m019_s00/l05_hero.bmp,640,640,captures/submesh/m019_s00/l05_hero.jpg,0.1583002209663391,0.20053601264953613,13.956152491743932,0.14790996784565916,0.021185980902777776
submesh,19,0,6,hero,submesh/m019_s00/l06_hero.bmp,640,640,captures/submesh/m019_s00/l06_hero.jpg,0.17137646675109863,0.2115289717912674,13.492602832693152,0.05686695278969957,0.023518880208333332
mesh,20,,0,hero,mesh/m020/l00_hero.bmp,640,640,captures/mesh/m020/l00_hero.jpg,0.0,0.0,99.0,1.0,0.0
mesh,20,,1,hero,mesh/m020/l01_hero.bmp,640,640,captures/mesh/m020/l01_hero.jpg,0.026074187830090523,0.04659955948591232,26.63236377510203,0.8636363636363636,0.0005696614583333322
mesh,20,,2,hero,mesh/m020/l02_hero.bmp,640,640,captures/mesh/m020/l02_hero.jpg,0.047424837946891785,0.0727657675743103,22.761457702224593,0.7483870967741936,0.0027398003472222203
mesh,20,,3,hero,mesh/m020/l03_hero.bmp,640,640,captures/mesh/m020/l03_hero.jpg,0.07980417460203171,0.11724704504013062,18.61796187868608,0.6164736164736164,0.005425347222222222
mesh,20,,4,hero,mesh/m020/l04_hero.bmp,640,640,captures/mesh/m020/l04_hero.jpg,0.10688627511262894,0.1483275294303894,16.57556473801089,0.39866666666666667,0.011040581597222222
mesh,20,,5,hero,mesh/m020/l05_hero.bmp,640,640,captures/mesh/m020/l05_hero.jpg,0.12486603111028671,0.16200080513954163,15.80965654040773,0.21691678035470668,0.015299479166666666
mesh,20,,6,hero,mesh/m020/l06_hero.bmp,640,640,captures/mesh/m020/l06_hero.jpg,0.1361139714717865,0.17220765352249146,15.278951017145367,0.12855209742895804,0.016872829861111112
mesh,20,,0,side,mesh/m020/l00_side.bmp,640,640,captures/mesh/m020/l00_side.jpg,0.0,0.0,99.0,1.0,0.0
mesh,20,,1,side,mesh/m020/l01_side.bmp,640,640,captures/mesh/m020/l01_side.jpg,0.02479463629424572,0.042063333094120026,27.521926336735824,0.8828250401284109,8.138020833333218e-05
mesh,20,,2,side,mesh/m020/l02_side.bmp,640,640,captures/mesh/m020/l02_side.jpg,0.044214632362127304,0.06712724268436432,23.46202383019078,0.7338709677419355,0.0027398003472222203
mesh,20,,3,side,mesh/m020/l03_side.bmp,640,640,captures/mesh/m020/l03_side.jpg,0.0677807480096817,0.09451808780431747,20.48970146327193,0.4967532467532468,0.00689019097222222
mesh,20,,4,side,mesh/m020/l04_side.bmp,640,640,captures/mesh/m020/l04_side.jpg,0.0832367017865181,0.10856610536575317,19.286114830161104,0.32558139534883723,0.01025390625
mesh,20,,5,side,mesh/m020/l05_side.bmp,640,640,captures/mesh/m020/l05_side.jpg,0.09879879653453827,0.123311847448349,18.179903912649397,0.14020270270270271,0.013590494791666666
mesh,20,,6,side,mesh/m020/l06_side.bmp,640,640,captures/mesh/m020/l06_side.jpg,0.10503794252872467,0.12778311967849731,17.870530265442753,0.06375838926174497,0.01470269097222222
mesh,20,,0,top,mesh/m020/l00_top.bmp,640,640,captures/mesh/m020/l00_top.jpg,0.0,0.0,99.0,1.0,0.0
mesh,20,,1,top,mesh/m020/l01_top.bmp,640,640,captures/mesh/m020/l01_top.jpg,0.02484426088631153,0.042048778384923935,27.52493233900661,0.865234375,0.000678168402777778
mesh,20,,2,top,mesh/m020/l02_top.bmp,640,640,captures/mesh/m020/l02_top.jpg,0.048699814826250076,0.07087544351816177,22.99008420800893,0.7076023391812866,0.002821180555555556
mesh,20,,3,top,mesh/m020/l03_top.bmp,640,640,captures/mesh/m020/l03_top.jpg,0.07346043735742569,0.10413964837789536,19.647677860611477,0.5325443786982249,0.005506727430555555
mesh,20,,4,top,mesh/m020/l04_top.bmp,640,640,captures/mesh/m020/l04_top.jpg,0.09602714329957962,0.13041344285011292,17.69355279559118,0.3782696177062374,0.008002387152777776
mesh,20,,5,top,mesh/m020/l05_top.bmp,640,640,captures/mesh/m020/l05_top.jpg,0.11792603135108948,0.15202628076076508,16.36162658284259,0.18699186991869918,0.0107421875
mesh,20,,6,top,mesh/m020/l06_top.bmp,640,640,captures/mesh/m020/l06_top.jpg,0.12735532224178314,0.16158424317836761,15.832019830922652,0.14227642276422764,0.011338975694444444
submesh,20,0,0,hero,submesh/m020_s00/l00_hero.bmp,640,640,captures/submesh/m020_s00/l00_hero.jpg,0.0,0.0,99.0,1.0,0.0
submesh,20,0,1,hero,submesh/m020_s00/l01_hero.bmp,640,640,captures/submesh/m020_s00/l01_hero.jpg,0.026074187830090523,0.04659955948591232,26.63236377510203,0.8636363636363636,0.0005696614583333322
submesh,20,0,2,hero,submesh/m020_s00/l02_hero.bmp,640,640,captures/submesh/m020_s00/l02_hero.jpg,0.047424837946891785,0.0727657675743103,22.761457702224593,0.7483870967741936,0.0027398003472222203
submesh,20,0,3,hero,submesh/m020_s00/l03_hero.bmp,640,640,captures/submesh/m020_s00/l03_hero.jpg,0.07980417460203171,0.11724704504013062,18.61796187868608,0.6164736164736164,0.005425347222222222
submesh,20,0,4,hero,submesh/m020_s00/l04_hero.bmp,640,640,captures/submesh/m020_s00/l04_hero.jpg,0.10688627511262894,0.1483275294303894,16.57556473801089,0.39866666666666667,0.011040581597222222
submesh,20,0,5,hero,submesh/m020_s00/l05_hero.bmp,640,640,captures/submesh/m020_s00/l05_hero.jpg,0.12486603111028671,0.16200080513954163,15.80965654040773,0.21691678035470668,0.015299479166666666
submesh,20,0,6,hero,submesh/m020_s00/l06_hero.bmp,640,640,captures/submesh/m020_s00/l06_hero.jpg,0.1361139714717865,0.17220765352249146,15.278951017145367,0.12855209742895804,0.016872829861111112
mesh,21,,0,hero,mesh/m021/l00_hero.bmp,640,640,captures/mesh/m021/l00_hero.jpg,0.0,0.0,99.0,1.0,0.0
mesh,21,,1,hero,mesh/m021/l01_hero.bmp,640,640,captures/mesh/m021/l01_hero.jpg,0.030126633122563362,0.04672117158770561,26.609725506399435,0.8489583333333334,0.0008680555555555559
mesh,21,,2,hero,mesh/m021/l02_hero.bmp,640,640,captures/mesh/m021/l02_hero.jpg,0.04922659322619438,0.06848848611116409,23.28764866903729,0.7424441524310118,0.00341796875
mesh,21,,3,hero,mesh/m021/l03_hero.bmp,640,640,captures/mesh/m021/l03_hero.jpg,0.07490824908018112,0.10164343565702438,19.858413275095693,0.6029411764705882,0.006863064236111112
mesh,21,,4,hero,mesh/m021/l04_hero.bmp,640,640,captures/mesh/m021/l04_hero.jpg,0.11139810085296631,0.14494845271110535,16.775728325409126,0.42168674698795183,0.010579427083333334
mesh,21,,5,hero,mesh/m021/l05_hero.bmp,640,640,captures/mesh/m021/l05_hero.jpg,0.12593068182468414,0.1573522388935089,16.06254146655904,0.2578444747612551,0.01437717013888889
mesh,21,,6,hero,mesh/m021/l06_hero.bmp,640,640,captures/mesh/m021/l06_hero.jpg,0.14193089306354523,0.17470033466815948,15.154125261028764,0.11570247933884298,0.017415364583333336
mesh,21,,0,side,mesh/m021/l00_side.bmp,640,640,captures/mesh/m021/l00_side.jpg,0.0,0.0,99.0,1.0,0.0
mesh,21,,1,side,mesh/m021/l01_side.bmp,640,640,captures/mesh/m021/l01_side.jpg,0.024605803191661835,0.03665786236524582,28.716657274134754,0.8158295281582952,0.0018717447916666678
mesh,21,,2,side,mesh/m021/l02_side.bmp,640,640,captures/mesh/m021/l02_side.jpg,0.03786369040608406,0.05118013173341751,25.81797201218781,0.6825633383010432,0.003607855902777778
mesh,21,,3,side,mesh/m021/l03_side.bmp,640,640,captures/mesh/m021/l03_side.jpg,0.06102224811911583,0.08187345415353775,21.7371377360768,0.5334323922734027,0.006239149305555556
mesh,21,,4,side,mesh/m021/l04_side.bmp,640,640,captures/mesh/m021/l04_side.jpg,0.08956468850374222,0.11465591937303543,18.812070378264966,0.32644017725258495,0.009874131944444444
mesh,21,,5,side,mesh/m021/l05_side.bmp,640,640,captures/mesh/m021/l05_side.jpg,0.09825508296489716,0.12437751889228821,18.105162216591665,0.2415902140672783,0.01220703125
mesh,21,,6,side,mesh/m021/l06_side.bmp,640,640,captures/mesh/m021/l06_side.jpg,0.11035973578691483,0.13497282564640045,17.395073201916937,0.11023622047244094,0.01510959201388889
mesh,21,,0,top,mesh/m021/l00_top.bmp,640,640,captures/mesh/m021/l00_top.jpg,0.0,0.0,99.0,1.0,0.0
mesh,21,,1,top,mesh/m021/l01_top.bmp,640,640,captures/mesh/m021/l01_top.jpg,0.02964225970208645,0.04693552106618881,26.569967126894923,0.822866344605475,0.0016276041666666678
mesh,21,,2,top,mesh/m021/l02_top.bmp,640,640,captures/mesh/m021/l02_top.jpg,0.045324087142944336,0.06185116246342659,24.173042671964037,0.676056338028169,0.003282335069444446
mesh,21,,3,top,mesh/m021/l03_top.bmp,640,640,captures/mesh/m021/l03_top.jpg,0.06320250779390335,0.08823533356189728,21.087149363557476,0.565008025682183,0.005886501736111112
mesh,21,,4,top,mesh/m021/l04_top.bmp,640,640,captures/mesh/m021/l04_top.jpg,0.08902456611394882,0.12013031542301178,18.40694765218103,0.40362438220757824,0.00922309027777778
mesh,21,,5,top,mesh/m021/l05_top.bmp,640,640,captures/mesh/m021/l05_top.jpg,0.11069727689027786,0.14345502853393555,16.865684476241945,0.22948073701842547,0.01242404513888889
mesh,21,,6,top,mesh/m021/l06_top.bmp,640,640,captures/mesh/m021/l06_top.jpg,0.1295652985572815,0.16568638384342194,15.614263611292603,0.087248322147651,0.014756944444444446
submesh,21,0,0,hero,submesh/m021_s00/l00_hero.bmp,640,640,captures/submesh/m021_s00/l00_hero.jpg,0.0,0.0,99.0,1.0,0.0
submesh,21,0,1,hero,submesh/m021_s00/l01_hero.bmp,640,640,captures/submesh/m021_s00/l01_hero.jpg,0.030126633122563362,0.04672117158770561,26.609725506399435,0.8489583333333334,0.0008680555555555559
submesh,21,0,2,hero,submesh/m021_s00/l02_hero.bmp,640,640,captures/submesh/m021_s00/l02_hero.jpg,0.04922659322619438,0.06848848611116409,23.28764866903729,0.7424441524310118,0.00341796875
submesh,21,0,3,hero,submesh/m021_s00/l03_hero.bmp,640,640,captures/submesh/m021_s00/l03_hero.jpg,0.07490824908018112,0.10164343565702438,19.858413275095693,0.6029411764705882,0.006863064236111112
submesh,21,0,4,hero,submesh/m021_s00/l04_hero.bmp,640,640,captures/submesh/m021_s00/l04_hero.jpg,0.11139810085296631,0.14494845271110535,16.775728325409126,0.42168674698795183,0.010579427083333334
submesh,21,0,5,hero,submesh/m021_s00/l05_hero.bmp,640,640,captures/submesh/m021_s00/l05_hero.jpg,0.12593068182468414,0.1573522388935089,16.06254146655904,0.2578444747612551,0.01437717013888889
submesh,21,0,6,hero,submesh/m021_s00/l06_hero.bmp,640,640,captures/submesh/m021_s00/l06_hero.jpg,0.14193089306354523,0.17470033466815948,15.154125261028764,0.11570247933884298,0.017415364583333336
mesh,22,,0,hero,mesh/m022/l00_hero.bmp,640,640,captures/mesh/m022/l00_hero.jpg,0.0,0.0,99.0,1.0,0.0
mesh,22,,1,hero,mesh/m022/l01_hero.bmp,640,640,captures/mesh/m022/l01_hero.jpg,0.022977599874138832,0.04823659360408783,26.332467380203198,0.9047619047619048,0.0002712673611111084
mesh,22,,2,hero,mesh/m022/l02_hero.bmp,640,640,captures/mesh/m022/l02_hero.jpg,0.06759005039930344,0.10850728303194046,19.290822217980754,0.7272727272727273,0.002278645833333332
mesh,22,,3,hero,mesh/m022/l03_hero.bmp,640,640,captures/mesh/m022/l03_hero.jpg,0.10377099364995956,0.15243332087993622,16.338401776393678,0.539227895392279,0.00689019097222222
mesh,22,,4,hero,mesh/m022/l04_hero.bmp,640,640,captures/mesh/m022/l04_hero.jpg,0.1255287528038025,0.1728695183992386,15.245631558240545,0.38846153846153847,0.01104058159722222
mesh,22,,5,hero,mesh/m022/l05_hero.bmp,640,640,captures/mesh/m022/l05_hero.jpg,0.14167678356170654,0.185797780752182,14.61918955419279,0.25773195876288657,0.013943142361111108
mesh,22,,6,hero,mesh/m022/l06_hero.bmp,640,640,captures/mesh/m022/l06_hero.jpg,0.16156324744224548,0.20465818047523499,13.779417826213564,0.07979407979407979,0.017659505208333332
mesh,22,,0,side,mesh/m022/l00_side.bmp,640,640,captures/mesh/m022/l00_side.jpg,0.0,0.0,99.0,1.0,0.0
mesh,22,,1,side,mesh/m022/l01_side.bmp,640,640,captures/mesh/m022/l01_side.jpg,0.02016352489590645,0.039570171386003494,28.052641374343633,0.8962868117797695,0.0011664496527777797
mesh,22,,2,side,mesh/m022/l02_side.bmp,640,640,captures/mesh/m022/l02_side.jpg,0.05396391451358795,0.08038855344057083,21.896115724410098,0.7493887530562348,0.0025227864583333356
mesh,22,,3,side,mesh/m022/l03_side.bmp,640,640,captures/mesh/m022/l03_side.jpg,0.08669833093881607,0.12286834418773651,18.211199887502005,0.5267080745341615,0.00800238715277778
mesh,22,,4,side,mesh/m022/l04_side.bmp,640,640,captures/mesh/m022/l04_side.jpg,0.09975780546665192,0.13834674656391144,17.18062099008533,0.4213197969543147,0.01095920138888889
mesh,22,,5,side,mesh/m022/l05_side.bmp,640,640,captures/mesh/m022/l05_side.jpg,0.11409825086593628,0.1538064330816269,16.26050998855602,0.32387096774193547,0.013509114583333336
mesh,22,,6,side,mesh/m022/l06_side.bmp,640,640,captures/mesh/m022/l06_side.jpg,0.13493822515010834,0.17029564082622528,15.37592937654905,0.13089005235602094,0.017903645833333336
mesh,22,,0,top,mesh/m022/l00_top.bmp,640,640,captures/mesh/m022/l00_top.jpg,0.0,0.0,99.0,1.0,0.0
mesh,22,,1,top,mesh/m022/l01_top.bmp,640,640,captures/mesh/m022/l01_top.jpg,0.024813957512378693,0.04997161030769348,26.025533108615836,0.905511811023622,0.0005967881944444441
mesh,22,,2,top,mesh/m022/l02_top.bmp,640,640,captures/mesh/m022/l02_top.jpg,0.06286701560020447,0.09673554450273514,20.28827838907266,0.7492354740061162,0.002387152777777778
mesh,22,,3,top,mesh/m022/l03_top.bmp,640,640,captures/mesh/m022/l03_top.jpg,0.09787403047084808,0.14089448750019073,17.022119966781165,0.5413416536661466,0.00661892361111111
mesh,22,,4,top,mesh/m022/l04_top.bmp,640,640,captures/mesh/m022/l04_top.jpg,0.1252017766237259,0.16623596847057343,15.585500042058257,0.3238095238095238,0.010796440972222222
mesh,22,,5,top,mesh/m022/l05_top.bmp,640,640,captures/mesh/m022/l05_top.jpg,0.14003190398216248,0.1794305443763733,14.922072505105081,0.20733652312599682,0.012885199652777778
mesh,22,,6,top,mesh/m022/l06_top.bmp,640,640,captures/mesh/m022/l06_top.jpg,0.16278880834579468,0.20279598236083984,13.85881306328302,0.04777070063694268,0.015570746527777778
submesh,22,0,0,hero,submesh/m022_s00/l00_hero.bmp,640,640,captures/submesh/m022_s00/l00_hero.jpg,0.0,0.0,99.0,1.0,0.0
submesh,22,0,1,hero,submesh/m022_s00/l01_hero.bmp,640,640,captures/submesh/m022_s00/l01_hero.jpg,0.022977599874138832,0.04823659360408783,26.332467380203198,0.9047619047619048,0.0002712673611111084
submesh,22,0,2,hero,submesh/m022_s00/l02_hero.bmp,640,640,captures/submesh/m022_s00/l02_hero.jpg,0.06759005039930344,0.10850728303194046,19.290822217980754,0.7272727272727273,0.002278645833333332
submesh,22,0,3,hero,submesh/m022_s00/l03_hero.bmp,640,640,captures/submesh/m022_s00/l03_hero.jpg,0.10377099364995956,0.15243332087993622,16.338401776393678,0.539227895392279,0.00689019097222222
submesh,22,0,4,hero,submesh/m022_s00/l04_hero.bmp,640,640,captures/submesh/m022_s00/l04_hero.jpg,0.1255287528038025,0.1728695183992386,15.245631558240545,0.38846153846153847,0.01104058159722222
submesh,22,0,5,hero,submesh/m022_s00/l05_hero.bmp,640,640,captures/submesh/m022_s00/l05_hero.jpg,0.14167678356170654,0.185797780752182,14.61918955419279,0.25773195876288657,0.013943142361111108
submesh,22,0,6,hero,submesh/m022_s00/l06_hero.bmp,640,640,captures/submesh/m022_s00/l06_hero.jpg,0.16156324744224548,0.20465818047523499,13.779417826213564,0.07979407979407979,0.017659505208333332
mesh,23,,0,hero,mesh/m023/l00_hero.bmp,640,640,captures/mesh/m023/l00_hero.jpg,0.0,0.0,99.0,1.0,0.0
mesh,23,,1,hero,mesh/m023/l01_hero.bmp,640,640,captures/mesh/m023/l01_hero.jpg,0.02155381068587303,0.037731070071458817,28.466017556441358,0.9156171284634761,0.0005696614583333356
mesh,23,,2,hero,mesh/m023/l02_hero.bmp,640,640,captures/mesh/m023/l02_hero.jpg,0.04046981781721115,0.059037789702415466,24.577398205954083,0.8068880688806888,0.001980251736111112
mesh,23,,3,hero,mesh/m023/l03_hero.bmp,640,640,captures/mesh/m023/l03_hero.jpg,0.06558569520711899,0.09884711354970932,20.100720161348352,0.6897404202719407,0.004747178819444444
mesh,23,,4,hero,mesh/m023/l04_hero.bmp,640,640,captures/mesh/m023/l04_hero.jpg,0.08797632157802582,0.12396613508462906,18.13393877329725,0.5320754716981132,0.008789062500000002
mesh,23,,5,hero,mesh/m023/l05_hero.bmp,640,640,captures/mesh/m023/l05_hero.jpg,0.11984467506408691,0.15705938637256622,16.078722073179975,0.322663252240717,0.013807508680555556
mesh,23,,6,hero,mesh/m023/l06_hero.bmp,640,640,captures/mesh/m023/l06_hero.jpg,0.14380428194999695,0.17965129017829895,14.911393190639021,0.14010282776349614,0.01776801215277778
mesh,23,,0,side,mesh/m023/l00_side.bmp,640,640,captures/mesh/m023/l00_side.jpg,0.0,0.0,99.0,1.0,0.0
mesh,23,,1,side,mesh/m023/l01_side.bmp,640,640,captures/mesh/m023/l01_side.jpg,0.022609751671552658,0.03880314156413078,28.22266223619085,0.8893805309734514,0.00035264756944444406
mesh,23,,2,side,mesh/m023/l02_side.bmp,640,640,captures/mesh/m023/l02_side.jpg,0.03824828937649727,0.05446647107601166,25.277415241687358,0.7428977272727273,0.001817491319444444
mesh,23,,3,side,mesh/m023/l03_side.bmp,640,640,captures/mesh/m023/l03_side.jpg,0.056432049721479416,0.07828691601753235,22.12621629809991,0.6170520231213873,0.004747178819444444
mesh,23,,4,side,mesh/m023/l04_side.bmp,640,640,captures/mesh/m023/l04_side.jpg,0.0710703432559967,0.09618403017520905,20.337940593032783,0.47226386806596704,0.008463541666666666
mesh,23,,5,side,mesh/m023/l05_side.bmp,640,640,captures/mesh/m023/l05_side.jpg,0.0871446430683136,0.11360547691583633,18.892014615987907,0.3100303951367781,0.01171875
mesh,23,,6,side,mesh/m023/l06_side.bmp,640,640,captures/mesh/m023/l06_side.jpg,0.10526992380619049,0.1294540911912918,17.75768439647466,0.10599078341013825,0.015570746527777776
mesh,23,,0,top,mesh/m023/l00_top.bmp,640,640,captures/mesh/m023/l00_top.jpg,0.0,0.0,99.0,1.0,0.0
mesh,23,,1,top,mesh/m023/l01_top.bmp,640,640,captures/mesh/m023/l01_top.jpg,0.025788577273488045,0.042658425867557526,27.399903488583558,0.9083850931677019,0.0008951822916666678
mesh,23,,2,top,mesh/m023/l02_top.bmp,640,640,captures/mesh/m023/l02_top.jpg,0.0494057796895504,0.07218915224075317,22.83056116659362,0.7694656488549618,0.002794053819444446
mesh,23,,3,top,mesh/m023/l03_top.bmp,640,640,captures/mesh/m023/l03_top.jpg,0.06428941339254379,0.09490161389112473,20.454528038482582,0.6844512195121951,0.004258897569444446
mesh,23,,4,top,mesh/m023/l04_top.bmp,640,640,captures/mesh/m023/l04_top.jpg,0.08780665695667267,0.12337549030780792,18.17542216769399,0.4945736434108527,0.008083767361111112
mesh,23,,5,top,mesh/m023/l05_top.bmp,640,640,captures/mesh/m023/l05_top.jpg,0.11451797187328339,0.14783672988414764,16.604353050317158,0.2828125,0.011962890625
mesh,23,,6,top,mesh/m023/l06_top.bmp,640,640,captures/mesh/m023/l06_top.jpg,0.1405135840177536,0.1734050065279007,15.218767355644578,0.0947867298578199,0.015435112847222224
submesh,23,0,0,hero,submesh/m023_s00/l00_hero.bmp,640,640,captures/submesh/m023_s00/l00_hero.jpg,0.0,0.0,99.0,1.0,0.0
submesh,23,0,1,hero,submesh/m023_s00/l01_hero.bmp,640,640,captures/submesh/m023_s00/l01_hero.jpg,0.02155381068587303,0.037731070071458817,28.466017556441358,0.9156171284634761,0.0005696614583333356
submesh,23,0,2,hero,submesh/m023_s00/l02_hero.bmp,640,640,captures/submesh/m023_s00/l02_hero.jpg,0.04046981781721115,0.059037789702415466,24.577398205954083,0.8068880688806888,0.001980251736111112
submesh,23,0,3,hero,submesh/m023_s00/l03_hero.bmp,640,640,captures/submesh/m023_s00/l03_hero.jpg,0.06558569520711899,0.09884711354970932,20.100720161348352,0.6897404202719407,0.004747178819444444
submesh,23,0,4,hero,submesh/m023_s00/l04_hero.bmp,640,640,captures/submesh/m023_s00/l04_hero.jpg,0.08797632157802582,0.12396613508462906,18.13393877329725,0.5320754716981132,0.008789062500000002
submesh,23,0,5,hero,submesh/m023_s00/l05_hero.bmp,640,640,captures/submesh/m023_s00/l05_hero.jpg,0.11984467506408691,0.15705938637256622,16.078722073179975,0.322663252240717,0.013807508680555556
submesh,23,0,6,hero,submesh/m023_s00/l06_hero.bmp,640,640,captures/submesh/m023_s00/l06_hero.jpg,0.14380428194999695,0.17965129017829895,14.911393190639021,0.14010282776349614,0.01776801215277778
mesh,24,,0,hero,mesh/m024/l00_hero.bmp,640,640,captures/mesh/m024/l00_hero.jpg,0.0,0.0,99.0,1.0,0.0
mesh,24,,1,hero,mesh/m024/l01_hero.bmp,640,640,captures/mesh/m024/l01_hero.jpg,0.019740527495741844,0.03847213834524155,28.29707348429791,0.8766917293233083,0.0026041666666666644
mesh,24,,2,hero,mesh/m024/l02_hero.bmp,640,640,captures/mesh/m024/l02_hero.jpg,0.043061528354883194,0.06851401925086975,23.28441109267942,0.7089065894279507,0.006293402777777776
mesh,24,,3,hero,mesh/m024/l03_hero.bmp,640,640,captures/mesh/m024/l03_hero.jpg,0.06785669177770615,0.09698173403739929,20.266201098956948,0.4437037037037037,0.017442491319444444
mesh,24,,4,hero,mesh/m024/l04_hero.bmp,640,640,captures/mesh/m024/l04_hero.jpg,0.0790947899222374,0.10905734449625015,19.246901628429754,0.3172932330827068,0.022786458333333336
mesh,24,,5,hero,mesh/m024/l05_hero.bmp,640,640,captures/mesh/m024/l05_hero.jpg,0.09352518618106842,0.12261324375867844,18.22925236133163,0.13840304182509505,0.029703776041666668
mesh,24,,6,hero,mesh/m024/l06_hero.bmp,640,640,captures/mesh/m024/l06_hero.jpg,0.10096985101699829,0.12921476364135742,17.77375724978047,0.03840245775729647,0.033637152777777776
mesh,24,,0,side,mesh/m024/l00_side.bmp,640,640,captures/mesh/m024/l00_side.jpg,0.0,0.0,99.0,1.0,0.0
mesh,24,,1,side,mesh/m024/l01_side.bmp,640,640,captures/mesh/m024/l01_side.jpg,0.015618951991200447,0.028434008359909058,30.923238264592293,0.8566523605150215,0.002685546875
mesh,24,,2,side,mesh/m024/l02_side.bmp,640,640,captures/mesh/m024/l02_side.jpg,0.034200869500637054,0.05514402315020561,25.17003104382286,0.6816693944353519,0.005615234375
mesh,24,,3,side,mesh/m024/l03_side.bmp,640,640,captures/mesh/m024/l03_side.jpg,0.05112551152706146,0.07281918078660965,22.755084223464785,0.4289318755256518,0.015272352430555556
mesh,24,,4,side,mesh/m024/l04_side.bmp,640,640,captures/mesh/m024/l04_side.jpg,0.06070282310247421,0.08147989213466644,21.778991092050667,0.2900763358778626,0.020100911458333336
mesh,24,,5,side,mesh/m024/l05_side.bmp,640,640,captures/mesh/m024/l05_side.jpg,0.07270267605781555,0.09296571463346481,20.633543758132824,0.1030664395229983,0.026231553819444448
mesh,24,,6,side,mesh/m024/l06_side.bmp,640,640,captures/mesh/m024/l06_side.jpg,0.07520666718482971,0.09487278014421463,20.457167454055096,0.04529616724738676,0.02880859375
mesh,24,,0,top,mesh/m024/l00_top.bmp,640,640,captures/mesh/m024/l00_top.jpg,0.0,0.0,99.0,1.0,0.0
mesh,24,,1,top,mesh/m024/l01_top.bmp,640,640,captures/mesh/m024/l01_top.jpg,0.020024893805384636,0.03712856024503708,28.605837826550836,0.8722176422093982,0.0020345052083333356
mesh,24,,2,top,mesh/m024/l02_top.bmp,640,640,captures/mesh/m024/l02_top.jpg,0.046387430280447006,0.07143530994653702,22.921741331886857,0.6391830559757943,0.004855685763888892
mesh,24,,3,top,mesh/m024/l03_top.bmp,640,640,captures/mesh/m024/l03_top.jpg,0.07040134817361832,0.10272885113954544,19.76615137517375,0.40415335463258784,0.015950520833333336
mesh,24,,4,top,mesh/m024/l04_top.bmp,640,640,captures/mesh/m024/l04_top.jpg,0.08237925171852112,0.11623042076826096,18.69360379989134,0.2673107890499195,0.02094184027777778
mesh,24,,5,top,mesh/m024/l05_top.bmp,640,640,captures/mesh/m024/l05_top.jpg,0.09607631713151932,0.12883341312408447,17.799429749848855,0.10355987055016182,0.026638454861111112
mesh,24,,6,top,mesh/m024/l06_top.bmp,640,640,captures/mesh/m024/l06_top.jpg,0.10143571346998215,0.13395799696445465,17.460627099291386,0.04201680672268908,0.03000217013888889
submesh,24,0,0,hero,submesh/m024_s00/l00_hero.bmp,640,640,captures/submesh/m024_s00/l00_hero.jpg,0.0,0.0,99.0,1.0,0.0
submesh,24,0,1,hero,submesh/m024_s00/l01_hero.bmp,640,640,captures/submesh/m024_s00/l01_hero.jpg,0.019740527495741844,0.03847213834524155,28.29707348429791,0.8766917293233083,0.0026041666666666644
submesh,24,0,2,hero,submesh/m024_s00/l02_hero.bmp,640,640,captures/submesh/m024_s00/l02_hero.jpg,0.043061528354883194,0.06851401925086975,23.28441109267942,0.7089065894279507,0.006293402777777776
submesh,24,0,3,hero,submesh/m024_s00/l03_hero.bmp,640,640,captures/submesh/m024_s00/l03_hero.jpg,0.06785669177770615,0.09698173403739929,20.266201098956948,0.4437037037037037,0.017442491319444444
submesh,24,0,4,hero,submesh/m024_s00/l04_hero.bmp,640,640,captures/submesh/m024_s00/l04_hero.jpg,0.0790947899222374,0.10905734449625015,19.246901628429754,0.3172932330827068,0.022786458333333336
submesh,24,0,5,hero,submesh/m024_s00/l05_hero.bmp,640,640,captures/submesh/m024_s00/l05_hero.jpg,0.09352518618106842,0.12261324375867844,18.22925236133163,0.13840304182509505,0.029703776041666668
submesh,24,0,6,hero,submesh/m024_s00/l06_hero.bmp,640,640,captures/submesh/m024_s00/l06_hero.jpg,0.10096985101699829,0.12921476364135742,17.77375724978047,0.03840245775729647,0.033637152777777776
mesh,25,,0,hero,mesh/m025/l00_hero.bmp,640,640,captures/mesh/m025/l00_hero.jpg,0.0,0.0,99.0,1.0,0.0
mesh,25,,1,hero,mesh/m025/l01_hero.bmp,640,640,captures/mesh/m025/l01_hero.jpg,0.031630534678697586,0.04713409021496773,26.533297425595137,0.8334556126192223,0.0011121961805555594
mesh,25,,2,hero,mesh/m025/l02_hero.bmp,640,640,captures/mesh/m025/l02_hero.jpg,0.0614803247153759,0.08451966196298599,21.460844971604956,0.6039823008849557,0.009901258680555556
mesh,25,,3,hero,mesh/m025/l03_hero.bmp,640,640,captures/mesh/m025/l03_hero.jpg,0.07823187112808228,0.10458709299564362,19.610438161504334,0.4631738800303721,0.016628689236111112
mesh,25,,4,hero,mesh/m025/l04_hero.bmp,640,640,captures/mesh/m025/l04_hero.jpg,0.09104741364717484,0.11901354789733887,18.488071958342104,0.3464203233256351,0.021457248263888888
mesh,25,,5,hero,mesh/m025/l05_hero.bmp,640,640,captures/mesh/m025/l05_hero.jpg,0.10170537978410721,0.13035625219345093,17.69736268415953,0.24153846153846154,0.025119357638888888
mesh,25,,6,hero,mesh/m025/l06_hero.bmp,640,640,captures/mesh/m025/l06_hero.jpg,0.1145016998052597,0.14344258606433868,16.866437873358628,0.05891472868217054,0.03184678819444445
mesh,25,,0,side,mesh/m025/l00_side.bmp,640,640,captures/mesh/m025/l00_side.jpg,0.0,0.0,99.0,1.0,0.0
mesh,25,,1,side,mesh/m025/l01_side.bmp,640,640,captures/mesh/m025/l01_side.jpg,0.02728770673274994,0.04017339646816254,27.92122898397536,0.7972243639167309,0.000732421875
mesh,25,,2,side,mesh/m025/l02_side.bmp,640,640,captures/mesh/m025/l02_side.jpg,0.04628796875476837,0.06218356266617775,24.126487993255054,0.6053042121684867,0.008138020833333332
mesh,25,,3,side,mesh/m025/l03_side.bmp,640,640,captures/mesh/m025/l03_side.jpg,0.05589846894145012,0.07194332778453827,22.860189549689544,0.4696847210994341,0.0146484375
mesh,25,,4,side,mesh/m025/l04_side.bmp,640,640,captures/mesh/m025/l04_side.jpg,0.06339868903160095,0.07937564700841904,22.006254433107163,0.3247933884297521,0.020480685763888888
mesh,25,,5,side,mesh/m025/l05_side.bmp,640,640,captures/mesh/m025/l05_side.jpg,0.06818430870771408,0.08443761616945267,21.46928072260415,0.23734439834024895,0.023518880208333336
mesh,25,,6,side,mesh/m025/l06_side.bmp,640,640,captures/mesh/m025/l06_side.jpg,0.07847766578197479,0.0943479984998703,20.505346170644874,0.04047217537942664,0.030490451388888888
mesh,25,,0,top,mesh/m025/l00_top.bmp,640,640,captures/mesh/m025/l00_top.jpg,0.0,0.0,99.0,1.0,0.0
mesh,25,,1,top,mesh/m025/l01_top.bmp,640,640,captures/mesh/m025/l01_top.jpg,0.02512185461819172,0.03927287459373474,28.11814618416317,0.8701563562202583,2.7126736111111882e-05
mesh,25,,2,top,mesh/m025/l02_top.bmp,640,640,captures/mesh/m025/l02_top.jpg,0.05193391442298889,0.07164779305458069,22.895943650058193,0.6584680252986648,0.010579427083333332
mesh,25,,3,top,mesh/m025/l03_top.bmp,640,640,captures/mesh/m025/l03_top.jpg,0.07825126498937607,0.10253717005252838,19.782373458515277,0.41406816533720087,0.021701388888888888
mesh,25,,4,top,mesh/m025/l04_top.bmp,640,640,captures/mesh/m025/l04_top.jpg,0.09384539723396301,0.12083292007446289,18.356294582683997,0.24238026124818576,0.028157552083333332
mesh,25,,5,top,mesh/m025/l05_top.bmp,640,640,captures/mesh/m025/l05_top.jpg,0.10386793315410614,0.13185204565525055,17.59826255671388,0.1394335511982571,0.032036675347222224
mesh,25,,6,top,mesh/m025/l06_top.bmp,640,640,captures/mesh/m025/l06_top.jpg,0.11318818479776382,0.14335541427135468,16.871717998016695,0.02178649237472767,0.036431206597222224
submesh,25,0,0,hero,submesh/m025_s00/l00_hero.bmp,640,640,captures/submesh/m025_s00/l00_hero.jpg,0.0,0.0,99.0,1.0,0.0
submesh,25,0,1,hero,submesh/m025_s00/l01_hero.bmp,640,640,captures/submesh/m025_s00/l01_hero.jpg,0.031630534678697586,0.04713409021496773,26.533297425595137,0.8334556126192223,0.0011121961805555594
submesh,25,0,2,hero,submesh/m025_s00/l02_hero.bmp,640,640,captures/submesh/m025_s00/l02_hero.jpg,0.0614803247153759,0.08451966196298599,21.460844971604956,0.6039823008849557,0.009901258680555556
submesh,25,0,3,hero,submesh/m025_s00/l03_hero.bmp,640,640,captures/submesh/m025_s00/l03_hero.jpg,0.07823187112808228,0.10458709299564362,19.610438161504334,0.4631738800303721,0.016628689236111112
submesh,25,0,4,hero,submesh/m025_s00/l04_hero.bmp,640,640,captures/submesh/m025_s00/l04_hero.jpg,0.09104741364717484,0.11901354789733887,18.488071958342104,0.3464203233256351,0.021457248263888888
submesh,25,0,5,hero,submesh/m025_s00/l05_hero.bmp,640,640,captures/submesh/m025_s00/l05_hero.jpg,0.10170537978410721,0.13035625219345093,17.69736268415953,0.24153846153846154,0.025119357638888888
submesh,25,0,6,hero,submesh/m025_s00/l06_hero.bmp,640,640,captures/submesh/m025_s00/l06_hero.jpg,0.1145016998052597,0.14344258606433868,16.866437873358628,0.05891472868217054,0.03184678819444445
mesh,26,,0,hero,mesh/m026/l00_hero.bmp,640,640,captures/mesh/m026/l00_hero.jpg,0.0,0.0,99.0,1.0,0.0
mesh,26,,1,hero,mesh/m026/l01_hero.bmp,640,640,captures/mesh/m026/l01_hero.jpg,0.020465437322854996,0.033643122762441635,29.462073993776553,0.8490182802979012,0.0017632378472222238
mesh,26,,2,hero,mesh/m026/l02_hero.bmp,640,640,captures/mesh/m026/l02_hero.jpg,0.0412997268140316,0.06186703220009804,24.170814337118962,0.6633466135458167,0.007893880208333336
mesh,26,,3,hero,mesh/m026/l03_hero.bmp,640,640,captures/mesh/m026/l03_hero.jpg,0.06297919154167175,0.08653967827558517,21.255694473801533,0.4531784005468216,0.018174913194444448
mesh,26,,4,hero,mesh/m026/l04_hero.bmp,640,640,captures/mesh/m026/l04_hero.jpg,0.07624062895774841,0.09960970282554626,20.033967111374814,0.28591256072172105,0.02558051215277778
mesh,26,,5,hero,mesh/m026/l05_hero.bmp,640,640,captures/mesh/m026/l05_hero.jpg,0.08281959593296051,0.10517492145299911,19.561756073034967,0.1923349893541519,0.030273437500000003
mesh,26,,6,hero,mesh/m026/l06_hero.bmp,640,640,captures/mesh/m026/l06_hero.jpg,0.09002545475959778,0.11270599812269211,18.961059410707147,0.09700427960057062,0.03412543402777778
mesh,26,,0,side,mesh/m026/l00_side.bmp,640,640,captures/mesh/m026/l00_side.jpg,0.0,0.0,99.0,1.0,0.0
mesh,26,,1,side,mesh/m026/l01_side.bmp,640,640,captures/mesh/m026/l01_side.jpg,0.017272941768169403,0.027865074574947357,31.09879580618771,0.8415937803692906,0.0007866753472222203
mesh,26,,2,side,mesh/m026/l02_side.bmp,640,640,captures/mesh/m026/l02_side.jpg,0.032333824783563614,0.04549148306250572,26.841398091115316,0.6685236768802229,0.003445095486111112
mesh,26,,3,side,mesh/m026/l03_side.bmp,640,640,captures/mesh/m026/l03_side.jpg,0.04680749028921127,0.06002144142985344,24.433871581917256,0.48985507246376814,0.010362413194444444
mesh,26,,4,side,mesh/m026/l04_side.bmp,640,640,captures/mesh/m026/l04_side.jpg,0.05777619406580925,0.07115357369184494,22.956065651390954,0.28557013118062563,0.017632378472222224
mesh,26,,5,side,mesh/m026/l05_side.bmp,640,640,captures/mesh/m026/l05_side.jpg,0.06160299852490425,0.07451115548610687,22.555574034061685,0.18530020703933747,0.021131727430555556
mesh,26,,6,side,mesh/m026/l06_side.bmp,640,640,captures/mesh/m026/l06_side.jpg,0.06649868935346603,0.07927800714969635,22.01694550919631,0.08393782383419689,0.023817274305555556
mesh,26,,0,top,mesh/m026/l00_top.bmp,640,640,captures/mesh/m026/l00_top.jpg,0.0,0.0,99.0,1.0,0.0
mesh,26,,1,top,mesh/m026/l01_top.bmp,640,640,captures/mesh/m026/l01_top.jpg,0.01679462380707264,0.02723781205713749,31.296555622171027,0.8718309859154929,0.0036078559027777762
mesh,26,,2,top,mesh/m026/l02_top.bmp,640,640,captures/mesh/m026/l02_top.jpg,0.037313323467969894,0.05699414759874344,24.883394744817416,0.7118249534450651,0.012017144097222224
mesh,26,,3,top,mesh/m026/l03_top.bmp,640,640,captures/mesh/m026/l03_top.jpg,0.061058159917593,0.08409255743026733,21.50484879034305,0.4664429530201342,0.028781467013888888
mesh,26,,4,top,mesh/m026/l04_top.bmp,640,640,captures/mesh/m026/l04_top.jpg,0.07787537574768066,0.10038489103317261,19.966632961887846,0.2567437379576108,0.04098849826388889
mesh,26,,5,top,mesh/m026/l05_top.bmp,640,640,captures/mesh/m026/l05_top.jpg,0.08642277866601944,0.10853946208953857,19.28824670140394,0.1386330586524479,0.048041449652777776
mesh,26,,6,top,mesh/m026/l06_top.bmp,640,640,captures/mesh/m026/l06_top.jpg,0.09291262179613113,0.11550328880548477,18.748112992538164,0.05048543689320388,0.053059895833333336
submesh,26,0,0,hero,submesh/m026_s00/l00_hero.bmp,640,640,captures/submesh/m026_s00/l00_hero.jpg,0.0,0.0,99.0,1.0,0.0
submesh,26,0,1,hero,submesh/m026_s00/l01_hero.bmp,640,640,captures/submesh/m026_s00/l01_hero.jpg,0.020465437322854996,0.033643122762441635,29.462073993776553,0.8490182802979012,0.0017632378472222238
submesh,26,0,2,hero,submesh/m026_s00/l02_hero.bmp,640,640,captures/submesh/m026_s00/l02_hero.jpg,0.0412997268140316,0.06186703220009804,24.170814337118962,0.6633466135458167,0.007893880208333336
submesh,26,0,3,hero,submesh/m026_s00/l03_hero.bmp,640,640,captures/submesh/m026_s00/l03_hero.jpg,0.06297919154167175,0.08653967827558517,21.255694473801533,0.4531784005468216,0.018174913194444448
submesh,26,0,4,hero,submesh/m026_s00/l04_hero.bmp,640,640,captures/submesh/m026_s00/l04_hero.jpg,0.07624062895774841,0.09960970282554626,20.033967111374814,0.28591256072172105,0.02558051215277778
submesh,26,0,5,hero,submesh/m026_s00/l05_hero.bmp,640,640,captures/submesh/m026_s00/l05_hero.jpg,0.08281959593296051,0.10517492145299911,19.561756073034967,0.1923349893541519,0.030273437500000003
submesh,26,0,6,hero,submesh/m026_s00/l06_hero.bmp,640,640,captures/submesh/m026_s00/l06_hero.jpg,0.09002545475959778,0.11270599812269211,18.961059410707147,0.09700427960057062,0.03412543402777778
mesh,27,,0,hero,mesh/m027/l00_hero.bmp,640,640,captures/mesh/m027/l00_hero.jpg,0.0,0.0,99.0,1.0,0.0
mesh,27,,1,hero,mesh/m027/l01_hero.bmp,640,640,captures/mesh/m027/l01_hero.jpg,0.01711830496788025,0.02913915552198887,30.71046077229152,0.928928373126041,0.0020073784722222238
mesh,27,,2,hero,mesh/m027/l02_hero.bmp,640,640,captures/mesh/m027/l02_hero.jpg,0.03837860748171806,0.05899079889059067,24.584314446026838,0.7981749865807837,0.00537109375
mesh,27,,3,hero,mesh/m027/l03_hero.bmp,640,640,captures/mesh/m027/l03_hero.jpg,0.06292828172445297,0.09101532399654388,20.81770961141205,0.5714285714285714,0.01806640625
mesh,27,,4,hero,mesh/m027/l04_hero.bmp,640,640,captures/mesh/m027/l04_hero.jpg,0.07756372541189194,0.10719013959169388,19.396903270080596,0.39311098961180974,0.027126736111111112
mesh,27,,5,hero,mesh/m027/l05_hero.bmp,640,640,captures/mesh/m027/l05_hero.jpg,0.09016579389572144,0.1187267079949379,18.509031479359212,0.23276337562051846,0.03561740451388889
mesh,27,,6,hero,mesh/m027/l06_hero.bmp,640,640,captures/mesh/m027/l06_hero.jpg,0.10088109225034714,0.12725666165351868,17.9063894774842,0.07666480134303301,0.04405381944444445
mesh,27,,0,side,mesh/m027/l00_side.bmp,640,640,captures/mesh/m027/l00_side.jpg,0.0,0.0,99.0,1.0,0.0
mesh,27,,1,side,mesh/m027/l01_side.bmp,640,640,captures/mesh/m027/l01_side.jpg,0.014504330232739449,0.02357601933181286,32.55059042092289,0.9130710659898477,0.0018717447916666713
mesh,27,,2,side,mesh/m027/l02_side.bmp,640,640,captures/mesh/m027/l02_side.jpg,0.030995968729257584,0.046004217118024826,26.744047111089632,0.7819410319410319,0.004964192708333336
mesh,27,,3,side,mesh/m027/l03_side.bmp,640,640,captures/mesh/m027/l03_side.jpg,0.04822854325175285,0.06646335124969482,23.548355285655298,0.5743073047858942,0.01584201388888889
mesh,27,,4,side,mesh/m027/l04_side.bmp,640,640,captures/mesh/m027/l04_side.jpg,0.05779245123267174,0.07714024186134338,22.25438007608812,0.42055485498108447,0.022542317708333336
mesh,27,,5,side,mesh/m027/l05_side.bmp,640,640,captures/mesh/m027/l05_side.jpg,0.06840018182992935,0.08750621229410172,21.159222283718698,0.2315989847715736,0.031005859375
mesh,27,,6,side,mesh/m027/l06_side.bmp,640,640,captures/mesh/m027/l06_side.jpg,0.07635822147130966,0.09431792795658112,20.508114973973424,0.06503541532517708,0.03879123263888889
mesh,27,,0,top,mesh/m027/l00_top.bmp,640,640,captures/mesh/m027/l00_top.jpg,0.0,0.0,99.0,1.0,0.0
mesh,27,,1,top,mesh/m027/l01_top.bmp,640,640,captures/mesh/m027/l01_top.jpg,0.01890513487160206,0.03199509531259537,29.898331834809465,0.8728323699421965,0.0030924479166666713
mesh,27,,2,top,mesh/m027/l02_top.bmp,640,640,captures/mesh/m027/l02_top.jpg,0.03770332783460617,0.056850966066122055,24.905243019306393,0.7227443609022557,0.009114583333333336
mesh,27,,3,top,mesh/m027/l03_top.bmp,640,640,captures/mesh/m027/l03_top.jpg,0.06109265983104706,0.08880628645420074,21.03112580250555,0.48229665071770333,0.024522569444444448
mesh,27,,4,top,mesh/m027/l04_top.bmp,640,640,captures/mesh/m027/l04_top.jpg,0.07306893169879913,0.10229430347681046,19.802971008546756,0.3386396526772793,0.033284505208333336
mesh,27,,5,top,mesh/m027/l05_top.bmp,640,640,captures/mesh/m027/l05_top.jpg,0.0839637890458107,0.11187176406383514,19.025590272768923,0.18089233753637246,0.04250759548611111
mesh,27,,6,top,mesh/m027/l06_top.bmp,640,640,captures/mesh/m027/l06_top.jpg,0.09360925853252411,0.12138348072767258,18.316808261421297,0.04992511233150274,0.051513671875
submesh,27,0,0,hero,submesh/m027_s00/l00_hero.bmp,640,640,captures/submesh/m027_s00/l00_hero.jpg,0.0,0.0,99.0,1.0,0.0
submesh,27,0,1,hero,submesh/m027_s00/l01_hero.bmp,640,640,captures/submesh/m027_s00/l01_hero.jpg,0.01711830496788025,0.02913915552198887,30.71046077229152,0.928928373126041,0.0020073784722222238
submesh,27,0,2,hero,submesh/m027_s00/l02_hero.bmp,640,640,captures/submesh/m027_s00/l02_hero.jpg,0.03837860748171806,0.05899079889059067,24.584314446026838,0.7981749865807837,0.00537109375
submesh,27,0,3,hero,submesh/m027_s00/l03_hero.bmp,640,640,captures/submesh/m027_s00/l03_hero.jpg,0.06292828172445297,0.09101532399654388,20.81770961141205,0.5714285714285714,0.01806640625
submesh,27,0,4,hero,submesh/m027_s00/l04_hero.bmp,640,640,captures/submesh/m027_s00/l04_hero.jpg,0.07756372541189194,0.10719013959169388,19.396903270080596,0.39311098961180974,0.027126736111111112
submesh,27,0,5,hero,submesh/m027_s00/l05_hero.bmp,640,640,captures/submesh/m027_s00/l05_hero.jpg,0.09016579389572144,0.1187267079949379,18.509031479359212,0.23276337562051846,0.03561740451388889
submesh,27,0,6,hero,submesh/m027_s00/l06_hero.bmp,640,640,captures/submesh/m027_s00/l06_hero.jpg,0.10088109225034714,0.12725666165351868,17.9063894774842,0.07666480134303301,0.04405381944444445
mesh,28,,0,hero,mesh/m028/l00_hero.bmp,640,640,captures/mesh/m028/l00_hero.jpg,0.0,0.0,99.0,1.0,0.0
mesh,28,,1,hero,mesh/m028/l01_hero.bmp,640,640,captures/mesh/m028/l01_hero.jpg,0.01854756660759449,0.03345617279410362,29.51047482961707,0.8383838383838383,0.0012478298611111119
mesh,28,,2,hero,mesh/m028/l02_hero.bmp,640,640,captures/mesh/m028/l02_hero.jpg,0.040019914507865906,0.06356597691774368,23.935505482799734,0.6494140625,0.004801432291666668
mesh,28,,3,hero,mesh/m028/l03_hero.bmp,640,640,captures/mesh/m028/l03_hero.jpg,0.056843921542167664,0.08500680327415466,21.4109263077874,0.47765640516385305,0.010253906250000002
mesh,28,,4,hero,mesh/m028/l04_hero.bmp,640,640,captures/mesh/m028/l04_hero.jpg,0.07427741587162018,0.10327539592981339,19.72006262762233,0.2818181818181818,0.016194661458333336
mesh,28,,5,hero,mesh/m028/l05_hero.bmp,640,640,captures/mesh/m028/l05_hero.jpg,0.08297695219516754,0.11184459179639816,19.027700224152916,0.17901234567901234,0.01953125
mesh,28,,6,hero,mesh/m028/l06_hero.bmp,640,640,captures/mesh/m028/l06_hero.jpg,0.09319639205932617,0.12038064002990723,18.38886703967664,0.03492063492063492,0.024088541666666668
mesh,28,,0,side,mesh/m028/l00_side.bmp,640,640,captures/mesh/m028/l00_side.jpg,0.0,0.0,99.0,1.0,0.0
mesh,28,,1,side,mesh/m028/l01_side.bmp,640,640,captures/mesh/m028/l01_side.jpg,0.015429329127073288,0.0270207729190588,31.366044646116013,0.8464017185821697,0.000732421875
mesh,28,,2,side,mesh/m028/l02_side.bmp,640,640,captures/mesh/m028/l02_side.jpg,0.034503135830163956,0.05199737474322319,25.680371651655157,0.6469387755102041,0.003580729166666668
mesh,28,,3,side,mesh/m028/l03_side.bmp,640,640,captures/mesh/m028/l03_side.jpg,0.047568678855895996,0.06519519537687302,23.715688176833247,0.4450207468879668,0.009575737847222222
mesh,28,,4,side,mesh/m028/l04_side.bmp,640,640,captures/mesh/m028/l04_side.jpg,0.05740810185670853,0.07400495558977127,22.61478395315553,0.2346072186836518,0.015814887152777776
mesh,28,,5,side,mesh/m028/l05_side.bmp,640,640,captures/mesh/m028/l05_side.jpg,0.06354261189699173,0.07999638468027115,21.93859279738301,0.13533834586466165,0.018690321180555556
mesh,28,,6,side,mesh/m028/l06_side.bmp,640,640,captures/mesh/m028/l06_side.jpg,0.06928849220275879,0.08584944903850555,21.325249753871333,0.03302961275626424,0.022759331597222224
mesh,28,,0,top,mesh/m028/l00_top.bmp,640,640,captures/mesh/m028/l00_top.jpg,0.0,0.0,99.0,1.0,0.0
mesh,28,,1,top,mesh/m028/l01_top.bmp,640,640,captures/mesh/m028/l01_top.jpg,0.013717658817768097,0.02669772505760193,31.470514875347448,0.8995391705069125,0.0009494357638888881
mesh,28,,2,top,mesh/m028/l02_top.bmp,640,640,captures/mesh/m028/l02_top.jpg,0.03677107021212578,0.061484433710575104,24.224696451744748,0.7161410018552876,0.006673177083333332
mesh,28,,3,top,mesh/m028/l03_top.bmp,640,640,captures/mesh/m028/l03_top.jpg,0.05335787311196327,0.08142280578613281,21.78507872288587,0.5185873605947955,0.012532552083333332
mesh,28,,4,top,mesh/m028/l04_top.bmp,640,640,captures/mesh/m028/l04_top.jpg,0.07167653739452362,0.09967468678951263,20.02830240717643,0.2993451824134705,0.019178602430555556
mesh,28,,5,top,mesh/m028/l05_top.bmp,640,640,captures/mesh/m028/l05_top.jpg,0.08176235854625702,0.10789992660284042,19.33957701477408,0.15217391304347827,0.023790147569444444
mesh,28,,6,top,mesh/m028/l06_top.bmp,640,640,captures/mesh/m028/l06_top.jpg,0.09234645217657089,0.11608131974935532,18.704753259407045,0.004770992366412214,0.028293185763888888
submesh,28,0,0,hero,submesh/m028_s00/l00_hero.bmp,640,640,captures/submesh/m028_s00/l00_hero.jpg,0.0,0.0,99.0,1.0,0.0
submesh,28,0,1,hero,submesh/m028_s00/l01_hero.bmp,640,640,captures/submesh/m028_s00/l01_hero.jpg,0.01854756660759449,0.03345617279410362,29.51047482961707,0.8383838383838383,0.0012478298611111119
submesh,28,0,2,hero,submesh/m028_s00/l02_hero.bmp,640,640,captures/submesh/m028_s00/l02_hero.jpg,0.040019914507865906,0.06356597691774368,23.935505482799734,0.6494140625,0.004801432291666668
submesh,28,0,3,hero,submesh/m028_s00/l03_hero.bmp,640,640,captures/submesh/m028_s00/l03_hero.jpg,0.056843921542167664,0.08500680327415466,21.4109263077874,0.47765640516385305,0.010253906250000002
submesh,28,0,4,hero,submesh/m028_s00/l04_hero.bmp,640,640,captures/submesh/m028_s00/l04_hero.jpg,0.07427741587162018,0.10327539592981339,19.72006262762233,0.2818181818181818,0.016194661458333336
submesh,28,0,5,hero,submesh/m028_s00/l05_hero.bmp,640,640,captures/submesh/m028_s00/l05_hero.jpg,0.08297695219516754,0.11184459179639816,19.027700224152916,0.17901234567901234,0.01953125
submesh,28,0,6,hero,submesh/m028_s00/l06_hero.bmp,640,640,captures/submesh/m028_s00/l06_hero.jpg,0.09319639205932617,0.12038064002990723,18.38886703967664,0.03492063492063492,0.024088541666666668
mesh,29,,0,hero,mesh/m029/l00_hero.bmp,640,640,captures/mesh/m029/l00_hero.jpg,0.0,0.0,99.0,1.0,0.0
mesh,29,,1,hero,mesh/m029/l01_hero.bmp,640,640,captures/mesh/m029/l01_hero.jpg,0.016092397272586823,0.02656874619424343,31.51257879795892,0.9236829148202855,0.001980251736111112
mesh,29,,2,hero,mesh/m029/l02_hero.bmp,640,640,captures/mesh/m029/l02_hero.jpg,0.03531665354967117,0.05511343106627464,25.174851025810106,0.7704433497536946,0.010470920138888888
mesh,29,,3,hero,mesh/m029/l03_hero.bmp,640,640,captures/mesh/m029/l03_hero.jpg,0.055400554090738297,0.07960322499275208,21.9813867436927,0.5938735177865613,0.020453559027777776
mesh,29,,4,hero,mesh/m029/l04_hero.bmp,640,640,captures/mesh/m029/l04_hero.jpg,0.06981910765171051,0.09591147303581238,20.362588778773272,0.4369414101290963,0.029459635416666668
mesh,29,,5,hero,mesh/m029/l05_hero.bmp,640,640,captures/mesh/m029/l05_hero.jpg,0.08309953659772873,0.10844067484140396,19.2961557681634,0.2656716417910448,0.03895399305555555
mesh,29,,6,hero,mesh/m029/l06_hero.bmp,640,640,captures/mesh/m029/l06_hero.jpg,0.09519311785697937,0.11915364116430283,18.47785363397073,0.09814722083124687,0.04847547743055555
mesh,29,,0,side,mesh/m029/l00_side.bmp,640,640,captures/mesh/m029/l00_side.jpg,0.0,0.0,99.0,1.0,0.0
mesh,29,,1,side,mesh/m029/l01_side.bmp,640,640,captures/mesh/m029/l01_side.jpg,0.012988842092454433,0.020650362595915794,33.701446364875224,0.9243093922651934,0.0016547309027777762
mesh,29,,2,side,mesh/m029/l02_side.bmp,640,640,captures/mesh/m029/l02_side.jpg,0.026966147124767303,0.0401947945356369,27.916603739718376,0.7707877461706784,0.008327907986111112
mesh,29,,3,side,mesh/m029/l03_side.bmp,640,640,captures/mesh/m029/l03_side.jpg,0.04207250848412514,0.057022735476493835,24.879039053806885,0.5861309851403412,0.017957899305555556
mesh,29,,4,side,mesh/m029/l04_side.bmp,640,640,captures/mesh/m029/l04_side.jpg,0.055877070873975754,0.07223869115114212,22.824602626810744,0.3916434540389972,0.02837456597222222
mesh,29,,5,side,mesh/m029/l05_side.bmp,640,640,captures/mesh/m029/l05_side.jpg,0.06506527215242386,0.08027274161577225,21.908638079627806,0.23342618384401115,0.036078559027777776
mesh,29,,6,side,mesh/m029/l06_side.bmp,640,640,captures/mesh/m029/l06_side.jpg,0.07253945618867874,0.08603619784116745,21.306375808807815,0.09121621621621621,0.04356553819444445
mesh,29,,0,top,mesh/m029/l00_top.bmp,640,640,captures/mesh/m029/l00_top.jpg,0.0,0.0,99.0,1.0,0.0
mesh,29,,1,top,mesh/m029/l01_top.bmp,640,640,captures/mesh/m029/l01_top.jpg,0.014116417616605759,0.024590391665697098,32.18469107882764,0.8926891834117144,0.001980251736111112
mesh,29,,2,top,mesh/m029/l02_top.bmp,640,640,captures/mesh/m029/l02_top.jpg,0.03148885443806648,0.049029428511857986,26.190863377415013,0.7249893571732652,0.012152777777777776
mesh,29,,3,top,mesh/m029/l03_top.bmp,640,640,captures/mesh/m029/l03_top.jpg,0.05278059467673302,0.076097272336483,22.37261819979078,0.46551724137931033,0.029839409722222224
mesh,29,,4,top,mesh/m029/l04_top.bmp,640,640,captures/mesh/m029/l04_top.jpg,0.06540155410766602,0.09034367650747299,20.88204479875585,0.313179643323184,0.04017469618055555
mesh,29,,5,top,mesh/m029/l05_top.bmp,640,640,captures/mesh/m029/l05_top.jpg,0.07574792206287384,0.1003781333565712,19.967217695390143,0.18846323205636284,0.04885525173611111
mesh,29,,6,top,mesh/m029/l06_top.bmp,640,640,captures/mesh/m029/l06_top.jpg,0.08301088213920593,0.10655409842729568,19.44859682418045,0.08329641116526362,0.055745442708333336
submesh,29,0,0,hero,submesh/m029_s00/l00_hero.bmp,640,640,captures/submesh/m029_s00/l00_hero.jpg,0.0,0.0,99.0,1.0,0.0
submesh,29,0,1,hero,submesh/m029_s00/l01_hero.bmp,640,640,captures/submesh/m029_s00/l01_hero.jpg,0.016092397272586823,0.02656874619424343,31.51257879795892,0.9236829148202855,0.001980251736111112
submesh,29,0,2,hero,submesh/m029_s00/l02_hero.bmp,640,640,captures/submesh/m029_s00/l02_hero.jpg,0.03531665354967117,0.05511343106627464,25.174851025810106,0.7704433497536946,0.010470920138888888
submesh,29,0,3,hero,submesh/m029_s00/l03_hero.bmp,640,640,captures/submesh/m029_s00/l03_hero.jpg,0.055400554090738297,0.07960322499275208,21.9813867436927,0.5938735177865613,0.020453559027777776
submesh,29,0,4,hero,submesh/m029_s00/l04_hero.bmp,640,640,captures/submesh/m029_s00/l04_hero.jpg,0.06981910765171051,0.09591147303581238,20.362588778773272,0.4369414101290963,0.029459635416666668
submesh,29,0,5,hero,submesh/m029_s00/l05_hero.bmp,640,640,captures/submesh/m029_s00/l05_hero.jpg,0.08309953659772873,0.10844067484140396,19.2961557681634,0.2656716417910448,0.03895399305555555
submesh,29,0,6,hero,submesh/m029_s00/l06_hero.bmp,640,640,captures/submesh/m029_s00/l06_hero.jpg,0.09519311785697937,0.11915364116430283,18.47785363397073,0.09814722083124687,0.04847547743055555
mesh,30,,0,hero,mesh/m030/l00_hero.bmp,640,640,captures/mesh/m030/l00_hero.jpg,0.0,0.0,99.0,1.0,0.0
mesh,30,,1,hero,mesh/m030/l01_hero.bmp,640,640,captures/mesh/m030/l01_hero.jpg,0.012725651264190674,0.022752851247787476,32.85928344950837,0.9682326621923938,0.00018988715277777624
mesh,30,,2,hero,mesh/m030/l02_hero.bmp,640,640,captures/mesh/m030/l02_hero.jpg,0.029140084981918335,0.04591089114546776,26.761685547074222,0.9278441788401948,0.0010036892361111119
mesh,30,,3,hero,mesh/m030/l03_hero.bmp,640,640,captures/mesh/m030/l03_hero.jpg,0.055723872035741806,0.08439778536558151,21.47337898600025,0.8544247787610619,0.005452473958333336
mesh,30,,4,hero,mesh/m030/l04_hero.bmp,640,640,captures/mesh/m030/l04_hero.jpg,0.0860719084739685,0.127844899892807,17.866331851398332,0.7235524597300828,0.011745876736111112
mesh,30,,5,hero,mesh/m030/l05_hero.bmp,640,640,captures/mesh/m030/l05_hero.jpg,0.12458846718072891,0.17312775552272797,15.232666025037672,0.5305309734513274,0.025309244791666664
mesh,30,,6,hero,mesh/m030/l06_hero.bmp,640,640,captures/mesh/m030/l06_hero.jpg,0.1773402839899063,0.225050151348114,12.954413813174462,0.22342342342342342,0.045464409722222224
mesh,30,,0,side,mesh/m030/l00_side.bmp,640,640,captures/mesh/m030/l00_side.jpg,0.0,0.0,99.0,1.0,0.0
mesh,30,,1,side,mesh/m030/l01_side.bmp,640,640,captures/mesh/m030/l01_side.jpg,0.00996252428740263,0.01704052835702896,35.37033887332913,0.961839530332681,0.0
mesh,30,,2,side,mesh/m030/l02_side.bmp,640,640,captures/mesh/m030/l02_side.jpg,0.020915033295750618,0.03193936496973038,29.913474458304883,0.9183180280328661,0.0011121961805555525
mesh,30,,3,side,mesh/m030/l03_side.bmp,640,640,captures/mesh/m030/l03_side.jpg,0.03730377182364464,0.05729445070028305,24.837748798681673,0.8475639170284611,0.0048828125
mesh,30,,4,side,mesh/m030/l04_side.bmp,640,640,captures/mesh/m030/l04_side.jpg,0.06060251221060753,0.09045752882957458,20.871105614653835,0.7112608277189605,0.01231553819444444
mesh,30,,5,side,mesh/m030/l05_side.bmp,640,640,captures/mesh/m030/l05_side.jpg,0.08501400798559189,0.12069599330425262,18.36614293520892,0.5352250489236791,0.023654513888888888
mesh,30,,6,side,mesh/m030/l06_side.bmp,640,640,captures/mesh/m030/l06_side.jpg,0.12763099372386932,0.16447165608406067,15.678178691897593,0.2527147087857848,0.03993055555555555
mesh,30,,0,top,mesh/m030/l00_top.bmp,640,640,captures/mesh/m030/l00_top.jpg,0.0,0.0,99.0,1.0,0.0
mesh,30,,1,top,mesh/m030/l01_top.bmp,640,640,captures/mesh/m030/l01_top.jpg,0.011510942131280899,0.022432032972574234,32.98262730697509,0.9791666666666666,0.00016276041666666435
mesh,30,,2,top,mesh/m030/l02_top.bmp,640,640,captures/mesh/m030/l02_top.jpg,0.027450980618596077,0.04512401297688484,26.911845691035644,0.9458568738229756,0.0014377170138888881
mesh,30,,3,top,mesh/m030/l03_top.bmp,640,640,captures/mesh/m030/l03_top.jpg,0.05097128078341484,0.08294607698917389,21.624082990198946,0.8870817843866171,0.003390842013888888
mesh,30,,4,top,mesh/m030/l04_top.bmp,640,640,captures/mesh/m030/l04_top.jpg,0.08433349430561066,0.1261860728263855,17.979771511730494,0.7952536063285249,0.00889756944444444
mesh,30,,5,top,mesh/m030/l05_top.bmp,640,640,captures/mesh/m030/l05_top.jpg,0.15421035885810852,0.20569859445095062,13.73537351703228,0.542428504453821,0.024305555555555552
mesh,30,,6,top,mesh/m030/l06_top.bmp,640,640,captures/mesh/m030/l06_top.jpg,0.22272953391075134,0.26928845047950745,11.395645453164548,0.23285714285714285,0.04332139756944444
submesh,30,0,0,hero,submesh/m030_s00/l00_hero.bmp,640,640,captures/submesh/m030_s00/l00_hero.jpg,0.0,0.0,99.0,1.0,0.0
submesh,30,0,1,hero,submesh/m030_s00/l01_hero.bmp,640,640,captures/submesh/m030_s00/l01_hero.jpg,0.012725651264190674,0.022752851247787476,32.85928344950837,0.9682326621923938,0.00018988715277777624
submesh,30,0,2,hero,submesh/m030_s00/l02_hero.bmp,640,640,captures/submesh/m030_s00/l02_hero.jpg,0.029140084981918335,0.04591089114546776,26.761685547074222,0.9278441788401948,0.0010036892361111119
submesh,30,0,3,hero,submesh/m030_s00/l03_hero.bmp,640,640,captures/submesh/m030_s00/l03_hero.jpg,0.055723872035741806,0.08439778536558151,21.47337898600025,0.8544247787610619,0.005452473958333336
submesh,30,0,4,hero,submesh/m030_s00/l04_hero.bmp,640,640,captures/submesh/m030_s00/l04_hero.jpg,0.0860719084739685,0.127844899892807,17.866331851398332,0.7235524597300828,0.011745876736111112
submesh,30,0,5,hero,submesh/m030_s00/l05_hero.bmp,640,640,captures/submesh/m030_s00/l05_hero.jpg,0.12458846718072891,0.17312775552272797,15.232666025037672,0.5305309734513274,0.025309244791666664
submesh,30,0,6,hero,submesh/m030_s00/l06_hero.bmp,640,640,captures/submesh/m030_s00/l06_hero.jpg,0.1773402839899063,0.225050151348114,12.954413813174462,0.22342342342342342,0.045464409722222224
mesh,31,,0,hero,mesh/m031/l00_hero.bmp,640,640,captures/mesh/m031/l00_hero.jpg,0.0,0.0,99.0,1.0,0.0
mesh,31,,1,hero,mesh/m031/l01_hero.bmp,640,640,captures/mesh/m031/l01_hero.jpg,0.011331545189023018,0.019501499831676483,34.198639728060066,0.9699292452830188,0.00013563368055555247
mesh,31,,2,hero,mesh/m031/l02_hero.bmp,640,640,captures/mesh/m031/l02_hero.jpg,0.024803180247545242,0.037844300270080566,28.439990406580712,0.9192330040674027,0.0011664496527777762
mesh,31,,3,hero,mesh/m031/l03_hero.bmp,640,640,captures/mesh/m031/l03_hero.jpg,0.048144251108169556,0.0734250545501709,22.683114443034285,0.8505481823427582,0.0037706163194444406
mesh,31,,4,hero,mesh/m031/l04_hero.bmp,640,640,captures/mesh/m031/l04_hero.jpg,0.07079514116048813,0.10369192808866501,19.685101000086892,0.7474285714285714,0.0078125
mesh,31,,5,hero,mesh/m031/l05_hero.bmp,640,640,captures/mesh/m031/l05_hero.jpg,0.10556313395500183,0.1516038477420807,16.3857955213158,0.5951276102088167,0.01616753472222222
mesh,31,,6,hero,mesh/m031/l06_hero.bmp,640,640,captures/mesh/m031/l06_hero.jpg,0.17214550077915192,0.21999885141849518,13.151591731184212,0.25073920756948553,0.033393012152777776
mesh,31,,0,side,mesh/m031/l00_side.bmp,640,640,captures/mesh/m031/l00_side.jpg,0.0,0.0,99.0,1.0,0.0
mesh,31,,1,side,mesh/m031/l01_side.bmp,640,640,captures/mesh/m031/l01_side.jpg,0.009576165117323399,0.016152596101164818,35.835153328205735,0.9558282208588957,0.0005425347222222238
mesh,31,,2,side,mesh/m031/l02_side.bmp,640,640,captures/mesh/m031/l02_side.jpg,0.021189527586102486,0.0324593223631382,29.773211019229446,0.9043321299638989,8.138020833333565e-05
mesh,31,,3,side,mesh/m031/l03_side.bmp,640,640,captures/mesh/m031/l03_side.jpg,0.035482872277498245,0.053706053644418716,25.399535173834096,0.8316357100059916,0.0030110677083333356
mesh,31,,4,side,mesh/m031/l04_side.bmp,640,640,captures/mesh/m031/l04_side.jpg,0.05443824827671051,0.08020948618650436,21.91548531391171,0.7166866746698679,0.008355034722222224
mesh,31,,5,side,mesh/m031/l05_side.bmp,640,640,captures/mesh/m031/l05_side.jpg,0.08570516109466553,0.12264682352542877,18.226873905245256,0.49969456322541234,0.019341362847222224
mesh,31,,6,side,mesh/m031/l06_side.bmp,640,640,captures/mesh/m031/l06_side.jpg,0.11824962496757507,0.15418578684329987,16.239113171618527,0.19550281074328546,0.034016927083333336
mesh,31,,0,top,mesh/m031/l00_top.bmp,640,640,captures/mesh/m031/l00_top.jpg,0.0,0.0,99.0,1.0,0.0
mesh,31,,1,top,mesh/m031/l01_top.bmp,640,640,captures/mesh/m031/l01_top.jpg,0.009369250386953354,0.01783226989209652,34.975867428284936,0.9854132901134521,2.7126736111111882e-05
mesh,31,,2,top,mesh/m031/l02_top.bmp,640,640,captures/mesh/m031/l02_top.jpg,0.021714065223932266,0.0361107662320137,28.84726592417747,0.9576407506702412,0.0006781684027777762
mesh,31,,3,top,mesh/m031/l03_top.bmp,640,640,captures/mesh/m031/l03_top.jpg,0.04266975447535515,0.07013701647520065,23.081054246112217,0.9031399680681214,0.002712673611111112
mesh,31,,4,top,mesh/m031/l04_top.bmp,640,640,captures/mesh/m031/l04_top.jpg,0.06556804478168488,0.10045255720615387,19.960780060069613,0.8207043756670224,0.007161458333333336
mesh,31,,5,top,mesh/m031/l05_top.bmp,640,640,captures/mesh/m031/l05_top.jpg,0.1276429295539856,0.17871713638305664,14.956676059032212,0.602357984994641,0.018608940972222224
mesh,31,,6,top,mesh/m031/l06_top.bmp,640,640,captures/mesh/m031/l06_top.jpg,0.20195475220680237,0.24914664030075073,12.070899296784642,0.26398696360673546,0.03659396701388889
submesh,31,0,0,hero,submesh/m031_s00/l00_hero.bmp,640,640,captures/submesh/m031_s00/l00_hero.jpg,0.0,0.0,99.0,1.0,0.0
submesh,31,0,1,hero,submesh/m031_s00/l01_hero.bmp,640,640,captures/submesh/m031_s00/l01_hero.jpg,0.011331545189023018,0.019501499831676483,34.198639728060066,0.9699292452830188,0.00013563368055555247
submesh,31,0,2,hero,submesh/m031_s00/l02_hero.bmp,640,640,captures/submesh/m031_s00/l02_hero.jpg,0.024803180247545242,0.037844300270080566,28.439990406580712,0.9192330040674027,0.0011664496527777762
submesh,31,0,3,hero,submesh/m031_s00/l03_hero.bmp,640,640,captures/submesh/m031_s00/l03_hero.jpg,0.048144251108169556,0.0734250545501709,22.683114443034285,0.8505481823427582,0.0037706163194444406
submesh,31,0,4,hero,submesh/m031_s00/l04_hero.bmp,640,640,captures/submesh/m031_s00/l04_hero.jpg,0.07079514116048813,0.10369192808866501,19.685101000086892,0.7474285714285714,0.0078125
submesh,31,0,5,hero,submesh/m031_s00/l05_hero.bmp,640,640,captures/submesh/m031_s00/l05_hero.jpg,0.10556313395500183,0.1516038477420807,16.3857955213158,0.5951276102088167,0.01616753472222222
submesh,31,0,6,hero,submesh/m031_s00/l06_hero.bmp,640,640,captures/submesh/m031_s00/l06_hero.jpg,0.17214550077915192,0.21999885141849518,13.151591731184212,0.25073920756948553,0.033393012152777776
mesh,32,,0,hero,mesh/m032/l00_hero.bmp,640,640,captures/mesh/m032/l00_hero.jpg,0.0,0.0,99.0,1.0,0.0
mesh,32,,1,hero,mesh/m032/l01_hero.bmp,640,640,captures/mesh/m032/l01_hero.jpg,0.00980936549603939,0.017169298604130745,35.304948923313454,0.9804017638412543,0.00010850694444444059
mesh,32,,2,hero,mesh/m032/l02_hero.bmp,640,640,captures/mesh/m032/l02_hero.jpg,0.023943046107888222,0.039911262691020966,27.978090640476893,0.9507557289127255,0.001220703125
mesh,32,,3,hero,mesh/m032/l03_hero.bmp,640,640,captures/mesh/m032/l03_hero.jpg,0.04854005202651024,0.07957380264997482,21.98459775006657,0.8858114674441205,0.004475911458333329
mesh,32,,4,hero,mesh/m032/l04_hero.bmp,640,640,captures/mesh/m032/l04_hero.jpg,0.07806523889303207,0.12420879304409027,18.116953166062476,0.7529976019184652,0.01060655381944444
mesh,32,,5,hero,mesh/m032/l05_hero.bmp,640,640,captures/mesh/m032/l05_hero.jpg,0.11308084428310394,0.16863137483596802,15.461232384206225,0.5987292277614858,0.021023220486111112
mesh,32,,6,hero,mesh/m032/l06_hero.bmp,640,640,captures/mesh/m032/l06_hero.jpg,0.19402068853378296,0.24857963621616364,12.090689037716016,0.2626909807787087,0.04025607638888889
mesh,32,,0,side,mesh/m032/l00_side.bmp,640,640,captures/mesh/m032/l00_side.jpg,0.0,0.0,99.0,1.0,0.0
mesh,32,,1,side,mesh/m032/l01_side.bmp,640,640,captures/mesh/m032/l01_side.jpg,0.009289616718888283,0.01592206582427025,35.960011699459294,0.9636270491803278,0.0002983940972222168
mesh,32,,2,side,mesh/m032/l02_side.bmp,640,640,captures/mesh/m032/l02_side.jpg,0.02334238961338997,0.03760858252644539,28.494260697967285,0.9121485943775101,0.0009494357638888881
mesh,32,,3,side,mesh/m032/l03_side.bmp,640,640,captures/mesh/m032/l03_side.jpg,0.042136989533901215,0.06600663810968399,23.608247728726653,0.8344965104685942,0.004448784722222217
mesh,32,,4,side,mesh/m032/l04_side.bmp,640,640,captures/mesh/m032/l04_side.jpg,0.060944799333810806,0.09221724420785904,20.703757204943955,0.7222772277227723,0.009901258680555552
mesh,32,,5,side,mesh/m032/l05_side.bmp,640,640,captures/mesh/m032/l05_side.jpg,0.09127999097108841,0.12858223915100098,17.816380312747885,0.5263157894736842,0.020887586805555552
mesh,32,,6,side,mesh/m032/l06_side.bmp,640,640,captures/mesh/m032/l06_side.jpg,0.12707513570785522,0.16452157497406006,15.675542832361382,0.24342444559051057,0.03887261284722222
mesh,32,,0,top,mesh/m032/l00_top.bmp,640,640,captures/mesh/m032/l00_top.jpg,0.0,0.0,99.0,1.0,0.0
mesh,32,,1,top,mesh/m032/l01_top.bmp,640,640,captures/mesh/m032/l01_top.jpg,0.009551198221743107,0.01772448793053627,35.02852605903883,0.9856,0.0003526475694444406
mesh,32,,2,top,mesh/m032/l02_top.bmp,640,640,captures/mesh/m032/l02_top.jpg,0.024171939119696617,0.04186639189720154,27.562689311745856,0.953968253968254,0.0011664496527777762
mesh,32,,3,top,mesh/m032/l03_top.bmp,640,640,captures/mesh/m032/l03_top.jpg,0.04678672179579735,0.07710698992013931,22.258125008074103,0.9009533898305084,0.003987630208333329
mesh,32,,4,top,mesh/m032/l04_top.bmp,640,640,captures/mesh/m032/l04_top.jpg,0.07464495301246643,0.11849761754274368,18.52580762572585,0.8244962884411453,0.008002387152777776
mesh,32,,5,top,mesh/m032/l05_top.bmp,640,640,captures/mesh/m032/l05_top.jpg,0.14528438448905945,0.20271670818328857,13.86220909394833,0.6140443505807814,0.01841905381944444
mesh,32,,6,top,mesh/m032/l06_top.bmp,640,640,captures/mesh/m032/l06_top.jpg,0.2221859097480774,0.2735750377178192,11.258470644592744,0.2670940170940171,0.03700086805555555
submesh,32,0,0,hero,submesh/m032_s00/l00_hero.bmp,640,640,captures/submesh/m032_s00/l00_hero.jpg,0.0,0.0,99.0,1.0,0.0
submesh,32,0,1,hero,submesh/m032_s00/l01_hero.bmp,640,640,captures/submesh/m032_s00/l01_hero.jpg,0.00980936549603939,0.017169298604130745,35.304948923313454,0.9804017638412543,0.00010850694444444059
submesh,32,0,2,hero,submesh/m032_s00/l02_hero.bmp,640,640,captures/submesh/m032_s00/l02_hero.jpg,0.023943046107888222,0.039911262691020966,27.978090640476893,0.9507557289127255,0.001220703125
submesh,32,0,3,hero,submesh/m032_s00/l03_hero.bmp,640,640,captures/submesh/m032_s00/l03_hero.jpg,0.04854005202651024,0.07957380264997482,21.98459775006657,0.8858114674441205,0.004475911458333329
submesh,32,0,4,hero,submesh/m032_s00/l04_hero.bmp,640,640,captures/submesh/m032_s00/l04_hero.jpg,0.07806523889303207,0.12420879304409027,18.116953166062476,0.7529976019184652,0.01060655381944444
submesh,32,0,5,hero,submesh/m032_s00/l05_hero.bmp,640,640,captures/submesh/m032_s00/l05_hero.jpg,0.11308084428310394,0.16863137483596802,15.461232384206225,0.5987292277614858,0.021023220486111112
submesh,32,0,6,hero,submesh/m032_s00/l06_hero.bmp,640,640,captures/submesh/m032_s00/l06_hero.jpg,0.19402068853378296,0.24857963621616364,12.090689037716016,0.2626909807787087,0.04025607638888889
mesh,33,,0,hero,mesh/m033/l00_hero.bmp,640,640,captures/mesh/m033/l00_hero.jpg,0.0,0.0,99.0,1.0,0.0
mesh,33,,1,hero,mesh/m033/l01_hero.bmp,640,640,captures/mesh/m033/l01_hero.jpg,0.01044454611837864,0.017685644328594208,35.04758226433484,0.9693701466781708,0.00013563368055555247
mesh,33,,2,hero,mesh/m033/l02_hero.bmp,640,640,captures/mesh/m033/l02_hero.jpg,0.023204855620861053,0.03479945659637451,29.168550752699744,0.934819897084048,0.0013020833333333356
mesh,33,,3,hero,mesh/m033/l03_hero.bmp,640,640,captures/mesh/m033/l03_hero.jpg,0.045196663588285446,0.06718475371599197,23.454585410427747,0.8657289002557544,0.004964192708333336
mesh,33,,4,hero,mesh/m033/l04_hero.bmp,640,640,captures/mesh/m033/l04_hero.jpg,0.0679849237203598,0.0998162254691124,20.01597713839211,0.7637595258255715,0.010687934027777783
mesh,33,,5,hero,mesh/m033/l05_hero.bmp,640,640,captures/mesh/m033/l05_hero.jpg,0.10647094994783401,0.15158496797084808,16.38687727368285,0.5906956892872386,0.02259657118055556
mesh,33,,6,hero,mesh/m033/l06_hero.bmp,640,640,captures/mesh/m033/l06_hero.jpg,0.16823063790798187,0.21651864051818848,13.29009416859556,0.26872822299651566,0.044677734375
mesh,33,,0,side,mesh/m033/l00_side.bmp,640,640,captures/mesh/m033/l00_side.jpg,0.0,0.0,99.0,1.0,0.0
mesh,33,,1,side,mesh/m033/l01_side.bmp,640,640,captures/mesh/m033/l01_side.jpg,0.008258864283561707,0.013639389537274837,37.304101342162504,0.9657079646017699,0.00010850694444444059
mesh,33,,2,side,mesh/m033/l02_side.bmp,640,640,captures/mesh/m033/l02_side.jpg,0.02012445777654648,0.030359569936990738,30.354087695922892,0.924877517691889,0.0005967881944444406
mesh,33,,3,side,mesh/m033/l03_side.bmp,640,640,captures/mesh/m033/l03_side.jpg,0.03287816420197487,0.04843897372484207,26.296101336326835,0.8764961915125136,0.002956814236111112
mesh,33,,4,side,mesh/m033/l04_side.bmp,640,640,captures/mesh/m033/l04_side.jpg,0.054460104554891586,0.08147229254245758,21.77980125878024,0.77934018388318,0.007269965277777776
mesh,33,,5,side,mesh/m033/l05_side.bmp,640,640,captures/mesh/m033/l05_side.jpg,0.0942331925034523,0.13220015168190002,17.575360931111295,0.5303687635574837,0.019965277777777776
mesh,33,,6,side,mesh/m033/l06_side.bmp,640,640,captures/mesh/m033/l06_side.jpg,0.13128916919231415,0.16814060509204865,15.486547880179792,0.21448467966573817,0.037380642361111105
mesh,33,,0,top,mesh/m033/l00_top.bmp,640,640,captures/mesh/m033/l00_top.jpg,0.0,0.0,99.0,1.0,0.0
mesh,33,,1,top,mesh/m033/l01_top.bmp,640,640,captures/mesh/m033/l01_top.jpg,0.010324609465897083,0.01933370716869831,34.2736972716864,0.9783585136790527,0.00018988715277777624
mesh,33,,2,top,mesh/m033/l02_top.bmp,640,640,captures/mesh/m033/l02_top.jpg,0.023023420944809914,0.0371989868581295,28.589377765757522,0.9496344435418359,0.0010308159722222238
mesh,33,,3,top,mesh/m033/l03_top.bmp,640,640,captures/mesh/m033/l03_top.jpg,0.044362813234329224,0.06875307857990265,23.254157010221782,0.8937550689375506,0.004557291666666664
mesh,33,,4,top,mesh/m033/l04_top.bmp,640,640,captures/mesh/m033/l04_top.jpg,0.07356158643960953,0.11075709760189056,19.1125686699411,0.78966639544345,0.011908637152777776
mesh,33,,5,top,mesh/m033/l05_top.bmp,640,640,captures/mesh/m033/l05_top.jpg,0.1296955645084381,0.17864523828029633,14.96017110517285,0.5914460285132382,0.02525499131944444
mesh,33,,6,top,mesh/m033/l06_top.bmp,640,640,captures/mesh/m033/l06_top.jpg,0.20191581547260284,0.2488129734992981,12.082539571886237,0.24557066337041616,0.049235026041666664
submesh,33,0,0,hero,submesh/m033_s00/l00_hero.bmp,640,640,captures/submesh/m033_s00/l00_hero.jpg,0.0,0.0,99.0,1.0,0.0
submesh,33,0,1,hero,submesh/m033_s00/l01_hero.bmp,640,640,captures/submesh/m033_s00/l01_hero.jpg,0.01044454611837864,0.017685644328594208,35.04758226433484,0.9693701466781708,0.00013563368055555247
submesh,33,0,2,hero,submesh/m033_s00/l02_hero.bmp,640,640,captures/submesh/m033_s00/l02_hero.jpg,0.023204855620861053,0.03479945659637451,29.168550752699744,0.934819897084048,0.0013020833333333356
submesh,33,0,3,hero,submesh/m033_s00/l03_hero.bmp,640,640,captures/submesh/m033_s00/l03_hero.jpg,0.045196663588285446,0.06718475371599197,23.454585410427747,0.8657289002557544,0.004964192708333336
submesh,33,0,4,hero,submesh/m033_s00/l04_hero.bmp,640,640,captures/submesh/m033_s00/l04_hero.jpg,0.0679849237203598,0.0998162254691124,20.01597713839211,0.7637595258255715,0.010687934027777783
submesh,33,0,5,hero,submesh/m033_s00/l05_hero.bmp,640,640,captures/submesh/m033_s00/l05_hero.jpg,0.10647094994783401,0.15158496797084808,16.38687727368285,0.5906956892872386,0.02259657118055556
submesh,33,0,6,hero,submesh/m033_s00/l06_hero.bmp,640,640,captures/submesh/m033_s00/l06_hero.jpg,0.16823063790798187,0.21651864051818848,13.29009416859556,0.26872822299651566,0.044677734375
mesh,34,,0,hero,mesh/m034/l00_hero.bmp,640,640,captures/mesh/m034/l00_hero.jpg,0.0,0.0,99.0,1.0,0.0
mesh,34,,1,hero,mesh/m034/l01_hero.bmp,640,640,captures/mesh/m034/l01_hero.jpg,0.017350196838378906,0.035456035286188126,29.00619658146826,0.8874045801526718,0.000678168402777778
mesh,34,,2,hero,mesh/m034/l02_hero.bmp,640,640,captures/mesh/m034/l02_hero.jpg,0.03924579173326492,0.066782645881176,23.506727570014178,0.727447216890595,0.003092447916666668
mesh,34,,3,hero,mesh/m034/l03_hero.bmp,640,640,captures/mesh/m034/l03_hero.jpg,0.050121746957302094,0.07755456119775772,22.207853100846414,0.6333333333333333,0.004909939236111112
mesh,34,,4,hero,mesh/m034/l04_hero.bmp,640,640,captures/mesh/m034/l04_hero.jpg,0.07800150662660599,0.11217819899320602,19.001830736269973,0.4076923076923077,0.007649739583333334
mesh,34,,5,hero,mesh/m034/l05_hero.bmp,640,640,captures/mesh/m034/l05_hero.jpg,0.09999871999025345,0.1367589831352234,17.28088274077928,0.20939334637964774,0.0107421875
mesh,34,,6,hero,mesh/m034/l06_hero.bmp,640,640,captures/mesh/m034/l06_hero.jpg,0.10720238089561462,0.14218184351921082,16.943117180826317,0.14145383104125736,0.011745876736111112
mesh,34,,0,side,mesh/m034/l00_side.bmp,640,640,captures/mesh/m034/l00_side.jpg,0.0,0.0,99.0,1.0,0.0
mesh,34,,1,side,mesh/m034/l01_side.bmp,640,640,captures/mesh/m034/l01_side.jpg,0.012943740002810955,0.02261175587773323,32.91331423880558,0.9264705882352942,0.00048828125
mesh,34,,2,side,mesh/m034/l02_side.bmp,640,640,captures/mesh/m034/l02_side.jpg,0.032676588743925095,0.054002050310373306,25.35179501777124,0.7156626506024096,0.002495659722222222
mesh,34,,3,side,mesh/m034/l03_side.bmp,640,640,captures/mesh/m034/l03_side.jpg,0.04558306559920311,0.06603703647851944,23.604248493134797,0.5425790754257908,0.004611545138888888
mesh,34,,4,side,mesh/m034/l04_side.bmp,640,640,captures/mesh/m034/l04_side.jpg,0.0614984855055809,0.08752202987670898,21.15765236819492,0.348780487804878,0.006808810763888888
mesh,34,,5,side,mesh/m034/l05_side.bmp,640,640,captures/mesh/m034/l05_side.jpg,0.07582339644432068,0.10404638200998306,19.655460336998733,0.2426470588235294,0.008056640625
mesh,34,,6,side,mesh/m034/l06_side.bmp,640,640,captures/mesh/m034/l06_side.jpg,0.08262915164232254,0.11208675801753998,19.008913842588793,0.1597051597051597,0.009006076388888888
mesh,34,,0,top,mesh/m034/l00_top.bmp,640,640,captures/mesh/m034/l00_top.jpg,0.0,0.0,99.0,1.0,0.0
mesh,34,,1,top,mesh/m034/l01_top.bmp,640,640,captures/mesh/m034/l01_top.jpg,0.011394388973712921,0.025696132332086563,31.80264479659381,0.9552058111380145,0.0006239149305555559
mesh,34,,2,top,mesh/m034/l02_top.bmp,640,640,captures/mesh/m034/l02_top.jpg,0.032152723520994186,0.06285157799720764,24.03367628259097,0.8319123020706456,0.003634982638888888
mesh,34,,3,top,mesh/m034/l03_top.bmp,640,640,captures/mesh/m034/l03_top.jpg,0.047284916043281555,0.08174502104520798,21.750773800495434,0.7198538367844093,0.006130642361111112
mesh,34,,4,top,mesh/m034/l04_top.bmp,640,640,captures/mesh/m034/l04_top.jpg,0.07186683267354965,0.11139962077140808,19.06232575185714,0.528554070473876,0.010308159722222222
mesh,34,,5,top,mesh/m034/l05_top.bmp,640,640,captures/mesh/m034/l05_top.jpg,0.09970377385616302,0.1415654569864273,16.980854095398698,0.3353584447144593,0.014621310763888888
mesh,34,,6,top,mesh/m034/l06_top.bmp,640,640,captures/mesh/m034/l06_top.jpg,0.11651384085416794,0.152760848402977,16.31975876615924,0.1916971916971917,0.017957899305555556
submesh,34,0,0,hero,submesh/m034_s00/l00_hero.bmp,640,640,captures/submesh/m034_s00/l00_hero.jpg,0.0,0.0,99.0,1.0,0.0
submesh,34,0,1,hero,submesh/m034_s00/l01_hero.bmp,640,640,captures/submesh/m034_s00/l01_hero.jpg,0.017350196838378906,0.035456035286188126,29.00619658146826,0.8874045801526718,0.000678168402777778
submesh,34,0,2,hero,submesh/m034_s00/l02_hero.bmp,640,640,captures/submesh/m034_s00/l02_hero.jpg,0.03924579173326492,0.066782645881176,23.506727570014178,0.727447216890595,0.003092447916666668
submesh,34,0,3,hero,submesh/m034_s00/l03_hero.bmp,640,640,captures/submesh/m034_s00/l03_hero.jpg,0.050121746957302094,0.07755456119775772,22.207853100846414,0.6333333333333333,0.004909939236111112
submesh,34,0,4,hero,submesh/m034_s00/l04_hero.bmp,640,640,captures/submesh/m034_s00/l04_hero.jpg,0.07800150662660599,0.11217819899320602,19.001830736269973,0.4076923076923077,0.007649739583333334
submesh,34,0,5,hero,submesh/m034_s00/l05_hero.bmp,640,640,captures/submesh/m034_s00/l05_hero.jpg,0.09999871999025345,0.1367589831352234,17.28088274077928,0.20939334637964774,0.0107421875
submesh,34,0,6,hero,submesh/m034_s00/l06_hero.bmp,640,640,captures/submesh/m034_s00/l06_hero.jpg,0.10720238089561462,0.14218184351921082,16.943117180826317,0.14145383104125736,0.011745876736111112
mesh,35,,0,hero,mesh/m035/l00_hero.bmp,640,640,captures/mesh/m035/l00_hero.jpg,0.0,0.0,99.0,1.0,0.0
mesh,35,,1,hero,mesh/m035/l01_hero.bmp,640,640,captures/mesh/m035/l01_hero.jpg,0.010610304772853851,0.01914399117231369,34.35935029313302,0.922077922077922,0.00010850694444444449
mesh,35,,2,hero,mesh/m035/l02_hero.bmp,640,640,captures/mesh/m035/l02_hero.jpg,0.028853818774223328,0.04817606508731842,26.343373501719253,0.6829268292682927,0.0003797743055555555
mesh,35,,3,hero,mesh/m035/l03_hero.bmp,640,640,captures/mesh/m035/l03_hero.jpg,0.04287925735116005,0.06472151726484299,23.779026202444395,0.5131578947368421,0.0010036892361111112
mesh,35,,4,hero,mesh/m035/l04_hero.bmp,640,640,captures/mesh/m035/l04_hero.jpg,0.07021475583314896,0.09818001836538315,20.159537819955457,0.3246753246753247,0.0013563368055555555
mesh,35,,5,hero,mesh/m035/l05_hero.bmp,640,640,captures/mesh/m035/l05_hero.jpg,0.07605466991662979,0.10441121459007263,19.62505704333904,0.2727272727272727,0.00146484375
mesh,35,,6,hero,mesh/m035/l06_hero.bmp,640,640,captures/mesh/m035/l06_hero.jpg,0.09475404024124146,0.12591062486171722,17.998752415456472,0.09210526315789473,0.0018717447916666667
mesh,35,,0,side,mesh/m035/l00_side.bmp,640,640,captures/mesh/m035/l00_side.jpg,0.0,0.0,99.0,1.0,0.0
mesh,35,,1,side,mesh/m035/l01_side.bmp,640,640,captures/mesh/m035/l01_side.jpg,0.011214310303330421,0.01761709339916706,35.08131486380372,0.9649122807017544,0.0
mesh,35,,2,side,mesh/m035/l02_side.bmp,640,640,captures/mesh/m035/l02_side.jpg,0.04117647185921669,0.05802607908844948,24.727535487823836,0.5806451612903226,0.0003797743055555555
mesh,35,,3,side,mesh/m035/l03_side.bmp,640,640,captures/mesh/m035/l03_side.jpg,0.04779268428683281,0.06563684344291687,23.65704625752393,0.3684210526315789,0.0009223090277777778
mesh,35,,4,side,mesh/m035/l04_side.bmp,640,640,captures/mesh/m035/l04_side.jpg,0.05485527589917183,0.07748377323150635,22.215784771520664,0.26785714285714285,0.0011121961805555555
mesh,35,,5,side,mesh/m035/l05_side.bmp,640,640,captures/mesh/m035/l05_side.jpg,0.05448179319500923,0.07683005928993225,22.289376633314696,0.2857142857142857,0.0010850694444444445
mesh,35,,6,side,mesh/m035/l06_side.bmp,640,640,captures/mesh/m035/l06_side.jpg,0.05385153740644455,0.07632020860910416,22.34720902455433,0.2857142857142857,0.0010850694444444445
mesh,35,,0,top,mesh/m035/l00_top.bmp,640,640,captures/mesh/m035/l00_top.jpg,0.0,0.0,99.0,1.0,0.0
mesh,35,,1,top,mesh/m035/l01_top.bmp,640,640,captures/mesh/m035/l01_top.jpg,0.009075201116502285,0.014564340002834797,36.73418382130486,0.9655172413793104,2.7126736111111015e-05
mesh,35,,2,top,mesh/m035/l02_top.bmp,640,640,captures/mesh/m035/l02_top.jpg,0.03657090663909912,0.06276409327983856,24.04577481639997,0.7558139534883721,0.0005696614583333333
mesh,35,,3,top,mesh/m035/l03_top.bmp,640,640,captures/mesh/m035/l03_top.jpg,0.056877944618463516,0.08364849537611008,21.550837329711268,0.5348837209302325,0.0010850694444444445
mesh,35,,4,top,mesh/m035/l04_top.bmp,640,640,captures/mesh/m035/l04_top.jpg,0.08749154955148697,0.11796191334724426,18.565163835763382,0.2988505747126437,0.0016004774305555555
mesh,35,,5,top,mesh/m035/l05_top.bmp,640,640,captures/mesh/m035/l05_top.jpg,0.0941477045416832,0.12434683740139008,18.10730511927474,0.25287356321839083,0.001708984375
mesh,35,,6,top,mesh/m035/l06_top.bmp,640,640,captures/mesh/m035/l06_top.jpg,0.1048031598329544,0.13441993296146393,17.430726510571112,0.13953488372093023,0.002007378472222222
submesh,35,0,0,hero,submesh/m035_s00/l00_hero.bmp,640,640,captures/submesh/m035_s00/l00_hero.jpg,0.0,0.0,99.0,1.0,0.0
submesh,35,0,1,hero,submesh/m035_s00/l01_hero.bmp,640,640,captures/submesh/m035_s00/l01_hero.jpg,0.010610304772853851,0.01914399117231369,34.35935029313302,0.922077922077922,0.00010850694444444449
submesh,35,0,2,hero,submesh/m035_s00/l02_hero.bmp,640,640,captures/submesh/m035_s00/l02_hero.jpg,0.028853818774223328,0.04817606508731842,26.343373501719253,0.6829268292682927,0.0003797743055555555
submesh,35,0,3,hero,submesh/m035_s00/l03_hero.bmp,640,640,captures/submesh/m035_s00/l03_hero.jpg,0.04287925735116005,0.06472151726484299,23.779026202444395,0.5131578947368421,0.0010036892361111112
submesh,35,0,4,hero,submesh/m035_s00/l04_hero.bmp,640,640,captures/submesh/m035_s00/l04_hero.jpg,0.07021475583314896,0.09818001836538315,20.159537819955457,0.3246753246753247,0.0013563368055555555
submesh,35,0,5,hero,submesh/m035_s00/l05_hero.bmp,640,640,captures/submesh/m035_s00/l05_hero.jpg,0.07605466991662979,0.10441121459007263,19.62505704333904,0.2727272727272727,0.00146484375
submesh,35,0,6,hero,submesh/m035_s00/l06_hero.bmp,640,640,captures/submesh/m035_s00/l06_hero.jpg,0.09475404024124146,0.12591062486171722,17.998752415456472,0.09210526315789473,0.0018717447916666667
mesh,36,,0,hero,mesh/m036/l00_hero.bmp,640,640,captures/mesh/m036/l00_hero.jpg,0.0,0.0,99.0,1.0,0.0
mesh,36,,1,hero,mesh/m036/l01_hero.bmp,640,640,captures/mesh/m036/l01_hero.jpg,0.009169272147119045,0.017679130658507347,35.05078188996083,0.9347826086956522,8.138020833333348e-05
mesh,36,,2,hero,mesh/m036/l02_hero.bmp,640,640,captures/mesh/m036/l02_hero.jpg,0.02802347205579281,0.04901359602808952,26.193668660270166,0.7883211678832117,0.000678168402777778
mesh,36,,3,hero,mesh/m036/l03_hero.bmp,640,640,captures/mesh/m036/l03_hero.jpg,0.05975586548447609,0.10493779927492142,19.581360958800815,0.5955882352941176,0.001437717013888889
mesh,36,,4,hero,mesh/m036/l04_hero.bmp,640,640,captures/mesh/m036/l04_hero.jpg,0.10709342360496521,0.15440817177295685,16.22659438285671,0.33088235294117646,0.002414279513888889
mesh,36,,5,hero,mesh/m036/l05_hero.bmp,640,640,captures/mesh/m036/l05_hero.jpg,0.13725490868091583,0.1847117394208908,14.670110038818782,0.15942028985507245,0.002983940972222222
mesh,36,,6,hero,mesh/m036/l06_hero.bmp,640,640,captures/mesh/m036/l06_hero.jpg,0.13906779885292053,0.18586289882659912,14.616145872443841,0.17518248175182483,0.002956814236111111
mesh,36,,0,side,mesh/m036/l00_side.bmp,640,640,captures/mesh/m036/l00_side.jpg,0.0,0.0,99.0,1.0,0.0
mesh,36,,1,side,mesh/m036/l01_side.bmp,640,640,captures/mesh/m036/l01_side.jpg,0.012018339708447456,0.0229299645870924,32.791932319829684,0.7910447761194029,0.00027126736111111123
mesh,36,,2,side,mesh/m036/l02_side.bmp,640,640,captures/mesh/m036/l02_side.jpg,0.02690942957997322,0.04049726575613022,27.851485958971264,0.5142857142857142,0.0006510416666666667
mesh,36,,3,side,mesh/m036/l03_side.bmp,640,640,captures/mesh/m036/l03_side.jpg,0.03156478330492973,0.04475489258766174,26.98318961693813,0.4852941176470588,0.0007866753472222222
mesh,36,,4,side,mesh/m036/l04_side.bmp,640,640,captures/mesh/m036/l04_side.jpg,0.04419080913066864,0.05624498426914215,24.998324007037127,0.40298507462686567,0.0009765625
mesh,36,,5,side,mesh/m036/l05_side.bmp,640,640,captures/mesh/m036/l05_side.jpg,0.06565213203430176,0.08429409563541412,21.484056887757184,0.2537313432835821,0.001247829861111111
mesh,36,,6,side,mesh/m036/l06_side.bmp,640,640,captures/mesh/m036/l06_side.jpg,0.05092097446322441,0.06298047304153442,24.01588163468922,0.18181818181818182,0.0014105902777777778
mesh,36,,0,top,mesh/m036/l00_top.bmp,640,640,captures/mesh/m036/l00_top.jpg,0.0,0.0,99.0,1.0,0.0
mesh,36,,1,top,mesh/m036/l01_top.bmp,640,640,captures/mesh/m036/l01_top.jpg,0.005536332260817289,0.011296149343252182,38.94139149135253,0.9901960784313726,5.42534722222229e-05
mesh,36,,2,top,mesh/m036/l02_top.bmp,640,640,captures/mesh/m036/l02_top.jpg,0.025090424343943596,0.051984336227178574,25.6825499407205,0.8689320388349514,0.0006239149305555559
mesh,36,,3,top,mesh/m036/l03_top.bmp,640,640,captures/mesh/m036/l03_top.jpg,0.06134318560361862,0.11562468856573105,18.738988480408125,0.7053140096618358,0.001491970486111111
mesh,36,,4,top,mesh/m036/l04_top.bmp,640,640,captures/mesh/m036/l04_top.jpg,0.1225506141781807,0.17234057188034058,15.272249405241414,0.36097560975609755,0.0034993489583333335
mesh,36,,5,top,mesh/m036/l05_top.bmp,640,640,captures/mesh/m036/l05_top.jpg,0.13880440592765808,0.1888745129108429,14.476532853101345,0.2682926829268293,0.004014756944444445
mesh,36,,6,top,mesh/m036/l06_top.bmp,640,640,captures/mesh/m036/l06_top.jpg,0.14403952658176422,0.19278138875961304,14.298697909612546,0.22439024390243903,0.004258897569444445
submesh,36,0,0,hero,submesh/m036_s00/l00_hero.bmp,640,640,captures/submesh/m036_s00/l00_hero.jpg,0.0,0.0,99.0,1.0,0.0
submesh,36,0,1,hero,submesh/m036_s00/l01_hero.bmp,640,640,captures/submesh/m036_s00/l01_hero.jpg,0.009169272147119045,0.017679130658507347,35.05078188996083,0.9347826086956522,8.138020833333348e-05
submesh,36,0,2,hero,submesh/m036_s00/l02_hero.bmp,640,640,captures/submesh/m036_s00/l02_hero.jpg,0.02802347205579281,0.04901359602808952,26.193668660270166,0.7883211678832117,0.000678168402777778
submesh,36,0,3,hero,submesh/m036_s00/l03_hero.bmp,640,640,captures/submesh/m036_s00/l03_hero.jpg,0.05975586548447609,0.10493779927492142,19.581360958800815,0.5955882352941176,0.001437717013888889
submesh,36,0,4,hero,submesh/m036_s00/l04_hero.bmp,640,640,captures/submesh/m036_s00/l04_hero.jpg,0.10709342360496521,0.15440817177295685,16.22659438285671,0.33088235294117646,0.002414279513888889
submesh,36,0,5,hero,submesh/m036_s00/l05_hero.bmp,640,640,captures/submesh/m036_s00/l05_hero.jpg,0.13725490868091583,0.1847117394208908,14.670110038818782,0.15942028985507245,0.002983940972222222
submesh,36,0,6,hero,submesh/m036_s00/l06_hero.bmp,640,640,captures/submesh/m036_s00/l06_hero.jpg,0.13906779885292053,0.18586289882659912,14.616145872443841,0.17518248175182483,0.002956814236111111
mesh,37,,0,hero,mesh/m037/l00_hero.bmp,640,640,captures/mesh/m037/l00_hero.jpg,0.0,0.0,99.0,1.0,0.0
mesh,37,,1,hero,mesh/m037/l01_hero.bmp,640,640,captures/mesh/m037/l01_hero.jpg,0.010575526393949986,0.017664197832345963,35.05812159978888,0.9652777777777778,2.712673611111145e-05
mesh,37,,2,hero,mesh/m037/l02_hero.bmp,640,640,captures/mesh/m037/l02_hero.jpg,0.024845678359270096,0.03697916120290756,28.640858883050267,0.8541666666666666,0.000461154513888889
mesh,37,,3,hero,mesh/m037/l03_hero.bmp,640,640,captures/mesh/m037/l03_hero.jpg,0.04367117956280708,0.06268120557069778,24.057253183549957,0.6338028169014085,0.001410590277777778
mesh,37,,4,hero,mesh/m037/l04_hero.bmp,640,640,captures/mesh/m037/l04_hero.jpg,0.05971936509013176,0.08695059269666672,21.214549065861487,0.4825174825174825,0.001953125
mesh,37,,5,hero,mesh/m037/l05_hero.bmp,640,640,captures/mesh/m037/l05_hero.jpg,0.07769093662500381,0.10733497142791748,19.38517509960519,0.34265734265734266,0.0024956597222222225
mesh,37,,6,hero,mesh/m037/l06_hero.bmp,640,640,captures/mesh/m037/l06_hero.jpg,0.08682683855295181,0.11549288034439087,18.74889574789517,0.19718309859154928,0.003092447916666667
mesh,37,,0,side,mesh/m037/l00_side.bmp,640,640,captures/mesh/m037/l00_side.jpg,0.0,0.0,99.0,1.0,0.0
mesh,37,,1,side,mesh/m037/l01_side.bmp,640,640,captures/mesh/m037/l01_side.jpg,0.011391222476959229,0.018164856359362602,34.81536064039951,0.8061224489795918,8.138020833333348e-05
mesh,37,,2,side,mesh/m037/l02_side.bmp,640,640,captures/mesh/m037/l02_side.jpg,0.01902836747467518,0.0283441673964262,30.95072591577707,0.711340206185567,0.00021701388888888855
mesh,37,,3,side,mesh/m037/l03_side.bmp,640,640,captures/mesh/m037/l03_side.jpg,0.027623357251286507,0.04116877540946007,27.708641023336096,0.6043956043956044,0.000759548611111111
mesh,37,,4,side,mesh/m037/l04_side.bmp,640,640,captures/mesh/m037/l04_side.jpg,0.03925975039601326,0.0547880120575428,25.226289146663486,0.4606741573033708,0.0011935763888888888
mesh,37,,5,side,mesh/m037/l05_side.bmp,640,640,captures/mesh/m037/l05_side.jpg,0.04770507290959358,0.06748457998037338,23.415909015817697,0.2696629213483146,0.0016547309027777775
mesh,37,,6,side,mesh/m037/l06_side.bmp,640,640,captures/mesh/m037/l06_side.jpg,0.06785502284765244,0.08680762350559235,21.22884266213218,0.11363636363636363,0.002061631944444444
mesh,37,,0,top,mesh/m037/l00_top.bmp,640,640,captures/mesh/m037/l00_top.jpg,0.0,0.0,99.0,1.0,0.0
mesh,37,,1,top,mesh/m037/l01_top.bmp,640,640,captures/mesh/m037/l01_top.jpg,0.009196680970489979,0.016342371702194214,35.73369831662171,0.9716312056737588,5.425347222222203e-05
mesh,37,,2,top,mesh/m037/l02_top.bmp,640,640,captures/mesh/m037/l02_top.jpg,0.03049640543758869,0.05027853697538376,25.972347361472572,0.8387096774193549,0.001220703125
mesh,37,,3,top,mesh/m037/l03_top.bmp,640,640,captures/mesh/m037/l03_top.jpg,0.047649167478084564,0.0761844664812088,22.362671389269416,0.6953405017921147,0.002305772569444444
mesh,37,,4,top,mesh/m037/l04_top.bmp,640,640,captures/mesh/m037/l04_top.jpg,0.07093963027000427,0.10499677807092667,19.576480549551015,0.4874551971326165,0.003879123263888889
mesh,37,,5,top,mesh/m037/l05_top.bmp,640,640,captures/mesh/m037/l05_top.jpg,0.08703352510929108,0.12315914779901505,18.19066649727119,0.3655913978494624,0.004801432291666666
mesh,37,,6,top,mesh/m037/l06_top.bmp,640,640,captures/mesh/m037/l06_top.jpg,0.10646332055330276,0.13998587429523468,17.07831571859857,0.1863799283154122,0.006157769097222222
submesh,37,0,0,hero,submesh/m037_s00/l00_hero.bmp,640,640,captures/submesh/m037_s00/l00_hero.jpg,0.0,0.0,99.0,1.0,0.0
submesh,37,0,1,hero,submesh/m037_s00/l01_hero.bmp,640,640,captures/submesh/m037_s00/l01_hero.jpg,0.010575526393949986,0.017664197832345963,35.05812159978888,0.9652777777777778,2.712673611111145e-05
submesh,37,0,2,hero,submesh/m037_s00/l02_hero.bmp,640,640,captures/submesh/m037_s00/l02_hero.jpg,0.024845678359270096,0.03697916120290756,28.640858883050267,0.8541666666666666,0.000461154513888889
submesh,37,0,3,hero,submesh/m037_s00/l03_hero.bmp,640,640,captures/submesh/m037_s00/l03_hero.jpg,0.04367117956280708,0.06268120557069778,24.057253183549957,0.6338028169014085,0.001410590277777778
submesh,37,0,4,hero,submesh/m037_s00/l04_hero.bmp,640,640,captures/submesh/m037_s00/l04_hero.jpg,0.05971936509013176,0.08695059269666672,21.214549065861487,0.4825174825174825,0.001953125
submesh,37,0,5,hero,submesh/m037_s00/l05_hero.bmp,640,640,captures/submesh/m037_s00/l05_hero.jpg,0.07769093662500381,0.10733497142791748,19.38517509960519,0.34265734265734266,0.0024956597222222225
submesh,37,0,6,hero,submesh/m037_s00/l06_hero.bmp,640,640,captures/submesh/m037_s00/l06_hero.jpg,0.08682683855295181,0.11549288034439087,18.74889574789517,0.19718309859154928,0.003092447916666667
mesh,38,,0,hero,mesh/m038/l00_hero.bmp,640,640,captures/mesh/m038/l00_hero.jpg,0.0,0.0,99.0,1.0,0.0
mesh,38,,1,hero,mesh/m038/l01_hero.bmp,640,640,captures/mesh/m038/l01_hero.jpg,0.01020146906375885,0.01537835318595171,36.26180338243009,0.8350515463917526,0.0003255208333333335
mesh,38,,2,hero,mesh/m038/l02_hero.bmp,640,640,captures/mesh/m038/l02_hero.jpg,0.019063180312514305,0.030821342021226883,30.2229691035756,0.7291666666666666,0.0006510416666666665
mesh,38,,3,hero,mesh/m038/l03_hero.bmp,640,640,captures/mesh/m038/l03_hero.jpg,0.05166838690638542,0.08129648119211197,21.798565036930736,0.4631578947368421,0.0013834635416666665
mesh,38,,4,hero,mesh/m038/l04_hero.bmp,640,640,captures/mesh/m038/l04_hero.jpg,0.05976686254143715,0.08850627392530441,21.06051884941895,0.38144329896907214,0.0015190972222222222
mesh,38,,5,hero,mesh/m038/l05_hero.bmp,640,640,captures/mesh/m038/l05_hero.jpg,0.09539788216352463,0.12651002407073975,17.957501232667248,0.08247422680412371,0.0023057725694444445
mesh,38,,6,hero,mesh/m038/l06_hero.bmp,640,640,captures/mesh/m038/l06_hero.jpg,0.09539788216352463,0.12651002407073975,17.957501232667248,0.08247422680412371,0.0023057725694444445
mesh,38,,0,side,mesh/m038/l00_side.bmp,640,640,captures/mesh/m038/l00_side.jpg,0.0,0.0,99.0,1.0,0.0
mesh,38,,1,side,mesh/m038/l01_side.bmp,640,640,captures/mesh/m038/l01_side.jpg,0.011145510710775852,0.021286899223923683,33.437751917325905,0.8026315789473685,0.00029839409722222203
mesh,38,,2,side,mesh/m038/l02_side.bmp,640,640,captures/mesh/m038/l02_side.jpg,0.024122005328536034,0.033061299473047256,29.613601610038735,0.6133333333333333,0.0007324218749999998
mesh,38,,3,side,mesh/m038/l03_side.bmp,640,640,captures/mesh/m038/l03_side.jpg,0.03814929351210594,0.055763792246580124,25.072953989534664,0.4868421052631579,0.0009494357638888888
mesh,38,,4,side,mesh/m038/l04_side.bmp,640,640,captures/mesh/m038/l04_side.jpg,0.04366352781653404,0.06532347202301025,23.69861480070346,0.4025974025974026,0.0010850694444444443
mesh,38,,5,side,mesh/m038/l05_side.bmp,640,640,captures/mesh/m038/l05_side.jpg,0.06747924536466599,0.08914931863546371,20.997639435412264,0.20270270270270271,0.0016004774305555553
mesh,38,,6,side,mesh/m038/l06_side.bmp,640,640,captures/mesh/m038/l06_side.jpg,0.06747924536466599,0.08914931863546371,20.997639435412264,0.20270270270270271,0.0016004774305555553
mesh,38,,0,top,mesh/m038/l00_top.bmp,640,640,captures/mesh/m038/l00_top.jpg,0.0,0.0,99.0,1.0,0.0
mesh,38,,1,top,mesh/m038/l01_top.bmp,640,640,captures/mesh/m038/l01_top.jpg,0.004361370578408241,0.007638902403414249,42.339380771901986,0.9953271028037384,2.7126736111111015e-05
mesh,38,,2,top,mesh/m038/l02_top.bmp,640,640,captures/mesh/m038/l02_top.jpg,0.016064994037151337,0.03565268963575363,28.958154028778317,0.9205607476635514,0.000461154513888889
mesh,38,,3,top,mesh/m038/l03_top.bmp,640,640,captures/mesh/m038/l03_top.jpg,0.06242135539650917,0.10472185164690018,19.59925374761016,0.602803738317757,0.0023057725694444445
mesh,38,,4,top,mesh/m038/l04_top.bmp,640,640,captures/mesh/m038/l04_top.jpg,0.08202315121889114,0.11789394170045853,18.570170234597313,0.4036697247706422,0.003309461805555556
mesh,38,,5,top,mesh/m038/l05_top.bmp,640,640,captures/mesh/m038/l05_top.jpg,0.11473885923624039,0.1431332677602768,16.885188271618713,0.10091743119266056,0.005099826388888889
mesh,38,,6,top,mesh/m038/l06_top.bmp,640,640,captures/mesh/m038/l06_top.jpg,0.11473885923624039,0.1431332677602768,16.885188271618713,0.10091743119266056,0.005099826388888889
submesh,38,0,0,hero,submesh/m038_s00/l00_hero.bmp,640,640,captures/submesh/m038_s00/l00_hero.jpg,0.0,0.0,99.0,1.0,0.0
submesh,38,0,1,hero,submesh/m038_s00/l01_hero.bmp,640,640,captures/submesh/m038_s00/l01_hero.jpg,0.01020146906375885,0.01537835318595171,36.26180338243009,0.8350515463917526,0.0003255208333333335
submesh,38,0,2,hero,submesh/m038_s00/l02_hero.bmp,640,640,captures/submesh/m038_s00/l02_hero.jpg,0.019063180312514305,0.030821342021226883,30.2229691035756,0.7291666666666666,0.0006510416666666665
submesh,38,0,3,hero,submesh/m038_s00/l03_hero.bmp,640,640,captures/submesh/m038_s00/l03_hero.jpg,0.05166838690638542,0.08129648119211197,21.798565036930736,0.4631578947368421,0.0013834635416666665
submesh,38,0,4,hero,submesh/m038_s00/l04_hero.bmp,640,640,captures/submesh/m038_s00/l04_hero.jpg,0.05976686254143715,0.08850627392530441,21.06051884941895,0.38144329896907214,0.0015190972222222222
submesh,38,0,5,hero,submesh/m038_s00/l05_hero.bmp,640,640,captures/submesh/m038_s00/l05_hero.jpg,0.09539788216352463,0.12651002407073975,17.957501232667248,0.08247422680412371,0.0023057725694444445
submesh,38,0,6,hero,submesh/m038_s00/l06_hero.bmp,640,640,captures/submesh/m038_s00/l06_hero.jpg,0.09539788216352463,0.12651002407073975,17.957501232667248,0.08247422680412371,0.0023057725694444445
mesh,39,,0,hero,mesh/m039/l00_hero.bmp,640,640,captures/mesh/m039/l00_hero.jpg,0.0,0.0,99.0,1.0,0.0
mesh,39,,1,hero,mesh/m039/l01_hero.bmp,640,640,captures/mesh/m039/l01_hero.jpg,0.007619958836585283,0.01338163297623396,37.46981771747164,0.9560975609756097,2.7126736111111015e-05
mesh,39,,2,hero,mesh/m039/l02_hero.bmp,640,640,captures/mesh/m039/l02_hero.jpg,0.028621874749660492,0.05009949579834938,26.003332897064865,0.8341232227488151,0.0004069010416666661
mesh,39,,3,hero,mesh/m039/l03_hero.bmp,640,640,captures/mesh/m039/l03_hero.jpg,0.045276883989572525,0.06913936138153076,23.20549272432411,0.6368159203980099,0.001980251736111111
mesh,39,,4,hero,mesh/m039/l04_hero.bmp,640,640,captures/mesh/m039/l04_hero.jpg,0.07151172310113907,0.10978370904922485,19.18924201282604,0.4626865671641791,0.0029296874999999996
mesh,39,,5,hero,mesh/m039/l05_hero.bmp,640,640,captures/mesh/m039/l05_hero.jpg,0.07766776531934738,0.11548939347267151,18.749157989516036,0.400990099009901,0.003228081597222222
mesh,39,,6,hero,mesh/m039/l06_hero.bmp,640,640,captures/mesh/m039/l06_hero.jpg,0.08481848239898682,0.12283632904291153,18.213463418045514,0.3564356435643564,0.003472222222222222
mesh,39,,0,side,mesh/m039/l00_side.bmp,640,640,captures/mesh/m039/l00_side.jpg,0.0,0.0,99.0,1.0,0.0
mesh,39,,1,side,mesh/m039/l01_side.bmp,640,640,captures/mesh/m039/l01_side.jpg,0.008717427030205727,0.01296150591224432,37.746890754209836,0.948051948051948,5.425347222222203e-05
mesh,39,,2,side,mesh/m039/l02_side.bmp,640,640,captures/mesh/m039/l02_side.jpg,0.026663418859243393,0.03977116569876671,28.008633591835515,0.7453416149068323,0.0005696614583333335
mesh,39,,3,side,mesh/m039/l03_side.bmp,640,640,captures/mesh/m039/l03_side.jpg,0.04219505935907364,0.05828488990664482,24.68888039048212,0.551948051948052,0.001708984375
mesh,39,,4,side,mesh/m039/l04_side.bmp,640,640,captures/mesh/m039/l04_side.jpg,0.056217752397060394,0.07397308945655823,22.618524855672145,0.4407894736842105,0.0022515190972222225
mesh,39,,5,side,mesh/m039/l05_side.bmp,640,640,captures/mesh/m039/l05_side.jpg,0.06230650097131729,0.08367834240198135,21.547738628045302,0.3684210526315789,0.002549913194444445
mesh,39,,6,side,mesh/m039/l06_side.bmp,640,640,captures/mesh/m039/l06_side.jpg,0.07984244078397751,0.10091105848550797,19.92122476721965,0.17880794701986755,0.003363715277777778
mesh,39,,0,top,mesh/m039/l00_top.bmp,640,640,captures/mesh/m039/l00_top.jpg,0.0,0.0,99.0,1.0,0.0
mesh,39,,1,top,mesh/m039/l01_top.bmp,640,640,captures/mesh/m039/l01_top.jpg,0.00711935805156827,0.012446089647710323,38.099341503370844,0.9832214765100671,2.7126736111110147e-05
mesh,39,,2,top,mesh/m039/l02_top.bmp,640,640,captures/mesh/m039/l02_top.jpg,0.03156555816531181,0.0550418384373188,25.18614137559306,0.8053691275167785,0.0014648437499999991
mesh,39,,3,top,mesh/m039/l03_top.bmp,640,640,captures/mesh/m039/l03_top.jpg,0.049589574337005615,0.07751283049583435,22.212528078302558,0.6430976430976431,0.002821180555555555
mesh,39,,4,top,mesh/m039/l04_top.bmp,640,640,captures/mesh/m039/l04_top.jpg,0.07285723835229874,0.10812754929065704,19.321272803525037,0.4682274247491639,0.004150390624999999
mesh,39,,5,top,mesh/m039/l05_top.bmp,640,640,captures/mesh/m039/l05_top.jpg,0.08064791560173035,0.11472093313932419,18.807146582268327,0.3979933110367893,0.004720052083333332
mesh,39,,6,top,mesh/m039/l06_top.bmp,640,640,captures/mesh/m039/l06_top.jpg,0.09575821459293365,0.1284208744764328,17.827287541996423,0.24496644295302014,0.005995008680555554
submesh,39,0,0,hero,submesh/m039_s00/l00_hero.bmp,640,640,captures/submesh/m039_s00/l00_hero.jpg,0.0,0.0,99.0,1.0,0.0
submesh,39,0,1,hero,submesh/m039_s00/l01_hero.bmp,640,640,captures/submesh/m039_s00/l01_hero.jpg,0.007619958836585283,0.01338163297623396,37.46981771747164,0.9560975609756097,2.7126736111111015e-05
submesh,39,0,2,hero,submesh/m039_s00/l02_hero.bmp,640,640,captures/submesh/m039_s00/l02_hero.jpg,0.028621874749660492,0.05009949579834938,26.003332897064865,0.8341232227488151,0.0004069010416666661
submesh,39,0,3,hero,submesh/m039_s00/l03_hero.bmp,640,640,captures/submesh/m039_s00/l03_hero.jpg,0.045276883989572525,0.06913936138153076,23.20549272432411,0.6368159203980099,0.001980251736111111
submesh,39,0,4,hero,submesh/m039_s00/l04_hero.bmp,640,640,captures/submesh/m039_s00/l04_hero.jpg,0.07151172310113907,0.10978370904922485,19.18924201282604,0.4626865671641791,0.0029296874999999996
submesh,39,0,5,hero,submesh/m039_s00/l05_hero.bmp,640,640,captures/submesh/m039_s00/l05_hero.jpg,0.07766776531934738,0.11548939347267151,18.749157989516036,0.400990099009901,0.003228081597222222
submesh,39,0,6,hero,submesh/m039_s00/l06_hero.bmp,640,640,captures/submesh/m039_s00/l06_hero.jpg,0.08481848239898682,0.12283632904291153,18.213463418045514,0.3564356435643564,0.003472222222222222
mesh,40,,0,hero,mesh/m040/l00_hero.bmp,640,640,captures/mesh/m040/l00_hero.jpg,0.0,0.0,99.0,1.0,0.0
mesh,40,,1,hero,mesh/m040/l01_hero.bmp,640,640,captures/mesh/m040/l01_hero.jpg,0.01666666753590107,0.030978864058852196,30.178690222186336,0.8653846153846154,8.138020833333326e-05
mesh,40,,2,hero,mesh/m040/l02_hero.bmp,640,640,captures/mesh/m040/l02_hero.jpg,0.034204792231321335,0.05226511135697365,25.635762399032306,0.6041666666666666,0.0004611545138888889
mesh,40,,3,hero,mesh/m040/l03_hero.bmp,640,640,captures/mesh/m040/l03_hero.jpg,0.0516757071018219,0.06828390061855316,23.313633568155865,0.40425531914893614,0.0007595486111111111
mesh,40,,4,hero,mesh/m040/l04_hero.bmp,640,640,captures/mesh/m040/l04_hero.jpg,0.0756223052740097,0.09942121058702469,20.05041906090201,0.40425531914893614,0.0007595486111111111
mesh,40,,5,hero,mesh/m040/l05_hero.bmp,640,640,captures/mesh/m040/l05_hero.jpg,0.06944791972637177,0.08946027606725693,20.96739531926515,0.0,0.0012749565972222222
mesh,40,,6,hero,mesh/m040/l06_hero.bmp,640,640,captures/mesh/m040/l06_hero.jpg,0.06989292055368423,0.0900653824210167,20.9088420522146,0.0,0.0012749565972222222
mesh,40,,0,side,mesh/m040/l00_side.bmp,640,640,captures/mesh/m040/l00_side.jpg,0.0,0.0,99.0,1.0,0.0
mesh,40,,1,side,mesh/m040/l01_side.bmp,640,640,captures/mesh/m040/l01_side.jpg,0.013891658745706081,0.025883829221129417,31.739429485423273,0.864406779661017,0.00010850694444444428
mesh,40,,2,side,mesh/m040/l02_side.bmp,640,640,captures/mesh/m040/l02_side.jpg,0.028782377019524574,0.0429641529917717,27.33787491198175,0.5740740740740741,0.0005696614583333335
mesh,40,,3,side,mesh/m040/l03_side.bmp,640,640,captures/mesh/m040/l03_side.jpg,0.04264397546648979,0.06352106481790543,23.94164460687597,0.4339622641509434,0.0008138020833333335
mesh,40,,4,side,mesh/m040/l04_side.bmp,640,640,captures/mesh/m040/l04_side.jpg,0.05056110396981239,0.07139750570058823,22.92633920408228,0.37735849056603776,0.0008951822916666667
mesh,40,,5,side,mesh/m040/l05_side.bmp,640,640,captures/mesh/m040/l05_side.jpg,0.06059933453798294,0.08016157895326614,21.920674740729915,0.3584905660377358,0.0009223090277777779
mesh,40,,6,side,mesh/m040/l06_side.bmp,640,640,captures/mesh/m040/l06_side.jpg,0.06035269424319267,0.07945746183395386,21.997306240713492,0.33962264150943394,0.000949435763888889
mesh,40,,0,top,mesh/m040/l00_top.bmp,640,640,captures/mesh/m040/l00_top.jpg,0.0,0.0,99.0,1.0,0.0
mesh,40,,1,top,mesh/m040/l01_top.bmp,640,640,captures/mesh/m040/l01_top.jpg,0.01312460470944643,0.02193731628358364,33.176330064415076,0.9758064516129032,8.138020833333348e-05
mesh,40,,2,top,mesh/m040/l02_top.bmp,640,640,captures/mesh/m040/l02_top.jpg,0.03706514835357666,0.06215660646557808,24.130254090547236,0.782258064516129,0.000732421875
mesh,40,,3,top,mesh/m040/l03_top.bmp,640,640,captures/mesh/m040/l03_top.jpg,0.06290322542190552,0.10320664197206497,19.725847046618988,0.6290322580645161,0.0012478298611111114
mesh,40,,4,top,mesh/m040/l04_top.bmp,640,640,captures/mesh/m040/l04_top.jpg,0.08781362324953079,0.133736714720726,17.47498699137568,0.46774193548387094,0.0017903645833333335
mesh,40,,5,top,mesh/m040/l05_top.bmp,640,640,captures/mesh/m040/l05_top.jpg,0.11652962118387222,0.16118928790092468,15.85327646651181,0.24193548387096775,0.0025499131944444445
mesh,40,,6,top,mesh/m040/l06_top.bmp,640,640,captures/mesh/m040/l06_top.jpg,0.11879611760377884,0.1625099629163742,15.78240017592114,0.22580645161290322,0.002604166666666667
submesh,40,0,0,hero,submesh/m040_s00/l00_hero.bmp,640,640,captures/submesh/m040_s00/l00_hero.jpg,0.0,0.0,99.0,1.0,0.0
submesh,40,0,1,hero,submesh/m040_s00/l01_hero.bmp,640,640,captures/submesh/m040_s00/l01_hero.jpg,0.01666666753590107,0.030978864058852196,30.178690222186336,0.8653846153846154,8.138020833333326e-05
submesh,40,0,2,hero,submesh/m040_s00/l02_hero.bmp,640,640,captures/submesh/m040_s00/l02_hero.jpg,0.034204792231321335,0.05226511135697365,25.635762399032306,0.6041666666666666,0.0004611545138888889
submesh,40,0,3,hero,submesh/m040_s00/l03_hero.bmp,640,640,captures/submesh/m040_s00/l03_hero.jpg,0.0516757071018219,0.06828390061855316,23.313633568155865,0.40425531914893614,0.0007595486111111111
submesh,40,0,4,hero,submesh/m040_s00/l04_hero.bmp,640,640,captures/submesh/m040_s00/l04_hero.jpg,0.0756223052740097,0.09942121058702469,20.05041906090201,0.40425531914893614,0.0007595486111111111
submesh,40,0,5,hero,submesh/m040_s00/l05_hero.bmp,640,640,captures/submesh/m040_s00/l05_hero.jpg,0.06944791972637177,0.08946027606725693,20.96739531926515,0.0,0.0012749565972222222
submesh,40,0,6,hero,submesh/m040_s00/l06_hero.bmp,640,640,captures/submesh/m040_s00/l06_hero.jpg,0.06989292055368423,0.0900653824210167,20.9088420522146,0.0,0.0012749565972222222
mesh,41,,0,hero,mesh/m041/l00_hero.bmp,640,640,captures/mesh/m041/l00_hero.jpg,0.0,0.0,99.0,1.0,0.0
mesh,41,,1,hero,mesh/m041/l01_hero.bmp,640,640,captures/mesh/m041/l01_hero.jpg,0.004691826645284891,0.00863588135689497,41.27386665607474,0.9698924731182795,5.425347222222203e-05
mesh,41,,2,hero,mesh/m041/l02_hero.bmp,640,640,captures/mesh/m041/l02_hero.jpg,0.00884909275919199,0.014342986978590488,36.86720791725028,0.9408033826638478,0.0
mesh,41,,3,hero,mesh/m041/l03_hero.bmp,640,640,captures/mesh/m041/l03_hero.jpg,0.013288844376802444,0.02033659815788269,33.83443385503095,0.9222689075630253,8.138020833333391e-05
mesh,41,,4,hero,mesh/m041/l04_hero.bmp,640,640,captures/mesh/m041/l04_hero.jpg,0.021754015237092972,0.03244522586464882,29.776983963820555,0.8778467908902692,0.00029839409722222203
mesh,41,,5,hero,mesh/m041/l05_hero.bmp,640,640,captures/mesh/m041/l05_hero.jpg,0.03310946375131607,0.05101175606250763,25.84659451540652,0.7736220472440944,0.0004611545138888881
mesh,41,,6,hero,mesh/m041/l06_hero.bmp,640,640,captures/mesh/m041/l06_hero.jpg,0.06798473745584488,0.09385842084884644,20.550535139781676,0.46921797004991683,0.0009494357638888881
mesh,41,,0,side,mesh/m041/l00_side.bmp,640,640,captures/mesh/m041/l00_side.jpg,0.0,0.0,99.0,1.0,0.0
mesh,41,,1,side,mesh/m041/l01_side.bmp,640,640,captures/mesh/m041/l01_side.jpg,0.003504826920107007,0.006205283105373383,44.14476799548328,0.981651376146789,0.00010850694444444406
mesh,41,,2,side,mesh/m041/l02_side.bmp,640,640,captures/mesh/m041/l02_side.jpg,0.008622707799077034,0.012994748540222645,37.72464240121297,0.9478458049886621,0.000244140625
mesh,41,,3,side,mesh/m041/l03_side.bmp,640,640,captures/mesh/m041/l03_side.jpg,0.01112294103950262,0.01604483276605606,35.89329610319571,0.9321266968325792,0.00037977430555555594
mesh,41,,4,side,mesh/m041/l04_side.bmp,640,640,captures/mesh/m041/l04_side.jpg,0.018343843519687653,0.027615223079919815,31.177028882601565,0.8876651982378855,0.00029839409722222203
mesh,41,,5,side,mesh/m041/l05_side.bmp,640,640,captures/mesh/m041/l05_side.jpg,0.02723587304353714,0.03944062441587448,28.081124360305143,0.7869198312236287,0.0005696614583333339
mesh,41,,6,side,mesh/m041/l06_side.bmp,640,640,captures/mesh/m041/l06_side.jpg,0.06427096575498581,0.08890772610902786,21.02120994128859,0.4906015037593985,0.002034505208333334
mesh,41,,0,top,mesh/m041/l00_top.bmp,640,640,captures/mesh/m041/l00_top.jpg,0.0,0.0,99.0,1.0,0.0
mesh,41,,1,top,mesh/m041/l01_top.bmp,640,640,captures/mesh/m041/l01_top.jpg,0.0036916902754455805,0.006926011294126511,43.19033609179001,0.9910581222056631,0.0
mesh,41,,2,top,mesh/m041/l02_top.bmp,640,640,captures/mesh/m041/l02_top.jpg,0.007958988659083843,0.01381738018244505,37.19148585437888,0.9763663220088626,5.4253472222220295e-05
mesh,41,,3,top,mesh/m041/l03_top.bmp,640,640,captures/mesh/m041/l03_top.jpg,0.012137644924223423,0.019457712769508362,34.21816423712058,0.9519650655021834,0.00013563368055555247
mesh,41,,4,top,mesh/m041/l04_top.bmp,640,640,captures/mesh/m041/l04_top.jpg,0.01741410419344902,0.02943844348192215,30.621703129274223,0.9292929292929293,2.7126736111108413e-05
mesh,41,,5,top,mesh/m041/l05_top.bmp,640,640,captures/mesh/m041/l05_top.jpg,0.024404047057032585,0.04124179482460022,27.69324885348417,0.902332361516035,0.0008409288194444475
mesh,41,,6,top,mesh/m041/l06_top.bmp,640,640,captures/mesh/m041/l06_top.jpg,0.057266805320978165,0.08684394508600235,21.225209118869873,0.7063142437591777,0.004720052083333336
submesh,41,0,0,hero,submesh/m041_s00/l00_hero.bmp,640,640,captures/submesh/m041_s00/l00_hero.jpg,0.0,0.0,99.0,1.0,0.0
submesh,41,0,1,hero,submesh/m041_s00/l01_hero.bmp,640,640,captures/submesh/m041_s00/l01_hero.jpg,0.004691826645284891,0.00863588135689497,41.27386665607474,0.9698924731182795,5.425347222222203e-05
submesh,41,0,2,hero,submesh/m041_s00/l02_hero.bmp,640,640,captures/submesh/m041_s00/l02_hero.jpg,0.00884909275919199,0.014342986978590488,36.86720791725028,0.9408033826638478,0.0
submesh,41,0,3,hero,submesh/m041_s00/l03_hero.bmp,640,640,captures/submesh/m041_s00/l03_hero.jpg,0.013288844376802444,0.02033659815788269,33.83443385503095,0.9222689075630253,8.138020833333391e-05
submesh,41,0,4,hero,submesh/m041_s00/l04_hero.bmp,640,640,captures/submesh/m041_s00/l04_hero.jpg,0.021754015237092972,0.03244522586464882,29.776983963820555,0.8778467908902692,0.00029839409722222203
submesh,41,0,5,hero,submesh/m041_s00/l05_hero.bmp,640,640,captures/submesh/m041_s00/l05_hero.jpg,0.03310946375131607,0.05101175606250763,25.84659451540652,0.7736220472440944,0.0004611545138888881
submesh,41,0,6,hero,submesh/m041_s00/l06_hero.bmp,640,640,captures/submesh/m041_s00/l06_hero.jpg,0.06798473745584488,0.09385842084884644,20.550535139781676,0.46921797004991683,0.0009494357638888881
mesh,42,,0,hero,mesh/m042/l00_hero.bmp,640,640,captures/mesh/m042/l00_hero.jpg,0.0,0.0,99.0,1.0,0.0
mesh,42,,1,hero,mesh/m042/l01_hero.bmp,640,640,captures/mesh/m042/l01_hero.jpg,0.004114295355975628,0.007637233939021826,42.341278123079064,0.9829059829059829,5.4253472222223764e-05
mesh,42,,2,hero,mesh/m042/l02_hero.bmp,640,640,captures/mesh/m042/l02_hero.jpg,0.007375785615295172,0.011608348228037357,38.70459144757683,0.9647812166488794,0.0004611545138888916
mesh,42,,3,hero,mesh/m042/l03_hero.bmp,640,640,captures/mesh/m042/l03_hero.jpg,0.012242306023836136,0.01918475702404976,34.34087393586284,0.9271383315733897,0.0008951822916666678
mesh,42,,4,hero,mesh/m042/l04_hero.bmp,640,640,captures/mesh/m042/l04_hero.jpg,0.019506875425577164,0.030533740296959877,30.304399851901195,0.8650875386199794,0.0012749565972222238
mesh,42,,5,hero,mesh/m042/l05_hero.bmp,640,640,captures/mesh/m042/l05_hero.jpg,0.03206755965948105,0.04894062131643295,26.20661042890996,0.7792079207920792,0.0016547309027777797
mesh,42,,6,hero,mesh/m042/l06_hero.bmp,640,640,captures/mesh/m042/l06_hero.jpg,0.057798054069280624,0.0830593854188919,21.61222573376707,0.5536519386834986,0.003662109375
mesh,42,,0,side,mesh/m042/l00_side.bmp,640,640,captures/mesh/m042/l00_side.jpg,0.0,0.0,99.0,1.0,0.0
mesh,42,,1,side,mesh/m042/l01_side.bmp,640,640,captures/mesh/m042/l01_side.jpg,0.0035495758056640625,0.006003935355693102,44.43127984895146,0.9747340425531915,0.00013563368055555247
mesh,42,,2,side,mesh/m042/l02_side.bmp,640,640,captures/mesh/m042/l02_side.jpg,0.006347493268549442,0.00996391661465168,40.03139831228946,0.9501965923984272,5.4253472222220295e-05
mesh,42,,3,side,mesh/m042/l03_side.bmp,640,640,captures/mesh/m042/l03_side.jpg,0.010630227625370026,0.016695575788617134,35.54797197243526,0.9119170984455959,0.00037977430555555247
mesh,42,,4,side,mesh/m042/l04_side.bmp,640,640,captures/mesh/m042/l04_side.jpg,0.01675816997885704,0.025220798328518867,31.96482341141804,0.86,5.4253472222220295e-05
mesh,42,,5,side,mesh/m042/l05_side.bmp,640,640,captures/mesh/m042/l05_side.jpg,0.026427894830703735,0.03884514421224594,28.213265237970695,0.7387173396674585,0.0007052951388888881
mesh,42,,6,side,mesh/m042/l06_side.bmp,640,640,captures/mesh/m042/l06_side.jpg,0.0515584722161293,0.07067649811506271,23.01449954181749,0.4850597609561753,2.7126736111111882e-05
mesh,42,,0,top,mesh/m042/l00_top.bmp,640,640,captures/mesh/m042/l00_top.jpg,0.0,0.0,99.0,1.0,0.0
mesh,42,,1,top,mesh/m042/l01_top.bmp,640,640,captures/mesh/m042/l01_top.jpg,0.003442719578742981,0.006352266296744347,43.941426078173215,0.9895833333333334,5.4253472222220295e-05
mesh,42,,2,top,mesh/m042/l02_top.bmp,640,640,captures/mesh/m042/l02_top.jpg,0.006540474481880665,0.010563716292381287,39.52366542137311,0.9722943722943723,0.00043402777777777624
mesh,42,,3,top,mesh/m042/l03_top.bmp,640,640,captures/mesh/m042/l03_top.jpg,0.009572145529091358,0.016072740778326988,35.87820119104257,0.9637618636755824,0.00048828125
mesh,42,,4,top,mesh/m042/l04_top.bmp,640,640,captures/mesh/m042/l04_top.jpg,0.014736819081008434,0.02429177612066269,32.29081460204238,0.9432013769363167,0.0009765625
mesh,42,,5,top,mesh/m042/l05_top.bmp,640,640,captures/mesh/m042/l05_top.jpg,0.02148454450070858,0.03484204038977623,29.157928402751413,0.902229845626072,0.002061631944444444
mesh,42,,6,top,mesh/m042/l06_top.bmp,640,640,captures/mesh/m042/l06_top.jpg,0.04004621133208275,0.06117948517203331,24.267883638849558,0.8001707941929974,0.005045572916666668
submesh,42,0,0,hero,submesh/m042_s00/l00_hero.bmp,640,640,captures/submesh/m042_s00/l00_hero.jpg,0.0,0.0,99.0,1.0,0.0
submesh,42,0,1,hero,submesh/m042_s00/l01_hero.bmp,640,640,captures/submesh/m042_s00/l01_hero.jpg,0.004114295355975628,0.007637233939021826,42.341278123079064,0.9829059829059829,5.4253472222223764e-05
submesh,42,0,2,hero,submesh/m042_s00/l02_hero.bmp,640,640,captures/submesh/m042_s00/l02_hero.jpg,0.007375785615295172,0.011608348228037357,38.70459144757683,0.9647812166488794,0.0004611545138888916
submesh,42,0,3,hero,submesh/m042_s00/l03_hero.bmp,640,640,captures/submesh/m042_s00/l03_hero.jpg,0.012242306023836136,0.01918475702404976,34.34087393586284,0.9271383315733897,0.0008951822916666678
submesh,42,0,4,hero,submesh/m042_s00/l04_hero.bmp,640,640,captures/submesh/m042_s00/l04_hero.jpg,0.019506875425577164,0.030533740296959877,30.304399851901195,0.8650875386199794,0.0012749565972222238
submesh,42,0,5,hero,submesh/m042_s00/l05_hero.bmp,640,640,captures/submesh/m042_s00/l05_hero.jpg,0.03206755965948105,0.04894062131643295,26.20661042890996,0.7792079207920792,0.0016547309027777797
submesh,42,0,6,hero,submesh/m042_s00/l06_hero.bmp,640,640,captures/submesh/m042_s00/l06_hero.jpg,0.057798054069280624,0.0830593854188919,21.61222573376707,0.5536519386834986,0.003662109375
mesh,43,,0,hero,mesh/m043/l00_hero.bmp,640,640,captures/mesh/m043/l00_hero.jpg,0.0,0.0,99.0,1.0,0.0
mesh,43,,1,hero,mesh/m043/l01_hero.bmp,640,640,captures/mesh/m043/l01_hero.jpg,0.003930641338229179,0.007836518809199333,42.11753639353109,0.9745517640254482,0.00016276041666666435
mesh,43,,2,hero,mesh/m043/l02_hero.bmp,640,640,captures/mesh/m043/l02_hero.jpg,0.00792878121137619,0.013153677806258202,37.619056004100976,0.9591954022988506,0.00029839409722222376
mesh,43,,3,hero,mesh/m043/l03_hero.bmp,640,640,captures/mesh/m043/l03_hero.jpg,0.013333184644579887,0.022032948210835457,33.13854772740733,0.9218573046432617,0.0007052951388888881
mesh,43,,4,hero,mesh/m043/l04_hero.bmp,640,640,captures/mesh/m043/l04_hero.jpg,0.02128119207918644,0.03383050113916397,29.413831377162897,0.8817927170868347,0.0016547309027777762
mesh,43,,5,hero,mesh/m043/l05_hero.bmp,640,640,captures/mesh/m043/l05_hero.jpg,0.034840360283851624,0.05497218668460846,25.197139746342664,0.7952713594841483,0.0021430121527777762
mesh,43,,6,hero,mesh/m043/l06_hero.bmp,640,640,captures/mesh/m043/l06_hero.jpg,0.07120699435472488,0.0997094213962555,20.025276078081426,0.5101744186046512,0.008219401041666664
mesh,43,,0,side,mesh/m043/l00_side.bmp,640,640,captures/mesh/m043/l00_side.jpg,0.0,0.0,99.0,1.0,0.0
mesh,43,,1,side,mesh/m043/l01_side.bmp,640,640,captures/mesh/m043/l01_side.jpg,0.0035712062381207943,0.006035531871020794,44.385689048295774,0.9707482993197278,0.000244140625
mesh,43,,2,side,mesh/m043/l02_side.bmp,640,640,captures/mesh/m043/l02_side.jpg,0.007278908044099808,0.01142602413892746,38.84209725544477,0.938337801608579,0.00010850694444444059
mesh,43,,3,side,mesh/m043/l03_side.bmp,640,640,captures/mesh/m043/l03_side.jpg,0.011888463981449604,0.01809610240161419,34.848299096813875,0.9000657462195923,5.4253472222216825e-05
mesh,43,,4,side,mesh/m043/l04_side.bmp,640,640,captures/mesh/m043/l04_side.jpg,0.019003110006451607,0.028608476743102074,30.870105311337504,0.8492012779552716,0.00016276041666666435
mesh,43,,5,side,mesh/m043/l05_side.bmp,640,640,captures/mesh/m043/l05_side.jpg,0.030191712081432343,0.04476253315806389,26.981706885483487,0.7356801909307876,0.0005696614583333287
mesh,43,,6,side,mesh/m043/l06_side.bmp,640,640,captures/mesh/m043/l06_side.jpg,0.056373123079538345,0.0773637443780899,22.229250374315697,0.43702960361264426,0.0006510416666666713
mesh,43,,0,top,mesh/m043/l00_top.bmp,640,640,captures/mesh/m043/l00_top.jpg,0.0,0.0,99.0,1.0,0.0
mesh,43,,1,top,mesh/m043/l01_top.bmp,640,640,captures/mesh/m043/l01_top.jpg,0.0038261106237769127,0.007078932598233223,43.000644455371685,0.992548435171386,8.138020833333565e-05
mesh,43,,2,top,mesh/m043/l02_top.bmp,640,640,captures/mesh/m043/l02_top.jpg,0.006713994778692722,0.010993693955242634,39.1771271436571,0.9851411589895989,0.00016276041666666435
mesh,43,,3,top,mesh/m043/l03_top.bmp,640,640,captures/mesh/m043/l03_top.jpg,0.010011663660407066,0.015945347025990486,35.94732049131447,0.9772614928324271,0.00037977430555555247
mesh,43,,4,top,mesh/m043/l04_top.bmp,640,640,captures/mesh/m043/l04_top.jpg,0.014660305343568325,0.024156494066119194,32.339321929349445,0.963402571711177,0.0011935763888888881
mesh,43,,5,top,mesh/m043/l05_top.bmp,640,640,captures/mesh/m043/l05_top.jpg,0.023295365273952484,0.04144330695271492,27.650911950384693,0.9370388588293163,0.0020616319444444475
mesh,43,,6,top,mesh/m043/l06_top.bmp,640,640,captures/mesh/m043/l06_top.jpg,0.05118115246295929,0.08091522753238678,21.839394806080033,0.7958783120706575,0.009602864583333336
submesh,43,0,0,hero,submesh/m043_s00/l00_hero.bmp,640,640,captures/submesh/m043_s00/l00_hero.jpg,0.0,0.0,99.0,1.0,0.0
submesh,43,0,1,hero,submesh/m043_s00/l01_hero.bmp,640,640,captures/submesh/m043_s00/l01_hero.jpg,0.003930641338229179,0.007836518809199333,42.11753639353109,0.9745517640254482,0.00016276041666666435
submesh,43,0,2,hero,submesh/m043_s00/l02_hero.bmp,640,640,captures/submesh/m043_s00/l02_hero.jpg,0.00792878121137619,0.013153677806258202,37.619056004100976,0.9591954022988506,0.00029839409722222376
submesh,43,0,3,hero,submesh/m043_s00/l03_hero.bmp,640,640,captures/submesh/m043_s00/l03_hero.jpg,0.013333184644579887,0.022032948210835457,33.13854772740733,0.9218573046432617,0.0007052951388888881
submesh,43,0,4,hero,submesh/m043_s00/l04_hero.bmp,640,640,captures/submesh/m043_s00/l04_hero.jpg,0.02128119207918644,0.03383050113916397,29.413831377162897,0.8817927170868347,0.0016547309027777762
submesh,43,0,5,hero,submesh/m043_s00/l05_hero.bmp,640,640,captures/submesh/m043_s00/l05_hero.jpg,0.034840360283851624,0.05497218668460846,25.197139746342664,0.7952713594841483,0.0021430121527777762
submesh,43,0,6,hero,submesh/m043_s00/l06_hero.bmp,640,640,captures/submesh/m043_s00/l06_hero.jpg,0.07120699435472488,0.0997094213962555,20.025276078081426,0.5101744186046512,0.008219401041666664
mesh,44,,0,hero,mesh/m044/l00_hero.bmp,640,640,captures/mesh/m044/l00_hero.jpg,0.0,0.0,99.0,1.0,0.0
mesh,44,,1,hero,mesh/m044/l01_hero.bmp,640,640,captures/mesh/m044/l01_hero.jpg,0.003948229365050793,0.008021079935133457,41.91534311238459,0.9826946847960445,0.0002712673611111119
mesh,44,,2,hero,mesh/m044/l02_hero.bmp,640,640,captures/mesh/m044/l02_hero.jpg,0.008335736580193043,0.013800462707877159,37.20212704283186,0.9656862745098039,0.0002712673611111119
mesh,44,,3,hero,mesh/m044/l03_hero.bmp,640,640,captures/mesh/m044/l03_hero.jpg,0.013606186024844646,0.022321486845612526,33.02553760388423,0.9393571861734384,0.0005425347222222238
mesh,44,,4,hero,mesh/m044/l04_hero.bmp,640,640,captures/mesh/m044/l04_hero.jpg,0.022468963637948036,0.0367046557366848,28.70557689887648,0.8917159763313609,0.0005696614583333287
mesh,44,,5,hero,mesh/m044/l05_hero.bmp,640,640,captures/mesh/m044/l05_hero.jpg,0.03681905195116997,0.0601215623319149,24.419394845364106,0.7843026538678712,0.0015733506944444406
mesh,44,,6,hero,mesh/m044/l06_hero.bmp,640,640,captures/mesh/m044/l06_hero.jpg,0.0667983740568161,0.09489216655492783,20.455392750903137,0.5253132832080201,0.004747178819444441
mesh,44,,0,side,mesh/m044/l00_side.bmp,640,640,captures/mesh/m044/l00_side.jpg,0.0,0.0,99.0,1.0,0.0
mesh,44,,1,side,mesh/m044/l01_side.bmp,640,640,captures/mesh/m044/l01_side.jpg,0.0038824647199362516,0.007256519515067339,42.78543264891971,0.9764957264957265,2.7126736111111882e-05
mesh,44,,2,side,mesh/m044/l02_side.bmp,640,640,captures/mesh/m044/l02_side.jpg,0.007698812987655401,0.012907462194561958,37.78318276619922,0.9451476793248945,0.00021701388888888812
mesh,44,,3,side,mesh/m044/l03_side.bmp,640,640,captures/mesh/m044/l03_side.jpg,0.011650450527668,0.018188560381531715,34.8040334767832,0.9091534755677908,0.0
mesh,44,,4,side,mesh/m044/l04_side.bmp,640,640,captures/mesh/m044/l04_side.jpg,0.01790631003677845,0.027634236961603165,31.171050453697873,0.8434782608695652,0.00048828125
mesh,44,,5,side,mesh/m044/l05_side.bmp,640,640,captures/mesh/m044/l05_side.jpg,0.032594770193099976,0.048349469900131226,26.31216566252338,0.74125,0.00032552083333333565
mesh,44,,6,side,mesh/m044/l06_side.bmp,640,640,captures/mesh/m044/l06_side.jpg,0.06065960228443146,0.08295561373233795,21.623084385563146,0.4804917156600748,0.00010850694444444753
mesh,44,,0,top,mesh/m044/l00_top.bmp,640,640,captures/mesh/m044/l00_top.jpg,0.0,0.0,99.0,1.0,0.0
mesh,44,,1,top,mesh/m044/l01_top.bmp,640,640,captures/mesh/m044/l01_top.jpg,0.0035189862828701735,0.006907593924552202,43.21346402287277,0.9938650306748467,0.0
mesh,44,,2,top,mesh/m044/l02_top.bmp,640,640,captures/mesh/m044/l02_top.jpg,0.006947189103811979,0.01194997038692236,38.45266341868866,0.9816737935247404,0.00016276041666666435
mesh,44,,3,top,mesh/m044/l03_top.bmp,640,640,captures/mesh/m044/l03_top.jpg,0.011096375063061714,0.018043139949440956,34.87375764624365,0.9731870810481413,0.0003255208333333287
mesh,44,,4,top,mesh/m044/l04_top.bmp,640,640,captures/mesh/m044/l04_top.jpg,0.01574362814426422,0.027262281626462936,31.2887560028101,0.9585618525289458,0.0009765625
mesh,44,,5,top,mesh/m044/l05_top.bmp,640,640,captures/mesh/m044/l05_top.jpg,0.027444666251540184,0.04839461296796799,26.30405958053908,0.8979468599033816,0.002902560763888888
mesh,44,,6,top,mesh/m044/l06_top.bmp,640,640,captures/mesh/m044/l06_top.jpg,0.05164109170436859,0.07982324063777924,21.957412896979132,0.7964975845410628,0.0074598524305555525
submesh,44,0,0,hero,submesh/m044_s00/l00_hero.bmp,640,640,captures/submesh/m044_s00/l00_hero.jpg,0.0,0.0,99.0,1.0,0.0
submesh,44,0,1,hero,submesh/m044_s00/l01_hero.bmp,640,640,captures/submesh/m044_s00/l01_hero.jpg,0.003948229365050793,0.008021079935133457,41.91534311238459,0.9826946847960445,0.0002712673611111119
submesh,44,0,2,hero,submesh/m044_s00/l02_hero.bmp,640,640,captures/submesh/m044_s00/l02_hero.jpg,0.008335736580193043,0.013800462707877159,37.20212704283186,0.9656862745098039,0.0002712673611111119
submesh,44,0,3,hero,submesh/m044_s00/l03_hero.bmp,640,640,captures/submesh/m044_s00/l03_hero.jpg,0.013606186024844646,0.022321486845612526,33.02553760388423,0.9393571861734384,0.0005425347222222238
submesh,44,0,4,hero,submesh/m044_s00/l04_hero.bmp,640,640,captures/submesh/m044_s00/l04_hero.jpg,0.022468963637948036,0.0367046557366848,28.70557689887648,0.8917159763313609,0.0005696614583333287
submesh,44,0,5,hero,submesh/m044_s00/l05_hero.bmp,640,640,captures/submesh/m044_s00/l05_hero.jpg,0.03681905195116997,0.0601215623319149,24.419394845364106,0.7843026538678712,0.0015733506944444406
submesh,44,0,6,hero,submesh/m044_s00/l06_hero.bmp,640,640,captures/submesh/m044_s00/l06_hero.jpg,0.0667983740568161,0.09489216655492783,20.455392750903137,0.5253132832080201,0.004747178819444441
mesh,45,,0,hero,mesh/m045/l00_hero.bmp,640,640,captures/mesh/m045/l00_hero.jpg,0.0,0.0,99.0,1.0,0.0
mesh,45,,1,hero,mesh/m045/l01_hero.bmp,640,640,captures/mesh/m045/l01_hero.jpg,0.004069806542247534,0.007229553535580635,42.817770438675566,0.9536082474226805,8.138020833333304e-05
mesh,45,,2,hero,mesh/m045/l02_hero.bmp,640,640,captures/mesh/m045/l02_hero.jpg,0.007470622193068266,0.011800773441791534,38.56179054795523,0.9533678756476683,2.7126736111111015e-05
mesh,45,,3,hero,mesh/m045/l03_hero.bmp,640,640,captures/mesh/m045/l03_hero.jpg,0.009864564053714275,0.01609533280134201,35.86600078057122,0.9226804123711341,8.138020833333304e-05
mesh,45,,4,hero,mesh/m045/l04_hero.bmp,640,640,captures/mesh/m045/l04_hero.jpg,0.016584141179919243,0.02657400071620941,31.51086115253412,0.8737373737373737,0.00013563368055555594
mesh,45,,5,hero,mesh/m045/l05_hero.bmp,640,640,captures/mesh/m045/l05_hero.jpg,0.028738947585225105,0.04333341121673584,27.263542437040414,0.7647058823529411,0.00043402777777777797
mesh,45,,6,hero,mesh/m045/l06_hero.bmp,640,640,captures/mesh/m045/l06_hero.jpg,0.05540280044078827,0.07875225692987442,22.074739821714495,0.5363984674329502,0.000678168402777778
mesh,45,,0,side,mesh/m045/l00_side.bmp,640,640,captures/mesh/m045/l00_side.jpg,0.0,0.0,99.0,1.0,0.0
mesh,45,,1,side,mesh/m045/l01_side.bmp,640,640,captures/mesh/m045/l01_side.jpg,0.0036213991697877645,0.0060815149918198586,44.319764366426824,0.9703703703703703,0.0
mesh,45,,2,side,mesh/m045/l02_side.bmp,640,640,captures/mesh/m045/l02_side.jpg,0.007337436079978943,0.010775310918688774,39.35140379072707,0.927007299270073,5.425347222222246e-05
mesh,45,,3,side,mesh/m045/l03_side.bmp,640,640,captures/mesh/m045/l03_side.jpg,0.008800515905022621,0.012568796053528786,38.01412641501672,0.9084507042253521,0.0001356336805555555
mesh,45,,4,side,mesh/m045/l04_side.bmp,640,640,captures/mesh/m045/l04_side.jpg,0.014940561726689339,0.023009715601801872,32.76177498284739,0.8322147651006712,0.00018988715277777754
mesh,45,,5,side,mesh/m045/l05_side.bmp,640,640,captures/mesh/m045/l05_side.jpg,0.023699525743722916,0.03180437162518501,29.95026361150254,0.726027397260274,0.00037977430555555594
mesh,45,,6,side,mesh/m045/l06_side.bmp,640,640,captures/mesh/m045/l06_side.jpg,0.04885537177324295,0.067673459649086,23.391632412963798,0.441025641025641,0.0004069010416666661
mesh,45,,0,top,mesh/m045/l00_top.bmp,640,640,captures/mesh/m045/l00_top.jpg,0.0,0.0,99.0,1.0,0.0
mesh,45,,1,top,mesh/m045/l01_top.bmp,640,640,captures/mesh/m045/l01_top.jpg,0.0024865365121513605,0.005648937076330185,44.960665257104864,0.9926650366748166,8.138020833333218e-05
mesh,45,,2,top,mesh/m045/l02_top.bmp,640,640,captures/mesh/m045/l02_top.jpg,0.00609492976218462,0.009868433699011803,40.115035446822574,0.9660194174757282,5.4253472222223764e-05
mesh,45,,3,top,mesh/m045/l03_top.bmp,640,640,captures/mesh/m045/l03_top.jpg,0.008846476674079895,0.01416046917438507,36.97844714129944,0.9515738498789347,0.00016276041666666782
mesh,45,,4,top,mesh/m045/l04_top.bmp,640,640,captures/mesh/m045/l04_top.jpg,0.012067091651260853,0.019395655021071434,34.24591098048626,0.9253012048192771,0.0003526475694444458
mesh,45,,5,top,mesh/m045/l05_top.bmp,640,640,captures/mesh/m045/l05_top.jpg,0.02031943015754223,0.03383322060108185,29.413133190734516,0.8705035971223022,0.0008680555555555559
mesh,45,,6,top,mesh/m045/l06_top.bmp,640,640,captures/mesh/m045/l06_top.jpg,0.048132359981536865,0.0732964277267456,22.698343824058107,0.6763285024154589,0.003200954861111112
submesh,45,0,0,hero,submesh/m045_s00/l00_hero.bmp,640,640,captures/submesh/m045_s00/l00_hero.jpg,0.0,0.0,99.0,1.0,0.0
submesh,45,0,1,hero,submesh/m045_s00/l01_hero.bmp,640,640,captures/submesh/m045_s00/l01_hero.jpg,0.004069806542247534,0.007229553535580635,42.817770438675566,0.9536082474226805,8.138020833333304e-05
submesh,45,0,2,hero,submesh/m045_s00/l02_hero.bmp,640,640,captures/submesh/m045_s00/l02_hero.jpg,0.007470622193068266,0.011800773441791534,38.56179054795523,0.9533678756476683,2.7126736111111015e-05
submesh,45,0,3,hero,submesh/m045_s00/l03_hero.bmp,640,640,captures/submesh/m045_s00/l03_hero.jpg,0.009864564053714275,0.01609533280134201,35.86600078057122,0.9226804123711341,8.138020833333304e-05
submesh,45,0,4,hero,submesh/m045_s00/l04_hero.bmp,640,640,captures/submesh/m045_s00/l04_hero.jpg,0.016584141179919243,0.02657400071620941,31.51086115253412,0.8737373737373737,0.00013563368055555594
submesh,45,0,5,hero,submesh/m045_s00/l05_hero.bmp,640,640,captures/submesh/m045_s00/l05_hero.jpg,0.028738947585225105,0.04333341121673584,27.263542437040414,0.7647058823529411,0.00043402777777777797
submesh,45,0,6,hero,submesh/m045_s00/l06_hero.bmp,640,640,captures/submesh/m045_s00/l06_hero.jpg,0.05540280044078827,0.07875225692987442,22.074739821714495,0.5363984674329502,0.000678168402777778
mesh,46,,0,hero,mesh/m046/l00_hero.bmp,640,640,captures/mesh/m046/l00_hero.jpg,0.0,0.0,99.0,1.0,0.0
mesh,46,,1,hero,mesh/m046/l01_hero.bmp,640,640,captures/mesh/m046/l01_hero.jpg,0.004490554798394442,0.008547666482627392,41.36304863418445,0.9790842283776144,0.0004069010416666713
mesh,46,,2,hero,mesh/m046/l02_hero.bmp,640,640,captures/mesh/m046/l02_hero.jpg,0.008069325238466263,0.013399006798863411,37.45854785025496,0.9623595505617978,0.0006239149305555594
mesh,46,,3,hero,mesh/m046/l03_hero.bmp,640,640,captures/mesh/m046/l03_hero.jpg,0.013766023330390453,0.02163895219564438,33.295275450484006,0.9258028792912514,0.0010308159722222238
mesh,46,,4,hero,mesh/m046/l04_hero.bmp,640,640,captures/mesh/m046/l04_hero.jpg,0.020692924037575722,0.0325021892786026,29.761747697595382,0.8793290043290043,0.0011664496527777832
mesh,46,,5,hero,mesh/m046/l05_hero.bmp,640,640,captures/mesh/m046/l05_hero.jpg,0.034535448998212814,0.05440346896648407,25.287468143915362,0.7760657421674371,0.0015733506944444475
mesh,46,,6,hero,mesh/m046/l06_hero.bmp,640,640,captures/mesh/m046/l06_hero.jpg,0.07117393612861633,0.0990537777543068,20.082579130108282,0.49018669219722355,0.010932074652777783
mesh,46,,0,side,mesh/m046/l00_side.bmp,640,640,captures/mesh/m046/l00_side.jpg,0.0,0.0,99.0,1.0,0.0
mesh,46,,1,side,mesh/m046/l01_side.bmp,640,640,captures/mesh/m046/l01_side.jpg,0.0037289203610271215,0.006759451236575842,43.401771213122544,0.9705248023005032,0.00029839409722222376
mesh,46,,2,side,mesh/m046/l02_side.bmp,640,640,captures/mesh/m046/l02_side.jpg,0.006978509947657585,0.01077744085341692,39.34968703750309,0.9486813970064149,0.00010850694444444753
mesh,46,,3,side,mesh/m046/l03_side.bmp,640,640,captures/mesh/m046/l03_side.jpg,0.011461853049695492,0.01709832437336445,35.34092896298528,0.9120725750174459,0.0002712673611111119
mesh,46,,4,side,mesh/m046/l04_side.bmp,640,640,captures/mesh/m046/l04_side.jpg,0.017561348155140877,0.02700352482497692,31.37159085598855,0.8507061197041023,0.0005967881944444475
mesh,46,,5,side,mesh/m046/l05_side.bmp,640,640,captures/mesh/m046/l05_side.jpg,0.029966067522764206,0.0447450689971447,26.98509635794477,0.7156308851224106,8.138020833333565e-05
mesh,46,,6,side,mesh/m046/l06_side.bmp,640,640,captures/mesh/m046/l06_side.jpg,0.0574786551296711,0.07766640186309814,22.1953362883599,0.4171848501978519,0.006049262152777776
mesh,46,,0,top,mesh/m046/l00_top.bmp,640,640,captures/mesh/m046/l00_top.jpg,0.0,0.0,99.0,1.0,0.0
mesh,46,,1,top,mesh/m046/l01_top.bmp,640,640,captures/mesh/m046/l01_top.jpg,0.003959973808377981,0.007758042775094509,42.204956603674404,0.9907508161044614,8.138020833333565e-05
mesh,46,,2,top,mesh/m046/l02_top.bmp,640,640,captures/mesh/m046/l02_top.jpg,0.007781940512359142,0.012552506290376186,38.02539104635376,0.9847577572128471,0.0002712673611111119
mesh,46,,3,top,mesh/m046/l03_top.bmp,640,640,captures/mesh/m046/l03_top.jpg,0.011379070580005646,0.018254516646265984,34.772593241289876,0.9712581344902386,0.0005696614583333356
mesh,46,,4,top,mesh/m046/l04_top.bmp,640,640,captures/mesh/m046/l04_top.jpg,0.01681639812886715,0.027272477746009827,31.28550807905755,0.956287101996762,0.0008409288194444475
mesh,46,,5,top,mesh/m046/l05_top.bmp,640,640,captures/mesh/m046/l05_top.jpg,0.027253029868006706,0.04601413756608963,26.742174269140207,0.9004867495943754,0.0038519965277777762
mesh,46,,6,top,mesh/m046/l06_top.bmp,640,640,captures/mesh/m046/l06_top.jpg,0.052351951599121094,0.08223110437393188,21.69927754145819,0.770021645021645,0.010443793402777776
submesh,46,0,0,hero,submesh/m046_s00/l00_hero.bmp,640,640,captures/submesh/m046_s00/l00_hero.jpg,0.0,0.0,99.0,1.0,0.0
submesh,46,0,1,hero,submesh/m046_s00/l01_hero.bmp,640,640,captures/submesh/m046_s00/l01_hero.jpg,0.004490554798394442,0.008547666482627392,41.36304863418445,0.9790842283776144,0.0004069010416666713
submesh,46,0,2,hero,submesh/m046_s00/l02_hero.bmp,640,640,captures/submesh/m046_s00/l02_hero.jpg,0.008069325238466263,0.013399006798863411,37.45854785025496,0.9623595505617978,0.0006239149305555594
submesh,46,0,3,hero,submesh/m046_s00/l03_hero.bmp,640,640,captures/submesh/m046_s00/l03_hero.jpg,0.013766023330390453,0.02163895219564438,33.295275450484006,0.9258028792912514,0.0010308159722222238
submesh,46,0,4,hero,submesh/m046_s00/l04_hero.bmp,640,640,captures/submesh/m046_s00/l04_hero.jpg,0.020692924037575722,0.0325021892786026,29.761747697595382,0.8793290043290043,0.0011664496527777832
submesh,46,0,5,hero,submesh/m046_s00/l05_hero.bmp,640,640,captures/submesh/m046_s00/l05_hero.jpg,0.034535448998212814,0.05440346896648407,25.287468143915362,0.7760657421674371,0.0015733506944444475
submesh,46,0,6,hero,submesh/m046_s00/l06_hero.bmp,640,640,captures/submesh/m046_s00/l06_hero.jpg,0.07117393612861633,0.0990537777543068,20.082579130108282,0.49018669219722355,0.010932074652777783
mesh,47,,0,hero,mesh/m047/l00_hero.bmp,640,640,captures/mesh/m047/l00_hero.jpg,0.0,0.0,99.0,1.0,0.0
mesh,47,,1,hero,mesh/m047/l01_hero.bmp,640,640,captures/mesh/m047/l01_hero.jpg,0.002452744171023369,0.00414544390514493,47.64857914433655,0.9921491658488715,0.0
mesh,47,,2,hero,mesh/m047/l02_hero.bmp,640,640,captures/mesh/m047/l02_hero.jpg,0.00398308364674449,0.006189998239278793,44.16618949026521,0.9901960784313726,0.0
mesh,47,,3,hero,mesh/m047/l03_hero.bmp,640,640,captures/mesh/m047/l03_hero.jpg,0.00599477905780077,0.00919919554144144,40.725002990455266,0.9786200194363459,0.00016276041666666782
mesh,47,,4,hero,mesh/m047/l04_hero.bmp,640,640,captures/mesh/m047/l04_hero.jpg,0.009497469291090965,0.015310632064938545,36.300137601255116,0.9669260700389105,0.00021701388888888812
mesh,47,,5,hero,mesh/m047/l05_hero.bmp,640,640,captures/mesh/m047/l05_hero.jpg,0.01486627571284771,0.0234800074249506,32.586035401798036,0.9428848015488868,0.0006239149305555525
mesh,47,,6,hero,mesh/m047/l06_hero.bmp,640,640,captures/mesh/m047/l06_hero.jpg,0.03316962718963623,0.04960036650300026,26.09030228888857,0.8389830508474576,0.0020887586805555525
mesh,47,,0,side,mesh/m047/l00_side.bmp,640,640,captures/mesh/m047/l00_side.jpg,0.0,0.0,99.0,1.0,0.0
mesh,47,,1,side,mesh/m047/l01_side.bmp,640,640,captures/mesh/m047/l01_side.jpg,0.0018704236717894673,0.003149912226945162,50.03403095522052,0.9956602603843769,2.7126736111111882e-05
mesh,47,,2,side,mesh/m047/l02_side.bmp,640,640,captures/mesh/m047/l02_side.jpg,0.003209291957318783,0.0048957038670778275,46.203697196267875,0.993188854489164,2.7126736111111882e-05
mesh,47,,3,side,mesh/m047/l03_side.bmp,640,640,captures/mesh/m047/l03_side.jpg,0.004341389983892441,0.006480953190475702,43.767222305673954,0.9888613861386139,0.00016276041666666435
mesh,47,,4,side,mesh/m047/l04_side.bmp,640,640,captures/mesh/m047/l04_side.jpg,0.006775451358407736,0.010181508958339691,39.84375704565133,0.9802590993214065,0.0002712673611111119
mesh,47,,5,side,mesh/m047/l05_side.bmp,640,640,captures/mesh/m047/l05_side.jpg,0.01044063363224268,0.015456374734640121,36.21784722952724,0.965559655596556,0.0006510416666666644
mesh,47,,6,side,mesh/m047/l06_side.bmp,640,640,captures/mesh/m047/l06_side.jpg,0.022114815190434456,0.03507833182811737,29.099221359181353,0.9080949482653682,0.0023057725694444406
mesh,47,,0,top,mesh/m047/l00_top.bmp,640,640,captures/mesh/m047/l00_top.jpg,0.0,0.0,99.0,1.0,0.0
mesh,47,,1,top,mesh/m047/l01_top.bmp,640,640,captures/mesh/m047/l01_top.jpg,0.0020648713689297438,0.004022146575152874,47.91084213763898,0.9949066213921901,0.00013563368055556635
mesh,47,,2,top,mesh/m047/l02_top.bmp,640,640,captures/mesh/m047/l02_top.jpg,0.00358422938734293,0.006102568469941616,44.28974678323472,0.9928692699490662,2.7126736111104943e-05
mesh,47,,3,top,mesh/m047/l03_top.bmp,640,640,captures/mesh/m047/l03_top.jpg,0.004959969315677881,0.00829789787530899,41.62063828930385,0.989159891598916,5.4253472222223764e-05
mesh,47,,4,top,mesh/m047/l04_top.bmp,640,640,captures/mesh/m047/l04_top.jpg,0.007427193224430084,0.012577245943248272,38.00828893074551,0.9850898000677737,0.0003255208333333287
mesh,47,,5,top,mesh/m047/l05_top.bmp,640,640,captures/mesh/m047/l05_top.jpg,0.010608193464577198,0.017391672357916832,35.19317309727277,0.9716885743174924,0.0005425347222222099
mesh,47,,6,top,mesh/m047/l06_top.bmp,640,640,captures/mesh/m047/l06_top.jpg,0.023334277793765068,0.04065695032477379,27.817304017547812,0.9117745722911774,0.004638671875
submesh,47,0,0,hero,submesh/m047_s00/l00_hero.bmp,640,640,captures/submesh/m047_s00/l00_hero.jpg,0.0,0.0,99.0,1.0,0.0
submesh,47,0,1,hero,submesh/m047_s00/l01_hero.bmp,640,640,captures/submesh/m047_s00/l01_hero.jpg,0.002452744171023369,0.00414544390514493,47.64857914433655,0.9921491658488715,0.0
submesh,47,0,2,hero,submesh/m047_s00/l02_hero.bmp,640,640,captures/submesh/m047_s00/l02_hero.jpg,0.00398308364674449,0.006189998239278793,44.16618949026521,0.9901960784313726,0.0
submesh,47,0,3,hero,submesh/m047_s00/l03_hero.bmp,640,640,captures/submesh/m047_s00/l03_hero.jpg,0.00599477905780077,0.00919919554144144,40.725002990455266,0.9786200194363459,0.00016276041666666782
submesh,47,0,4,hero,submesh/m047_s00/l04_hero.bmp,640,640,captures/submesh/m047_s00/l04_hero.jpg,0.009497469291090965,0.015310632064938545,36.300137601255116,0.9669260700389105,0.00021701388888888812
submesh,47,0,5,hero,submesh/m047_s00/l05_hero.bmp,640,640,captures/submesh/m047_s00/l05_hero.jpg,0.01486627571284771,0.0234800074249506,32.586035401798036,0.9428848015488868,0.0006239149305555525
submesh,47,0,6,hero,submesh/m047_s00/l06_hero.bmp,640,640,captures/submesh/m047_s00/l06_hero.jpg,0.03316962718963623,0.04960036650300026,26.09030228888857,0.8389830508474576,0.0020887586805555525
mesh,48,,0,hero,mesh/m048/l00_hero.bmp,640,640,captures/mesh/m048/l00_hero.jpg,0.0,0.0,99.0,1.0,0.0
mesh,48,,1,hero,mesh/m048/l01_hero.bmp,640,640,captures/mesh/m048/l01_hero.jpg,0.0025380931328982115,0.004536488093435764,46.86560449287691,0.9951367781155015,5.4253472222223764e-05
mesh,48,,2,hero,mesh/m048/l02_hero.bmp,640,640,captures/mesh/m048/l02_hero.jpg,0.003956490196287632,0.006200669799000025,44.151227905847506,0.9896782027929569,0.00018988715277778317
mesh,48,,3,hero,mesh/m048/l03_hero.bmp,640,640,captures/mesh/m048/l03_hero.jpg,0.0059533873572945595,0.009482407942414284,40.461627296881105,0.9829993928354585,0.00048828125
mesh,48,,4,hero,mesh/m048/l04_hero.bmp,640,640,captures/mesh/m048/l04_hero.jpg,0.009625309146940708,0.015233301557600498,36.344119211210455,0.9649334945586457,0.0009223090277777832
mesh,48,,5,hero,mesh/m048/l05_hero.bmp,640,640,captures/mesh/m048/l05_hero.jpg,0.014450443908572197,0.02223953604698181,33.05748554174328,0.9334133173365327,0.0016547309027777832
mesh,48,,6,hero,mesh/m048/l06_hero.bmp,640,640,captures/mesh/m048/l06_hero.jpg,0.031243061646819115,0.04571821540594101,26.798214609489076,0.8484669811320755,0.004041883680555559
mesh,48,,0,side,mesh/m048/l00_side.bmp,640,640,captures/mesh/m048/l00_side.jpg,0.0,0.0,99.0,1.0,0.0
mesh,48,,1,side,mesh/m048/l01_side.bmp,640,640,captures/mesh/m048/l01_side.jpg,0.00205255881883204,0.003576241433620453,48.93146338952641,0.9938949938949939,2.712673611111882e-05
mesh,48,,2,side,mesh/m048/l02_side.bmp,640,640,captures/mesh/m048/l02_side.jpg,0.0033174322452396154,0.005144451279193163,45.77321882863256,0.9906427990235964,0.00013563368055555247
mesh,48,,3,side,mesh/m048/l03_side.bmp,640,640,captures/mesh/m048/l03_side.jpg,0.0048240129835903645,0.007338215131312609,42.68819120735937,0.9869971556277936,0.00021701388888888118
mesh,48,,4,side,mesh/m048/l04_side.bmp,640,640,captures/mesh/m048/l04_side.jpg,0.00697732949629426,0.010751115158200264,39.37092972532173,0.9821645723550871,0.00021701388888888118
mesh,48,,5,side,mesh/m048/l05_side.bmp,640,640,captures/mesh/m048/l05_side.jpg,0.010586915537714958,0.016281377524137497,35.76617706777828,0.9684848484848485,0.0007052951388888812
mesh,48,,6,side,mesh/m048/l06_side.bmp,640,640,captures/mesh/m048/l06_side.jpg,0.020291026681661606,0.029956351965665817,30.470221508133136,0.9223928860145514,0.0038519965277777762
mesh,48,,0,top,mesh/m048/l00_top.bmp,640,640,captures/mesh/m048/l00_top.jpg,0.0,0.0,99.0,1.0,0.0
mesh,48,,1,top,mesh/m048/l01_top.bmp,640,640,captures/mesh/m048/l01_top.jpg,0.0020546764135360718,0.0036958560813218355,48.64569897579568,0.995035681042507,5.4253472222223764e-05
mesh,48,,2,top,mesh/m048/l02_top.bmp,640,640,captures/mesh/m048/l02_top.jpg,0.003500980557873845,0.005701767280697823,44.879810250427056,0.9937946013031337,5.4253472222209886e-05
mesh,48,,3,top,mesh/m048/l03_top.bmp,640,640,captures/mesh/m048/l03_top.jpg,0.005000821314752102,0.007701321039348841,42.268695442289385,0.9906919019547006,0.0003255208333333287
mesh,48,,4,top,mesh/m048/l04_top.bmp,640,640,captures/mesh/m048/l04_top.jpg,0.00708681158721447,0.010953300632536411,39.20909984387348,0.9851485148514851,0.0003255208333333287
mesh,48,,5,top,mesh/m048/l05_top.bmp,640,640,captures/mesh/m048/l05_top.jpg,0.01065787672996521,0.017110301181674004,35.33484691567963,0.9734239802224969,0.0011393229166666574
mesh,48,,6,top,mesh/m048/l06_top.bmp,640,640,captures/mesh/m048/l06_top.jpg,0.019895480945706367,0.03069002367556095,30.260055530704367,0.9292062519154153,0.0036078559027777762
submesh,48,0,0,hero,submesh/m048_s00/l00_hero.bmp,640,640,captures/submesh/m048_s00/l00_hero.jpg,0.0,0.0,99.0,1.0,0.0
submesh,48,0,1,hero,submesh/m048_s00/l01_hero.bmp,640,640,captures/submesh/m048_s00/l01_hero.jpg,0.0025380931328982115,0.004536488093435764,46.86560449287691,0.9951367781155015,5.4253472222223764e-05
submesh,48,0,2,hero,submesh/m048_s00/l02_hero.bmp,640,640,captures/submesh/m048_s00/l02_hero.jpg,0.003956490196287632,0.006200669799000025,44.151227905847506,0.9896782027929569,0.00018988715277778317
submesh,48,0,3,hero,submesh/m048_s00/l03_hero.bmp,640,640,captures/submesh/m048_s00/l03_hero.jpg,0.0059533873572945595,0.009482407942414284,40.461627296881105,0.9829993928354585,0.00048828125
submesh,48,0,4,hero,submesh/m048_s00/l04_hero.bmp,640,640,captures/submesh/m048_s00/l04_hero.jpg,0.009625309146940708,0.015233301557600498,36.344119211210455,0.9649334945586457,0.0009223090277777832
submesh,48,0,5,hero,submesh/m048_s00/l05_hero.bmp,640,640,captures/submesh/m048_s00/l05_hero.jpg,0.014450443908572197,0.02223953604698181,33.05748554174328,0.9334133173365327,0.0016547309027777832
submesh,48,0,6,hero,submesh/m048_s00/l06_hero.bmp,640,640,captures/submesh/m048_s00/l06_hero.jpg,0.031243061646819115,0.04571821540594101,26.798214609489076,0.8484669811320755,0.004041883680555559
mesh,49,,0,hero,mesh/m049/l00_hero.bmp,640,640,captures/mesh/m049/l00_hero.jpg,0.0,0.0,99.0,1.0,0.0
mesh,49,,1,hero,mesh/m049/l01_hero.bmp,640,640,captures/mesh/m049/l01_hero.jpg,0.0022349273785948753,0.0038457990158349276,48.300268320799574,0.9915198956294846,2.7126736111111882e-05
mesh,49,,2,hero,mesh/m049/l02_hero.bmp,640,640,captures/mesh/m049/l02_hero.jpg,0.0034841333981603384,0.00524854613468051,45.59921961998899,0.9882583170254403,0.00010850694444444059
mesh,49,,3,hero,mesh/m049/l03_hero.bmp,640,640,captures/mesh/m049/l03_hero.jpg,0.00468565383926034,0.0069247824139893055,43.19187736335944,0.982444733420026,8.138020833332871e-05
mesh,49,,4,hero,mesh/m049/l04_hero.bmp,640,640,captures/mesh/m049/l04_hero.jpg,0.007060180883854628,0.010511507280170918,39.56670009137468,0.9733939000648929,0.0002983940972222168
mesh,49,,5,hero,mesh/m049/l05_hero.bmp,640,640,captures/mesh/m049/l05_hero.jpg,0.010762723162770271,0.016621196642518044,35.58675424818108,0.9531751122514432,0.00018988715277777624
mesh,49,,6,hero,mesh/m049/l06_hero.bmp,640,640,captures/mesh/m049/l06_hero.jpg,0.023890787735581398,0.036262232810258865,28.810909163486492,0.8593272171253823,0.0003255208333333287
mesh,49,,0,side,mesh/m049/l00_side.bmp,640,640,captures/mesh/m049/l00_side.jpg,0.0,0.0,99.0,1.0,0.0
mesh,49,,1,side,mesh/m049/l01_side.bmp,640,640,captures/mesh/m049/l01_side.jpg,0.0020758272148668766,0.0037177938502281904,48.59429390607791,0.9932301740812379,5.4253472222223764e-05
mesh,49,,2,side,mesh/m049/l02_side.bmp,640,640,captures/mesh/m049/l02_side.jpg,0.003276494797319174,0.00513119762763381,45.79562516416,0.9922742636407532,0.00016276041666666435
mesh,49,,3,side,mesh/m049/l03_side.bmp,640,640,captures/mesh/m049/l03_side.jpg,0.004695404786616564,0.007227043621242046,42.82078647888593,0.9884113954611299,5.4253472222223764e-05
mesh,49,,4,side,mesh/m049/l04_side.bmp,640,640,captures/mesh/m049/l04_side.jpg,0.0063770245760679245,0.009762028232216835,40.20919881357714,0.9793368572801537,2.7126736111111882e-05
mesh,49,,5,side,mesh/m049/l05_side.bmp,640,640,captures/mesh/m049/l05_side.jpg,0.010199964046478271,0.015560361556708813,36.15960632140056,0.9645254074784276,0.0005967881944444406
mesh,49,,6,side,mesh/m049/l06_side.bmp,640,640,captures/mesh/m049/l06_side.jpg,0.020474186167120934,0.031915076076984406,29.920082319826776,0.8985439173320808,0.0021158854166666644
mesh,49,,0,top,mesh/m049/l00_top.bmp,640,640,captures/mesh/m049/l00_top.jpg,0.0,0.0,99.0,1.0,0.0
mesh,49,,1,top,mesh/m049/l01_top.bmp,640,640,captures/mesh/m049/l01_top.jpg,0.0020158677361905575,0.0036628441885113716,48.723631102597466,0.9964589235127479,0.00010850694444444753
mesh,49,,2,top,mesh/m049/l02_top.bmp,640,640,captures/mesh/m049/l02_top.jpg,0.0032615025993436575,0.005310170352458954,45.497830926972554,0.9918670438472419,2.7126736111104943e-05
mesh,49,,3,top,mesh/m049/l03_top.bmp,640,640,captures/mesh/m049/l03_top.jpg,0.004524495452642441,0.007401530630886555,42.61356918427563,0.9883185840707964,0.00046115451388889506
mesh,49,,4,top,mesh/m049/l04_top.bmp,640,640,captures/mesh/m049/l04_top.jpg,0.006645072717219591,0.011220197193324566,38.99999020701574,0.9816059426954369,0.0008680555555555525
mesh,49,,5,top,mesh/m049/l05_top.bmp,640,640,captures/mesh/m049/l05_top.jpg,0.009201064705848694,0.016894038766622543,35.44533027159958,0.9731827805222301,0.0011393229166666713
mesh,49,,6,top,mesh/m049/l06_top.bmp,640,640,captures/mesh/m049/l06_top.jpg,0.018155056983232498,0.0299399234354496,30.474986292019825,0.9281748785565579,0.0020887586805555525
submesh,49,0,0,hero,submesh/m049_s00/l00_hero.bmp,640,640,captures/submesh/m049_s00/l00_hero.jpg,0.0,0.0,99.0,1.0,0.0
submesh,49,0,1,hero,submesh/m049_s00/l01_hero.bmp,640,640,captures/submesh/m049_s00/l01_hero.jpg,0.0022349273785948753,0.0038457990158349276,48.300268320799574,0.9915198956294846,2.7126736111111882e-05
submesh,49,0,2,hero,submesh/m049_s00/l02_hero.bmp,640,640,captures/submesh/m049_s00/l02_hero.jpg,0.0034841333981603384,0.00524854613468051,45.59921961998899,0.9882583170254403,0.00010850694444444059
submesh,49,0,3,hero,submesh/m049_s00/l03_hero.bmp,640,640,captures/submesh/m049_s00/l03_hero.jpg,0.00468565383926034,0.0069247824139893055,43.19187736335944,0.982444733420026,8.138020833332871e-05
submesh,49,0,4,hero,submesh/m049_s00/l04_hero.bmp,640,640,captures/submesh/m049_s00/l04_hero.jpg,0.007060180883854628,0.010511507280170918,39.56670009137468,0.9733939000648929,0.0002983940972222168
submesh,49,0,5,hero,submesh/m049_s00/l05_hero.bmp,640,640,captures/submesh/m049_s00/l05_hero.jpg,0.010762723162770271,0.016621196642518044,35.58675424818108,0.9531751122514432,0.00018988715277777624
submesh,49,0,6,hero,submesh/m049_s00/l06_hero.bmp,640,640,captures/submesh/m049_s00/l06_hero.jpg,0.023890787735581398,0.036262232810258865,28.810909163486492,0.8593272171253823,0.0003255208333333287
mesh,50,,0,hero,mesh/m050/l00_hero.bmp,640,640,captures/mesh/m050/l00_hero.jpg,0.0,0.0,99.0,1.0,0.0
mesh,50,,1,hero,mesh/m050/l01_hero.bmp,640,640,captures/mesh/m050/l01_hero.jpg,0.0021431550849229097,0.0038534319028258324,48.2830462277247,0.9945288753799392,8.138020833333565e-05
mesh,50,,2,hero,mesh/m050/l02_hero.bmp,640,640,captures/mesh/m050/l02_hero.jpg,0.003277503652498126,0.0051393453031778336,45.781844037708396,0.9927095990279465,0.00010850694444444753
mesh,50,,3,hero,mesh/m050/l03_hero.bmp,640,640,captures/mesh/m050/l03_hero.jpg,0.004819964524358511,0.00741597730666399,42.59663215657454,0.9890909090909091,5.4253472222223764e-05
mesh,50,,4,hero,mesh/m050/l04_hero.bmp,640,640,captures/mesh/m050/l04_hero.jpg,0.0068265218287706375,0.01122870109975338,38.9934095726076,0.9753012048192771,0.0001356336805555594
mesh,50,,5,hero,mesh/m050/l05_hero.bmp,640,640,captures/mesh/m050/l05_hero.jpg,0.011571455746889114,0.020146111026406288,33.916175539121056,0.9549278846153846,0.0008409288194444475
mesh,50,,6,hero,mesh/m050/l06_hero.bmp,640,640,captures/mesh/m050/l06_hero.jpg,0.023513849824666977,0.03853003308176994,28.284012362058192,0.8809523809523809,0.003363715277777783
mesh,50,,0,side,mesh/m050/l00_side.bmp,640,640,captures/mesh/m050/l00_side.jpg,0.0,0.0,99.0,1.0,0.0
mesh,50,,1,side,mesh/m050/l01_side.bmp,640,640,captures/mesh/m050/l01_side.jpg,0.0021421355195343494,0.003988746553659439,47.98327116071243,0.9950341402855369,0.0
mesh,50,,2,side,mesh/m050/l02_side.bmp,640,640,captures/mesh/m050/l02_side.jpg,0.0033532604575157166,0.005265612620860338,45.57102188223289,0.9894867037724181,8.138020833333565e-05
mesh,50,,3,side,mesh/m050/l03_side.bmp,640,640,captures/mesh/m050/l03_side.jpg,0.0050693838857114315,0.0077398293651640415,42.22537227622471,0.9778325123152709,5.4253472222216825e-05
mesh,50,,4,side,mesh/m050/l04_side.bmp,640,640,captures/mesh/m050/l04_side.jpg,0.007544442545622587,0.01117671187967062,39.03371888883192,0.9637592137592138,0.0004611545138888881
mesh,50,,5,side,mesh/m050/l05_side.bmp,640,640,captures/mesh/m050/l05_side.jpg,0.013336663134396076,0.020814113318920135,33.63284170649992,0.9302607640994542,0.0008409288194444406
mesh,50,,6,side,mesh/m050/l06_side.bmp,640,640,captures/mesh/m050/l06_side.jpg,0.030765557661652565,0.045259106904268265,26.885880404167985,0.8156521739130435,0.002224392361111105
mesh,50,,0,top,mesh/m050/l00_top.bmp,640,640,captures/mesh/m050/l00_top.jpg,0.0,0.0,99.0,1.0,0.0
mesh,50,,1,top,mesh/m050/l01_top.bmp,640,640,captures/mesh/m050/l01_top.jpg,0.001808062894269824,0.0035946920979768038,48.886766060427824,0.9974574116450546,0.0001627604166666713
mesh,50,,2,top,mesh/m050/l02_top.bmp,640,640,captures/mesh/m050/l02_top.jpg,0.0030762285459786654,0.005120263434946537,45.81415388438789,0.9941579883159767,0.00029839409722222376
mesh,50,,3,top,mesh/m050/l03_top.bmp,640,640,captures/mesh/m050/l03_top.jpg,0.004453194327652454,0.00752220256254077,42.47309951609424,0.9896044624746451,0.0004069010416666713
mesh,50,,4,top,mesh/m050/l04_top.bmp,640,640,captures/mesh/m050/l04_top.jpg,0.0061468398198485374,0.01047064084559679,39.6005347385545,0.9855476673427992,0.0008409288194444475
mesh,50,,5,top,mesh/m050/l05_top.bmp,640,640,captures/mesh/m050/l05_top.jpg,0.009338345378637314,0.01590622588992119,35.96865708540864,0.9708787034692327,0.0021430121527777762
mesh,50,,6,top,mesh/m050/l06_top.bmp,640,640,captures/mesh/m050/l06_top.jpg,0.017448557540774345,0.030565273016691208,30.2954344125909,0.9316912138141188,0.006917317708333329
submesh,50,0,0,hero,submesh/m050_s00/l00_hero.bmp,640,640,captures/submesh/m050_s00/l00_hero.jpg,0.0,0.0,99.0,1.0,0.0
submesh,50,0,1,hero,submesh/m050_s00/l01_hero.bmp,640,640,captures/submesh/m050_s00/l01_hero.jpg,0.0021431550849229097,0.0038534319028258324,48.2830462277247,0.9945288753799392,8.138020833333565e-05
submesh,50,0,2,hero,submesh/m050_s00/l02_hero.bmp,640,640,captures/submesh/m050_s00/l02_hero.jpg,0.003277503652498126,0.0051393453031778336,45.781844037708396,0.9927095990279465,0.00010850694444444753
submesh,50,0,3,hero,submesh/m050_s00/l03_hero.bmp,640,640,captures/submesh/m050_s00/l03_hero.jpg,0.004819964524358511,0.00741597730666399,42.59663215657454,0.9890909090909091,5.4253472222223764e-05
submesh,50,0,4,hero,submesh/m050_s00/l04_hero.bmp,640,640,captures/submesh/m050_s00/l04_hero.jpg,0.0068265218287706375,0.01122870109975338,38.9934095726076,0.9753012048192771,0.0001356336805555594
submesh,50,0,5,hero,submesh/m050_s00/l05_hero.bmp,640,640,captures/submesh/m050_s00/l05_hero.jpg,0.011571455746889114,0.020146111026406288,33.916175539121056,0.9549278846153846,0.0008409288194444475
submesh,50,0,6,hero,submesh/m050_s00/l06_hero.bmp,640,640,captures/submesh/m050_s00/l06_hero.jpg,0.023513849824666977,0.03853003308176994,28.284012362058192,0.8809523809523809,0.003363715277777783
mesh,51,,0,hero,mesh/m051/l00_hero.bmp,640,640,captures/mesh/m051/l00_hero.jpg,0.0,0.0,99.0,1.0,0.0
mesh,51,,1,hero,mesh/m051/l01_hero.bmp,640,640,captures/mesh/m051/l01_hero.jpg,0.0024486237671226263,0.004151667468249798,47.63554877991457,0.9969951923076923,2.7126736111111882e-05
mesh,51,,2,hero,mesh/m051/l02_hero.bmp,640,640,captures/mesh/m051/l02_hero.jpg,0.0036396104842424393,0.005789527203887701,44.747138021225226,0.9910125823846615,2.7126736111111882e-05
mesh,51,,3,hero,mesh/m051/l03_hero.bmp,640,640,captures/mesh/m051/l03_hero.jpg,0.005297967232763767,0.008097006008028984,41.83351076948972,0.9779892920880429,8.138020833333565e-05
mesh,51,,4,hero,mesh/m051/l04_hero.bmp,640,640,captures/mesh/m051/l04_hero.jpg,0.007896015420556068,0.012165735475718975,38.297232616058864,0.9708506841165973,0.000244140625
mesh,51,,5,hero,mesh/m051/l05_hero.bmp,640,640,captures/mesh/m051/l05_hero.jpg,0.012184929102659225,0.020253445953130722,33.87002149233544,0.9418742586002372,0.0013020833333333287
mesh,51,,6,hero,mesh/m051/l06_hero.bmp,640,640,captures/mesh/m051/l06_hero.jpg,0.033412735909223557,0.05299820750951767,25.514776374735074,0.7800899887514061,0.004258897569444441
mesh,51,,0,side,mesh/m051/l00_side.bmp,640,640,captures/mesh/m051/l00_side.jpg,0.0,0.0,99.0,1.0,0.0
mesh,51,,1,side,mesh/m051/l01_side.bmp,640,640,captures/mesh/m051/l01_side.jpg,0.0022938421461731195,0.004105886444449425,47.73186131962498,0.9929757343550447,2.7126736111111882e-05
mesh,51,,2,side,mesh/m051/l02_side.bmp,640,640,captures/mesh/m051/l02_side.jpg,0.0033990265801548958,0.0053744749166071415,45.39327919367757,0.9929757343550447,2.7126736111111882e-05
mesh,51,,3,side,mesh/m051/l03_side.bmp,640,640,captures/mesh/m051/l03_side.jpg,0.005155629012733698,0.007981527596712112,41.958279608244915,0.986013986013986,5.4253472222216825e-05
mesh,51,,4,side,mesh/m051/l04_side.bmp,640,640,captures/mesh/m051/l04_side.jpg,0.007548770401626825,0.011701616458594799,38.6350828154061,0.9758269720101781,0.0004340277777777832
mesh,51,,5,side,mesh/m051/l05_side.bmp,640,640,captures/mesh/m051/l05_side.jpg,0.01200079545378685,0.019568953663110733,34.16864790225715,0.9683143219264893,0.0004340277777777832
mesh,51,,6,side,mesh/m051/l06_side.bmp,640,640,captures/mesh/m051/l06_side.jpg,0.024190686643123627,0.037053074687719345,28.623514963136675,0.8571428571428571,0.0032280815972222238
mesh,51,,0,top,mesh/m051/l00_top.bmp,640,640,captures/mesh/m051/l00_top.jpg,0.0,0.0,99.0,1.0,0.0
mesh,51,,1,top,mesh/m051/l01_top.bmp,640,640,captures/mesh/m051/l01_top.jpg,0.0024978730361908674,0.004216366447508335,47.50123302604861,0.9929555895865237,2.7126736111104943e-05
mesh,51,,2,top,mesh/m051/l02_top.bmp,640,640,captures/mesh/m051/l02_top.jpg,0.003919167909771204,0.006013823673129082,44.416986193515086,0.9923477196204469,2.712673611111882e-05
mesh,51,,3,top,mesh/m051/l03_top.bmp,640,640,captures/mesh/m051/l03_top.jpg,0.005887351464480162,0.00922978576272726,40.696167589763846,0.9853166105842766,0.00048828125
mesh,51,,4,top,mesh/m051/l04_top.bmp,640,640,captures/mesh/m051/l04_top.jpg,0.008409985341131687,0.013451931066811085,37.42430733708005,0.9792048929663608,0.0009765625
mesh,51,,5,top,mesh/m051/l05_top.bmp,640,640,captures/mesh/m051/l05_top.jpg,0.012796154245734215,0.02213754877448082,33.09740937885879,0.9668693009118541,0.001003689236111105
mesh,51,,6,top,mesh/m051/l06_top.bmp,640,640,captures/mesh/m051/l06_top.jpg,0.024092646315693855,0.03875147923827171,28.234234295278732,0.8936996118244253,0.0045030381944444475
submesh,51,0,0,hero,submesh/m051_s00/l00_hero.bmp,640,640,captures/submesh/m051_s00/l00_hero.jpg,0.0,0.0,99.0,1.0,0.0
submesh,51,0,1,hero,submesh/m051_s00/l01_hero.bmp,640,640,captures/submesh/m051_s00/l01_hero.jpg,0.0024486237671226263,0.004151667468249798,47.63554877991457,0.9969951923076923,2.7126736111111882e-05
submesh,51,0,2,hero,submesh/m051_s00/l02_hero.bmp,640,640,captures/submesh/m051_s00/l02_hero.jpg,0.0036396104842424393,0.005789527203887701,44.747138021225226,0.9910125823846615,2.7126736111111882e-05
submesh,51,0,3,hero,submesh/m051_s00/l03_hero.bmp,640,640,captures/submesh/m051_s00/l03_hero.jpg,0.005297967232763767,0.008097006008028984,41.83351076948972,0.9779892920880429,8.138020833333565e-05
submesh,51,0,4,hero,submesh/m051_s00/l04_hero.bmp,640,640,captures/submesh/m051_s00/l04_hero.jpg,0.007896015420556068,0.012165735475718975,38.297232616058864,0.9708506841165973,0.000244140625
submesh,51,0,5,hero,submesh/m051_s00/l05_hero.bmp,640,640,captures/submesh/m051_s00/l05_hero.jpg,0.012184929102659225,0.020253445953130722,33.87002149233544,0.9418742586002372,0.0013020833333333287
submesh,51,0,6,hero,submesh/m051_s00/l06_hero.bmp,640,640,captures/submesh/m051_s00/l06_hero.jpg,0.033412735909223557,0.05299820750951767,25.514776374735074,0.7800899887514061,0.004258897569444441
mesh,52,,0,hero,mesh/m052/l00_hero.bmp,640,640,captures/mesh/m052/l00_hero.jpg,0.0,0.0,99.0,1.0,0.0
mesh,52,,1,hero,mesh/m052/l01_hero.bmp,640,640,captures/mesh/m052/l01_hero.jpg,0.002088910900056362,0.004219361115247011,47.49506607616077,0.988558352402746,0.00018988715277777624
mesh,52,,2,hero,mesh/m052/l02_hero.bmp,640,640,captures/mesh/m052/l02_hero.jpg,0.0035021493677049875,0.005631772335618734,44.987098197286784,0.988540870893812,8.138020833332871e-05
mesh,52,,3,hero,mesh/m052/l03_hero.bmp,640,640,captures/mesh/m052/l03_hero.jpg,0.00529252365231514,0.008083070628345013,41.848472528033696,0.9817073170731707,0.0
mesh,52,,4,hero,mesh/m052/l04_hero.bmp,640,640,captures/mesh/m052/l04_hero.jpg,0.007508393377065659,0.01169313583523035,38.64138010472185,0.9627659574468085,0.00046115451388889506
mesh,52,,5,hero,mesh/m052/l05_hero.bmp,640,640,captures/mesh/m052/l05_hero.jpg,0.011098295450210571,0.01683461293578148,35.47593729064018,0.9419306184012066,0.0006781684027777832
mesh,52,,6,hero,mesh/m052/l06_hero.bmp,640,640,captures/mesh/m052/l06_hero.jpg,0.02408556081354618,0.036209892481565475,28.823455294729715,0.8370909090909091,0.0020073784722222238
mesh,52,,0,side,mesh/m052/l00_side.bmp,640,640,captures/mesh/m052/l00_side.jpg,0.0,0.0,99.0,1.0,0.0
mesh,52,,1,side,mesh/m052/l01_side.bmp,640,640,captures/mesh/m052/l01_side.jpg,0.0019129039719700813,0.003506783628836274,49.10182059170192,0.9894086496028244,0.00010850694444444406
mesh,52,,2,side,mesh/m052/l02_side.bmp,640,640,captures/mesh/m052/l02_side.jpg,0.0034506130032241344,0.005351657513529062,45.43023375212813,0.9833040421792618,2.7126736111111882e-05
mesh,52,,3,side,mesh/m052/l03_side.bmp,640,640,captures/mesh/m052/l03_side.jpg,0.00486736511811614,0.007282743696123362,42.7540994807663,0.973753280839895,5.4253472222220295e-05
mesh,52,,4,side,mesh/m052/l04_side.bmp,640,640,captures/mesh/m052/l04_side.jpg,0.007253197021782398,0.010427137836813927,39.63669770924887,0.96,0.00010850694444444406
mesh,52,,5,side,mesh/m052/l05_side.bmp,640,640,captures/mesh/m052/l05_side.jpg,0.01141702476888895,0.016543617472052574,35.62739040791426,0.9326424870466321,0.0005425347222222203
mesh,52,,6,side,mesh/m052/l06_side.bmp,640,640,captures/mesh/m052/l06_side.jpg,0.024934804067015648,0.0366145521402359,28.726925473456035,0.8589315525876461,0.0008409288194444441
mesh,52,,0,top,mesh/m052/l00_top.bmp,640,640,captures/mesh/m052/l00_top.jpg,0.0,0.0,99.0,1.0,0.0
mesh,52,,1,top,mesh/m052/l01_top.bmp,640,640,captures/mesh/m052/l01_top.jpg,0.0014444106491282582,0.0032458591740578413,49.773406530961736,0.9932170542635659,2.712673611111882e-05
mesh,52,,2,top,mesh/m052/l02_top.bmp,640,640,captures/mesh/m052/l02_top.jpg,0.002754796529188752,0.004779278300702572,46.41275358945707,0.9903225806451613,0.0
mesh,52,,3,top,mesh/m052/l03_top.bmp,640,640,captures/mesh/m052/l03_top.jpg,0.004398596007376909,0.007096481043845415,42.979139059674615,0.988394584139265,5.4253472222223764e-05
mesh,52,,4,top,mesh/m052/l04_top.bmp,640,640,captures/mesh/m052/l04_top.jpg,0.006172581575810909,0.009783096611499786,40.1904731528668,0.9845211222186392,0.00043402777777777624
mesh,52,,5,top,mesh/m052/l05_top.bmp,640,640,captures/mesh/m052/l05_top.jpg,0.008596847765147686,0.013448099605739117,37.426781657548595,0.9771041599484037,0.0010579427083333287
mesh,52,,6,top,mesh/m052/l06_top.bmp,640,640,captures/mesh/m052/l06_top.jpg,0.016963621601462364,0.028481444343924522,30.90875981285873,0.945016077170418,0.0032823350694444475
submesh,52,0,0,hero,submesh/m052_s00/l00_hero.bmp,640,640,captures/submesh/m052_s00/l00_hero.jpg,0.0,0.0,99.0,1.0,0.0
submesh,52,0,1,hero,submesh/m052_s00/l01_hero.bmp,640,640,captures/submesh/m052_s00/l01_hero.jpg,0.002088910900056362,0.004219361115247011,47.49506607616077,0.988558352402746,0.00018988715277777624
submesh,52,0,2,hero,submesh/m052_s00/l02_hero.bmp,640,640,captures/submesh/m052_s00/l02_hero.jpg,0.0035021493677049875,0.005631772335618734,44.987098197286784,0.988540870893812,8.138020833332871e-05
submesh,52,0,3,hero,submesh/m052_s00/l03_hero.bmp,640,640,captures/submesh/m052_s00/l03_hero.jpg,0.00529252365231514,0.008083070628345013,41.848472528033696,0.9817073170731707,0.0
submesh,52,0,4,hero,submesh/m052_s00/l04_hero.bmp,640,640,captures/submesh/m052_s00/l04_hero.jpg,0.007508393377065659,0.01169313583523035,38.64138010472185,0.9627659574468085,0.00046115451388889506
submesh,52,0,5,hero,submesh/m052_s00/l05_hero.bmp,640,640,captures/submesh/m052_s00/l05_hero.jpg,0.011098295450210571,0.01683461293578148,35.47593729064018,0.9419306184012066,0.0006781684027777832
submesh,52,0,6,hero,submesh/m052_s00/l06_hero.bmp,640,640,captures/submesh/m052_s00/l06_hero.jpg,0.02408556081354618,0.036209892481565475,28.823455294729715,0.8370909090909091,0.0020073784722222238
mesh,53,,0,hero,mesh/m053/l00_hero.bmp,640,640,captures/mesh/m053/l00_hero.jpg,0.0,0.0,99.0,1.0,0.0
mesh,53,,1,hero,mesh/m053/l01_hero.bmp,640,640,captures/mesh/m053/l01_hero.jpg,0.0021782279945909977,0.0032952928449958563,49.64211969232842,0.9993552546744036,0.0
mesh,53,,2,hero,mesh/m053/l02_hero.bmp,640,640,captures/mesh/m053/l02_hero.jpg,0.0030790078453719616,0.004451410379260778,47.03004731797654,0.9977462974887314,8.138020833334259e-05
mesh,53,,3,hero,mesh/m053/l03_hero.bmp,640,640,captures/mesh/m053/l03_hero.jpg,0.004086913540959358,0.005994562525302172,44.44485011211925,0.9977470228516253,0.00013563368055555247
mesh,53,,4,hero,mesh/m053/l04_hero.bmp,640,640,captures/mesh/m053/l04_hero.jpg,0.005318880081176758,0.007880947552621365,42.06843125392779,0.9987113402061856,5.4253472222223764e-05
mesh,53,,5,hero,mesh/m053/l05_hero.bmp,640,640,captures/mesh/m053/l05_hero.jpg,0.007172309793531895,0.010596039704978466,39.49712846008061,0.9951768488745981,8.138020833334259e-05
mesh,53,,6,hero,mesh/m053/l06_hero.bmp,640,640,captures/mesh/m053/l06_hero.jpg,0.02533004619181156,0.03727984055876732,28.57051907474933,0.9849262347658756,0.00035264756944444753
mesh,53,,0,side,mesh/m053/l00_side.bmp,640,640,captures/mesh/m053/l00_side.jpg,0.0,0.0,99.0,1.0,0.0
mesh,53,,1,side,mesh/m053/l01_side.bmp,640,640,captures/mesh/m053/l01_side.jpg,0.002251307712867856,0.00358912767842412,48.90022183891469,0.9994931576279777,2.7126736111111882e-05
mesh,53,,2,side,mesh/m053/l02_side.bmp,640,640,captures/mesh/m053/l02_side.jpg,0.0036508645862340927,0.005564158316701651,45.09201043092637,0.9959493670886076,5.4253472222223764e-05
mesh,53,,3,side,mesh/m053/l03_side.bmp,640,640,captures/mesh/m053/l03_side.jpg,0.004803407937288284,0.0076135192066431046,42.36829104661044,0.9984794728839331,2.7126736111111882e-05
mesh,53,,4,side,mesh/m053/l04_side.bmp,640,640,captures/mesh/m053/l04_side.jpg,0.006451228633522987,0.010192514397203922,39.834373328451996,0.9974683544303797,2.7126736111111882e-05
mesh,53,,5,side,mesh/m053/l05_side.bmp,640,640,captures/mesh/m053/l05_side.jpg,0.008867619559168816,0.014075703918933868,37.03059754166106,0.9949469429004548,0.00010850694444444059
mesh,53,,6,side,mesh/m053/l06_side.bmp,640,640,captures/mesh/m053/l06_side.jpg,0.03272661939263344,0.04938805475831032,26.127561580178128,0.9141104294478528,0.0030381944444444406
mesh,53,,0,top,mesh/m053/l00_top.bmp,640,640,captures/mesh/m053/l00_top.jpg,0.0,0.0,99.0,1.0,0.0
mesh,53,,1,top,mesh/m053/l01_top.bmp,640,640,captures/mesh/m053/l01_top.jpg,0.0023949553724378347,0.0040138643234968185,47.92874623215009,0.9989442815249266,2.71267361111327e-05
mesh,53,,2,top,mesh/m053/l02_top.bmp,640,640,captures/mesh/m053/l02_top.jpg,0.004184786230325699,0.0070488532073795795,43.03763067072177,0.9994132832668388,8.138020833334259e-05
mesh,53,,3,top,mesh/m053/l03_top.bmp,640,640,captures/mesh/m053/l03_top.jpg,0.005888795480132103,0.009905051440000534,40.08286529387593,0.9989439098803098,0.00018988715277779011
mesh,53,,4,top,mesh/m053/l04_top.bmp,640,640,captures/mesh/m053/l04_top.jpg,0.008041447028517723,0.013506229966878891,37.389317198793464,0.9991786929484923,8.138020833334259e-05
mesh,53,,5,top,mesh/m053/l05_top.bmp,640,640,captures/mesh/m053/l05_top.jpg,0.010921095497906208,0.018339058384299278,34.7324593373343,0.9984754309839334,2.71267361111327e-05
mesh,53,,6,top,mesh/m053/l06_top.bmp,640,640,captures/mesh/m053/l06_top.jpg,0.028042005375027657,0.04057324677705765,27.83520475055219,0.9987095260441108,0.00013563368055558023
submesh,53,0,0,hero,submesh/m053_s00/l00_hero.bmp,640,640,captures/submesh/m053_s00/l00_hero.jpg,0.0,0.0,99.0,1.0,0.0
submesh,53,0,1,hero,submesh/m053_s00/l01_hero.bmp,640,640,captures/submesh/m053_s00/l01_hero.jpg,0.0021782279945909977,0.0032952928449958563,49.64211969232842,0.9993552546744036,0.0
submesh,53,0,2,hero,submesh/m053_s00/l02_hero.bmp,640,640,captures/submesh/m053_s00/l02_hero.jpg,0.0030790078453719616,0.004451410379260778,47.03004731797654,0.9977462974887314,8.138020833334259e-05
submesh,53,0,3,hero,submesh/m053_s00/l03_hero.bmp,640,640,captures/submesh/m053_s00/l03_hero.jpg,0.004086913540959358,0.005994562525302172,44.44485011211925,0.9977470228516253,0.00013563368055555247
submesh,53,0,4,hero,submesh/m053_s00/l04_hero.bmp,640,640,captures/submesh/m053_s00/l04_hero.jpg,0.005318880081176758,0.007880947552621365,42.06843125392779,0.9987113402061856,5.4253472222223764e-05
submesh,53,0,5,hero,submesh/m053_s00/l05_hero.bmp,640,640,captures/submesh/m053_s00/l05_hero.jpg,0.007172309793531895,0.010596039704978466,39.49712846008061,0.9951768488745981,8.138020833334259e-05
submesh,53,0,6,hero,submesh/m053_s00/l06_hero.bmp,640,640,captures/submesh/m053_s00/l06_hero.jpg,0.02533004619181156,0.03727984055876732,28.57051907474933,0.9849262347658756,0.00035264756944444753
mesh,54,,0,hero,mesh/m054/l00_hero.bmp,640,640,captures/mesh/m054/l00_hero.jpg,0.0,0.0,99.0,1.0,0.0
mesh,54,,1,hero,mesh/m054/l01_hero.bmp,640,640,captures/mesh/m054/l01_hero.jpg,0.002532154554501176,0.003896271577104926,48.187015592708704,0.9986021805982667,2.712673611111882e-05
mesh,54,,2,hero,mesh/m054/l02_hero.bmp,640,640,captures/mesh/m054/l02_hero.jpg,0.004108570981770754,0.005893876776099205,44.59197896463052,0.9969265157865326,2.7126736111104943e-05
mesh,54,,3,hero,mesh/m054/l03_hero.bmp,640,640,captures/mesh/m054/l03_hero.jpg,0.005845474079251289,0.008315546438097954,41.60218413573674,0.996927374301676,2.712673611111882e-05
mesh,54,,4,hero,mesh/m054/l04_hero.bmp,640,640,captures/mesh/m054/l04_hero.jpg,0.007963301613926888,0.011206656694412231,39.01047864146817,0.9972059234423023,0.0
mesh,54,,5,hero,mesh/m054/l05_hero.bmp,640,640,captures/mesh/m054/l05_hero.jpg,0.011395393870770931,0.016223030164837837,35.79736048590066,0.9946957007258515,8.138020833332871e-05
mesh,54,,6,hero,mesh/m054/l06_hero.bmp,640,640,captures/mesh/m054/l06_hero.jpg,0.03292033448815346,0.0452839732170105,26.8811095027733,0.9673401605314144,0.0010850694444444337
mesh,54,,0,side,mesh/m054/l00_side.bmp,640,640,captures/mesh/m054/l00_side.jpg,0.0,0.0,99.0,1.0,0.0
mesh,54,,1,side,mesh/m054/l01_side.bmp,640,640,captures/mesh/m054/l01_side.jpg,0.002229270525276661,0.004989932291209698,46.03810694626369,0.9992185464964835,8.138020833332871e-05
mesh,54,,2,side,mesh/m054/l02_side.bmp,640,640,captures/mesh/m054/l02_side.jpg,0.0045729512348771095,0.008588200435042381,41.321956567396036,0.9984379067951055,5.4253472222223764e-05
mesh,54,,3,side,mesh/m054/l03_side.bmp,640,640,captures/mesh/m054/l03_side.jpg,0.00672302907332778,0.012555079534649849,38.023610634966786,0.9973978662503252,5.4253472222223764e-05
mesh,54,,4,side,mesh/m054/l04_side.bmp,640,640,captures/mesh/m054/l04_side.jpg,0.009395658038556576,0.017511745914816856,35.13341105506279,0.9950610865609566,8.138020833332871e-05
mesh,54,,5,side,mesh/m054/l05_side.bmp,640,640,captures/mesh/m054/l05_side.jpg,0.012626887299120426,0.022196849808096886,33.07417313084081,0.9935081796935861,2.7126736111104943e-05
mesh,54,,6,side,mesh/m054/l06_side.bmp,640,640,captures/mesh/m054/l06_side.jpg,0.04670938104391098,0.06441820412874222,23.819827734955243,0.8549638055842813,0.013644748263888881
mesh,54,,0,top,mesh/m054/l00_top.bmp,640,640,captures/mesh/m054/l00_top.jpg,0.0,0.0,99.0,1.0,0.0
mesh,54,,1,top,mesh/m054/l01_top.bmp,640,640,captures/mesh/m054/l01_top.jpg,0.0033047485630959272,0.005399266257882118,45.353305106519805,0.9994395875364268,2.7126736111104943e-05
mesh,54,,2,top,mesh/m054/l02_top.bmp,640,640,captures/mesh/m054/l02_top.jpg,0.0056089540012180805,0.00864021573215723,41.26950827515412,0.9984320752603875,0.00016276041666665741
mesh,54,,3,top,mesh/m054/l03_top.bmp,640,640,captures/mesh/m054/l03_top.jpg,0.00808355025947094,0.01232156716287136,38.18668102703168,0.9982078853046595,5.4253472222209886e-05
mesh,54,,4,top,mesh/m054/l04_top.bmp,640,640,captures/mesh/m054/l04_top.jpg,0.011207221075892448,0.016962772235274315,35.41006338581445,0.9978721021390973,2.7126736111104943e-05
mesh,54,,5,top,mesh/m054/l05_top.bmp,640,640,captures/mesh/m054/l05_top.jpg,0.015308147296309471,0.022812265902757645,32.83663149728192,0.998319516020614,2.7126736111104943e-05
mesh,54,,6,top,mesh/m054/l06_top.bmp,640,640,captures/mesh/m054/l06_top.jpg,0.04120934382081032,0.05551879480481148,25.111199401244505,0.9959672902430828,0.0005425347222222099
submesh,54,0,0,hero,submesh/m054_s00/l00_hero.bmp,640,640,captures/submesh/m054_s00/l00_hero.jpg,0.0,0.0,99.0,1.0,0.0
submesh,54,0,1,hero,submesh/m054_s00/l01_hero.bmp,640,640,captures/submesh/m054_s00/l01_hero.jpg,0.002532154554501176,0.003896271577104926,48.187015592708704,0.9986021805982667,2.712673611111882e-05
submesh,54,0,2,hero,submesh/m054_s00/l02_hero.bmp,640,640,captures/submesh/m054_s00/l02_hero.jpg,0.004108570981770754,0.005893876776099205,44.59197896463052,0.9969265157865326,2.7126736111104943e-05
submesh,54,0,3,hero,submesh/m054_s00/l03_hero.bmp,640,640,captures/submesh/m054_s00/l03_hero.jpg,0.005845474079251289,0.008315546438097954,41.60218413573674,0.996927374301676,2.712673611111882e-05
submesh,54,0,4,hero,submesh/m054_s00/l04_hero.bmp,640,640,captures/submesh/m054_s00/l04_hero.jpg,0.007963301613926888,0.011206656694412231,39.01047864146817,0.9972059234423023,0.0
submesh,54,0,5,hero,submesh/m054_s00/l05_hero.bmp,640,640,captures/submesh/m054_s00/l05_hero.jpg,0.011395393870770931,0.016223030164837837,35.79736048590066,0.9946957007258515,8.138020833332871e-05
submesh,54,0,6,hero,submesh/m054_s00/l06_hero.bmp,640,640,captures/submesh/m054_s00/l06_hero.jpg,0.03292033448815346,0.0452839732170105,26.8811095027733,0.9673401605314144,0.0010850694444444337
mesh,55,,0,hero,mesh/m055/l00_hero.bmp,640,640,captures/mesh/m055/l00_hero.jpg,0.0,0.0,99.0,1.0,0.0
mesh,55,,1,hero,mesh/m055/l01_hero.bmp,640,640,captures/mesh/m055/l01_hero.jpg,0.002097215037792921,0.0032334618736058474,49.80664511079138,0.998819013876587,0.00010850694444443365
mesh,55,,2,hero,mesh/m055/l02_hero.bmp,640,640,captures/mesh/m055/l02_hero.jpg,0.0030526809860020876,0.004399776924401522,47.13138684735544,0.9979338842975206,8.138020833332871e-05
mesh,55,,3,hero,mesh/m055/l03_hero.bmp,640,640,captures/mesh/m055/l03_hero.jpg,0.003997985739260912,0.005737348459661007,44.82577544609465,0.9982285208148804,5.4253472222209886e-05
mesh,55,,4,hero,mesh/m055/l04_hero.bmp,640,640,captures/mesh/m055/l04_hero.jpg,0.00528430100530386,0.007524424698203802,42.470533994275186,0.9973443493655946,8.138020833332871e-05
mesh,55,,5,hero,mesh/m055/l05_hero.bmp,640,640,captures/mesh/m055/l05_hero.jpg,0.007315552793443203,0.010598329827189445,39.49525138146976,0.9973427812223207,2.712673611111882e-05
mesh,55,,6,hero,mesh/m055/l06_hero.bmp,640,640,captures/mesh/m055/l06_hero.jpg,0.0342959500849247,0.048960525542497635,26.203078582371738,0.9923551896501029,0.00027126736111110494
mesh,55,,0,side,mesh/m055/l00_side.bmp,640,640,captures/mesh/m055/l00_side.jpg,0.0,0.0,99.0,1.0,0.0
mesh,55,,1,side,mesh/m055/l01_side.bmp,640,640,captures/mesh/m055/l01_side.jpg,0.0013800342567265034,0.003113620448857546,50.13468658303424,0.9995612110574813,2.7126736111111882e-05
mesh,55,,2,side,mesh/m055/l02_side.bmp,640,640,captures/mesh/m055/l02_side.jpg,0.0029625422321259975,0.005407319404184818,45.34035952774772,0.9995612110574813,2.7126736111111882e-05
mesh,55,,3,side,mesh/m055/l03_side.bmp,640,640,captures/mesh/m055/l03_side.jpg,0.004380402155220509,0.0076858955435454845,42.28611044367348,0.9969325153374233,2.7126736111111882e-05
mesh,55,,4,side,mesh/m055/l04_side.bmp,640,640,captures/mesh/m055/l04_side.jpg,0.0058874995447695255,0.01000603660941124,39.99475824964743,0.9951881014873141,0.00013563368055555247
mesh,55,,5,side,mesh/m055/l05_side.bmp,640,640,captures/mesh/m055/l05_side.jpg,0.008030530996620655,0.012920473702251911,37.77443127093206,0.9921328671328671,5.4253472222223764e-05
mesh,55,,6,side,mesh/m055/l06_side.bmp,640,640,captures/mesh/m055/l06_side.jpg,0.04131815955042839,0.05782816559076309,24.757211680971146,0.9392482517482518,0.0032280815972222238
mesh,55,,0,top,mesh/m055/l00_top.bmp,640,640,captures/mesh/m055/l00_top.jpg,0.0,0.0,99.0,1.0,0.0
mesh,55,,1,top,mesh/m055/l01_top.bmp,640,640,captures/mesh/m055/l01_top.jpg,0.0021441455464810133,0.0034720355179160833,49.18831681532528,0.999671880126873,8.138020833334259e-05
mesh,55,,2,top,mesh/m055/l02_top.bmp,640,640,captures/mesh/m055/l02_top.jpg,0.003745504654943943,0.005932668223977089,44.53499876567929,0.9994533726904996,8.138020833331483e-05
mesh,55,,3,top,mesh/m055/l03_top.bmp,640,640,captures/mesh/m055/l03_top.jpg,0.005254481919109821,0.008317471481859684,41.600173590468536,0.9991253963047994,0.0
mesh,55,,4,top,mesh/m055/l04_top.bmp,640,640,captures/mesh/m055/l04_top.jpg,0.007111573591828346,0.011056549847126007,39.12760743551383,0.9977059209088923,2.7126736111104943e-05
mesh,55,,5,top,mesh/m055/l05_top.bmp,640,640,captures/mesh/m055/l05_top.jpg,0.009849056601524353,0.015146513469517231,36.393746492023844,0.9977054195804196,8.138020833334259e-05
mesh,55,,6,top,mesh/m055/l06_top.bmp,640,640,captures/mesh/m055/l06_top.jpg,0.03789938613772392,0.0507236048579216,25.89579778617371,0.9935750843950779,0.0005696614583333148
submesh,55,0,0,hero,submesh/m055_s00/l00_hero.bmp,640,640,captures/submesh/m055_s00/l00_hero.jpg,0.0,0.0,99.0,1.0,0.0
submesh,55,0,1,hero,submesh/m055_s00/l01_hero.bmp,640,640,captures/submesh/m055_s00/l01_hero.jpg,0.002097215037792921,0.0032334618736058474,49.80664511079138,0.998819013876587,0.00010850694444443365
submesh,55,0,2,hero,submesh/m055_s00/l02_hero.bmp,640,640,captures/submesh/m055_s00/l02_hero.jpg,0.0030526809860020876,0.004399776924401522,47.13138684735544,0.9979338842975206,8.138020833332871e-05
submesh,55,0,3,hero,submesh/m055_s00/l03_hero.bmp,640,640,captures/submesh/m055_s00/l03_hero.jpg,0.003997985739260912,0.005737348459661007,44.82577544609465,0.9982285208148804,5.4253472222209886e-05
submesh,55,0,4,hero,submesh/m055_s00/l04_hero.bmp,640,640,captures/submesh/m055_s00/l04_hero.jpg,0.00528430100530386,0.007524424698203802,42.470533994275186,0.9973443493655946,8.138020833332871e-05
submesh,55,0,5,hero,submesh/m055_s00/l05_hero.bmp,640,640,captures/submesh/m055_s00/l05_hero.jpg,0.007315552793443203,0.010598329827189445,39.49525138146976,0.9973427812223207,2.712673611111882e-05
submesh,55,0,6,hero,submesh/m055_s00/l06_hero.bmp,640,640,captures/submesh/m055_s00/l06_hero.jpg,0.0342959500849247,0.048960525542497635,26.203078582371738,0.9923551896501029,0.00027126736111110494
mesh,56,,0,hero,mesh/m056/l00_hero.bmp,640,640,captures/mesh/m056/l00_hero.jpg,0.0,0.0,99.0,1.0,0.0
mesh,56,,1,hero,mesh/m056/l01_hero.bmp,640,640,captures/mesh/m056/l01_hero.jpg,0.002787976525723934,0.004288249649107456,47.354398784991645,0.9976095617529881,8.138020833332871e-05
mesh,56,,2,hero,mesh/m056/l02_hero.bmp,640,640,captures/mesh/m056/l02_hero.jpg,0.004653650335967541,0.006666270550340414,43.52234128985076,0.9986716259298618,2.7126736111104943e-05
mesh,56,,3,hero,mesh/m056/l03_hero.bmp,640,640,captures/mesh/m056/l03_hero.jpg,0.006717733107507229,0.00956126768141985,40.38969045877365,0.9976114649681529,8.138020833332871e-05
mesh,56,,4,hero,mesh/m056/l04_hero.bmp,640,640,captures/mesh/m056/l04_hero.jpg,0.009453372098505497,0.013312431052327156,37.514852570141144,0.9970822281167109,0.00013563368055555247
mesh,56,,5,hero,mesh/m056/l05_hero.bmp,640,640,captures/mesh/m056/l05_hero.jpg,0.01306496188044548,0.018362054601311684,34.72157451052913,0.9965526385574118,0.00013563368055555247
mesh,56,,6,hero,mesh/m056/l06_hero.bmp,640,640,captures/mesh/m056/l06_hero.jpg,0.03593442216515541,0.04704538732767105,26.549659030852695,0.987325059413784,5.4253472222223764e-05
mesh,56,,0,side,mesh/m056/l00_side.bmp,640,640,captures/mesh/m056/l00_side.jpg,0.0,0.0,99.0,1.0,0.0
mesh,56,,1,side,mesh/m056/l01_side.bmp,640,640,captures/mesh/m056/l01_side.jpg,0.0029897268395870924,0.004621959291398525,46.7034776790804,0.9991677070328756,5.4253472222223764e-05
mesh,56,,2,side,mesh/m056/l02_side.bmp,640,640,captures/mesh/m056/l02_side.jpg,0.004684458486735821,0.006887596100568771,43.23864657033694,0.9987520798668885,8.138020833332871e-05
mesh,56,,3,side,mesh/m056/l03_side.bmp,640,640,captures/mesh/m056/l03_side.jpg,0.006701793521642685,0.009822608903050423,40.155462949520526,0.9954242928452579,0.00013563368055555247
mesh,56,,4,side,mesh/m056/l04_side.bmp,640,640,captures/mesh/m056/l04_side.jpg,0.008923863060772419,0.012658091261982918,37.95263554969854,0.9933527212297466,0.00010850694444444753
mesh,56,,5,side,mesh/m056/l05_side.bmp,640,640,captures/mesh/m056/l05_side.jpg,0.013361658900976181,0.019365252926945686,34.25953652758895,0.9900373599003736,0.00021701388888888118
mesh,56,,6,side,mesh/m056/l06_side.bmp,640,640,captures/mesh/m056/l06_side.jpg,0.043562714010477066,0.05635298416018486,24.981661620756434,0.901571546732837,0.005533854166666664
mesh,56,,0,top,mesh/m056/l00_top.bmp,640,640,captures/mesh/m056/l00_top.jpg,0.0,0.0,99.0,1.0,0.0
mesh,56,,1,top,mesh/m056/l01_top.bmp,640,640,captures/mesh/m056/l01_top.jpg,0.0029768566600978374,0.004902630113065243,46.19141743148439,0.999073752460345,0.00010850694444444753
mesh,56,,2,top,mesh/m056/l02_top.bmp,640,640,captures/mesh/m056/l02_top.jpg,0.004810784477740526,0.007521787192672491,42.47357915705311,0.9987265570733966,0.00013563368055555247
mesh,56,,3,top,mesh/m056/l03_top.bmp,640,640,captures/mesh/m056/l03_top.jpg,0.00692521408200264,0.010488430969417095,39.585789515996545,0.999073752460345,0.00010850694444444753
mesh,56,,4,top,mesh/m056/l04_top.bmp,640,640,captures/mesh/m056/l04_top.jpg,0.00955620501190424,0.014394829981029034,36.83586920514065,0.9980326351116768,0.00013563368055555247
mesh,56,,5,top,mesh/m056/l05_top.bmp,640,640,captures/mesh/m056/l05_top.jpg,0.013366295956075191,0.019866934046149254,34.03738299960283,0.9976865240023135,0.0
mesh,56,,6,top,mesh/m056/l06_top.bmp,640,640,captures/mesh/m056/l06_top.jpg,0.03779928386211395,0.05017700046300888,25.989906079758313,0.9979171488081463,0.00010850694444444753
submesh,56,0,0,hero,submesh/m056_s00/l00_hero.bmp,640,640,captures/submesh/m056_s00/l00_hero.jpg,0.0,0.0,99.0,1.0,0.0
submesh,56,0,1,hero,submesh/m056_s00/l01_hero.bmp,640,640,captures/submesh/m056_s00/l01_hero.jpg,0.002787976525723934,0.004288249649107456,47.354398784991645,0.9976095617529881,8.138020833332871e-05
submesh,56,0,2,hero,submesh/m056_s00/l02_hero.bmp,640,640,captures/submesh/m056_s00/l02_hero.jpg,0.004653650335967541,0.006666270550340414,43.52234128985076,0.9986716259298618,2.7126736111104943e-05
submesh,56,0,3,hero,submesh/m056_s00/l03_hero.bmp,640,640,captures/submesh/m056_s00/l03_hero.jpg,0.006717733107507229,0.00956126768141985,40.38969045877365,0.9976114649681529,8.138020833332871e-05
submesh,56,0,4,hero,submesh/m056_s00/l04_hero.bmp,640,640,captures/submesh/m056_s00/l04_hero.jpg,0.009453372098505497,0.013312431052327156,37.514852570141144,0.9970822281167109,0.00013563368055555247
submesh,56,0,5,hero,submesh/m056_s00/l05_hero.bmp,640,640,captures/submesh/m056_s00/l05_hero.jpg,0.01306496188044548,0.018362054601311684,34.72157451052913,0.9965526385574118,0.00013563368055555247
submesh,56,0,6,hero,submesh/m056_s00/l06_hero.bmp,640,640,captures/submesh/m056_s00/l06_hero.jpg,0.03593442216515541,0.04704538732767105,26.549659030852695,0.987325059413784,5.4253472222223764e-05
mesh,57,,0,hero,mesh/m057/l00_hero.bmp,640,640,captures/mesh/m057/l00_hero.jpg,0.0,0.0,99.0,1.0,0.0
mesh,57,,1,hero,mesh/m057/l01_hero.bmp,640,640,captures/mesh/m057/l01_hero.jpg,0.0026861801743507385,0.003947591874748468,48.073355071956556,0.9992115637319317,2.712673611111882e-05
mesh,57,,2,hero,mesh/m057/l02_hero.bmp,640,640,captures/mesh/m057/l02_hero.jpg,0.003889283863827586,0.005503760650753975,45.18680922189358,0.998949027850762,5.4253472222223764e-05
mesh,57,,3,hero,mesh/m057/l03_hero.bmp,640,640,captures/mesh/m057/l03_hero.jpg,0.005305692087858915,0.0075378757901489735,42.455020463484026,0.9986862848134525,2.712673611111882e-05
mesh,57,,4,hero,mesh/m057/l04_hero.bmp,640,640,captures/mesh/m057/l04_hero.jpg,0.007025585975497961,0.009945718571543694,40.04727667837759,0.9986866298923036,8.138020833334259e-05
mesh,57,,5,hero,mesh/m057/l05_hero.bmp,640,640,captures/mesh/m057/l05_hero.jpg,0.009775951504707336,0.014280298724770546,36.90525415208973,0.9978997112102914,0.00010850694444444753
mesh,57,,6,hero,mesh/m057/l06_hero.bmp,640,640,captures/mesh/m057/l06_hero.jpg,0.026255259290337563,0.035879675298929214,28.90302991708588,0.985090243264452,0.0004611545138888812
mesh,57,,0,side,mesh/m057/l00_side.bmp,640,640,captures/mesh/m057/l00_side.jpg,0.0,0.0,99.0,1.0,0.0
mesh,57,,1,side,mesh/m057/l01_side.bmp,640,640,captures/mesh/m057/l01_side.jpg,0.0018738640937954187,0.003801193553954363,48.401600317623945,0.9939550949913645,2.7126736111111882e-05
mesh,57,,2,side,mesh/m057/l02_side.bmp,640,640,captures/mesh/m057/l02_side.jpg,0.0030335383489727974,0.00525004044175148,45.596747023073775,0.9922212618841832,8.138020833333565e-05
mesh,57,,3,side,mesh/m057/l03_side.bmp,640,640,captures/mesh/m057/l03_side.jpg,0.0040580397471785545,0.0067554647102952,43.40689540752423,0.9870578084555651,0.00013563368055555594
mesh,57,,4,side,mesh/m057/l04_side.bmp,640,640,captures/mesh/m057/l04_side.jpg,0.005552453920245171,0.008712726645171642,41.19691822788238,0.9870578084555651,0.00013563368055555594
mesh,57,,5,side,mesh/m057/l05_side.bmp,640,640,captures/mesh/m057/l05_side.jpg,0.007488264236599207,0.011779296211898327,38.57761313905952,0.979381443298969,0.00010850694444444753
mesh,57,,6,side,mesh/m057/l06_side.bmp,640,640,captures/mesh/m057/l06_side.jpg,0.06324665248394012,0.08749204128980637,21.160629015238793,0.5716738197424893,0.012939453125
mesh,57,,0,top,mesh/m057/l00_top.bmp,640,640,captures/mesh/m057/l00_top.jpg,0.0,0.0,99.0,1.0,0.0
mesh,57,,1,top,mesh/m057/l01_top.bmp,640,640,captures/mesh/m057/l01_top.jpg,0.0034018862061202526,0.005364780314266682,45.40896115058753,0.9994238303756626,2.7126736111104943e-05
mesh,57,,2,top,mesh/m057/l02_top.bmp,640,640,captures/mesh/m057/l02_top.jpg,0.005586797371506691,0.008694442920386791,41.21516478697498,0.9987330108269984,8.138020833331483e-05
mesh,57,,3,top,mesh/m057/l03_top.bmp,640,640,captures/mesh/m057/l03_top.jpg,0.007741715759038925,0.011697627604007721,38.638044171847234,0.9978128237596409,0.00013563368055555247
mesh,57,,4,top,mesh/m057/l04_top.bmp,640,640,captures/mesh/m057/l04_top.jpg,0.010344482958316803,0.015868110582232475,35.989495633221644,0.9981577432354635,0.00010850694444444753
mesh,57,,5,top,mesh/m057/l05_top.bmp,640,640,captures/mesh/m057/l05_top.jpg,0.014329723082482815,0.021825069561600685,33.22088726844218,0.9981579553304167,0.00016276041666665741
mesh,57,,6,top,mesh/m057/l06_top.bmp,640,640,captures/mesh/m057/l06_top.jpg,0.03999924659729004,0.052956607192754745,25.5215969383856,0.9978123200921128,2.7126736111104943e-05
submesh,57,0,0,hero,submesh/m057_s00/l00_hero.bmp,640,640,captures/submesh/m057_s00/l00_hero.jpg,0.0,0.0,99.0,1.0,0.0
submesh,57,0,1,hero,submesh/m057_s00/l01_hero.bmp,640,640,captures/submesh/m057_s00/l01_hero.jpg,0.0026861801743507385,0.003947591874748468,48.073355071956556,0.9992115637319317,2.712673611111882e-05
submesh,57,0,2,hero,submesh/m057_s00/l02_hero.bmp,640,640,captures/submesh/m057_s00/l02_hero.jpg,0.003889283863827586,0.005503760650753975,45.18680922189358,0.998949027850762,5.4253472222223764e-05
submesh,57,0,3,hero,submesh/m057_s00/l03_hero.bmp,640,640,captures/submesh/m057_s00/l03_hero.jpg,0.005305692087858915,0.0075378757901489735,42.455020463484026,0.9986862848134525,2.712673611111882e-05
submesh,57,0,4,hero,submesh/m057_s00/l04_hero.bmp,640,640,captures/submesh/m057_s00/l04_hero.jpg,0.007025585975497961,0.009945718571543694,40.04727667837759,0.9986866298923036,8.138020833334259e-05
submesh,57,0,5,hero,submesh/m057_s00/l05_hero.bmp,640,640,captures/submesh/m057_s00/l05_hero.jpg,0.009775951504707336,0.014280298724770546,36.90525415208973,0.9978997112102914,0.00010850694444444753
submesh,57,0,6,hero,submesh/m057_s00/l06_hero.bmp,640,640,captures/submesh/m057_s00/l06_hero.jpg,0.026255259290337563,0.035879675298929214,28.90302991708588,0.985090243264452,0.0004611545138888812
mesh,58,,0,hero,mesh/m058/l00_hero.bmp,640,640,captures/mesh/m058/l00_hero.jpg,0.0,0.0,99.0,1.0,0.0
mesh,58,,1,hero,mesh/m058/l01_hero.bmp,640,640,captures/mesh/m058/l01_hero.jpg,0.0026953555643558502,0.004153767134994268,47.63115708342212,0.9990167158308751,2.71267361111327e-05
mesh,58,,2,hero,mesh/m058/l02_hero.bmp,640,640,captures/mesh/m058/l02_hero.jpg,0.004995872266590595,0.007160545326769352,42.901078035998495,0.9976428992339422,0.00016276041666668517
mesh,58,,3,hero,mesh/m058/l03_hero.bmp,640,640,captures/mesh/m058/l03_hero.jpg,0.006878416985273361,0.009708138182759285,40.25728101354546,0.9974449685534591,2.7126736111104943e-05
mesh,58,,4,hero,mesh/m058/l04_hero.bmp,640,640,captures/mesh/m058/l04_hero.jpg,0.009483803994953632,0.013455869629979134,37.42176458558282,0.9978380503144654,2.71267361111327e-05
mesh,58,,5,hero,mesh/m058/l05_hero.bmp,640,640,captures/mesh/m058/l05_hero.jpg,0.013251886703073978,0.018670212477445602,34.577014790180655,0.9952857984678845,0.00016276041666665741
mesh,58,,6,hero,mesh/m058/l06_hero.bmp,640,640,captures/mesh/m058/l06_hero.jpg,0.053245946764945984,0.07026229053735733,23.06555392790802,0.8851338151982809,0.013943142361111105
mesh,58,,0,side,mesh/m058/l00_side.bmp,640,640,captures/mesh/m058/l00_side.jpg,0.0,0.0,99.0,1.0,0.0
mesh,58,,1,side,mesh/m058/l01_side.bmp,640,640,captures/mesh/m058/l01_side.jpg,0.0018693270394578576,0.003083915449678898,50.21795074628191,0.9990393852065321,2.712673611111882e-05
mesh,58,,2,side,mesh/m058/l02_side.bmp,640,640,captures/mesh/m058/l02_side.jpg,0.0032658802811056376,0.004838853608816862,46.30515033048604,0.9983984625240231,8.138020833332871e-05
mesh,58,,3,side,mesh/m058/l03_side.bmp,640,640,captures/mesh/m058/l03_side.jpg,0.004413282964378595,0.006450533401221037,43.8080874324765,0.9990387696251202,8.138020833332871e-05
mesh,58,,4,side,mesh/m058/l04_side.bmp,640,640,captures/mesh/m058/l04_side.jpg,0.0062379855662584305,0.009220651350915432,40.70476798214476,0.9971227621483376,0.00013563368055555247
mesh,58,,5,side,mesh/m058/l05_side.bmp,640,640,captures/mesh/m058/l05_side.jpg,0.008751487359404564,0.012805423699319363,37.85212094487607,0.9939297124600639,2.7126736111104943e-05
mesh,58,,6,side,mesh/m058/l06_side.bmp,640,640,captures/mesh/m058/l06_side.jpg,0.050257690250873566,0.07037298381328583,23.0518806900752,0.8117834394904458,0.015001085069444448
mesh,58,,0,top,mesh/m058/l00_top.bmp,640,640,captures/mesh/m058/l00_top.jpg,0.0,0.0,99.0,1.0,0.0
mesh,58,,1,top,mesh/m058/l01_top.bmp,640,640,captures/mesh/m058/l01_top.jpg,0.003944950643926859,0.006477733142673969,43.771538943902826,0.998330550918197,5.4253472222209886e-05
mesh,58,,2,top,mesh/m058/l02_top.bmp,640,640,captures/mesh/m058/l02_top.jpg,0.006325251422822475,0.009659135714173317,40.301234638062624,0.9978540772532188,5.4253472222209886e-05
mesh,58,,3,top,mesh/m058/l03_top.bmp,640,640,captures/mesh/m058/l03_top.jpg,0.008883903734385967,0.013292367570102215,37.5279531560821,0.9977353992848629,2.7126736111104943e-05
mesh,58,,4,top,mesh/m058/l04_top.bmp,640,640,captures/mesh/m058/l04_top.jpg,0.011938696727156639,0.017733987420797348,35.023872078562675,0.9976167778836987,0.00010850694444444753
mesh,58,,5,top,mesh/m058/l05_top.bmp,640,640,captures/mesh/m058/l05_top.jpg,0.01592404395341873,0.023293063044548035,32.65546795719287,0.9966646813579512,5.425347222223764e-05
mesh,58,,6,top,mesh/m058/l06_top.bmp,640,640,captures/mesh/m058/l06_top.jpg,0.04836834967136383,0.062496382743120193,24.082902373171184,0.9941631923764145,0.0005154079861111049
submesh,58,0,0,hero,submesh/m058_s00/l00_hero.bmp,640,640,captures/submesh/m058_s00/l00_hero.jpg,0.0,0.0,99.0,1.0,0.0
submesh,58,0,1,hero,submesh/m058_s00/l01_hero.bmp,640,640,captures/submesh/m058_s00/l01_hero.jpg,0.0026953555643558502,0.004153767134994268,47.63115708342212,0.9990167158308751,2.71267361111327e-05
submesh,58,0,2,hero,submesh/m058_s00/l02_hero.bmp,640,640,captures/submesh/m058_s00/l02_hero.jpg,0.004995872266590595,0.007160545326769352,42.901078035998495,0.9976428992339422,0.00016276041666668517
submesh,58,0,3,hero,submesh/m058_s00/l03_hero.bmp,640,640,captures/submesh/m058_s00/l03_hero.jpg,0.006878416985273361,0.009708138182759285,40.25728101354546,0.9974449685534591,2.7126736111104943e-05
submesh,58,0,4,hero,submesh/m058_s00/l04_hero.bmp,640,640,captures/submesh/m058_s00/l04_hero.jpg,0.009483803994953632,0.013455869629979134,37.42176458558282,0.9978380503144654,2.71267361111327e-05
submesh,58,0,5,hero,submesh/m058_s00/l05_hero.bmp,640,640,captures/submesh/m058_s00/l05_hero.jpg,0.013251886703073978,0.018670212477445602,34.577014790180655,0.9952857984678845,0.00016276041666665741
submesh,58,0,6,hero,submesh/m058_s00/l06_hero.bmp,640,640,captures/submesh/m058_s00/l06_hero.jpg,0.053245946764945984,0.07026229053735733,23.06555392790802,0.8851338151982809,0.013943142361111105
mesh,59,,0,hero,mesh/m059/l00_hero.bmp,640,640,captures/mesh/m059/l00_hero.jpg,0.0,0.0,99.0,1.0,0.0
mesh,59,,1,hero,mesh/m059/l01_hero.bmp,640,640,captures/mesh/m059/l01_hero.jpg,0.002480019349604845,0.0040906271897256374,47.76420198579764,0.9992605373428641,2.712673611111882e-05
mesh,59,,2,hero,mesh/m059/l02_hero.bmp,640,640,captures/mesh/m059/l02_hero.jpg,0.00467649707570672,0.0068411980755627155,43.297356702315774,0.9987675622381069,8.138020833334259e-05
mesh,59,,3,hero,mesh/m059/l03_hero.bmp,640,640,captures/mesh/m059/l03_hero.jpg,0.007000246550887823,0.010142030194401741,39.87750201647965,0.9977816120285925,0.00018988715277777624
mesh,59,,4,hero,mesh/m059/l04_hero.bmp,640,640,captures/mesh/m059/l04_hero.jpg,0.009987005963921547,0.014472322538495064,36.78923534208083,0.9977827050997783,8.138020833334259e-05
mesh,59,,5,hero,mesh/m059/l05_hero.bmp,640,640,captures/mesh/m059/l05_hero.jpg,0.014135857112705708,0.020185714587569237,33.89911743342613,0.9970465173517106,5.4253472222223764e-05
mesh,59,,6,hero,mesh/m059/l06_hero.bmp,640,640,captures/mesh/m059/l06_hero.jpg,0.04753241315484047,0.06350269168615341,23.944157317887026,0.9435444280805105,0.005262586805555566
mesh,59,,0,side,mesh/m059/l00_side.bmp,640,640,captures/mesh/m059/l00_side.jpg,0.0,0.0,99.0,1.0,0.0
mesh,59,,1,side,mesh/m059/l01_side.bmp,640,640,captures/mesh/m059/l01_side.jpg,0.001966239186003804,0.0036061364226043224,48.85915695291814,0.9988619119878603,2.7126736111104943e-05
mesh,59,,2,side,mesh/m059/l02_side.bmp,640,640,captures/mesh/m059/l02_side.jpg,0.00392107293009758,0.005861918441951275,44.63920456563819,0.9965883244882486,2.712673611111882e-05
mesh,59,,3,side,mesh/m059/l03_side.bmp,640,640,captures/mesh/m059/l03_side.jpg,0.005600755102932453,0.008388719521462917,41.52608652169397,0.9958317544524441,2.712673611111882e-05
mesh,59,,4,side,mesh/m059/l04_side.bmp,640,640,captures/mesh/m059/l04_side.jpg,0.007821870036423206,0.011772288009524345,38.5827824281915,0.9920544835414302,8.138020833334259e-05
mesh,59,,5,side,mesh/m059/l05_side.bmp,640,640,captures/mesh/m059/l05_side.jpg,0.011546346358954906,0.017204513773322105,35.28715193432463,0.9867424242424242,0.0006239149305555663
mesh,59,,6,side,mesh/m059/l06_side.bmp,640,640,captures/mesh/m059/l06_side.jpg,0.05087999254465103,0.06898701936006546,23.22465237384391,0.7956748695003728,0.012261284722222224
mesh,59,,0,top,mesh/m059/l00_top.bmp,640,640,captures/mesh/m059/l00_top.jpg,0.0,0.0,99.0,1.0,0.0
mesh,59,,1,top,mesh/m059/l01_top.bmp,640,640,captures/mesh/m059/l01_top.jpg,0.0032004546374082565,0.005543195176869631,45.12479659107635,0.9991217477220331,5.425347222223764e-05
mesh,59,,2,top,mesh/m059/l02_top.bmp,640,640,captures/mesh/m059/l02_top.jpg,0.0055724456906318665,0.008955789729952812,40.957922232617676,0.9982442664325688,5.425347222223764e-05
mesh,59,,3,top,mesh/m059/l03_top.bmp,640,640,captures/mesh/m059/l03_top.jpg,0.007880723103880882,0.012464302591979504,38.08664032624182,0.9982440737489026,0.00010850694444444753
mesh,59,,4,top,mesh/m059/l04_top.bmp,640,640,captures/mesh/m059/l04_top.jpg,0.010908162221312523,0.017283838242292404,35.247196137205215,0.9979152951503182,8.138020833334259e-05
mesh,59,,5,top,mesh/m059/l05_top.bmp,640,640,captures/mesh/m059/l05_top.jpg,0.015008366666734219,0.023287881165742874,32.65740047394915,0.9971469329529244,0.0003255208333333426
mesh,59,,6,top,mesh/m059/l06_top.bmp,640,640,captures/mesh/m059/l06_top.jpg,0.04283551871776581,0.05661892145872116,24.940768156496105,0.9970378496982996,0.000244140625
submesh,59,0,0,hero,submesh/m059_s00/l00_hero.bmp,640,640,captures/submesh/m059_s00/l00_hero.jpg,0.0,0.0,99.0,1.0,0.0
submesh,59,0,1,hero,submesh/m059_s00/l01_hero.bmp,640,640,captures/submesh/m059_s00/l01_hero.jpg,0.002480019349604845,0.0040906271897256374,47.76420198579764,0.9992605373428641,2.712673611111882e-05
submesh,59,0,2,hero,submesh/m059_s00/l02_hero.bmp,640,640,captures/submesh/m059_s00/l02_hero.jpg,0.00467649707570672,0.0068411980755627155,43.297356702315774,0.9987675622381069,8.138020833334259e-05
submesh,59,0,3,hero,submesh/m059_s00/l03_hero.bmp,640,640,captures/submesh/m059_s00/l03_hero.jpg,0.007000246550887823,0.010142030194401741,39.87750201647965,0.9977816120285925,0.00018988715277777624
submesh,59,0,4,hero,submesh/m059_s00/l04_hero.bmp,640,640,captures/submesh/m059_s00/l04_hero.jpg,0.009987005963921547,0.014472322538495064,36.78923534208083,0.9977827050997783,8.138020833334259e-05
submesh,59,0,5,hero,submesh/m059_s00/l05_hero.bmp,640,640,captures/submesh/m059_s00/l05_hero.jpg,0.014135857112705708,0.020185714587569237,33.89911743342613,0.9970465173517106,5.4253472222223764e-05
submesh,59,0,6,hero,submesh/m059_s00/l06_hero.bmp,640,640,captures/submesh/m059_s00/l06_hero.jpg,0.04753241315484047,0.06350269168615341,23.944157317887026,0.9435444280805105,0.005262586805555566
mesh,60,,0,hero,mesh/m060/l00_hero.bmp,640,640,captures/mesh/m060/l00_hero.jpg,0.0,0.0,99.0,1.0,0.0
mesh,60,,1,hero,mesh/m060/l01_hero.bmp,640,640,captures/mesh/m060/l01_hero.jpg,0.0025758135598152876,0.003922670613974333,48.12836315955642,0.9988760887889857,5.4253472222223764e-05
mesh,60,,2,hero,mesh/m060/l02_hero.bmp,640,640,captures/mesh/m060/l02_hero.jpg,0.003760463558137417,0.005447623785585165,45.27585785114937,0.9985962942167321,8.138020833334259e-05
mesh,60,,3,hero,mesh/m060/l03_hero.bmp,640,640,captures/mesh/m060/l03_hero.jpg,0.005095468834042549,0.007630498614162207,42.348941643775206,0.998314606741573,5.4253472222223764e-05
mesh,60,,4,hero,mesh/m060/l04_hero.bmp,640,640,captures/mesh/m060/l04_hero.jpg,0.006796577945351601,0.010093336924910545,39.919304587075835,0.9974726200505476,8.138020833332871e-05
mesh,60,,5,hero,mesh/m060/l05_hero.bmp,640,640,captures/mesh/m060/l05_hero.jpg,0.009326795116066933,0.013597732409834862,37.33067019142701,0.997193376368229,0.0
mesh,60,,6,hero,mesh/m060/l06_hero.bmp,640,640,captures/mesh/m060/l06_hero.jpg,0.030605318024754524,0.04255475848913193,27.421037397827725,0.9960740325294447,5.4253472222223764e-05
mesh,60,,0,side,mesh/m060/l00_side.bmp,640,640,captures/mesh/m060/l00_side.jpg,0.0,0.0,99.0,1.0,0.0
mesh,60,,1,side,mesh/m060/l01_side.bmp,640,640,captures/mesh/m060/l01_side.jpg,0.0024850131012499332,0.004193293396383524,47.54889499627591,0.9967658473479948,8.138020833332871e-05
mesh,60,,2,side,mesh/m060/l02_side.bmp,640,640,captures/mesh/m060/l02_side.jpg,0.003793893614783883,0.006807228550314903,43.34059335730923,0.9954721862871928,0.00013563368055555247
mesh,60,,3,side,mesh/m060/l03_side.bmp,640,640,captures/mesh/m060/l03_side.jpg,0.005224536173045635,0.008742230013012886,41.16755542325511,0.9928940568475452,0.00013563368055555247
mesh,60,,4,side,mesh/m060/l04_side.bmp,640,640,captures/mesh/m060/l04_side.jpg,0.007074499502778053,0.012236082926392555,38.24715176752839,0.9909735654416505,5.4253472222216825e-05
mesh,60,,5,side,mesh/m060/l05_side.bmp,640,640,captures/mesh/m060/l05_side.jpg,0.009233817458152771,0.01564796082675457,36.11084499543625,0.9903225806451613,0.00013563368055555247
mesh,60,,6,side,mesh/m060/l06_side.bmp,640,640,captures/mesh/m060/l06_side.jpg,0.05150159075856209,0.07392492145299911,22.62418256499792,0.7788461538461539,0.008544921875
mesh,60,,0,top,mesh/m060/l00_top.bmp,640,640,captures/mesh/m060/l00_top.jpg,0.0,0.0,99.0,1.0,0.0
mesh,60,,1,top,mesh/m060/l01_top.bmp,640,640,captures/mesh/m060/l01_top.jpg,0.0031623777467757463,0.005011450033634901,46.000731907839096,0.9989752931800069,2.7126736111104943e-05
mesh,60,,2,top,mesh/m060/l02_top.bmp,640,640,captures/mesh/m060/l02_top.jpg,0.005182025022804737,0.008023676462471485,41.91253183254483,0.9985198679266766,8.138020833334259e-05
mesh,60,,3,top,mesh/m060/l03_top.bmp,640,640,captures/mesh/m060/l03_top.jpg,0.007100764662027359,0.010904165916144848,39.24815097927477,0.9982921553000114,0.00013563368055555247
mesh,60,,4,top,mesh/m060/l04_top.bmp,640,640,captures/mesh/m060/l04_top.jpg,0.009730109013617039,0.014932419173419476,36.51739654669621,0.9981785063752276,0.00010850694444444753
mesh,60,,5,top,mesh/m060/l05_top.bmp,640,640,captures/mesh/m060/l05_top.jpg,0.013288569636642933,0.020119894295930862,33.92748610533864,0.9982923497267759,8.138020833334259e-05
mesh,60,,6,top,mesh/m060/l06_top.bmp,640,640,captures/mesh/m060/l06_top.jpg,0.03603757545351982,0.04953383281826973,26.101961319445333,0.9984065558843614,5.4253472222209886e-05
submesh,60,0,0,hero,submesh/m060_s00/l00_hero.bmp,640,640,captures/submesh/m060_s00/l00_hero.jpg,0.0,0.0,99.0,1.0,0.0
submesh,60,0,1,hero,submesh/m060_s00/l01_hero.bmp,640,640,captures/submesh/m060_s00/l01_hero.jpg,0.0025758135598152876,0.003922670613974333,48.12836315955642,0.9988760887889857,5.4253472222223764e-05
submesh,60,0,2,hero,submesh/m060_s00/l02_hero.bmp,640,640,captures/submesh/m060_s00/l02_hero.jpg,0.003760463558137417,0.005447623785585165,45.27585785114937,0.9985962942167321,8.138020833334259e-05
submesh,60,0,3,hero,submesh/m060_s00/l03_hero.bmp,640,640,captures/submesh/m060_s00/l03_hero.jpg,0.005095468834042549,0.007630498614162207,42.348941643775206,0.998314606741573,5.4253472222223764e-05
submesh,60,0,4,hero,submesh/m060_s00/l04_hero.bmp,640,640,captures/submesh/m060_s00/l04_hero.jpg,0.006796577945351601,0.010093336924910545,39.919304587075835,0.9974726200505476,8.138020833332871e-05
submesh,60,0,5,hero,submesh/m060_s00/l05_hero.bmp,640,640,captures/submesh/m060_s00/l05_hero.jpg,0.009326795116066933,0.013597732409834862,37.33067019142701,0.997193376368229,0.0
submesh,60,0,6,hero,submesh/m060_s00/l06_hero.bmp,640,640,captures/submesh/m060_s00/l06_hero.jpg,0.030605318024754524,0.04255475848913193,27.421037397827725,0.9960740325294447,5.4253472222223764e-05
mesh,61,,0,hero,mesh/m061/l00_hero.bmp,640,640,captures/mesh/m061/l00_hero.jpg,0.0,0.0,99.0,1.0,0.0
mesh,61,,1,hero,mesh/m061/l01_hero.bmp,640,640,captures/mesh/m061/l01_hero.jpg,0.0013473849976435304,0.002538971835747361,51.906842332642526,0.9993593850096092,2.7126736111104943e-05
mesh,61,,2,hero,mesh/m061/l02_hero.bmp,640,640,captures/mesh/m061/l02_hero.jpg,0.002553806873038411,0.00387580250389874,48.232767220930256,0.998291693358958,0.00016276041666665741
mesh,61,,3,hero,mesh/m061/l03_hero.bmp,640,640,captures/mesh/m061/l03_hero.jpg,0.004140874836593866,0.006002520676702261,44.43332670534463,0.9985058697972252,2.7126736111104943e-05
mesh,61,,4,hero,mesh/m061/l04_hero.bmp,640,640,captures/mesh/m061/l04_hero.jpg,0.005816365592181683,0.008291005156934261,41.62785629454965,0.9980789754535753,8.138020833331483e-05
mesh,61,,5,hero,mesh/m061/l05_hero.bmp,640,640,captures/mesh/m061/l05_hero.jpg,0.008374993689358234,0.01193682849407196,38.46222091888112,0.9972263708128867,8.138020833331483e-05
mesh,61,,6,hero,mesh/m061/l06_hero.bmp,640,640,captures/mesh/m061/l06_hero.jpg,0.037968896329402924,0.05266294628381729,25.5698969497907,0.9773208986858839,0.0009494357638888673
mesh,61,,0,side,mesh/m061/l00_side.bmp,640,640,captures/mesh/m061/l00_side.jpg,0.0,0.0,99.0,1.0,0.0
mesh,61,,1,side,mesh/m061/l01_side.bmp,640,640,captures/mesh/m061/l01_side.jpg,0.0018096101703122258,0.0032608367037028074,49.73341898528221,0.9994288977727013,2.7126736111104943e-05
mesh,61,,2,side,mesh/m061/l02_side.bmp,640,640,captures/mesh/m061/l02_side.jpg,0.0031770518980920315,0.005150573328137398,45.762888508932576,0.9954389965792474,0.0
mesh,61,,3,side,mesh/m061/l03_side.bmp,640,640,captures/mesh/m061/l03_side.jpg,0.004417913034558296,0.006924457848072052,43.1922844822605,0.9942987457240593,5.4253472222223764e-05
mesh,61,,4,side,mesh/m061/l04_side.bmp,640,640,captures/mesh/m061/l04_side.jpg,0.0060539585538208485,0.009472723118960857,40.470503132635365,0.9937214611872146,0.00018988715277778317
mesh,61,,5,side,mesh/m061/l05_side.bmp,640,640,captures/mesh/m061/l05_side.jpg,0.00865575484931469,0.013784392736852169,37.21224723438988,0.9886039886039886,0.0002712673611111119
mesh,61,,6,side,mesh/m061/l06_side.bmp,640,640,captures/mesh/m061/l06_side.jpg,0.03429360315203667,0.04772977530956268,26.424212201862947,0.8679977814753189,0.0035807291666666713
mesh,61,,0,top,mesh/m061/l00_top.bmp,640,640,captures/mesh/m061/l00_top.jpg,0.0,0.0,99.0,1.0,0.0
mesh,61,,1,top,mesh/m061/l01_top.bmp,640,640,captures/mesh/m061/l01_top.jpg,0.0019762844312936068,0.003273222828283906,49.7004885721163,0.9990342311406804,2.7126736111104943e-05
mesh,61,,2,top,mesh/m061/l02_top.bmp,640,640,captures/mesh/m061/l02_top.jpg,0.003580111311748624,0.005821599159389734,44.69915401593171,0.9990341274951706,2.7126736111104943e-05
mesh,61,,3,top,mesh/m061/l03_top.bmp,640,640,captures/mesh/m061/l03_top.jpg,0.0054625654593110085,0.008545669727027416,41.36507791608024,0.9983905579399142,8.138020833331483e-05
mesh,61,,4,top,mesh/m061/l04_top.bmp,640,640,captures/mesh/m061/l04_top.jpg,0.007517427206039429,0.011905282735824585,38.48520572353502,0.9984976928855027,0.00010850694444447528
mesh,61,,5,top,mesh/m061/l05_top.bmp,640,640,captures/mesh/m061/l05_top.jpg,0.010638567619025707,0.016802188009023666,35.49268320075451,0.9982834459821908,5.4253472222209886e-05
mesh,61,,6,top,mesh/m061/l06_top.bmp,640,640,captures/mesh/m061/l06_top.jpg,0.033866602927446365,0.04708068445324898,26.543144641249874,0.9982834459821908,5.4253472222209886e-05
submesh,61,0,0,hero,submesh/m061_s00/l00_hero.bmp,640,640,captures/submesh/m061_s00/l00_hero.jpg,0.0,0.0,99.0,1.0,0.0
submesh,61,0,1,hero,submesh/m061_s00/l01_hero.bmp,640,640,captures/submesh/m061_s00/l01_hero.jpg,0.0013473849976435304,0.002538971835747361,51.906842332642526,0.9993593850096092,2.7126736111104943e-05
submesh,61,0,2,hero,submesh/m061_s00/l02_hero.bmp,640,640,captures/submesh/m061_s00/l02_hero.jpg,0.002553806873038411,0.00387580250389874,48.232767220930256,0.998291693358958,0.00016276041666665741
submesh,61,0,3,hero,submesh/m061_s00/l03_hero.bmp,640,640,captures/submesh/m061_s00/l03_hero.jpg,0.004140874836593866,0.006002520676702261,44.43332670534463,0.9985058697972252,2.7126736111104943e-05
submesh,61,0,4,hero,submesh/m061_s00/l04_hero.bmp,640,640,captures/submesh/m061_s00/l04_hero.jpg,0.005816365592181683,0.008291005156934261,41.62785629454965,0.9980789754535753,8.138020833331483e-05
submesh,61,0,5,hero,submesh/m061_s00/l05_hero.bmp,640,640,captures/submesh/m061_s00/l05_hero.jpg,0.008374993689358234,0.01193682849407196,38.46222091888112,0.9972263708128867,8.138020833331483e-05
submesh,61,0,6,hero,submesh/m061_s00/l06_hero.bmp,640,640,captures/submesh/m061_s00/l06_hero.jpg,0.037968896329402924,0.05266294628381729,25.5698969497907,0.9773208986858839,0.0009494357638888673
mesh,62,,0,hero,mesh/m062/l00_hero.bmp,640,640,captures/mesh/m062/l00_hero.jpg,0.0,0.0,99.0,1.0,0.0
mesh,62,,1,hero,mesh/m062/l01_hero.bmp,640,640,captures/mesh/m062/l01_hero.jpg,0.0021186876110732555,0.003241414437070489,49.785308757782296,0.999439461883408,5.4253472222223764e-05
mesh,62,,2,hero,mesh/m062/l02_hero.bmp,640,640,captures/mesh/m062/l02_hero.jpg,0.003149421652778983,0.004551977850496769,46.83599719689254,0.9988786094757499,5.4253472222223764e-05
mesh,62,,3,hero,mesh/m062/l03_hero.bmp,640,640,captures/mesh/m062/l03_hero.jpg,0.0042528556659817696,0.005988375283777714,44.45381981598948,0.9985982618446874,8.138020833332871e-05
mesh,62,,4,hero,mesh/m062/l04_hero.bmp,640,640,captures/mesh/m062/l04_hero.jpg,0.005550246220082045,0.0079345116391778,42.00959596907657,0.9983193277310924,5.4253472222223764e-05
mesh,62,,5,hero,mesh/m062/l05_hero.bmp,640,640,captures/mesh/m062/l05_hero.jpg,0.008395305834710598,0.011953111737966537,38.45038041363529,0.9974789915966387,2.712673611111882e-05
mesh,62,,6,hero,mesh/m062/l06_hero.bmp,640,640,captures/mesh/m062/l06_hero.jpg,0.034604668617248535,0.04659899324178696,26.632469320388672,0.9830130882762461,0.00029839409722222376
mesh,62,,0,side,mesh/m062/l00_side.bmp,640,640,captures/mesh/m062/l00_side.jpg,0.0,0.0,99.0,1.0,0.0
mesh,62,,1,side,mesh/m062/l01_side.bmp,640,640,captures/mesh/m062/l01_side.jpg,0.002103591337800026,0.0036939368583261967,48.65021064740595,0.9986400725294651,8.138020833333565e-05
mesh,62,,2,side,mesh/m062/l02_side.bmp,640,640,captures/mesh/m062/l02_side.jpg,0.0035869234707206488,0.005923030897974968,44.549120036409455,0.9977344811961939,8.138020833333565e-05
mesh,62,,3,side,mesh/m062/l03_side.bmp,640,640,captures/mesh/m062/l03_side.jpg,0.005278533324599266,0.009022284299135208,40.893669841373786,0.9972801450589301,0.0
mesh,62,,4,side,mesh/m062/l04_side.bmp,640,640,captures/mesh/m062/l04_side.jpg,0.007274459581822157,0.012063303962349892,38.370674580068275,0.9954730647351743,5.4253472222223764e-05
mesh,62,,5,side,mesh/m062/l05_side.bmp,640,640,captures/mesh/m062/l05_side.jpg,0.010132495313882828,0.016728607937693596,35.530803942415844,0.9959239130434783,2.7126736111111882e-05
mesh,62,,6,side,mesh/m062/l06_side.bmp,640,640,captures/mesh/m062/l06_side.jpg,0.04000478982925415,0.05359577387571335,25.417389077345067,0.9445933869526363,0.00146484375
mesh,62,,0,top,mesh/m062/l00_top.bmp,640,640,captures/mesh/m062/l00_top.jpg,0.0,0.0,99.0,1.0,0.0
mesh,62,,1,top,mesh/m062/l01_top.bmp,640,640,captures/mesh/m062/l01_top.jpg,0.0022485596127808094,0.0038316475693136454,48.33228887360893,0.9985424374929925,2.71267361111327e-05
mesh,62,,2,top,mesh/m062/l02_top.bmp,640,640,captures/mesh/m062/l02_top.jpg,0.003912774845957756,0.0064556957222521305,43.801138950047644,0.9982060769144523,0.00010850694444444753
mesh,62,,3,top,mesh/m062/l03_top.bmp,640,640,captures/mesh/m062/l03_top.jpg,0.005709506571292877,0.0093534579500556,40.58055603710885,0.9976467951591215,2.7126736111104943e-05
mesh,62,,4,top,mesh/m062/l04_top.bmp,640,640,captures/mesh/m062/l04_top.jpg,0.007847384549677372,0.012725074775516987,37.90679313935414,0.9979831932773109,0.00016276041666665741
mesh,62,,5,top,mesh/m062/l05_top.bmp,640,640,captures/mesh/m062/l05_top.jpg,0.011095880530774593,0.017251823097467422,35.263300076354824,0.9971991933676899,2.7126736111104943e-05
mesh,62,,6,top,mesh/m062/l06_top.bmp,640,640,captures/mesh/m062/l06_top.jpg,0.0370018295943737,0.050988320261240005,25.85058590039972,0.9976465314356159,2.71267361111327e-05
submesh,62,0,0,hero,submesh/m062_s00/l00_hero.bmp,640,640,captures/submesh/m062_s00/l00_hero.jpg,0.0,0.0,99.0,1.0,0.0
submesh,62,0,1,hero,submesh/m062_s00/l01_hero.bmp,640,640,captures/submesh/m062_s00/l01_hero.jpg,0.0021186876110732555,0.003241414437070489,49.785308757782296,0.999439461883408,5.4253472222223764e-05
submesh,62,0,2,hero,submesh/m062_s00/l02_hero.bmp,640,640,captures/submesh/m062_s00/l02_hero.jpg,0.003149421652778983,0.004551977850496769,46.83599719689254,0.9988786094757499,5.4253472222223764e-05
submesh,62,0,3,hero,submesh/m062_s00/l03_hero.bmp,640,640,captures/submesh/m062_s00/l03_hero.jpg,0.0042528556659817696,0.005988375283777714,44.45381981598948,0.9985982618446874,8.138020833332871e-05
submesh,62,0,4,hero,submesh/m062_s00/l04_hero.bmp,640,640,captures/submesh/m062_s00/l04_hero.jpg,0.005550246220082045,0.0079345116391778,42.00959596907657,0.9983193277310924,5.4253472222223764e-05
submesh,62,0,5,hero,submesh/m062_s00/l05_hero.bmp,640,640,captures/submesh/m062_s00/l05_hero.jpg,0.008395305834710598,0.011953111737966537,38.45038041363529,0.9974789915966387,2.712673611111882e-05
submesh,62,0,6,hero,submesh/m062_s00/l06_hero.bmp,640,640,captures/submesh/m062_s00/l06_hero.jpg,0.034604668617248535,0.04659899324178696,26.632469320388672,0.9830130882762461,0.00029839409722222376
mesh,63,,0,hero,mesh/m063/l00_hero.bmp,640,640,captures/mesh/m063/l00_hero.jpg,0.0,0.0,99.0,1.0,0.0
mesh,63,,1,hero,mesh/m063/l01_hero.bmp,640,640,captures/mesh/m063/l01_hero.jpg,0.0021800766699016094,0.0033691313583403826,49.44964112148626,0.9989079989079989,5.4253472222223764e-05
mesh,63,,2,hero,mesh/m063/l02_hero.bmp,640,640,captures/mesh/m063/l02_hero.jpg,0.0032781444024294615,0.004947101231664419,46.11298405306232,0.9991809991809992,8.138020833332871e-05
mesh,63,,3,hero,mesh/m063/l03_hero.bmp,640,640,captures/mesh/m063/l03_hero.jpg,0.004640487022697926,0.0068632932379841805,43.269348904839084,0.9983615510649918,5.4253472222223764e-05
mesh,63,,4,hero,mesh/m063/l04_hero.bmp,640,640,captures/mesh/m063/l04_hero.jpg,0.006272582802921534,0.009481419809162617,40.46253247451632,0.9980889980889981,2.712673611111882e-05
mesh,63,,5,hero,mesh/m063/l05_hero.bmp,640,640,captures/mesh/m063/l05_hero.jpg,0.00907114613801241,0.013714594766497612,37.256340404680095,0.9959072305593452,0.00013563368055556635
mesh,63,,6,hero,mesh/m063/l06_hero.bmp,640,640,captures/mesh/m063/l06_hero.jpg,0.030273674055933952,0.04098627343773842,27.747231337988016,0.9853896103896104,0.00048828125
mesh,63,,0,side,mesh/m063/l00_side.bmp,640,640,captures/mesh/m063/l00_side.jpg,0.0,0.0,99.0,1.0,0.0
mesh,63,,1,side,mesh/m063/l01_side.bmp,640,640,captures/mesh/m063/l01_side.jpg,0.0029720948077738285,0.004726904444396496,46.508463539686474,0.9958083832335329,2.7126736111111882e-05
mesh,63,,2,side,mesh/m063/l02_side.bmp,640,640,captures/mesh/m063/l02_side.jpg,0.004546271171420813,0.006959367543458939,43.148604532117346,0.991636798088411,0.0
mesh,63,,3,side,mesh/m063/l03_side.bmp,640,640,captures/mesh/m063/l03_side.jpg,0.0064914110116660595,0.010130589827895164,39.887305364180584,0.9916317991631799,5.4253472222223764e-05
mesh,63,,4,side,mesh/m063/l04_side.bmp,640,640,captures/mesh/m063/l04_side.jpg,0.009344215504825115,0.014201080426573753,36.953572259593464,0.9922248803827751,8.138020833333565e-05
mesh,63,,5,side,mesh/m063/l05_side.bmp,640,640,captures/mesh/m063/l05_side.jpg,0.012826651334762573,0.019908549264073372,34.01920771714425,0.9892793329362716,0.00016276041666666435
mesh,63,,6,side,mesh/m063/l06_side.bmp,640,640,captures/mesh/m063/l06_side.jpg,0.04045487195253372,0.05478980019688606,25.226005666264033,0.9098265895953758,0.0008138020833333356
mesh,63,,0,top,mesh/m063/l00_top.bmp,640,640,captures/mesh/m063/l00_top.jpg,0.0,0.0,99.0,1.0,0.0
mesh,63,,1,top,mesh/m063/l01_top.bmp,640,640,captures/mesh/m063/l01_top.jpg,0.0028361945878714323,0.0047157080844044685,46.52906173589934,0.9992306846906254,0.00013563368055555247
mesh,63,,2,top,mesh/m063/l02_top.bmp,640,640,captures/mesh/m063/l02_top.jpg,0.004754618275910616,0.007580773904919624,42.40572911828366,0.9987909430644097,2.71267361111327e-05
mesh,63,,3,top,mesh/m063/l03_top.bmp,640,640,captures/mesh/m063/l03_top.jpg,0.006831495091319084,0.010609227232635021,39.48632497197288,0.998571114530666,8.138020833334259e-05
mesh,63,,4,top,mesh/m063/l04_top.bmp,640,640,captures/mesh/m063/l04_top.jpg,0.009136823937296867,0.014212573878467083,36.94654529579085,0.9981318681318682,8.138020833334259e-05
mesh,63,,5,top,mesh/m063/l05_top.bmp,640,640,captures/mesh/m063/l05_top.jpg,0.01281985454261303,0.01983487419784069,34.05141099364472,0.9984610311091568,0.00016276041666668517
mesh,63,,6,top,mesh/m063/l06_top.bmp,640,640,captures/mesh/m063/l06_top.jpg,0.03569513559341431,0.04725274071097374,26.51145993732375,0.9983518294692891,2.7126736111104943e-05
submesh,63,0,0,hero,submesh/m063_s00/l00_hero.bmp,640,640,captures/submesh/m063_s00/l00_hero.jpg,0.0,0.0,99.0,1.0,0.0
submesh,63,0,1,hero,submesh/m063_s00/l01_hero.bmp,640,640,captures/submesh/m063_s00/l01_hero.jpg,0.0021800766699016094,0.0033691313583403826,49.44964112148626,0.9989079989079989,5.4253472222223764e-05
submesh,63,0,2,hero,submesh/m063_s00/l02_hero.bmp,640,640,captures/submesh/m063_s00/l02_hero.jpg,0.0032781444024294615,0.004947101231664419,46.11298405306232,0.9991809991809992,8.138020833332871e-05
submesh,63,0,3,hero,submesh/m063_s00/l03_hero.bmp,640,640,captures/submesh/m063_s00/l03_hero.jpg,0.004640487022697926,0.0068632932379841805,43.269348904839084,0.9983615510649918,5.4253472222223764e-05
submesh,63,0,4,hero,submesh/m063_s00/l04_hero.bmp,640,640,captures/submesh/m063_s00/l04_hero.jpg,0.006272582802921534,0.009481419809162617,40.46253247451632,0.9980889980889981,2.712673611111882e-05
submesh,63,0,5,hero,submesh/m063_s00/l05_hero.bmp,640,640,captures/submesh/m063_s00/l05_hero.jpg,0.00907114613801241,0.013714594766497612,37.256340404680095,0.9959072305593452,0.00013563368055556635
submesh,63,0,6,hero,submesh/m063_s00/l06_hero.bmp,640,640,captures/submesh/m063_s00/l06_hero.jpg,0.030273674055933952,0.04098627343773842,27.747231337988016,0.9853896103896104,0.00048828125
mesh,64,,0,hero,mesh/m064/l00_hero.bmp,640,640,captures/mesh/m064/l00_hero.jpg,0.0,0.0,99.0,1.0,0.0
mesh,64,,1,hero,mesh/m064/l01_hero.bmp,640,640,captures/mesh/m064/l01_hero.jpg,0.0019981965888291597,0.0031809743959456682,49.94879653136586,0.9989448694275916,5.4253472222209886e-05
mesh,64,,2,hero,mesh/m064/l02_hero.bmp,640,640,captures/mesh/m064/l02_hero.jpg,0.0030462031718343496,0.00463312491774559,46.682519804889026,0.9984181386765094,0.0
mesh,64,,3,hero,mesh/m064/l03_hero.bmp,640,640,captures/mesh/m064/l03_hero.jpg,0.004151498898863792,0.006346109323203564,43.949849013274694,0.9986814345991561,2.7126736111104943e-05
mesh,64,,4,hero,mesh/m064/l04_hero.bmp,640,640,captures/mesh/m064/l04_hero.jpg,0.005517828278243542,0.008586645126342773,41.32352970989756,0.9981549815498155,2.712673611111882e-05
mesh,64,,5,hero,mesh/m064/l05_hero.bmp,640,640,captures/mesh/m064/l05_hero.jpg,0.0073700821958482265,0.01138135977089405,38.87611696318181,0.9986821296784396,8.138020833334259e-05
mesh,64,,6,hero,mesh/m064/l06_hero.bmp,640,640,captures/mesh/m064/l06_hero.jpg,0.024716798216104507,0.03485371544957161,29.15501837528624,0.9908088235294118,2.712673611111882e-05
mesh,64,,0,side,mesh/m064/l00_side.bmp,640,640,captures/mesh/m064/l00_side.jpg,0.0,0.0,99.0,1.0,0.0
mesh,64,,1,side,mesh/m064/l01_side.bmp,640,640,captures/mesh/m064/l01_side.jpg,0.0021954081021249294,0.004288418684154749,47.35405640967553,0.997789566755084,8.138020833333565e-05
mesh,64,,2,side,mesh/m064/l02_side.bmp,640,640,captures/mesh/m064/l02_side.jpg,0.003755356417968869,0.0065043605864048,43.73590780970354,0.9955849889624724,5.4253472222223764e-05
mesh,64,,3,side,mesh/m064/l03_side.bmp,640,640,captures/mesh/m064/l03_side.jpg,0.005369639024138451,0.009257993660867214,40.66966241846388,0.9964664310954063,5.4253472222223764e-05
mesh,64,,4,side,mesh/m064/l04_side.bmp,640,640,captures/mesh/m064/l04_side.jpg,0.007689689751714468,0.013324602507054806,37.50691475532245,0.9955869373345102,0.0
mesh,64,,5,side,mesh/m064/l05_side.bmp,640,640,captures/mesh/m064/l05_side.jpg,0.010558423586189747,0.018202923238277435,34.79717724655298,0.9947066607851787,0.0
mesh,64,,6,side,mesh/m064/l06_side.bmp,640,640,captures/mesh/m064/l06_side.jpg,0.038498878479003906,0.05358383432030678,25.41932425256661,0.9706783369803064,0.0005154079861111119
mesh,64,,0,top,mesh/m064/l00_top.bmp,640,640,captures/mesh/m064/l00_top.jpg,0.0,0.0,99.0,1.0,0.0
mesh,64,,1,top,mesh/m064/l01_top.bmp,640,640,captures/mesh/m064/l01_top.jpg,0.0023830754216760397,0.0037858462892472744,48.43674045977877,0.9995678945662742,5.4253472222209886e-05
mesh,64,,2,top,mesh/m064/l02_top.bmp,640,640,captures/mesh/m064/l02_top.jpg,0.003980318550020456,0.006177995353937149,44.18304845277365,0.9992437337942955,8.138020833331483e-05
mesh,64,,3,top,mesh/m064/l03_top.bmp,640,640,captures/mesh/m064/l03_top.jpg,0.005770608317106962,0.008829078637063503,41.081692301533515,0.9992439788314073,8.138020833337034e-05
mesh,64,,4,top,mesh/m064/l04_top.bmp,640,640,captures/mesh/m064/l04_top.jpg,0.007840736769139767,0.012025916948914528,38.39763599443152,0.9989197364156854,0.00010850694444441977
mesh,64,,5,top,mesh/m064/l05_top.bmp,640,640,captures/mesh/m064/l05_top.jpg,0.010784526355564594,0.01614326983690262,35.84016987766281,0.998703823720026,0.00010850694444441977
mesh,64,,6,top,mesh/m064/l06_top.bmp,640,640,captures/mesh/m064/l06_top.jpg,0.031886208802461624,0.042427610605955124,27.447028513792503,0.9966580422595946,0.0003526475694444753
submesh,64,0,0,hero,submesh/m064_s00/l00_hero.bmp,640,640,captures/submesh/m064_s00/l00_hero.jpg,0.0,0.0,99.0,1.0,0.0
submesh,64,0,1,hero,submesh/m064_s00/l01_hero.bmp,640,640,captures/submesh/m064_s00/l01_hero.jpg,0.0019981965888291597,0.0031809743959456682,49.94879653136586,0.9989448694275916,5.4253472222209886e-05
submesh,64,0,2,hero,submesh/m064_s00/l02_hero.bmp,640,640,captures/submesh/m064_s00/l02_hero.jpg,0.0030462031718343496,0.00463312491774559,46.682519804889026,0.9984181386765094,0.0
submesh,64,0,3,hero,submesh/m064_s00/l03_hero.bmp,640,640,captures/submesh/m064_s00/l03_hero.jpg,0.004151498898863792,0.006346109323203564,43.949849013274694,0.9986814345991561,2.7126736111104943e-05
submesh,64,0,4,hero,submesh/m064_s00/l04_hero.bmp,640,640,captures/submesh/m064_s00/l04_hero.jpg,0.005517828278243542,0.008586645126342773,41.32352970989756,0.9981549815498155,2.712673611111882e-05
submesh,64,0,5,hero,submesh/m064_s00/l05_hero.bmp,640,640,captures/submesh/m064_s00/l05_hero.jpg,0.0073700821958482265,0.01138135977089405,38.87611696318181,0.9986821296784396,8.138020833334259e-05
submesh,64,0,6,hero,submesh/m064_s00/l06_hero.bmp,640,640,captures/submesh/m064_s00/l06_hero.jpg,0.024716798216104507,0.03485371544957161,29.15501837528624,0.9908088235294118,2.712673611111882e-05
mesh,65,,0,hero,mesh/m065/l00_hero.bmp,640,640,captures/mesh/m065/l00_hero.jpg,0.0,0.0,99.0,1.0,0.0
mesh,65,,1,hero,mesh/m065/l01_hero.bmp,640,640,captures/mesh/m065/l01_hero.jpg,0.0015455263201147318,0.00297610298730433,50.52704088426991,0.9994395665981692,2.7126736111104943e-05
mesh,65,,2,hero,mesh/m065/l02_hero.bmp,640,640,captures/mesh/m065/l02_hero.jpg,0.003435950493440032,0.005279629956930876,45.54793031180391,0.99906611878969,2.7126736111104943e-05
mesh,65,,3,hero,mesh/m065/l03_hero.bmp,640,640,captures/mesh/m065/l03_hero.jpg,0.005272436887025833,0.007794856559485197,42.163837445287875,0.997946611909651,2.7126736111104943e-05
mesh,65,,4,hero,mesh/m065/l04_hero.bmp,640,640,captures/mesh/m065/l04_hero.jpg,0.007362517062574625,0.011055930517613888,39.128093986792074,0.9977603583426652,0.0
mesh,65,,5,hero,mesh/m065/l05_hero.bmp,640,640,captures/mesh/m065/l05_hero.jpg,0.010355048812925816,0.0156379546970129,36.116400987015766,0.9972004479283315,8.138020833331483e-05
mesh,65,,6,hero,mesh/m065/l06_hero.bmp,640,640,captures/mesh/m065/l06_hero.jpg,0.04531574249267578,0.0628306046128273,24.03657522180371,0.9506469500924214,0.004096137152777762
mesh,65,,0,side,mesh/m065/l00_side.bmp,640,640,captures/mesh/m065/l00_side.jpg,0.0,0.0,99.0,1.0,0.0
mesh,65,,1,side,mesh/m065/l01_side.bmp,640,640,captures/mesh/m065/l01_side.jpg,0.0013633075868710876,0.0027923763263970613,51.08052105146435,0.9968491532099252,5.4253472222223764e-05
mesh,65,,2,side,mesh/m065/l02_side.bmp,640,640,captures/mesh/m065/l02_side.jpg,0.003252007532864809,0.004921519663184881,46.158015507942295,0.9976359338061466,5.4253472222223764e-05
mesh,65,,3,side,mesh/m065/l03_side.bmp,640,640,captures/mesh/m065/l03_side.jpg,0.004728799220174551,0.006946792360395193,43.16431363985065,0.9952830188679245,0.00021701388888889506
mesh,65,,4,side,mesh/m065/l04_side.bmp,640,640,captures/mesh/m065/l04_side.jpg,0.006026653107255697,0.008797375485301018,41.11293742575622,0.9948839039748131,2.712673611111882e-05
mesh,65,,5,side,mesh/m065/l05_side.bmp,640,640,captures/mesh/m065/l05_side.jpg,0.008463280275464058,0.012829752638936043,37.83563433716351,0.9929133858267717,0.00016276041666665741
mesh,65,,6,side,mesh/m065/l06_side.bmp,640,640,captures/mesh/m065/l06_side.jpg,0.05092547833919525,0.0694756954908371,23.16334193992986,0.7728510307273434,0.013834635416666664
mesh,65,,0,top,mesh/m065/l00_top.bmp,640,640,captures/mesh/m065/l00_top.jpg,0.0,0.0,99.0,1.0,0.0
mesh,65,,1,top,mesh/m065/l01_top.bmp,640,640,captures/mesh/m065/l01_top.jpg,0.002121387515217066,0.0036270497366786003,48.80892978049518,0.999455159638226,8.138020833334259e-05
mesh,65,,2,top,mesh/m065/l02_top.bmp,640,640,captures/mesh/m065/l02_top.jpg,0.0041104466654360294,0.006402193568646908,43.87342398426774,0.9991282554211616,0.0
mesh,65,,3,top,mesh/m065/l03_top.bmp,640,640,captures/mesh/m065/l03_top.jpg,0.006008827593177557,0.009179995395243168,40.74315073288361,0.9988014818043147,2.7126736111104943e-05
mesh,65,,4,top,mesh/m065/l04_top.bmp,640,640,captures/mesh/m065/l04_top.jpg,0.008388511836528778,0.012815024703741074,37.84561104564142,0.9986928104575163,5.425347222223764e-05
mesh,65,,5,top,mesh/m065/l05_top.bmp,640,640,captures/mesh/m065/l05_top.jpg,0.011153050698339939,0.01695958711206913,35.41169450046906,0.9990195010349712,8.138020833334259e-05
mesh,65,,6,top,mesh/m065/l06_top.bmp,640,640,captures/mesh/m065/l06_top.jpg,0.03985853120684624,0.05442855879664421,25.283463302617292,0.9982568907288376,0.00010850694444441977
submesh,65,0,0,hero,submesh/m065_s00/l00_hero.bmp,640,640,captures/submesh/m065_s00/l00_hero.jpg,0.0,0.0,99.0,1.0,0.0
submesh,65,0,1,hero,submesh/m065_s00/l01_hero.bmp,640,640,captures/submesh/m065_s00/l01_hero.jpg,0.0015455263201147318,0.00297610298730433,50.52704088426991,0.9994395665981692,2.7126736111104943e-05
submesh,65,0,2,hero,submesh/m065_s00/l02_hero.bmp,640,640,captures/submesh/m065_s00/l02_hero.jpg,0.003435950493440032,0.005279629956930876,45.54793031180391,0.99906611878969,2.7126736111104943e-05
submesh,65,0,3,hero,submesh/m065_s00/l03_hero.bmp,640,640,captures/submesh/m065_s00/l03_hero.jpg,0.005272436887025833,0.007794856559485197,42.163837445287875,0.997946611909651,2.7126736111104943e-05
submesh,65,0,4,hero,submesh/m065_s00/l04_hero.bmp,640,640,captures/submesh/m065_s00/l04_hero.jpg,0.007362517062574625,0.011055930517613888,39.128093986792074,0.9977603583426652,0.0
submesh,65,0,5,hero,submesh/m065_s00/l05_hero.bmp,640,640,captures/submesh/m065_s00/l05_hero.jpg,0.010355048812925816,0.0156379546970129,36.116400987015766,0.9972004479283315,8.138020833331483e-05
submesh,65,0,6,hero,submesh/m065_s00/l06_hero.bmp,640,640,captures/submesh/m065_s00/l06_hero.jpg,0.04531574249267578,0.0628306046128273,24.03657522180371,0.9506469500924214,0.004096137152777762
mesh,66,,0,hero,mesh/m066/l00_hero.bmp,640,640,captures/mesh/m066/l00_hero.jpg,0.0,0.0,99.0,1.0,0.0
mesh,66,,1,hero,mesh/m066/l01_hero.bmp,640,640,captures/mesh/m066/l01_hero.jpg,0.0020991144701838493,0.0032660402357578278,49.71956938610848,0.9995378927911276,5.4253472222223764e-05
mesh,66,,2,hero,mesh/m066/l02_hero.bmp,640,640,captures/mesh/m066/l02_hero.jpg,0.003274465911090374,0.004769210238009691,46.43107064842901,0.9988449988449989,2.7126736111104943e-05
mesh,66,,3,hero,mesh/m066/l03_hero.bmp,640,640,captures/mesh/m066/l03_hero.jpg,0.004699665121734142,0.0067614419385790825,43.39921353918734,0.9976910644193027,0.0
mesh,66,,4,hero,mesh/m066/l04_hero.bmp,640,640,captures/mesh/m066/l04_hero.jpg,0.00648160744458437,0.009344961494207382,40.58844967572483,0.9976905311778291,5.4253472222223764e-05
mesh,66,,5,hero,mesh/m066/l05_hero.bmp,640,640,captures/mesh/m066/l05_hero.jpg,0.009074551984667778,0.013204163871705532,37.585781888991704,0.9983833718244803,2.7126736111104943e-05
mesh,66,,6,hero,mesh/m066/l06_hero.bmp,640,640,captures/mesh/m066/l06_hero.jpg,0.0332840271294117,0.04629470407962799,26.68937375223001,0.9921803127874885,0.00027126736111110494
mesh,66,,0,side,mesh/m066/l00_side.bmp,640,640,captures/mesh/m066/l00_side.jpg,0.0,0.0,99.0,1.0,0.0
mesh,66,,1,side,mesh/m066/l01_side.bmp,640,640,captures/mesh/m066/l01_side.jpg,0.002609813818708062,0.0041655744425952435,47.60650199776456,0.996895615056267,0.0
mesh,66,,2,side,mesh/m066/l02_side.bmp,640,640,captures/mesh/m066/l02_side.jpg,0.0041766176000237465,0.006712996866554022,43.461671110639784,0.9965089216446859,2.7126736111104943e-05
mesh,66,,3,side,mesh/m066/l03_side.bmp,640,640,captures/mesh/m066/l03_side.jpg,0.0059801386669278145,0.009948570281267166,40.04478655306667,0.9945736434108527,0.0
mesh,66,,4,side,mesh/m066/l04_side.bmp,640,640,captures/mesh/m066/l04_side.jpg,0.008153067901730537,0.012631774879992008,37.970712456145385,0.9953434225844005,0.00010850694444444753
mesh,66,,5,side,mesh/m066/l05_side.bmp,640,640,captures/mesh/m066/l05_side.jpg,0.0111141512170434,0.017273522913455963,35.25238159162177,0.993798449612403,5.4253472222223764e-05
mesh,66,,6,side,mesh/m066/l06_side.bmp,640,640,captures/mesh/m066/l06_side.jpg,0.036108389496803284,0.04839141666889191,26.30463327286098,0.962178517397882,0.0011393229166666574
mesh,66,,0,top,mesh/m066/l00_top.bmp,640,640,captures/mesh/m066/l00_top.jpg,0.0,0.0,99.0,1.0,0.0
mesh,66,,1,top,mesh/m066/l01_top.bmp,640,640,captures/mesh/m066/l01_top.jpg,0.002466319827362895,0.003815828589722514,48.36822284817248,0.9989045897688684,5.425347222223764e-05
mesh,66,,2,top,mesh/m066/l02_top.bmp,640,640,captures/mesh/m066/l02_top.jpg,0.0041195363737642765,0.0060816677287220955,44.31954622354317,0.9985764345159878,0.00013563368055555247
mesh,66,,3,top,mesh/m066/l03_top.bmp,640,640,captures/mesh/m066/l03_top.jpg,0.005948993843048811,0.008549495600163937,41.36119013707935,0.9984667615814259,5.425347222223764e-05
mesh,66,,4,top,mesh/m066/l04_top.bmp,640,640,captures/mesh/m066/l04_top.jpg,0.008170113898813725,0.011589926667511463,38.71838623844313,0.9974822112753148,2.71267361111327e-05
mesh,66,,5,top,mesh/m066/l05_top.bmp,640,640,captures/mesh/m066/l05_top.jpg,0.011073986068367958,0.015721697360277176,36.07001136134178,0.9972638721681077,8.138020833334259e-05
mesh,66,,6,top,mesh/m066/l06_top.bmp,640,640,captures/mesh/m066/l06_top.jpg,0.03953361138701439,0.053122106939554214,25.49449416448912,0.9968257443082311,8.138020833331483e-05
submesh,66,0,0,hero,submesh/m066_s00/l00_hero.bmp,640,640,captures/submesh/m066_s00/l00_hero.jpg,0.0,0.0,99.0,1.0,0.0
submesh,66,0,1,hero,submesh/m066_s00/l01_hero.bmp,640,640,captures/submesh/m066_s00/l01_hero.jpg,0.0020991144701838493,0.0032660402357578278,49.71956938610848,0.9995378927911276,5.4253472222223764e-05
submesh,66,0,2,hero,submesh/m066_s00/l02_hero.bmp,640,640,captures/submesh/m066_s00/l02_hero.jpg,0.003274465911090374,0.004769210238009691,46.43107064842901,0.9988449988449989,2.7126736111104943e-05
submesh,66,0,3,hero,submesh/m066_s00/l03_hero.bmp,640,640,captures/submesh/m066_s00/l03_hero.jpg,0.004699665121734142,0.0067614419385790825,43.39921353918734,0.9976910644193027,0.0
submesh,66,0,4,hero,submesh/m066_s00/l04_hero.bmp,640,640,captures/submesh/m066_s00/l04_hero.jpg,0.00648160744458437,0.009344961494207382,40.58844967572483,0.9976905311778291,5.4253472222223764e-05
submesh,66,0,5,hero,submesh/m066_s00/l05_hero.bmp,640,640,captures/submesh/m066_s00/l05_hero.jpg,0.009074551984667778,0.013204163871705532,37.585781888991704,0.9983833718244803,2.7126736111104943e-05
submesh,66,0,6,hero,submesh/m066_s00/l06_hero.bmp,640,640,captures/submesh/m066_s00/l06_hero.jpg,0.0332840271294117,0.04629470407962799,26.68937375223001,0.9921803127874885,0.00027126736111110494
mesh,67,,0,hero,mesh/m067/l00_hero.bmp,640,640,captures/mesh/m067/l00_hero.jpg,0.0,0.0,99.0,1.0,0.0
mesh,67,,1,hero,mesh/m067/l01_hero.bmp,640,640,captures/mesh/m067/l01_hero.jpg,0.0024823187850415707,0.003921826370060444,48.130232752853956,0.9986187845303868,2.71267361111327e-05
mesh,67,,2,hero,mesh/m067/l02_hero.bmp,640,640,captures/mesh/m067/l02_hero.jpg,0.004284476395696402,0.006191321182996035,44.16433331601154,0.9986187845303868,2.71267361111327e-05
mesh,67,,3,hero,mesh/m067/l03_hero.bmp,640,640,captures/mesh/m067/l03_hero.jpg,0.006431547924876213,0.009246579371392727,40.680377961165,0.9980280023663972,0.00010850694444444753
mesh,67,,4,hero,mesh/m067/l04_hero.bmp,640,640,captures/mesh/m067/l04_hero.jpg,0.009120676666498184,0.012808854691684246,37.84979402230939,0.9974358974358974,2.7126736111104943e-05
mesh,67,,5,hero,mesh/m067/l05_hero.bmp,640,640,captures/mesh/m067/l05_hero.jpg,0.013382062315940857,0.019101770594716072,34.378527499155076,0.9972386587771204,5.4253472222209886e-05
mesh,67,,6,hero,mesh/m067/l06_hero.bmp,640,640,captures/mesh/m067/l06_hero.jpg,0.04360930249094963,0.058368660509586334,24.676405462208727,0.9891881265972086,0.000244140625
mesh,67,,0,side,mesh/m067/l00_side.bmp,640,640,captures/mesh/m067/l00_side.jpg,0.0,0.0,99.0,1.0,0.0
mesh,67,,1,side,mesh/m067/l01_side.bmp,640,640,captures/mesh/m067/l01_side.jpg,0.002637932077050209,0.004200194496661425,47.53461196884654,0.9977477477477478,2.7126736111111882e-05
mesh,67,,2,side,mesh/m067/l02_side.bmp,640,640,captures/mesh/m067/l02_side.jpg,0.003973542246967554,0.006089936010539532,44.30774541307511,0.9962490622655664,2.7126736111111882e-05
mesh,67,,3,side,mesh/m067/l03_side.bmp,640,640,captures/mesh/m067/l03_side.jpg,0.005834337789565325,0.009086128324270248,40.832422677901064,0.9962518740629686,2.7126736111111882e-05
mesh,67,,4,side,mesh/m067/l04_side.bmp,640,640,captures/mesh/m067/l04_side.jpg,0.007874446921050549,0.012108970433473587,38.33785562445438,0.9902694610778443,8.138020833333565e-05
mesh,67,,5,side,mesh/m067/l05_side.bmp,640,640,captures/mesh/m067/l05_side.jpg,0.010723070241510868,0.01631772890686989,35.746805725183705,0.9850074962518741,0.00037977430555555247
mesh,67,,6,side,mesh/m067/l06_side.bmp,640,640,captures/mesh/m067/l06_side.jpg,0.04075676575303078,0.058389805257320404,24.673259464253988,0.8097595473833098,0.0027940538194444406
mesh,67,,0,top,mesh/m067/l00_top.bmp,640,640,captures/mesh/m067/l00_top.jpg,0.0,0.0,99.0,1.0,0.0
mesh,67,,1,top,mesh/m067/l01_top.bmp,640,640,captures/mesh/m067/l01_top.jpg,0.0028625361155718565,0.004964100196957588,46.083189222972116,0.9991241515217867,0.00010850694444444753
mesh,67,,2,top,mesh/m067/l02_top.bmp,640,640,captures/mesh/m067/l02_top.jpg,0.004834054037928581,0.007775294594466686,42.18566294421541,0.9989051894022334,5.425347222223764e-05
mesh,67,,3,top,mesh/m067/l03_top.bmp,640,640,captures/mesh/m067/l03_top.jpg,0.00710612628608942,0.01106327772140503,39.12232370759079,0.9989054290718039,0.00016276041666668517
mesh,67,,4,top,mesh/m067/l04_top.bmp,640,640,captures/mesh/m067/l04_top.jpg,0.009892121888697147,0.015124667435884476,36.40628331843301,0.998577213527416,0.00013563368055558023
mesh,67,,5,top,mesh/m067/l05_top.bmp,640,640,captures/mesh/m067/l05_top.jpg,0.013609535992145538,0.020459076389670372,33.78227952188437,0.998577213527416,0.00013563368055558023
mesh,67,,6,top,mesh/m067/l06_top.bmp,640,640,captures/mesh/m067/l06_top.jpg,0.03597975894808769,0.048890117555856705,26.21557836955311,0.998577369227402,0.00018988715277779011
submesh,67,0,0,hero,submesh/m067_s00/l00_hero.bmp,640,640,captures/submesh/m067_s00/l00_hero.jpg,0.0,0.0,99.0,1.0,0.0
submesh,67,0,1,hero,submesh/m067_s00/l01_hero.bmp,640,640,captures/submesh/m067_s00/l01_hero.jpg,0.0024823187850415707,0.003921826370060444,48.130232752853956,0.9986187845303868,2.71267361111327e-05
submesh,67,0,2,hero,submesh/m067_s00/l02_hero.bmp,640,640,captures/submesh/m067_s00/l02_hero.jpg,0.004284476395696402,0.006191321182996035,44.16433331601154,0.9986187845303868,2.71267361111327e-05
submesh,67,0,3,hero,submesh/m067_s00/l03_hero.bmp,640,640,captures/submesh/m067_s00/l03_hero.jpg,0.006431547924876213,0.009246579371392727,40.680377961165,0.9980280023663972,0.00010850694444444753
submesh,67,0,4,hero,submesh/m067_s00/l04_hero.bmp,640,640,captures/submesh/m067_s00/l04_hero.jpg,0.009120676666498184,0.012808854691684246,37.84979402230939,0.9974358974358974,2.7126736111104943e-05
submesh,67,0,5,hero,submesh/m067_s00/l05_hero.bmp,640,640,captures/submesh/m067_s00/l05_hero.jpg,0.013382062315940857,0.019101770594716072,34.378527499155076,0.9972386587771204,5.4253472222209886e-05
submesh,67,0,6,hero,submesh/m067_s00/l06_hero.bmp,640,640,captures/submesh/m067_s00/l06_hero.jpg,0.04360930249094963,0.058368660509586334,24.676405462208727,0.9891881265972086,0.000244140625
mesh,68,,0,hero,mesh/m068/l00_hero.bmp,640,640,captures/mesh/m068/l00_hero.jpg,0.0,0.0,99.0,1.0,0.0
mesh,68,,1,hero,mesh/m068/l01_hero.bmp,640,640,captures/mesh/m068/l01_hero.jpg,0.002658503595739603,0.004076321609318256,47.79463117612768,0.9988279418659165,2.7126736111104943e-05
mesh,68,,2,hero,mesh/m068/l02_hero.bmp,640,640,captures/mesh/m068/l02_hero.jpg,0.0047785514034330845,0.006785466335713863,43.36840599599444,0.9969583528310716,0.00018988715277777624
mesh,68,,3,hero,mesh/m068/l03_hero.bmp,640,640,captures/mesh/m068/l03_hero.jpg,0.007016127463430166,0.00982704758644104,40.15153881835359,0.9967243799719232,0.0001627604166666713
mesh,68,,4,hero,mesh/m068/l04_hero.bmp,640,640,captures/mesh/m068/l04_hero.jpg,0.009877494536340237,0.013955589383840561,37.105036346180576,0.996489585771121,8.138020833332871e-05
mesh,68,,5,hero,mesh/m068/l05_hero.bmp,640,640,captures/mesh/m068/l05_hero.jpg,0.014598325826227665,0.02069416642189026,33.68304125302417,0.9932163742690059,0.00018988715277777624
mesh,68,,6,hero,mesh/m068/l06_hero.bmp,640,640,captures/mesh/m068/l06_hero.jpg,0.04292149841785431,0.0577780082821846,24.764748663808582,0.9442139234670355,0.0025499131944444475
mesh,68,,0,side,mesh/m068/l00_side.bmp,640,640,captures/mesh/m068/l00_side.jpg,0.0,0.0,99.0,1.0,0.0
mesh,68,,1,side,mesh/m068/l01_side.bmp,640,640,captures/mesh/m068/l01_side.jpg,0.002293194644153118,0.004125022795051336,47.691472943553094,0.9973799126637555,8.138020833332871e-05
mesh,68,,2,side,mesh/m068/l02_side.bmp,640,640,captures/mesh/m068/l02_side.jpg,0.004105427768081427,0.006693507544696331,43.486924855065965,0.9976703552708212,0.00010850694444443365
mesh,68,,3,side,mesh/m068/l03_side.bmp,640,640,captures/mesh/m068/l03_side.jpg,0.005788167007267475,0.009305818937718868,40.62490803479683,0.9967976710334789,0.00013563368055555247
mesh,68,,4,side,mesh/m068/l04_side.bmp,640,640,captures/mesh/m068/l04_side.jpg,0.00809438806027174,0.01275735441595316,37.88478758075954,0.9930212271009015,0.00027126736111110494
mesh,68,,5,side,mesh/m068/l05_side.bmp,640,640,captures/mesh/m068/l05_side.jpg,0.011551907286047935,0.018485834822058678,34.663218637357936,0.9898255813953488,0.0005154079861111049
mesh,68,,6,side,mesh/m068/l06_side.bmp,640,640,captures/mesh/m068/l06_side.jpg,0.046271491795778275,0.06278661638498306,24.042658414936167,0.8761904761904762,0.009847005208333329
mesh,68,,0,top,mesh/m068/l00_top.bmp,640,640,captures/mesh/m068/l00_top.jpg,0.0,0.0,99.0,1.0,0.0
mesh,68,,1,top,mesh/m068/l01_top.bmp,640,640,captures/mesh/m068/l01_top.jpg,0.003334777196869254,0.005282395984977484,45.54338091663483,0.9991073421111359,0.0
mesh,68,,2,top,mesh/m068/l02_top.bmp,640,640,captures/mesh/m068/l02_top.jpg,0.0056315534748137,0.008387967012822628,41.52686572287798,0.9974358974358974,2.7126736111104943e-05
mesh,68,,3,top,mesh/m068/l03_top.bmp,640,640,captures/mesh/m068/l03_top.jpg,0.008031460456550121,0.011621375568211079,38.6948492696774,0.997435325602141,8.138020833334259e-05
mesh,68,,4,top,mesh/m068/l04_top.bmp,640,640,captures/mesh/m068/l04_top.jpg,0.010914135724306107,0.015974586829543114,35.9314073143709,0.9972126212509755,8.138020833334259e-05
mesh,68,,5,top,mesh/m068/l05_top.bmp,640,640,captures/mesh/m068/l05_top.jpg,0.015262057073414326,0.02152666449546814,33.3404651568369,0.9962095875139353,0.0002712673611111327
mesh,68,,6,top,mesh/m068/l06_top.bmp,640,640,captures/mesh/m068/l06_top.jpg,0.03999239578843117,0.0523127019405365,25.6278569634119,0.9939812750780205,0.0007052951388888951
submesh,68,0,0,hero,submesh/m068_s00/l00_hero.bmp,640,640,captures/submesh/m068_s00/l00_hero.jpg,0.0,0.0,99.0,1.0,0.0
submesh,68,0,1,hero,submesh/m068_s00/l01_hero.bmp,640,640,captures/submesh/m068_s00/l01_hero.jpg,0.002658503595739603,0.004076321609318256,47.79463117612768,0.9988279418659165,2.7126736111104943e-05
submesh,68,0,2,hero,submesh/m068_s00/l02_hero.bmp,640,640,captures/submesh/m068_s00/l02_hero.jpg,0.0047785514034330845,0.006785466335713863,43.36840599599444,0.9969583528310716,0.00018988715277777624
submesh,68,0,3,hero,submesh/m068_s00/l03_hero.bmp,640,640,captures/submesh/m068_s00/l03_hero.jpg,0.007016127463430166,0.00982704758644104,40.15153881835359,0.9967243799719232,0.0001627604166666713
submesh,68,0,4,hero,submesh/m068_s00/l04_hero.bmp,640,640,captures/submesh/m068_s00/l04_hero.jpg,0.009877494536340237,0.013955589383840561,37.105036346180576,0.996489585771121,8.138020833332871e-05
submesh,68,0,5,hero,submesh/m068_s00/l05_hero.bmp,640,640,captures/submesh/m068_s00/l05_hero.jpg,0.014598325826227665,0.02069416642189026,33.68304125302417,0.9932163742690059,0.00018988715277777624
submesh,68,0,6,hero,submesh/m068_s00/l06_hero.bmp,640,640,captures/submesh/m068_s00/l06_hero.jpg,0.04292149841785431,0.0577780082821846,24.764748663808582,0.9442139234670355,0.0025499131944444475
mesh,69,,0,hero,mesh/m069/l00_hero.bmp,640,640,captures/mesh/m069/l00_hero.jpg,0.0,0.0,99.0,1.0,0.0
mesh,69,,1,hero,mesh/m069/l01_hero.bmp,640,640,captures/mesh/m069/l01_hero.jpg,0.002746725222095847,0.004015367012470961,47.925495063963254,0.9979253112033195,2.7126736111104943e-05
mesh,69,,2,hero,mesh/m069/l02_hero.bmp,640,640,captures/mesh/m069/l02_hero.jpg,0.003785911714658141,0.005196303594857454,45.68610966268233,0.9979244499792445,8.138020833332871e-05
mesh,69,,3,hero,mesh/m069/l03_hero.bmp,640,640,captures/mesh/m069/l03_hero.jpg,0.004774767439812422,0.006567709613591433,43.6517211494496,0.9975103734439834,5.4253472222223764e-05
mesh,69,,4,hero,mesh/m069/l04_hero.bmp,640,640,captures/mesh/m069/l04_hero.jpg,0.0061849080957472324,0.008506467565894127,41.40501499132324,0.9950269374222959,5.4253472222223764e-05
mesh,69,,5,hero,mesh/m069/l05_hero.bmp,640,640,captures/mesh/m069/l05_hero.jpg,0.008202547207474709,0.011121302843093872,39.07688665719641,0.9942028985507246,0.0
mesh,69,,6,hero,mesh/m069/l06_hero.bmp,640,640,captures/mesh/m069/l06_hero.jpg,0.020060887560248375,0.030158719047904015,30.411742169998174,0.9840229414174518,0.000732421875
mesh,69,,0,side,mesh/m069/l00_side.bmp,640,640,captures/mesh/m069/l00_side.jpg,0.0,0.0,99.0,1.0,0.0
mesh,69,,1,side,mesh/m069/l01_side.bmp,640,640,captures/mesh/m069/l01_side.jpg,0.003319599898532033,0.005005129612982273,46.011693430729686,0.9980828220858896,0.00013563368055555247
mesh,69,,2,side,mesh/m069/l02_side.bmp,640,640,captures/mesh/m069/l02_side.jpg,0.005445621442049742,0.008019331842660904,41.917236297991565,0.9961685823754789,0.00010850694444444753
mesh,69,,3,side,mesh/m069/l03_side.bmp,640,640,captures/mesh/m069/l03_side.jpg,0.007437302265316248,0.011169716715812683,39.03915682474147,0.9969336910693752,0.00010850694444444753
mesh,69,,4,side,mesh/m069/l04_side.bmp,640,640,captures/mesh/m069/l04_side.jpg,0.01001260057091713,0.015201165340840816,36.36246234413478,0.9954005366040629,0.0
mesh,69,,5,side,mesh/m069/l05_side.bmp,640,640,captures/mesh/m069/l05_side.jpg,0.01359116192907095,0.020761407911777496,33.65486397255718,0.995398773006135,5.4253472222223764e-05
mesh,69,,6,side,mesh/m069/l06_side.bmp,640,640,captures/mesh/m069/l06_side.jpg,0.04064628481864929,0.05461233854293823,25.254184524755633,0.9422657952069716,0.003879123263888881
mesh,69,,0,top,mesh/m069/l00_top.bmp,640,640,captures/mesh/m069/l00_top.jpg,0.0,0.0,99.0,1.0,0.0
mesh,69,,1,top,mesh/m069/l01_top.bmp,640,640,captures/mesh/m069/l01_top.jpg,0.003337970469146967,0.005127226933836937,45.80234920051118,0.9996336549029186,2.71267361111327e-05
mesh,69,,2,top,mesh/m069/l02_top.bmp,640,640,captures/mesh/m069/l02_top.jpg,0.005686354357749224,0.008435015566647053,41.47828223185236,0.9993894993894994,2.71267361111327e-05
mesh,69,,3,top,mesh/m069/l03_top.bmp,640,640,captures/mesh/m069/l03_top.jpg,0.008177634328603745,0.011830617673695087,38.53985160739984,0.9991454034916372,2.71267361111327e-05
mesh,69,,4,top,mesh/m069/l04_top.bmp,640,640,captures/mesh/m069/l04_top.jpg,0.011036362498998642,0.016143422573804855,35.84008769793008,0.9990235566947394,5.4253472222209886e-05
mesh,69,,5,top,mesh/m069/l05_top.bmp,640,640,captures/mesh/m069/l05_top.jpg,0.015219854190945625,0.022042151540517807,33.13492032293013,0.9993896484375,8.138020833331483e-05
mesh,69,,6,top,mesh/m069/l06_top.bmp,640,640,captures/mesh/m069/l06_top.jpg,0.03390730172395706,0.045887019485235214,26.76620300524961,0.9984130859375,0.00013563368055558023
submesh,69,0,0,hero,submesh/m069_s00/l00_hero.bmp,640,640,captures/submesh/m069_s00/l00_hero.jpg,0.0,0.0,99.0,1.0,0.0
submesh,69,0,1,hero,submesh/m069_s00/l01_hero.bmp,640,640,captures/submesh/m069_s00/l01_hero.jpg,0.002746725222095847,0.004015367012470961,47.925495063963254,0.9979253112033195,2.7126736111104943e-05
submesh,69,0,2,hero,submesh/m069_s00/l02_hero.bmp,640,640,captures/submesh/m069_s00/l02_hero.jpg,0.003785911714658141,0.005196303594857454,45.68610966268233,0.9979244499792445,8.138020833332871e-05
submesh,69,0,3,hero,submesh/m069_s00/l03_hero.bmp,640,640,captures/submesh/m069_s00/l03_hero.jpg,0.004774767439812422,0.006567709613591433,43.6517211494496,0.9975103734439834,5.4253472222223764e-05
submesh,69,0,4,hero,submesh/m069_s00/l04_hero.bmp,640,640,captures/submesh/m069_s00/l04_hero.jpg,0.0061849080957472324,0.008506467565894127,41.40501499132324,0.9950269374222959,5.4253472222223764e-05
submesh,69,0,5,hero,submesh/m069_s00/l05_hero.bmp,640,640,captures/submesh/m069_s00/l05_hero.jpg,0.008202547207474709,0.011121302843093872,39.07688665719641,0.9942028985507246,0.0
submesh,69,0,6,hero,submesh/m069_s00/l06_hero.bmp,640,640,captures/submesh/m069_s00/l06_hero.jpg,0.020060887560248375,0.030158719047904015,30.411742169998174,0.9840229414174518,0.000732421875
mesh,70,,0,hero,mesh/m070/l00_hero.bmp,640,640,captures/mesh/m070/l00_hero.jpg,0.0,0.0,99.0,1.0,0.0
mesh,70,,1,hero,mesh/m070/l01_hero.bmp,640,640,captures/mesh/m070/l01_hero.jpg,0.0025174415204674006,0.003729714546352625,48.566488112822654,1.0,0.0
mesh,70,,2,hero,mesh/m070/l02_hero.bmp,640,640,captures/mesh/m070/l02_hero.jpg,0.0034252896439284086,0.00484877172857523,46.28736522407728,0.9993581514762516,0.0
mesh,70,,3,hero,mesh/m070/l03_hero.bmp,640,640,captures/mesh/m070/l03_hero.jpg,0.004571809433400631,0.0065210480242967606,43.713652028329626,0.99903784477229,8.138020833334259e-05
mesh,70,,4,hero,mesh/m070/l04_hero.bmp,640,640,captures/mesh/m070/l04_hero.jpg,0.0058844489976763725,0.00858816597610712,41.32199141836527,0.9974342527261065,5.4253472222209886e-05
mesh,70,,5,hero,mesh/m070/l05_hero.bmp,640,640,captures/mesh/m070/l05_hero.jpg,0.00789388082921505,0.01136959157884121,38.88510271722397,0.998716714789862,0.0
mesh,70,,6,hero,mesh/m070/l06_hero.bmp,640,640,captures/mesh/m070/l06_hero.jpg,0.025416504591703415,0.034231770783662796,29.311412691106273,0.9948750800768738,5.4253472222209886e-05
mesh,70,,0,side,mesh/m070/l00_side.bmp,640,640,captures/mesh/m070/l00_side.jpg,0.0,0.0,99.0,1.0,0.0
mesh,70,,1,side,mesh/m070/l01_side.bmp,640,640,captures/mesh/m070/l01_side.jpg,0.002360227517783642,0.0036530171055346727,48.74696588331751,0.9980092899800929,0.00010850694444444753
mesh,70,,2,side,mesh/m070/l02_side.bmp,640,640,captures/mesh/m070/l02_side.jpg,0.003959722351282835,0.006051011849194765,44.36343993247733,0.9970149253731343,8.138020833334259e-05
mesh,70,,3,side,mesh/m070/l03_side.bmp,640,640,captures/mesh/m070/l03_side.jpg,0.0055341883562505245,0.008395906537771225,41.51864809154059,0.9973448390308662,0.0
mesh,70,,4,side,mesh/m070/l04_side.bmp,640,640,captures/mesh/m070/l04_side.jpg,0.007295981980860233,0.011049175634980202,39.13340245864428,0.9943615257048093,0.00013563368055555247
mesh,70,,5,side,mesh/m070/l05_side.bmp,640,640,captures/mesh/m070/l05_side.jpg,0.010223114863038063,0.01573272794485092,36.063919344511135,0.9946967185946304,0.0
mesh,70,,6,side,mesh/m070/l06_side.bmp,640,640,captures/mesh/m070/l06_side.jpg,0.028881611302495003,0.0379958376288414,28.405279538104296,0.9903909874088801,0.00029839409722222376
mesh,70,,0,top,mesh/m070/l00_top.bmp,640,640,captures/mesh/m070/l00_top.jpg,0.0,0.0,99.0,1.0,0.0
mesh,70,,1,top,mesh/m070/l01_top.bmp,640,640,captures/mesh/m070/l01_top.jpg,0.002638358622789383,0.004011208191514015,47.93449592975495,0.9988676254104858,0.00010850694444444753
mesh,70,,2,top,mesh/m070/l02_top.bmp,640,640,captures/mesh/m070/l02_top.jpg,0.00454222084954381,0.00659704627469182,43.61300939138526,0.9984143164571299,0.00010850694444444753
mesh,70,,3,top,mesh/m070/l03_top.bmp,640,640,captures/mesh/m070/l03_top.jpg,0.006625935435295105,0.009435509331524372,40.50469303048938,0.9981884057971014,0.0
mesh,70,,4,top,mesh/m070/l04_top.bmp,640,640,captures/mesh/m070/l04_top.jpg,0.009161421097815037,0.013011566363275051,37.71340837779282,0.9970578250537513,0.0
mesh,70,,5,top,mesh/m070/l05_top.bmp,640,640,captures/mesh/m070/l05_top.jpg,0.012887097895145416,0.01831873133778572,34.74209213309854,0.997283531409168,5.425347222223764e-05
mesh,70,,6,top,mesh/m070/l06_top.bmp,640,640,captures/mesh/m070/l06_top.jpg,0.03396118804812431,0.04395609721541405,27.139617495605005,0.9976233589859665,8.138020833334259e-05
submesh,70,0,0,hero,submesh/m070_s00/l00_hero.bmp,640,640,captures/submesh/m070_s00/l00_hero.jpg,0.0,0.0,99.0,1.0,0.0
submesh,70,0,1,hero,submesh/m070_s00/l01_hero.bmp,640,640,captures/submesh/m070_s00/l01_hero.jpg,0.0025174415204674006,0.003729714546352625,48.566488112822654,1.0,0.0
submesh,70,0,2,hero,submesh/m070_s00/l02_hero.bmp,640,640,captures/submesh/m070_s00/l02_hero.jpg,0.0034252896439284086,0.00484877172857523,46.28736522407728,0.9993581514762516,0.0
submesh,70,0,3,hero,submesh/m070_s00/l03_hero.bmp,640,640,captures/submesh/m070_s00/l03_hero.jpg,0.004571809433400631,0.0065210480242967606,43.713652028329626,0.99903784477229,8.138020833334259e-05
submesh,70,0,4,hero,submesh/m070_s00/l04_hero.bmp,640,640,captures/submesh/m070_s00/l04_hero.jpg,0.0058844489976763725,0.00858816597610712,41.32199141836527,0.9974342527261065,5.4253472222209886e-05
submesh,70,0,5,hero,submesh/m070_s00/l05_hero.bmp,640,640,captures/submesh/m070_s00/l05_hero.jpg,0.00789388082921505,0.01136959157884121,38.88510271722397,0.998716714789862,0.0
submesh,70,0,6,hero,submesh/m070_s00/l06_hero.bmp,640,640,captures/submesh/m070_s00/l06_hero.jpg,0.025416504591703415,0.034231770783662796,29.311412691106273,0.9948750800768738,5.4253472222209886e-05
mesh,71,,0,hero,mesh/m071/l00_hero.bmp,640,640,captures/mesh/m071/l00_hero.jpg,0.0,0.0,99.0,1.0,0.0
mesh,71,,1,hero,mesh/m071/l01_hero.bmp,640,640,captures/mesh/m071/l01_hero.jpg,0.002341918647289276,0.003527203109115362,49.051390627300755,0.998812351543943,0.0
mesh,71,,2,hero,mesh/m071/l02_hero.bmp,640,640,captures/mesh/m071/l02_hero.jpg,0.003335078712552786,0.0047578951343894005,46.45170268379728,0.9973293768545994,2.7126736111104943e-05
mesh,71,,3,hero,mesh/m071/l03_hero.bmp,640,640,captures/mesh/m071/l03_hero.jpg,0.004502627998590469,0.006412677466869354,43.85921205767086,0.9973293768545994,2.7126736111104943e-05
mesh,71,,4,hero,mesh/m071/l04_hero.bmp,640,640,captures/mesh/m071/l04_hero.jpg,0.005839322693645954,0.008306009694933891,41.61215132617984,0.9967378410438908,2.7126736111104943e-05
mesh,71,,5,hero,mesh/m071/l05_hero.bmp,640,640,captures/mesh/m071/l05_hero.jpg,0.007866396568715572,0.011205459013581276,39.011406971810985,0.9967378410438908,2.7126736111104943e-05
mesh,71,,6,hero,mesh/m071/l06_hero.bmp,640,640,captures/mesh/m071/l06_hero.jpg,0.027987154200673103,0.03819706290960312,28.35940060102861,0.9861805351367245,0.0006239149305555525
mesh,71,,0,side,mesh/m071/l00_side.bmp,640,640,captures/mesh/m071/l00_side.jpg,0.0,0.0,99.0,1.0,0.0
mesh,71,,1,side,mesh/m071/l01_side.bmp,640,640,captures/mesh/m071/l01_side.jpg,0.00246078590862453,0.0036632230039685965,48.72273284459051,0.9969742813918305,5.4253472222223764e-05
mesh,71,,2,side,mesh/m071/l02_side.bmp,640,640,captures/mesh/m071/l02_side.jpg,0.003744814544916153,0.005697756074368954,44.88592294406183,0.9974772956609486,8.138020833333565e-05
mesh,71,,3,side,mesh/m071/l03_side.bmp,640,640,captures/mesh/m071/l03_side.jpg,0.005117297638207674,0.007781725376844406,42.178481997054085,0.9959636730575177,0.00016276041666666435
mesh,71,,4,side,mesh/m071/l04_side.bmp,640,640,captures/mesh/m071/l04_side.jpg,0.006565581541508436,0.009758410044014454,40.21241873961884,0.9954659949622167,2.7126736111111882e-05
mesh,71,,5,side,mesh/m071/l05_side.bmp,640,640,captures/mesh/m071/l05_side.jpg,0.008769969455897808,0.012424622662365437,38.114335839644625,0.9959657085224407,0.00010850694444444753
mesh,71,,6,side,mesh/m071/l06_side.bmp,640,640,captures/mesh/m071/l06_side.jpg,0.02866475284099579,0.03829846531152725,28.336372572893364,0.9541646131099064,8.138020833333565e-05
mesh,71,,0,top,mesh/m071/l00_top.bmp,640,640,captures/mesh/m071/l00_top.jpg,0.0,0.0,99.0,1.0,0.0
mesh,71,,1,top,mesh/m071/l01_top.bmp,640,640,captures/mesh/m071/l01_top.jpg,0.00246101850643754,0.0037697632797062397,48.47371840461147,0.9983366600133067,8.138020833334259e-05
mesh,71,,2,top,mesh/m071/l02_top.bmp,640,640,captures/mesh/m071/l02_top.jpg,0.0043449304066598415,0.006381489336490631,43.90155904270487,0.9984477214768821,0.0
mesh,71,,3,top,mesh/m071/l03_top.bmp,640,640,captures/mesh/m071/l03_top.jpg,0.006316633429378271,0.009202145971357822,40.72221763821992,0.9978931026835218,0.00018988715277779011
mesh,71,,4,top,mesh/m071/l04_top.bmp,640,640,captures/mesh/m071/l04_top.jpg,0.008356391452252865,0.012208186089992523,38.266977187323654,0.9977829508923622,5.425347222223764e-05
mesh,71,,5,top,mesh/m071/l05_top.bmp,640,640,captures/mesh/m071/l05_top.jpg,0.011165788397192955,0.016267333179712296,35.773672764575416,0.9975623268698061,0.00010850694444444753
mesh,71,,6,top,mesh/m071/l06_top.bmp,640,640,captures/mesh/m071/l06_top.jpg,0.03386903926730156,0.044755447655916214,26.983081891694614,0.9953524399690162,0.0002170138888888673
submesh,71,0,0,hero,submesh/m071_s00/l00_hero.bmp,640,640,captures/submesh/m071_s00/l00_hero.jpg,0.0,0.0,99.0,1.0,0.0
submesh,71,0,1,hero,submesh/m071_s00/l01_hero.bmp,640,640,captures/submesh/m071_s00/l01_hero.jpg,0.002341918647289276,0.003527203109115362,49.051390627300755,0.998812351543943,0.0
submesh,71,0,2,hero,submesh/m071_s00/l02_hero.bmp,640,640,captures/submesh/m071_s00/l02_hero.jpg,0.003335078712552786,0.0047578951343894005,46.45170268379728,0.9973293768545994,2.7126736111104943e-05
submesh,71,0,3,hero,submesh/m071_s00/l03_hero.bmp,640,640,captures/submesh/m071_s00/l03_hero.jpg,0.004502627998590469,0.006412677466869354,43.85921205767086,0.9973293768545994,2.7126736111104943e-05
submesh,71,0,4,hero,submesh/m071_s00/l04_hero.bmp,640,640,captures/submesh/m071_s00/l04_hero.jpg,0.005839322693645954,0.008306009694933891,41.61215132617984,0.9967378410438908,2.7126736111104943e-05
submesh,71,0,5,hero,submesh/m071_s00/l05_hero.bmp,640,640,captures/submesh/m071_s00/l05_hero.jpg,0.007866396568715572,0.011205459013581276,39.011406971810985,0.9967378410438908,2.7126736111104943e-05
submesh,71,0,6,hero,submesh/m071_s00/l06_hero.bmp,640,640,captures/submesh/m071_s00/l06_hero.jpg,0.027987154200673103,0.03819706290960312,28.35940060102861,0.9861805351367245,0.0006239149305555525
mesh,72,,0,hero,mesh/m072/l00_hero.bmp,640,640,captures/mesh/m072/l00_hero.jpg,0.0,0.0,99.0,1.0,0.0
mesh,72,,1,hero,mesh/m072/l01_hero.bmp,640,640,captures/mesh/m072/l01_hero.jpg,0.002261263085529208,0.003495381446555257,49.130108466494065,0.9995611147684881,0.0
mesh,72,,2,hero,mesh/m072/l02_hero.bmp,640,640,captures/mesh/m072/l02_hero.jpg,0.003908089362084866,0.005547455977648497,45.11812270932854,0.999341816586222,2.7126736111104943e-05
mesh,72,,3,hero,mesh/m072/l03_hero.bmp,640,640,captures/mesh/m072/l03_hero.jpg,0.00615828949958086,0.008677045814692974,41.232562189454555,0.9975887768522578,2.7126736111104943e-05
mesh,72,,4,hero,mesh/m072/l04_hero.bmp,640,640,captures/mesh/m072/l04_hero.jpg,0.008519378490746021,0.012120290659368038,38.3297393026586,0.9984649122807018,2.7126736111104943e-05
mesh,72,,5,hero,mesh/m072/l05_hero.bmp,640,640,captures/mesh/m072/l05_hero.jpg,0.011621978133916855,0.016219357028603554,35.79932732366156,0.9973689980267485,5.4253472222223764e-05
mesh,72,,6,hero,mesh/m072/l06_hero.bmp,640,640,captures/mesh/m072/l06_hero.jpg,0.04333676025271416,0.06038863956928253,24.380895080696263,0.9895196506550218,0.0
mesh,72,,0,side,mesh/m072/l00_side.bmp,640,640,captures/mesh/m072/l00_side.jpg,0.0,0.0,99.0,1.0,0.0
mesh,72,,1,side,mesh/m072/l01_side.bmp,640,640,captures/mesh/m072/l01_side.jpg,0.0026127523742616177,0.003964848816394806,48.03546736217234,0.9968886123210952,8.138020833333565e-05
mesh,72,,2,side,mesh/m072/l02_side.bmp,640,640,captures/mesh/m072/l02_side.jpg,0.004273629747331142,0.006615009158849716,43.58939100342185,0.9975062344139651,5.4253472222223764e-05
mesh,72,,3,side,mesh/m072/l03_side.bmp,640,640,captures/mesh/m072/l03_side.jpg,0.006324168294668198,0.009855675511062145,40.12627207371275,0.9913097454996896,5.4253472222223764e-05
mesh,72,,4,side,mesh/m072/l04_side.bmp,640,640,captures/mesh/m072/l04_side.jpg,0.008781715296208858,0.013345888815820217,37.493049951276795,0.991304347826087,0.0
mesh,72,,5,side,mesh/m072/l05_side.bmp,640,640,captures/mesh/m072/l05_side.jpg,0.01335223764181137,0.02026614174246788,33.86457848390763,0.9802224969097652,5.4253472222223764e-05
mesh,72,,6,side,mesh/m072/l06_side.bmp,640,640,captures/mesh/m072/l06_side.jpg,0.03264455869793892,0.04494394734501839,26.94657573897194,0.9253822629969419,0.0015733506944444475
mesh,72,,0,top,mesh/m072/l00_top.bmp,640,640,captures/mesh/m072/l00_top.jpg,0.0,0.0,99.0,1.0,0.0
mesh,72,,1,top,mesh/m072/l01_top.bmp,640,640,captures/mesh/m072/l01_top.jpg,0.0028743003495037556,0.004290509968996048,47.349821692165335,0.9990506329113924,0.00013563368055552472
mesh,72,,2,top,mesh/m072/l02_top.bmp,640,640,captures/mesh/m072/l02_top.jpg,0.005494940560311079,0.007884953171014786,42.0640176323205,0.9989449250896814,0.0
mesh,72,,3,top,mesh/m072/l03_top.bmp,640,640,captures/mesh/m072/l03_top.jpg,0.008065437898039818,0.011364576406776905,38.8889349429558,0.9987340436754932,0.0
mesh,72,,4,top,mesh/m072/l04_top.bmp,640,640,captures/mesh/m072/l04_top.jpg,0.011007498949766159,0.015322144143283367,36.29360912691537,0.9985233625145027,5.4253472222209886e-05
mesh,72,,5,top,mesh/m072/l05_top.bmp,640,640,captures/mesh/m072/l05_top.jpg,0.015293153002858162,0.021014265716075897,33.549715611650804,0.9972602739726028,0.00021701388888883955
mesh,72,,6,top,mesh/m072/l06_top.bmp,640,640,captures/mesh/m072/l06_top.jpg,0.03872275352478027,0.0514841228723526,25.766533637444414,0.997049836687388,0.00021701388888883955
submesh,72,0,0,hero,submesh/m072_s00/l00_hero.bmp,640,640,captures/submesh/m072_s00/l00_hero.jpg,0.0,0.0,99.0,1.0,0.0
submesh,72,0,1,hero,submesh/m072_s00/l01_hero.bmp,640,640,captures/submesh/m072_s00/l01_hero.jpg,0.002261263085529208,0.003495381446555257,49.130108466494065,0.9995611147684881,0.0
submesh,72,0,2,hero,submesh/m072_s00/l02_hero.bmp,640,640,captures/submesh/m072_s00/l02_hero.jpg,0.003908089362084866,0.005547455977648497,45.11812270932854,0.999341816586222,2.7126736111104943e-05
submesh,72,0,3,hero,submesh/m072_s00/l03_hero.bmp,640,640,captures/submesh/m072_s00/l03_hero.jpg,0.00615828949958086,0.008677045814692974,41.232562189454555,0.9975887768522578,2.7126736111104943e-05
submesh,72,0,4,hero,submesh/m072_s00/l04_hero.bmp,640,640,captures/submesh/m072_s00/l04_hero.jpg,0.008519378490746021,0.012120290659368038,38.3297393026586,0.9984649122807018,2.7126736111104943e-05
submesh,72,0,5,hero,submesh/m072_s00/l05_hero.bmp,640,640,captures/submesh/m072_s00/l05_hero.jpg,0.011621978133916855,0.016219357028603554,35.79932732366156,0.9973689980267485,5.4253472222223764e-05
submesh,72,0,6,hero,submesh/m072_s00/l06_hero.bmp,640,640,captures/submesh/m072_s00/l06_hero.jpg,0.04333676025271416,0.06038863956928253,24.380895080696263,0.9895196506550218,0.0
mesh,73,,0,hero,mesh/m073/l00_hero.bmp,640,640,captures/mesh/m073/l00_hero.jpg,0.0,0.0,99.0,1.0,0.0
mesh,73,,1,hero,mesh/m073/l01_hero.bmp,640,640,captures/mesh/m073/l01_hero.jpg,0.0024941160809248686,0.0037605285178869963,48.49502227021535,0.9991809991809992,2.712673611111882e-05
mesh,73,,2,hero,mesh/m073/l02_hero.bmp,640,640,captures/mesh/m073/l02_hero.jpg,0.0036335799377411604,0.005118666682392359,45.8168629988009,0.9991809991809992,2.712673611111882e-05
mesh,73,,3,hero,mesh/m073/l03_hero.bmp,640,640,captures/mesh/m073/l03_hero.jpg,0.005098182242363691,0.007004098035395145,43.0929556757205,0.9989082969432315,0.0
mesh,73,,4,hero,mesh/m073/l04_hero.bmp,640,640,captures/mesh/m073/l04_hero.jpg,0.006805085577070713,0.00933752115815878,40.59536802190049,0.9978183801472593,5.4253472222209886e-05
mesh,73,,5,hero,mesh/m073/l05_hero.bmp,640,640,captures/mesh/m073/l05_hero.jpg,0.009200630709528923,0.012635733000934124,37.96799119039013,0.9991812227074236,2.7126736111104943e-05
mesh,73,,6,hero,mesh/m073/l06_hero.bmp,640,640,captures/mesh/m073/l06_hero.jpg,0.03410033509135246,0.04444516822695732,27.043508912740858,0.9937449007342942,0.00018988715277777624
mesh,73,,0,side,mesh/m073/l00_side.bmp,640,640,captures/mesh/m073/l00_side.jpg,0.0,0.0,99.0,1.0,0.0
mesh,73,,1,side,mesh/m073/l01_side.bmp,640,640,captures/mesh/m073/l01_side.jpg,0.0024925824254751205,0.003852268448099494,48.285669127388175,0.9956663055254604,0.0
mesh,73,,2,side,mesh/m073/l02_side.bmp,640,640,captures/mesh/m073/l02_side.jpg,0.0038608675822615623,0.005943907890468836,44.518558584448485,0.9935205183585313,0.00021701388888888812
mesh,73,,3,side,mesh/m073/l03_side.bmp,640,640,captures/mesh/m073/l03_side.jpg,0.005338926333934069,0.008106372319161892,41.8234690667985,0.993517017828201,0.0001627604166666713
mesh,73,,4,side,mesh/m073/l04_side.bmp,640,640,captures/mesh/m073/l04_side.jpg,0.007190599571913481,0.010586818680167198,39.50469049986422,0.9902964959568733,0.00021701388888888812
mesh,73,,5,side,mesh/m073/l05_side.bmp,640,640,captures/mesh/m073/l05_side.jpg,0.009467625990509987,0.01352415606379509,37.37779652556996,0.9870828848223897,0.00021701388888888812
mesh,73,,6,side,mesh/m073/l06_side.bmp,640,640,captures/mesh/m073/l06_side.jpg,0.031763799488544464,0.043264005333185196,27.27746553077358,0.9492250133618386,0.0010036892361111119
mesh,73,,0,top,mesh/m073/l00_top.bmp,640,640,captures/mesh/m073/l00_top.jpg,0.0,0.0,99.0,1.0,0.0
mesh,73,,1,top,mesh/m073/l01_top.bmp,640,640,captures/mesh/m073/l01_top.jpg,0.0026419837959110737,0.00396443996578455,48.03636308721902,0.9991336365605371,0.0
mesh,73,,2,top,mesh/m073/l02_top.bmp,640,640,captures/mesh/m073/l02_top.jpg,0.004793972242623568,0.0068697319366037846,43.26120418377297,0.9991335427271743,5.42534722222654e-05
mesh,73,,3,top,mesh/m073/l03_top.bmp,640,640,captures/mesh/m073/l03_top.jpg,0.007184590213000774,0.01002044789493084,39.982257317979105,0.9985927689976185,8.138020833331483e-05
mesh,73,,4,top,mesh/m073/l04_top.bmp,640,640,captures/mesh/m073/l04_top.jpg,0.009733469225466251,0.01345199067145586,37.424268850544784,0.9977272727272727,2.7126736111160454e-05
mesh,73,,5,top,mesh/m073/l05_top.bmp,640,640,captures/mesh/m073/l05_top.jpg,0.013576129451394081,0.018589165061712265,34.614802325309014,0.9977277645531271,8.138020833331483e-05
mesh,73,,6,top,mesh/m073/l06_top.bmp,640,640,captures/mesh/m073/l06_top.jpg,0.04431447386741638,0.056508731096982956,24.957688893421096,0.9975116304230228,8.138020833331483e-05
submesh,73,0,0,hero,submesh/m073_s00/l00_hero.bmp,640,640,captures/submesh/m073_s00/l00_hero.jpg,0.0,0.0,99.0,1.0,0.0
submesh,73,0,1,hero,submesh/m073_s00/l01_hero.bmp,640,640,captures/submesh/m073_s00/l01_hero.jpg,0.0024941160809248686,0.0037605285178869963,48.49502227021535,0.9991809991809992,2.712673611111882e-05
submesh,73,0,2,hero,submesh/m073_s00/l02_hero.bmp,640,640,captures/submesh/m073_s00/l02_hero.jpg,0.0036335799377411604,0.005118666682392359,45.8168629988009,0.9991809991809992,2.712673611111882e-05
submesh,73,0,3,hero,submesh/m073_s00/l03_hero.bmp,640,640,captures/submesh/m073_s00/l03_hero.jpg,0.005098182242363691,0.007004098035395145,43.0929556757205,0.9989082969432315,0.0
submesh,73,0,4,hero,submesh/m073_s00/l04_hero.bmp,640,640,captures/submesh/m073_s00/l04_hero.jpg,0.006805085577070713,0.00933752115815878,40.59536802190049,0.9978183801472593,5.4253472222209886e-05
submesh,73,0,5,hero,submesh/m073_s00/l05_hero.bmp,640,640,captures/submesh/m073_s00/l05_hero.jpg,0.009200630709528923,0.012635733000934124,37.96799119039013,0.9991812227074236,2.7126736111104943e-05
submesh,73,0,6,hero,submesh/m073_s00/l06_hero.bmp,640,640,captures/submesh/m073_s00/l06_hero.jpg,0.03410033509135246,0.04444516822695732,27.043508912740858,0.9937449007342942,0.00018988715277777624
mesh,74,,0,hero,mesh/m074/l00_hero.bmp,640,640,captures/mesh/m074/l00_hero.jpg,0.0,0.0,99.0,1.0,0.0
mesh,74,,1,hero,mesh/m074/l01_hero.bmp,640,640,captures/mesh/m074/l01_hero.jpg,0.002474032109603286,0.0036834520287811756,48.67489963561339,0.9968838526912182,2.712673611111882e-05
mesh,74,,2,hero,mesh/m074/l02_hero.bmp,640,640,captures/mesh/m074/l02_hero.jpg,0.0033938789274543524,0.004792932886630297,46.3879730440749,0.996600566572238,0.0
mesh,74,,3,hero,mesh/m074/l03_hero.bmp,640,640,captures/mesh/m074/l03_hero.jpg,0.004637137521058321,0.006348255556076765,43.94691197117308,0.9954712708746108,5.4253472222223764e-05
mesh,74,,4,hero,mesh/m074/l04_hero.bmp,640,640,captures/mesh/m074/l04_hero.jpg,0.006033211015164852,0.008286774158477783,41.63228993861627,0.9968847352024922,8.138020833334259e-05
mesh,74,,5,hero,mesh/m074/l05_hero.bmp,640,640,captures/mesh/m074/l05_hero.jpg,0.008109979331493378,0.01123171765357256,38.9910764501484,0.9966024915062288,0.00010850694444444753
mesh,74,,6,hero,mesh/m074/l06_hero.bmp,640,640,captures/mesh/m074/l06_hero.jpg,0.024966765195131302,0.03409767523407936,29.345504600459993,0.9912305516265912,0.000244140625
mesh,74,,0,side,mesh/m074/l00_side.bmp,640,640,captures/mesh/m074/l00_side.jpg,0.0,0.0,99.0,1.0,0.0
mesh,74,,1,side,mesh/m074/l01_side.bmp,640,640,captures/mesh/m074/l01_side.jpg,0.0023628040216863155,0.003580473130568862,48.92119162120882,0.9956260251503554,5.4253472222223764e-05
mesh,74,,2,side,mesh/m074/l02_side.bmp,640,640,captures/mesh/m074/l02_side.jpg,0.003477751975879073,0.004883230663836002,46.22585521874038,0.9945414847161572,5.4253472222223764e-05
mesh,74,,3,side,mesh/m074/l03_side.bmp,640,640,captures/mesh/m074/l03_side.jpg,0.005096041597425938,0.0070120831951498985,43.08305879685812,0.993995633187773,2.7126736111111882e-05
mesh,74,,4,side,mesh/m074/l04_side.bmp,640,640,captures/mesh/m074/l04_side.jpg,0.0067878239788115025,0.009361092001199722,40.57346972944131,0.99235807860262,5.4253472222223764e-05
mesh,74,,5,side,mesh/m074/l05_side.bmp,640,640,captures/mesh/m074/l05_side.jpg,0.00997621938586235,0.013688723556697369,37.27274093962561,0.9891067538126361,0.0
mesh,74,,6,side,mesh/m074/l06_side.bmp,640,640,captures/mesh/m074/l06_side.jpg,0.03778194636106491,0.048184584826231,26.34183757367811,0.955110870740941,0.0010036892361111119
mesh,74,,0,top,mesh/m074/l00_top.bmp,640,640,captures/mesh/m074/l00_top.jpg,0.0,0.0,99.0,1.0,0.0
mesh,74,,1,top,mesh/m074/l01_top.bmp,640,640,captures/mesh/m074/l01_top.jpg,0.002419800264760852,0.0036386086139827967,48.78129313355692,0.9982603022724802,5.4253472222209886e-05
mesh,74,,2,top,mesh/m074/l02_top.bmp,640,640,captures/mesh/m074/l02_top.jpg,0.004242007154971361,0.006013553123921156,44.417376962109394,0.9978258506359386,5.4253472222209886e-05
mesh,74,,3,top,mesh/m074/l03_top.bmp,640,640,captures/mesh/m074/l03_top.jpg,0.006498595234006643,0.009041980840265751,40.87472835120077,0.9971751412429378,5.425347222223764e-05
mesh,74,,4,top,mesh/m074/l04_top.bmp,640,640,captures/mesh/m074/l04_top.jpg,0.008668439462780952,0.011964750476181507,38.44192708258623,0.997283789656671,8.138020833334259e-05
mesh,74,,5,top,mesh/m074/l05_top.bmp,640,640,captures/mesh/m074/l05_top.jpg,0.011805454269051552,0.016416506841778755,35.694384959838125,0.9968502226566742,0.00013563368055555247
mesh,74,,6,top,mesh/m074/l06_top.bmp,640,640,captures/mesh/m074/l06_top.jpg,0.035740457475185394,0.047223612666130066,26.516815838178466,0.9980432655723448,0.0
submesh,74,0,0,hero,submesh/m074_s00/l00_hero.bmp,640,640,captures/submesh/m074_s00/l00_hero.jpg,0.0,0.0,99.0,1.0,0.0
submesh,74,0,1,hero,submesh/m074_s00/l01_hero.bmp,640,640,captures/submesh/m074_s00/l01_hero.jpg,0.002474032109603286,0.0036834520287811756,48.67489963561339,0.9968838526912182,2.712673611111882e-05
submesh,74,0,2,hero,submesh/m074_s00/l02_hero.bmp,640,640,captures/submesh/m074_s00/l02_hero.jpg,0.0033938789274543524,0.004792932886630297,46.3879730440749,0.996600566572238,0.0
submesh,74,0,3,hero,submesh/m074_s00/l03_hero.bmp,640,640,captures/submesh/m074_s00/l03_hero.jpg,0.004637137521058321,0.006348255556076765,43.94691197117308,0.9954712708746108,5.4253472222223764e-05
submesh,74,0,4,hero,submesh/m074_s00/l04_hero.bmp,640,640,captures/submesh/m074_s00/l04_hero.jpg,0.006033211015164852,0.008286774158477783,41.63228993861627,0.9968847352024922,8.138020833334259e-05
submesh,74,0,5,hero,submesh/m074_s00/l05_hero.bmp,640,640,captures/submesh/m074_s00/l05_hero.jpg,0.008109979331493378,0.01123171765357256,38.9910764501484,0.9966024915062288,0.00010850694444444753
submesh,74,0,6,hero,submesh/m074_s00/l06_hero.bmp,640,640,captures/submesh/m074_s00/l06_hero.jpg,0.024966765195131302,0.03409767523407936,29.345504600459993,0.9912305516265912,0.000244140625
mesh,75,,0,hero,mesh/m075/l00_hero.bmp,640,640,captures/mesh/m075/l00_hero.jpg,0.0,0.0,99.0,1.0,0.0
mesh,75,,1,hero,mesh/m075/l01_hero.bmp,640,640,captures/mesh/m075/l01_hero.jpg,0.002281429711729288,0.0034113358706235886,49.341510381260406,0.9988659559990928,8.138020833332871e-05
mesh,75,,2,hero,mesh/m075/l02_hero.bmp,640,640,captures/mesh/m075/l02_hero.jpg,0.003510331502184272,0.004920738283544779,46.1593946584117,0.9979601087941976,2.7126736111104943e-05
mesh,75,,3,hero,mesh/m075/l03_hero.bmp,640,640,captures/mesh/m075/l03_hero.jpg,0.0050809141248464584,0.0071309092454612255,42.937101814995486,0.9977334542157752,5.4253472222223764e-05
mesh,75,,4,hero,mesh/m075/l04_hero.bmp,640,640,captures/mesh/m075/l04_hero.jpg,0.006629530340433121,0.009380870498716831,40.55513718711389,0.9975079293158133,2.712673611111882e-05
mesh,75,,5,hero,mesh/m075/l05_hero.bmp,640,640,captures/mesh/m075/l05_hero.jpg,0.009255434386432171,0.013159243389964104,37.615381608073164,0.9968289920724802,0.0
mesh,75,,6,hero,mesh/m075/l06_hero.bmp,640,640,captures/mesh/m075/l06_hero.jpg,0.03234710171818733,0.04492513835430145,26.950211534722722,0.9932142049310111,0.00010850694444444753
mesh,75,,0,side,mesh/m075/l00_side.bmp,640,640,captures/mesh/m075/l00_side.jpg,0.0,0.0,99.0,1.0,0.0
mesh,75,,1,side,mesh/m075/l01_side.bmp,640,640,captures/mesh/m075/l01_side.jpg,0.002346533350646496,0.0037135661114007235,48.60417680154395,0.9941176470588236,0.00021701388888889506
mesh,75,,2,side,mesh/m075/l02_side.bmp,640,640,captures/mesh/m075/l02_side.jpg,0.00396896293386817,0.005984002258628607,44.46016502443021,0.9916707496325331,0.0001356336805555594
mesh,75,,3,side,mesh/m075/l03_side.bmp,640,640,captures/mesh/m075/l03_side.jpg,0.006117313634604216,0.009321590885519981,40.61019923394742,0.9936243256498284,0.0001356336805555594
mesh,75,,4,side,mesh/m075/l04_side.bmp,640,640,captures/mesh/m075/l04_side.jpg,0.008252155035734177,0.012384453788399696,38.14246286095741,0.9931338891613536,0.00010850694444444753
mesh,75,,5,side,mesh/m075/l05_side.bmp,640,640,captures/mesh/m075/l05_side.jpg,0.01078607514500618,0.015831390395760536,36.009618828855935,0.9897109260166586,2.7126736111111882e-05
mesh,75,,6,side,mesh/m075/l06_side.bmp,640,640,captures/mesh/m075/l06_side.jpg,0.03884677216410637,0.05244554579257965,25.60582781188611,0.9510818438381938,0.002387152777777783
mesh,75,,0,top,mesh/m075/l00_top.bmp,640,640,captures/mesh/m075/l00_top.jpg,0.0,0.0,99.0,1.0,0.0
mesh,75,,1,top,mesh/m075/l01_top.bmp,640,640,captures/mesh/m075/l01_top.jpg,0.002639350015670061,0.00396245950832963,48.04070325459478,0.9984975316591543,0.00016276041666668517
mesh,75,,2,top,mesh/m075/l02_top.bmp,640,640,captures/mesh/m075/l02_top.jpg,0.004798870533704758,0.006834602914750576,43.305734250869,0.9977475061675426,0.000244140625
mesh,75,,3,top,mesh/m075/l03_top.bmp,640,640,captures/mesh/m075/l03_top.jpg,0.007258408237248659,0.01024884544312954,39.78650112322751,0.9979613733905579,0.00013563368055558023
mesh,75,,4,top,mesh/m075/l04_top.bmp,640,640,captures/mesh/m075/l04_top.jpg,0.009753137826919556,0.013730068691074848,37.246545799940584,0.9976389783215283,5.4253472222209886e-05
mesh,75,,5,top,mesh/m075/l05_top.bmp,640,640,captures/mesh/m075/l05_top.jpg,0.01309952512383461,0.018345355987548828,34.72947712877059,0.9975321888412018,2.7126736111104943e-05
mesh,75,,6,top,mesh/m075/l06_top.bmp,640,640,captures/mesh/m075/l06_top.jpg,0.0342908650636673,0.044515449553728104,27.02978472803574,0.9975321888412018,2.7126736111104943e-05
submesh,75,0,0,hero,submesh/m075_s00/l00_hero.bmp,640,640,captures/submesh/m075_s00/l00_hero.jpg,0.0,0.0,99.0,1.0,0.0
submesh,75,0,1,hero,submesh/m075_s00/l01_hero.bmp,640,640,captures/submesh/m075_s00/l01_hero.jpg,0.002281429711729288,0.0034113358706235886,49.341510381260406,0.9988659559990928,8.138020833332871e-05
submesh,75,0,2,hero,submesh/m075_s00/l02_hero.bmp,640,640,captures/submesh/m075_s00/l02_hero.jpg,0.003510331502184272,0.004920738283544779,46.1593946584117,0.9979601087941976,2.7126736111104943e-05
submesh,75,0,3,hero,submesh/m075_s00/l03_hero.bmp,640,640,captures/submesh/m075_s00/l03_hero.jpg,0.0050809141248464584,0.0071309092454612255,42.937101814995486,0.9977334542157752,5.4253472222223764e-05
submesh,75,0,4,hero,submesh/m075_s00/l04_hero.bmp,640,640,captures/submesh/m075_s00/l04_hero.jpg,0.006629530340433121,0.009380870498716831,40.55513718711389,0.9975079293158133,2.712673611111882e-05
submesh,75,0,5,hero,submesh/m075_s00/l05_hero.bmp,640,640,captures/submesh/m075_s00/l05_hero.jpg,0.009255434386432171,0.013159243389964104,37.615381608073164,0.9968289920724802,0.0
submesh,75,0,6,hero,submesh/m075_s00/l06_hero.bmp,640,640,captures/submesh/m075_s00/l06_hero.jpg,0.03234710171818733,0.04492513835430145,26.950211534722722,0.9932142049310111,0.00010850694444444753
mesh,76,,0,hero,mesh/m076/l00_hero.bmp,640,640,captures/mesh/m076/l00_hero.jpg,0.0,0.0,99.0,1.0,0.0
mesh,76,,1,hero,mesh/m076/l01_hero.bmp,640,640,captures/mesh/m076/l01_hero.jpg,0.0024098551366478205,0.003731210483238101,48.56300502116436,0.9990002499375156,0.00010850694444444753
mesh,76,,2,hero,mesh/m076/l02_hero.bmp,640,640,captures/mesh/m076/l02_hero.jpg,0.004327248316258192,0.006150452885776758,44.22185807944396,0.9985007496251874,0.00010850694444444753
mesh,76,,3,hero,mesh/m076/l03_hero.bmp,640,640,captures/mesh/m076/l03_hero.jpg,0.006347947288304567,0.008890083990991116,41.02188271838727,0.9972534332084894,8.138020833332871e-05
mesh,76,,4,hero,mesh/m076/l04_hero.bmp,640,640,captures/mesh/m076/l04_hero.jpg,0.008858101442456245,0.012422935105860233,38.115515668239574,0.9962574850299402,2.7126736111104943e-05
mesh,76,,5,hero,mesh/m076/l05_hero.bmp,640,640,captures/mesh/m076/l05_hero.jpg,0.013051670044660568,0.0184794832020998,34.666203568827626,0.9962565510356876,8.138020833332871e-05
mesh,76,,6,hero,mesh/m076/l06_hero.bmp,640,640,captures/mesh/m076/l06_hero.jpg,0.038945186883211136,0.053879041224718094,25.371602822648125,0.9758165046123162,0.0020887586805555525
mesh,76,,0,side,mesh/m076/l00_side.bmp,640,640,captures/mesh/m076/l00_side.jpg,0.0,0.0,99.0,1.0,0.0
mesh,76,,1,side,mesh/m076/l01_side.bmp,640,640,captures/mesh/m076/l01_side.jpg,0.0028939207550138235,0.004829260054975748,46.32238814546174,0.9963340122199593,2.7126736111104943e-05
mesh,76,,2,side,mesh/m076/l02_side.bmp,640,640,captures/mesh/m076/l02_side.jpg,0.005681881681084633,0.009283836930990219,40.64544992915024,0.9951120162932791,5.4253472222223764e-05
mesh,76,,3,side,mesh/m076/l03_side.bmp,640,640,captures/mesh/m076/l03_side.jpg,0.008105427026748657,0.012440981343388557,38.10290722375759,0.9934879934879934,5.4253472222223764e-05
mesh,76,,4,side,mesh/m076/l04_side.bmp,640,640,captures/mesh/m076/l04_side.jpg,0.010791085660457611,0.016081267967820168,35.87359422404311,0.9906542056074766,2.712673611111882e-05
mesh,76,,5,side,mesh/m076/l05_side.bmp,640,640,captures/mesh/m076/l05_side.jpg,0.016069525852799416,0.02446874789893627,32.22776507107255,0.9870235198702352,0.0
mesh,76,,6,side,mesh/m076/l06_side.bmp,640,640,captures/mesh/m076/l06_side.jpg,0.046568360179662704,0.06393635272979736,23.8850428365765,0.9115008156606852,0.005777994791666671
mesh,76,,0,top,mesh/m076/l00_top.bmp,640,640,captures/mesh/m076/l00_top.jpg,0.0,0.0,99.0,1.0,0.0
mesh,76,,1,top,mesh/m076/l01_top.bmp,640,640,captures/mesh/m076/l01_top.jpg,0.003359860274940729,0.0051431553438305855,45.77540716106195,0.9990334013532381,0.0001898871527777346
mesh,76,,2,top,mesh/m076/l02_top.bmp,640,640,captures/mesh/m076/l02_top.jpg,0.0065363687463104725,0.009565637446939945,40.38572167224416,0.9977446031575555,0.00013563368055558023
mesh,76,,3,top,mesh/m076/l03_top.bmp,640,640,captures/mesh/m076/l03_top.jpg,0.009437709115445614,0.013602492399513721,37.32763016174044,0.9978520030071958,0.00010850694444447528
mesh,76,,4,top,mesh/m076/l04_top.bmp,640,640,captures/mesh/m076/l04_top.jpg,0.012451997958123684,0.017472315579652786,35.15299069619203,0.9980665950590762,0.00010850694444447528
mesh,76,,5,top,mesh/m076/l05_top.bmp,640,640,captures/mesh/m076/l05_top.jpg,0.018108779564499855,0.02565835788846016,31.81542283046166,0.9972082035863846,0.00016276041666668517
mesh,76,,6,top,mesh/m076/l06_top.bmp,640,640,captures/mesh/m076/l06_top.jpg,0.04230191186070442,0.05565382167696953,25.090100157139887,0.9975305990981318,2.7126736111104943e-05
submesh,76,0,0,hero,submesh/m076_s00/l00_hero.bmp,640,640,captures/submesh/m076_s00/l00_hero.jpg,0.0,0.0,99.0,1.0,0.0
submesh,76,0,1,hero,submesh/m076_s00/l01_hero.bmp,640,640,captures/submesh/m076_s00/l01_hero.jpg,0.0024098551366478205,0.003731210483238101,48.56300502116436,0.9990002499375156,0.00010850694444444753
submesh,76,0,2,hero,submesh/m076_s00/l02_hero.bmp,640,640,captures/submesh/m076_s00/l02_hero.jpg,0.004327248316258192,0.006150452885776758,44.22185807944396,0.9985007496251874,0.00010850694444444753
submesh,76,0,3,hero,submesh/m076_s00/l03_hero.bmp,640,640,captures/submesh/m076_s00/l03_hero.jpg,0.006347947288304567,0.008890083990991116,41.02188271838727,0.9972534332084894,8.138020833332871e-05
submesh,76,0,4,hero,submesh/m076_s00/l04_hero.bmp,640,640,captures/submesh/m076_s00/l04_hero.jpg,0.008858101442456245,0.012422935105860233,38.115515668239574,0.9962574850299402,2.7126736111104943e-05
submesh,76,0,5,hero,submesh/m076_s00/l05_hero.bmp,640,640,captures/submesh/m076_s00/l05_hero.jpg,0.013051670044660568,0.0184794832020998,34.666203568827626,0.9962565510356876,8.138020833332871e-05
submesh,76,0,6,hero,submesh/m076_s00/l06_hero.bmp,640,640,captures/submesh/m076_s00/l06_hero.jpg,0.038945186883211136,0.053879041224718094,25.371602822648125,0.9758165046123162,0.0020887586805555525
mesh,77,,0,hero,mesh/m077/l00_hero.bmp,640,640,captures/mesh/m077/l00_hero.jpg,0.0,0.0,99.0,1.0,0.0
mesh,77,,1,hero,mesh/m077/l01_hero.bmp,640,640,captures/mesh/m077/l01_hero.jpg,0.002313857199624181,0.0034521755296736956,49.2381426042662,0.998524711089255,5.4253472222223764e-05
mesh,77,,2,hero,mesh/m077/l02_hero.bmp,640,640,captures/mesh/m077/l02_hero.jpg,0.003389176679775119,0.0048407032154500484,46.30183086461031,0.9990162321692081,5.4253472222223764e-05
mesh,77,,3,hero,mesh/m077/l03_hero.bmp,640,640,captures/mesh/m077/l03_hero.jpg,0.004443544428795576,0.006294409744441509,44.02089978848821,0.9990164740595033,0.0
mesh,77,,4,hero,mesh/m077/l04_hero.bmp,640,640,captures/mesh/m077/l04_hero.jpg,0.005877370946109295,0.008303700014948845,41.61456697653485,0.9987705925743792,2.712673611111882e-05
mesh,77,,5,hero,mesh/m077/l05_hero.bmp,640,640,captures/mesh/m077/l05_hero.jpg,0.008280152454972267,0.011682909913361073,38.64897944255897,0.9968043264503441,0.00018988715277777624
mesh,77,,6,hero,mesh/m077/l06_hero.bmp,640,640,captures/mesh/m077/l06_hero.jpg,0.023434897884726524,0.032515715807676315,29.758133618050387,0.9794117647058823,0.00146484375
mesh,77,,0,side,mesh/m077/l00_side.bmp,640,640,captures/mesh/m077/l00_side.jpg,0.0,0.0,99.0,1.0,0.0
mesh,77,,1,side,mesh/m077/l01_side.bmp,640,640,captures/mesh/m077/l01_side.jpg,0.00226360815577209,0.0037102047353982925,48.61204249233288,0.9961389961389961,0.0
mesh,77,,2,side,mesh/m077/l02_side.bmp,640,640,captures/mesh/m077/l02_side.jpg,0.0037084328942000866,0.005778922233730555,44.76306299487008,0.9966232513265798,8.138020833333565e-05
mesh,77,,3,side,mesh/m077/l03_side.bmp,640,640,captures/mesh/m077/l03_side.jpg,0.005353492219001055,0.008082343265414238,41.84925417138527,0.9946987951807229,8.138020833333565e-05
mesh,77,,4,side,mesh/m077/l04_side.bmp,640,640,captures/mesh/m077/l04_side.jpg,0.007607414852827787,0.011734413914382458,38.61077193486716,0.9927675988428158,8.138020833332871e-05
mesh,77,,5,side,mesh/m077/l05_side.bmp,640,640,captures/mesh/m077/l05_side.jpg,0.010172219015657902,0.01497621275484562,36.491959977889785,0.9908256880733946,0.0003526475694444406
mesh,77,,6,side,mesh/m077/l06_side.bmp,640,640,captures/mesh/m077/l06_side.jpg,0.03882602974772453,0.051726315170526505,25.725769166829405,0.9248803827751196,0.0030653211805555525
mesh,77,,0,top,mesh/m077/l00_top.bmp,640,640,captures/mesh/m077/l00_top.jpg,0.0,0.0,99.0,1.0,0.0
mesh,77,,1,top,mesh/m077/l01_top.bmp,640,640,captures/mesh/m077/l01_top.jpg,0.002694685710594058,0.004118132404983044,47.70599388369877,0.9985609918087226,2.7126736111104943e-05
mesh,77,,2,top,mesh/m077/l02_top.bmp,640,640,captures/mesh/m077/l02_top.jpg,0.004659836646169424,0.006827374920248985,43.31492495065804,0.997676734152008,2.7126736111104943e-05
mesh,77,,3,top,mesh/m077/l03_top.bmp,640,640,captures/mesh/m077/l03_top.jpg,0.006864950526505709,0.009947223588824272,40.04596240179427,0.997676734152008,2.7126736111104943e-05
mesh,77,,4,top,mesh/m077/l04_top.bmp,640,640,captures/mesh/m077/l04_top.jpg,0.00940245483070612,0.013660912401974201,37.29040586973728,0.9971245299712453,5.425347222223764e-05
mesh,77,,5,top,mesh/m077/l05_top.bmp,640,640,captures/mesh/m077/l05_top.jpg,0.012987187132239342,0.018564805388450623,34.62619198091374,0.9965719340926683,2.7126736111104943e-05
mesh,77,,6,top,mesh/m077/l06_top.bmp,640,640,captures/mesh/m077/l06_top.jpg,0.03402798995375633,0.04624214768409729,26.69924007233357,0.9964605685211813,0.00016276041666665741
submesh,77,0,0,hero,submesh/m077_s00/l00_hero.bmp,640,640,captures/submesh/m077_s00/l00_hero.jpg,0.0,0.0,99.0,1.0,0.0
submesh,77,0,1,hero,submesh/m077_s00/l01_hero.bmp,640,640,captures/submesh/m077_s00/l01_hero.jpg,0.002313857199624181,0.0034521755296736956,49.2381426042662,0.998524711089255,5.4253472222223764e-05
submesh,77,0,2,hero,submesh/m077_s00/l02_hero.bmp,640,640,captures/submesh/m077_s00/l02_hero.jpg,0.003389176679775119,0.0048407032154500484,46.30183086461031,0.9990162321692081,5.4253472222223764e-05
submesh,77,0,3,hero,submesh/m077_s00/l03_hero.bmp,640,640,captures/submesh/m077_s00/l03_hero.jpg,0.004443544428795576,0.006294409744441509,44.02089978848821,0.9990164740595033,0.0
submesh,77,0,4,hero,submesh/m077_s00/l04_hero.bmp,640,640,captures/submesh/m077_s00/l04_hero.jpg,0.005877370946109295,0.008303700014948845,41.61456697653485,0.9987705925743792,2.712673611111882e-05
submesh,77,0,5,hero,submesh/m077_s00/l05_hero.bmp,640,640,captures/submesh/m077_s00/l05_hero.jpg,0.008280152454972267,0.011682909913361073,38.64897944255897,0.9968043264503441,0.00018988715277777624
submesh,77,0,6,hero,submesh/m077_s00/l06_hero.bmp,640,640,captures/submesh/m077_s00/l06_hero.jpg,0.023434897884726524,0.032515715807676315,29.758133618050387,0.9794117647058823,0.00146484375
mesh,78,,0,hero,mesh/m078/l00_hero.bmp,640,640,captures/mesh/m078/l00_hero.jpg,0.0,0.0,99.0,1.0,0.0
mesh,78,,1,hero,mesh/m078/l01_hero.bmp,640,640,captures/mesh/m078/l01_hero.jpg,0.0022750517819076777,0.0035310552921146154,49.04190963700053,0.9991479693268958,2.7126736111104943e-05
mesh,78,,2,hero,mesh/m078/l02_hero.bmp,640,640,captures/mesh/m078/l02_hero.jpg,0.0032483027316629887,0.004671262577176094,46.61131439642568,0.9988642816581488,0.0
mesh,78,,3,hero,mesh/m078/l03_hero.bmp,640,640,captures/mesh/m078/l03_hero.jpg,0.004385374020785093,0.006185801234096289,44.17208078242805,0.9985807550383197,2.712673611111882e-05
mesh,78,,4,hero,mesh/m078/l04_hero.bmp,640,640,captures/mesh/m078/l04_hero.jpg,0.005801117047667503,0.00832231156527996,41.595120588095355,0.9977298524404086,0.0
mesh,78,,5,hero,mesh/m078/l05_hero.bmp,640,640,captures/mesh/m078/l05_hero.jpg,0.007628053892403841,0.010811825282871723,39.322019620727424,0.9963120567375886,8.138020833332871e-05
mesh,78,,6,hero,mesh/m078/l06_hero.bmp,640,640,captures/mesh/m078/l06_hero.jpg,0.02610040456056595,0.03673703968524933,28.697916851817634,0.9909219858156029,0.0005967881944444337
mesh,78,,0,side,mesh/m078/l00_side.bmp,640,640,captures/mesh/m078/l00_side.jpg,0.0,0.0,99.0,1.0,0.0
mesh,78,,1,side,mesh/m078/l01_side.bmp,640,640,captures/mesh/m078/l01_side.jpg,0.0022877289447933435,0.003561949823051691,48.96624405413859,0.9986492570914003,2.7126736111111882e-05
mesh,78,,2,side,mesh/m078/l02_side.bmp,640,640,captures/mesh/m078/l02_side.jpg,0.0033368042204529047,0.004838097374886274,46.30650789951499,0.9968496849684968,2.7126736111104943e-05
mesh,78,,3,side,mesh/m078/l03_side.bmp,640,640,captures/mesh/m078/l03_side.jpg,0.004645758308470249,0.006791846361011267,43.36024293737776,0.9977497749774977,2.7126736111111882e-05
mesh,78,,4,side,mesh/m078/l04_side.bmp,640,640,captures/mesh/m078/l04_side.jpg,0.0059892297722399235,0.00840537715703249,41.50885589185939,0.9959568733153639,0.0001356336805555594
mesh,78,,5,side,mesh/m078/l05_side.bmp,640,640,captures/mesh/m078/l05_side.jpg,0.00837506540119648,0.012134001590311527,38.31991904944568,0.9964028776978417,5.4253472222223764e-05
mesh,78,,6,side,mesh/m078/l06_side.bmp,640,640,captures/mesh/m078/l06_side.jpg,0.03606267273426056,0.048077572137117386,26.36114943661028,0.9767857142857143,0.00027126736111110494
mesh,78,,0,top,mesh/m078/l00_top.bmp,640,640,captures/mesh/m078/l00_top.jpg,0.0,0.0,99.0,1.0,0.0
mesh,78,,1,top,mesh/m078/l01_top.bmp,640,640,captures/mesh/m078/l01_top.jpg,0.0021973811089992523,0.003371128346771002,49.44449425107376,0.9988977072310405,0.0
mesh,78,,2,top,mesh/m078/l02_top.bmp,640,640,captures/mesh/m078/l02_top.jpg,0.003817823249846697,0.005505850538611412,45.18351164213506,0.9985670194003528,8.138020833334259e-05
mesh,78,,3,top,mesh/m078/l03_top.bmp,640,640,captures/mesh/m078/l03_top.jpg,0.005807841662317514,0.008312208577990532,41.60567135152525,0.9987872105843439,0.00013563368055555247
mesh,78,,4,top,mesh/m078/l04_top.bmp,640,640,captures/mesh/m078/l04_top.jpg,0.007877438329160213,0.011066261678934097,39.11998128866644,0.9988974641675854,0.00010850694444444753
mesh,78,,5,top,mesh/m078/l05_top.bmp,640,640,captures/mesh/m078/l05_top.jpg,0.010850969702005386,0.015494207851588726,36.19661244719413,0.9990077177508269,8.138020833334259e-05
mesh,78,,6,top,mesh/m078/l06_top.bmp,640,640,captures/mesh/m078/l06_top.jpg,0.033382903784513474,0.043353527784347534,27.25951114256118,0.9988977072310405,0.0
submesh,78,0,0,hero,submesh/m078_s00/l00_hero.bmp,640,640,captures/submesh/m078_s00/l00_hero.jpg,0.0,0.0,99.0,1.0,0.0
submesh,78,0,1,hero,submesh/m078_s00/l01_hero.bmp,640,640,captures/submesh/m078_s00/l01_hero.jpg,0.0022750517819076777,0.0035310552921146154,49.04190963700053,0.9991479693268958,2.7126736111104943e-05
submesh,78,0,2,hero,submesh/m078_s00/l02_hero.bmp,640,640,captures/submesh/m078_s00/l02_hero.jpg,0.0032483027316629887,0.004671262577176094,46.61131439642568,0.9988642816581488,0.0
submesh,78,0,3,hero,submesh/m078_s00/l03_hero.bmp,640,640,captures/submesh/m078_s00/l03_hero.jpg,0.004385374020785093,0.006185801234096289,44.17208078242805,0.9985807550383197,2.712673611111882e-05
submesh,78,0,4,hero,submesh/m078_s00/l04_hero.bmp,640,640,captures/submesh/m078_s00/l04_hero.jpg,0.005801117047667503,0.00832231156527996,41.595120588095355,0.9977298524404086,0.0
submesh,78,0,5,hero,submesh/m078_s00/l05_hero.bmp,640,640,captures/submesh/m078_s00/l05_hero.jpg,0.007628053892403841,0.010811825282871723,39.322019620727424,0.9963120567375886,8.138020833332871e-05
submesh,78,0,6,hero,submesh/m078_s00/l06_hero.bmp,640,640,captures/submesh/m078_s00/l06_hero.jpg,0.02610040456056595,0.03673703968524933,28.697916851817634,0.9909219858156029,0.0005967881944444337
mesh,79,,0,hero,mesh/m079/l00_hero.bmp,640,640,captures/mesh/m079/l00_hero.jpg,0.0,0.0,99.0,1.0,0.0
mesh,79,,1,hero,mesh/m079/l01_hero.bmp,640,640,captures/mesh/m079/l01_hero.jpg,0.002528000855818391,0.0037622100207954645,48.49113928296086,0.9992657856093979,2.712673611111882e-05
mesh,79,,2,hero,mesh/m079/l02_hero.bmp,640,640,captures/mesh/m079/l02_hero.jpg,0.003885106649249792,0.0054123615846037865,45.33226394232885,0.9987766087594813,2.712673611111882e-05
mesh,79,,3,hero,mesh/m079/l03_hero.bmp,640,640,captures/mesh/m079/l03_hero.jpg,0.005604067351669073,0.007754079066216946,42.20939549849091,0.9977989728539985,2.712673611111882e-05
mesh,79,,4,hero,mesh/m079/l04_hero.bmp,640,640,captures/mesh/m079/l04_hero.jpg,0.007540715858340263,0.010470694862306118,39.600489929266075,0.9977989728539985,2.712673611111882e-05
mesh,79,,5,hero,mesh/m079/l05_hero.bmp,640,640,captures/mesh/m079/l05_hero.jpg,0.010328139178454876,0.014283059164881706,36.90357529638059,0.9973118279569892,0.00013563368055555247
mesh,79,,6,hero,mesh/m079/l06_hero.bmp,640,640,captures/mesh/m079/l06_hero.jpg,0.031130654737353325,0.04252785071730614,27.426531304196065,0.9914779644509374,0.00029839409722222376
mesh,79,,0,side,mesh/m079/l00_side.bmp,640,640,captures/mesh/m079/l00_side.jpg,0.0,0.0,99.0,1.0,0.0
mesh,79,,1,side,mesh/m079/l01_side.bmp,640,640,captures/mesh/m079/l01_side.jpg,0.002346999477595091,0.003873584559187293,48.237739181514016,0.9952153110047847,5.4253472222223764e-05
mesh,79,,2,side,mesh/m079/l02_side.bmp,640,640,captures/mesh/m079/l02_side.jpg,0.004149585030972958,0.006263196002691984,44.064079942388915,0.994026284348865,0.00010850694444444059
mesh,79,,3,side,mesh/m079/l03_side.bmp,640,640,captures/mesh/m079/l03_side.jpg,0.0066047473810613155,0.009748726151883602,40.221042581107454,0.9922248803827751,8.138020833333565e-05
mesh,79,,4,side,mesh/m079/l04_side.bmp,640,640,captures/mesh/m079/l04_side.jpg,0.009034045971930027,0.012762308120727539,37.88141548808799,0.9916417910447761,5.4253472222223764e-05
mesh,79,,5,side,mesh/m079/l05_side.bmp,640,640,captures/mesh/m079/l05_side.jpg,0.012933844700455666,0.017959222197532654,34.91424952557287,0.9886634844868735,2.7126736111111882e-05
mesh,79,,6,side,mesh/m079/l06_side.bmp,640,640,captures/mesh/m079/l06_side.jpg,0.045455172657966614,0.06026717647910118,24.398383095569642,0.8960047003525264,0.002902560763888888
mesh,79,,0,top,mesh/m079/l00_top.bmp,640,640,captures/mesh/m079/l00_top.jpg,0.0,0.0,99.0,1.0,0.0
mesh,79,,1,top,mesh/m079/l01_top.bmp,640,640,captures/mesh/m079/l01_top.jpg,0.0029735860880464315,0.004444303456693888,47.04392590250702,0.999238799478034,0.00013563368055555247
mesh,79,,2,top,mesh/m079/l02_top.bmp,640,640,captures/mesh/m079/l02_top.jpg,0.005235580261796713,0.007482574786990881,42.51897867541491,0.9992388822442101,8.138020833331483e-05
mesh,79,,3,top,mesh/m079/l03_top.bmp,640,640,captures/mesh/m079/l03_top.jpg,0.007910657674074173,0.011059634387493134,39.12518459646506,0.9988038277511961,0.000244140625
mesh,79,,4,top,mesh/m079/l04_top.bmp,640,640,captures/mesh/m079/l04_top.jpg,0.010701557621359825,0.01497254054993391,36.49409004096298,0.9988039578123301,0.00018988715277776236
mesh,79,,5,top,mesh/m079/l05_top.bmp,640,640,captures/mesh/m079/l05_top.jpg,0.014642427675426006,0.02025635540485382,33.86877383494042,0.9985866492715808,0.00018988715277776236
mesh,79,,6,top,mesh/m079/l06_top.bmp,640,640,captures/mesh/m079/l06_top.jpg,0.04264622554183006,0.055344708263874054,25.138477949784495,0.9980441160491145,5.4253472222209886e-05
submesh,79,0,0,hero,submesh/m079_s00/l00_hero.bmp,640,640,captures/submesh/m079_s00/l00_hero.jpg,0.0,0.0,99.0,1.0,0.0
submesh,79,0,1,hero,submesh/m079_s00/l01_hero.bmp,640,640,captures/submesh/m079_s00/l01_hero.jpg,0.002528000855818391,0.0037622100207954645,48.49113928296086,0.9992657856093979,2.712673611111882e-05
submesh,79,0,2,hero,submesh/m079_s00/l02_hero.bmp,640,640,captures/submesh/m079_s00/l02_hero.jpg,0.003885106649249792,0.0054123615846037865,45.33226394232885,0.9987766087594813,2.712673611111882e-05
submesh,79,0,3,hero,submesh/m079_s00/l03_hero.bmp,640,640,captures/submesh/m079_s00/l03_hero.jpg,0.005604067351669073,0.007754079066216946,42.20939549849091,0.9977989728539985,2.712673611111882e-05
submesh,79,0,4,hero,submesh/m079_s00/l04_hero.bmp,640,640,captures/submesh/m079_s00/l04_hero.jpg,0.007540715858340263,0.010470694862306118,39.600489929266075,0.9977989728539985,2.712673611111882e-05
submesh,79,0,5,hero,submesh/m079_s00/l05_hero.bmp,640,640,captures/submesh/m079_s00/l05_hero.jpg,0.010328139178454876,0.014283059164881706,36.90357529638059,0.9973118279569892,0.00013563368055555247
submesh,79,0,6,hero,submesh/m079_s00/l06_hero.bmp,640,640,captures/submesh/m079_s00/l06_hero.jpg,0.031130654737353325,0.04252785071730614,27.426531304196065,0.9914779644509374,0.00029839409722222376
mesh,80,,0,hero,mesh/m080/l00_hero.bmp,640,640,captures/mesh/m080/l00_hero.jpg,0.0,0.0,99.0,1.0,0.0
mesh,80,,1,hero,mesh/m080/l01_hero.bmp,640,640,captures/mesh/m080/l01_hero.jpg,0.002376899356022477,0.0035558624658733606,48.98110090154709,0.9980707395498393,5.4253472222223764e-05
mesh,80,,2,hero,mesh/m080/l02_hero.bmp,640,640,captures/mesh/m080/l02_hero.jpg,0.00352966389618814,0.005026969127357006,45.973875638822875,0.9980719794344473,5.4253472222223764e-05
mesh,80,,3,hero,mesh/m080/l03_hero.bmp,640,640,captures/mesh/m080/l03_hero.jpg,0.004926128778606653,0.006856602616608143,43.27782039822431,0.9983922829581994,2.7126736111104943e-05
mesh,80,,4,hero,mesh/m080/l04_hero.bmp,640,640,captures/mesh/m080/l04_hero.jpg,0.006630008574575186,0.009323904290795326,40.60804386260192,0.9971088981689689,2.712673611111882e-05
mesh,80,,5,hero,mesh/m080/l05_hero.bmp,640,640,captures/mesh/m080/l05_hero.jpg,0.009384713135659695,0.013433756306767464,37.43605068451919,0.9977506426735219,2.712673611111882e-05
mesh,80,,6,hero,mesh/m080/l06_hero.bmp,640,640,captures/mesh/m080/l06_hero.jpg,0.0286334790289402,0.03969128802418709,28.026096150997247,0.9806041335453101,0.00035264756944444753
mesh,80,,0,side,mesh/m080/l00_side.bmp,640,640,captures/mesh/m080/l00_side.jpg,0.0,0.0,99.0,1.0,0.0
mesh,80,,1,side,mesh/m080/l01_side.bmp,640,640,captures/mesh/m080/l01_side.jpg,0.0023004275280982256,0.0035257216077297926,49.05503965468714,0.997248427672956,2.7126736111104943e-05
mesh,80,,2,side,mesh/m080/l02_side.bmp,640,640,captures/mesh/m080/l02_side.jpg,0.0037838073913007975,0.005728134419769049,44.83973598342096,0.9956744003145891,0.00013563368055555247
mesh,80,,3,side,mesh/m080/l03_side.bmp,640,640,captures/mesh/m080/l03_side.jpg,0.005195359233766794,0.007555645890533924,42.4345680859168,0.9952830188679245,0.00010850694444444753
mesh,80,,4,side,mesh/m080/l04_side.bmp,640,640,captures/mesh/m080/l04_side.jpg,0.006944283843040466,0.010038740932941437,39.96641506685757,0.993713163064833,0.0001627604166666713
mesh,80,,5,side,mesh/m080/l05_side.bmp,640,640,captures/mesh/m080/l05_side.jpg,0.009516915306448936,0.013633830472826958,37.30764220905948,0.9937156323644933,0.00010850694444444753
mesh,80,,6,side,mesh/m080/l06_side.bmp,640,640,captures/mesh/m080/l06_side.jpg,0.028718944638967514,0.04206627607345581,27.5213186459601,0.9863600935307872,0.0004611545138888812
mesh,80,,0,top,mesh/m080/l00_top.bmp,640,640,captures/mesh/m080/l00_top.jpg,0.0,0.0,99.0,1.0,0.0
mesh,80,,1,top,mesh/m080/l01_top.bmp,640,640,captures/mesh/m080/l01_top.jpg,0.002711932873353362,0.004138081334531307,47.66401954942795,0.9994414031951737,2.71267361111327e-05
mesh,80,,2,top,mesh/m080/l02_top.bmp,640,640,captures/mesh/m080/l02_top.jpg,0.004897507838904858,0.0070771342143416405,43.00285136274222,0.9989948626312263,8.138020833334259e-05
mesh,80,,3,top,mesh/m080/l03_top.bmp,640,640,captures/mesh/m080/l03_top.jpg,0.007247858680784702,0.010256885550916195,39.7796898086236,0.998324958123953,2.7126736111104943e-05
mesh,80,,4,top,mesh/m080/l04_top.bmp,640,640,captures/mesh/m080/l04_top.jpg,0.009888950735330582,0.013770142570137978,37.22123126442772,0.998324958123953,2.7126736111104943e-05
mesh,80,,5,top,mesh/m080/l05_top.bmp,640,640,captures/mesh/m080/l05_top.jpg,0.013447130098938942,0.018689436838030815,34.568075697217886,0.9983245839383447,0.00013563368055555247
mesh,80,,6,top,mesh/m080/l06_top.bmp,640,640,captures/mesh/m080/l06_top.jpg,0.036673806607723236,0.04914291203022003,26.17078224764182,0.9984376743667002,0.0003255208333333426
submesh,80,0,0,hero,submesh/m080_s00/l00_hero.bmp,640,640,captures/submesh/m080_s00/l00_hero.jpg,0.0,0.0,99.0,1.0,0.0
submesh,80,0,1,hero,submesh/m080_s00/l01_hero.bmp,640,640,captures/submesh/m080_s00/l01_hero.jpg,0.002376899356022477,0.0035558624658733606,48.98110090154709,0.9980707395498393,5.4253472222223764e-05
submesh,80,0,2,hero,submesh/m080_s00/l02_hero.bmp,640,640,captures/submesh/m080_s00/l02_hero.jpg,0.00352966389618814,0.005026969127357006,45.973875638822875,0.9980719794344473,5.4253472222223764e-05
submesh,80,0,3,hero,submesh/m080_s00/l03_hero.bmp,640,640,captures/submesh/m080_s00/l03_hero.jpg,0.004926128778606653,0.006856602616608143,43.27782039822431,0.9983922829581994,2.7126736111104943e-05
submesh,80,0,4,hero,submesh/m080_s00/l04_hero.bmp,640,640,captures/submesh/m080_s00/l04_hero.jpg,0.006630008574575186,0.009323904290795326,40.60804386260192,0.9971088981689689,2.712673611111882e-05
submesh,80,0,5,hero,submesh/m080_s00/l05_hero.bmp,640,640,captures/submesh/m080_s00/l05_hero.jpg,0.009384713135659695,0.013433756306767464,37.43605068451919,0.9977506426735219,2.712673611111882e-05
submesh,80,0,6,hero,submesh/m080_s00/l06_hero.bmp,640,640,captures/submesh/m080_s00/l06_hero.jpg,0.0286334790289402,0.03969128802418709,28.026096150997247,0.9806041335453101,0.00035264756944444753
mesh,81,,0,hero,mesh/m081/l00_hero.bmp,640,640,captures/mesh/m081/l00_hero.jpg,0.0,0.0,99.0,1.0,0.0
mesh,81,,1,hero,mesh/m081/l01_hero.bmp,640,640,captures/mesh/m081/l01_hero.jpg,0.0025973739102482796,0.003899448784068227,48.17993558745199,0.9996229260935143,0.0
mesh,81,,2,hero,mesh/m081/l02_hero.bmp,640,640,captures/mesh/m081/l02_hero.jpg,0.004366086795926094,0.0061031184159219265,44.288964071022,0.9994344957587182,2.71267361111327e-05
mesh,81,,3,hero,mesh/m081/l03_hero.bmp,640,640,captures/mesh/m081/l03_hero.jpg,0.00615113228559494,0.008574370294809341,41.335955297497264,0.9990576705616283,2.71267361111327e-05
mesh,81,,4,hero,mesh/m081/l04_hero.bmp,640,640,captures/mesh/m081/l04_hero.jpg,0.008439308032393456,0.011790759861469269,38.56916411351932,0.9992458521870287,5.4253472222209886e-05
mesh,81,,5,hero,mesh/m081/l05_hero.bmp,640,640,captures/mesh/m081/l05_hero.jpg,0.01204205583781004,0.016971737146377563,35.40547406174946,0.9988694177501414,5.425347222223764e-05
mesh,81,,6,hero,mesh/m081/l06_hero.bmp,640,640,captures/mesh/m081/l06_hero.jpg,0.03728080913424492,0.05044672265648842,25.94334086145947,0.995491264324629,0.0004340277777777901
mesh,81,,0,side,mesh/m081/l00_side.bmp,640,640,captures/mesh/m081/l00_side.jpg,0.0,0.0,99.0,1.0,0.0
mesh,81,,1,side,mesh/m081/l01_side.bmp,640,640,captures/mesh/m081/l01_side.jpg,0.00320818112231791,0.004813851322978735,46.35014654298561,0.9944794952681388,8.138020833332871e-05
mesh,81,,2,side,mesh/m081/l02_side.bmp,640,640,captures/mesh/m081/l02_side.jpg,0.005158822052180767,0.00761933671310544,42.36165667393293,0.99213217938631,0.0
mesh,81,,3,side,mesh/m081/l03_side.bmp,640,640,captures/mesh/m081/l03_side.jpg,0.006907962262630463,0.010275186039507389,39.76420612344168,0.9882075471698113,8.138020833332871e-05
mesh,81,,4,side,mesh/m081/l04_side.bmp,640,640,captures/mesh/m081/l04_side.jpg,0.009622680954635143,0.014227147214114666,36.93764349286805,0.9890023566378633,0.0
mesh,81,,5,side,mesh/m081/l05_side.bmp,640,640,captures/mesh/m081/l05_side.jpg,0.012548815459012985,0.018536508083343506,34.639441501961635,0.9819890368050117,2.7126736111111882e-05
mesh,81,,6,side,mesh/m081/l06_side.bmp,640,640,captures/mesh/m081/l06_side.jpg,0.03779216483235359,0.051226820796728134,25.810051923379397,0.8961748633879781,0.0027940538194444406
mesh,81,,0,top,mesh/m081/l00_top.bmp,640,640,captures/mesh/m081/l00_top.jpg,0.0,0.0,99.0,1.0,0.0
mesh,81,,1,top,mesh/m081/l01_top.bmp,640,640,captures/mesh/m081/l01_top.jpg,0.0030100999865680933,0.004468983970582485,46.995824061413806,0.9991378381291087,5.42534722222654e-05
mesh,81,,2,top,mesh/m081/l02_top.bmp,640,640,captures/mesh/m081/l02_top.jpg,0.005388020537793636,0.007603214122354984,42.38005557406663,0.9978455240762685,5.4253472222209886e-05
mesh,81,,3,top,mesh/m081/l03_top.bmp,640,640,captures/mesh/m081/l03_top.jpg,0.007854685187339783,0.01097625121474266,39.19091923550158,0.9984917043740573,5.42534722222654e-05
mesh,81,,4,top,mesh/m081/l04_top.bmp,640,640,captures/mesh/m081/l04_top.jpg,0.010478640906512737,0.014563454315066338,36.734712044357316,0.9984917043740573,5.42534722222654e-05
mesh,81,,5,top,mesh/m081/l05_top.bmp,640,640,captures/mesh/m081/l05_top.jpg,0.014382746070623398,0.01982070505619049,34.05761801965176,0.9981688927186557,8.138020833337034e-05
mesh,81,,6,top,mesh/m081/l06_top.bmp,640,640,captures/mesh/m081/l06_top.jpg,0.042132895439863205,0.055267591029405594,25.150589295459305,0.9977382875605816,2.7126736111160454e-05
submesh,81,0,0,hero,submesh/m081_s00/l00_hero.bmp,640,640,captures/submesh/m081_s00/l00_hero.jpg,0.0,0.0,99.0,1.0,0.0
submesh,81,0,1,hero,submesh/m081_s00/l01_hero.bmp,640,640,captures/submesh/m081_s00/l01_hero.jpg,0.0025973739102482796,0.003899448784068227,48.17993558745199,0.9996229260935143,0.0
submesh,81,0,2,hero,submesh/m081_s00/l02_hero.bmp,640,640,captures/submesh/m081_s00/l02_hero.jpg,0.004366086795926094,0.0061031184159219265,44.288964071022,0.9994344957587182,2.71267361111327e-05
submesh,81,0,3,hero,submesh/m081_s00/l03_hero.bmp,640,640,captures/submesh/m081_s00/l03_hero.jpg,0.00615113228559494,0.008574370294809341,41.335955297497264,0.9990576705616283,2.71267361111327e-05
submesh,81,0,4,hero,submesh/m081_s00/l04_hero.bmp,640,640,captures/submesh/m081_s00/l04_hero.jpg,0.008439308032393456,0.011790759861469269,38.56916411351932,0.9992458521870287,5.4253472222209886e-05
submesh,81,0,5,hero,submesh/m081_s00/l05_hero.bmp,640,640,captures/submesh/m081_s00/l05_hero.jpg,0.01204205583781004,0.016971737146377563,35.40547406174946,0.9988694177501414,5.425347222223764e-05
submesh,81,0,6,hero,submesh/m081_s00/l06_hero.bmp,640,640,captures/submesh/m081_s00/l06_hero.jpg,0.03728080913424492,0.05044672265648842,25.94334086145947,0.995491264324629,0.0004340277777777901
mesh,82,,0,hero,mesh/m082/l00_hero.bmp,640,640,captures/mesh/m082/l00_hero.jpg,0.0,0.0,99.0,1.0,0.0
mesh,82,,1,hero,mesh/m082/l01_hero.bmp,640,640,captures/mesh/m082/l01_hero.jpg,0.0026943052653223276,0.003951596561819315,48.064548022171174,0.9989565943238731,8.138020833334259e-05
mesh,82,,2,hero,mesh/m082/l02_hero.bmp,640,640,captures/mesh/m082/l02_hero.jpg,0.004883555229753256,0.00687932875007391,43.24907871889717,0.9983312473925741,5.425347222223764e-05
mesh,82,,3,hero,mesh/m082/l03_hero.bmp,640,640,captures/mesh/m082/l03_hero.jpg,0.006998672150075436,0.009826119989156723,40.15235873785158,0.9981226533166458,8.138020833334259e-05
mesh,82,,4,hero,mesh/m082/l04_hero.bmp,640,640,captures/mesh/m082/l04_hero.jpg,0.00958387553691864,0.013546719215810299,37.36331741533439,0.9977054651647893,0.00013563368055555247
mesh,82,,5,hero,mesh/m082/l05_hero.bmp,640,640,captures/mesh/m082/l05_hero.jpg,0.01289364229887724,0.01836610771715641,34.719657457519226,0.9979149291075896,0.0
mesh,82,,6,hero,mesh/m082/l06_hero.bmp,640,640,captures/mesh/m082/l06_hero.jpg,0.03605500981211662,0.048451852053403854,26.293792351128896,0.9964583333333333,2.7126736111104943e-05
mesh,82,,0,side,mesh/m082/l00_side.bmp,640,640,captures/mesh/m082/l00_side.jpg,0.0,0.0,99.0,1.0,0.0
mesh,82,,1,side,mesh/m082/l01_side.bmp,640,640,captures/mesh/m082/l01_side.jpg,0.003151595825329423,0.00491805374622345,46.16413458896627,0.9956464954288202,0.0
mesh,82,,2,side,mesh/m082/l02_side.bmp,640,640,captures/mesh/m082/l02_side.jpg,0.005765041336417198,0.008874330669641495,41.037287858287215,0.9943502824858758,0.0001356336805555594
mesh,82,,3,side,mesh/m082/l03_side.bmp,640,640,captures/mesh/m082/l03_side.jpg,0.008403279818594456,0.01293293945491314,37.76605511111103,0.9926119078661452,2.7126736111111882e-05
mesh,82,,4,side,mesh/m082/l04_side.bmp,640,640,captures/mesh/m082/l04_side.jpg,0.01159875001758337,0.017620833590626717,35.079471004465724,0.9943478260869565,8.138020833333565e-05
mesh,82,,5,side,mesh/m082/l05_side.bmp,640,640,captures/mesh/m082/l05_side.jpg,0.015977580100297928,0.023698167875409126,32.50570456701866,0.9913119026933102,0.0
mesh,82,,6,side,mesh/m082/l06_side.bmp,640,640,captures/mesh/m082/l06_side.jpg,0.03490786626935005,0.04788075387477875,26.39678040629876,0.9746236559139785,0.00018988715277778317
mesh,82,,0,top,mesh/m082/l00_top.bmp,640,640,captures/mesh/m082/l00_top.jpg,0.0,0.0,99.0,1.0,0.0
mesh,82,,1,top,mesh/m082/l01_top.bmp,640,640,captures/mesh/m082/l01_top.jpg,0.0032439078204333782,0.004820722620934248,46.33775713247748,0.9991361624014685,5.42534722222654e-05
mesh,82,,2,top,mesh/m082/l02_top.bmp,640,640,captures/mesh/m082/l02_top.jpg,0.006171177141368389,0.008711636066436768,41.19800551545805,0.9989200863930886,5.4253472222209886e-05
mesh,82,,3,top,mesh/m082/l03_top.bmp,640,640,captures/mesh/m082/l03_top.jpg,0.009035148657858372,0.012683648616075516,37.93511596079753,0.9985962639023863,8.138020833331483e-05
mesh,82,,4,top,mesh/m082/l04_top.bmp,640,640,captures/mesh/m082/l04_top.jpg,0.012218221090734005,0.016972001641988754,35.40533869777539,0.9987042436022028,5.4253472222209886e-05
mesh,82,,5,top,mesh/m082/l05_top.bmp,640,640,captures/mesh/m082/l05_top.jpg,0.01646573096513748,0.022827329114079475,32.83089799347502,0.9988119667350686,0.00013563368055552472
mesh,82,,6,top,mesh/m082/l06_top.bmp,640,640,captures/mesh/m082/l06_top.jpg,0.040788378566503525,0.05423412099480629,25.314547886468397,0.9990281827016521,2.7126736111160454e-05
submesh,82,0,0,hero,submesh/m082_s00/l00_hero.bmp,640,640,captures/submesh/m082_s00/l00_hero.jpg,0.0,0.0,99.0,1.0,0.0
submesh,82,0,1,hero,submesh/m082_s00/l01_hero.bmp,640,640,captures/submesh/m082_s00/l01_hero.jpg,0.0026943052653223276,0.003951596561819315,48.064548022171174,0.9989565943238731,8.138020833334259e-05
submesh,82,0,2,hero,submesh/m082_s00/l02_hero.bmp,640,640,captures/submesh/m082_s00/l02_hero.jpg,0.004883555229753256,0.00687932875007391,43.24907871889717,0.9983312473925741,5.425347222223764e-05
submesh,82,0,3,hero,submesh/m082_s00/l03_hero.bmp,640,640,captures/submesh/m082_s00/l03_hero.jpg,0.006998672150075436,0.009826119989156723,40.15235873785158,0.9981226533166458,8.138020833334259e-05
submesh,82,0,4,hero,submesh/m082_s00/l04_hero.bmp,640,640,captures/submesh/m082_s00/l04_hero.jpg,0.00958387553691864,0.013546719215810299,37.36331741533439,0.9977054651647893,0.00013563368055555247
submesh,82,0,5,hero,submesh/m082_s00/l05_hero.bmp,640,640,captures/submesh/m082_s00/l05_hero.jpg,0.01289364229887724,0.01836610771715641,34.719657457519226,0.9979149291075896,0.0
submesh,82,0,6,hero,submesh/m082_s00/l06_hero.bmp,640,640,captures/submesh/m082_s00/l06_hero.jpg,0.03605500981211662,0.048451852053403854,26.293792351128896,0.9964583333333333,2.7126736111104943e-05
mesh,83,,0,hero,mesh/m083/l00_hero.bmp,640,640,captures/mesh/m083/l00_hero.jpg,0.0,0.0,99.0,1.0,0.0
mesh,83,,1,hero,mesh/m083/l01_hero.bmp,640,640,captures/mesh/m083/l01_hero.jpg,0.0023736038710922003,0.003609416773542762,48.85125935521113,0.999330207635633,2.7126736111104943e-05
mesh,83,,2,hero,mesh/m083/l02_hero.bmp,640,640,captures/mesh/m083/l02_hero.jpg,0.0035790912806987762,0.005012079607695341,45.999640793030075,0.9984378486944878,2.7126736111104943e-05
mesh,83,,3,hero,mesh/m083/l03_hero.bmp,640,640,captures/mesh/m083/l03_hero.jpg,0.005107722245156765,0.007037399802356958,43.05175551057253,0.998215082552432,5.4253472222223764e-05
mesh,83,,4,hero,mesh/m083/l04_hero.bmp,640,640,captures/mesh/m083/l04_hero.jpg,0.0069919913075864315,0.009680960327386856,40.2816311922653,0.9979924157929958,8.138020833332871e-05
mesh,83,,5,hero,mesh/m083/l05_hero.bmp,640,640,captures/mesh/m083/l05_hero.jpg,0.009796924889087677,0.013842723332345486,37.175569220907384,0.9973238180196253,5.4253472222223764e-05
mesh,83,,6,hero,mesh/m083/l06_hero.bmp,640,640,captures/mesh/m083/l06_hero.jpg,0.03258684650063515,0.04289683699607849,27.351494587910253,0.99376253063043,0.00010850694444444753
mesh,83,,0,side,mesh/m083/l00_side.bmp,640,640,captures/mesh/m083/l00_side.jpg,0.0,0.0,99.0,1.0,0.0
mesh,83,,1,side,mesh/m083/l01_side.bmp,640,640,captures/mesh/m083/l01_side.jpg,0.0022445691283792257,0.0035616059321910143,48.96708267972624,0.9974785678265254,2.7126736111111882e-05
mesh,83,,2,side,mesh/m083/l02_side.bmp,640,640,captures/mesh/m083/l02_side.jpg,0.003752154763787985,0.005845044739544392,44.66424320565312,0.9979828542612204,5.4253472222223764e-05
mesh,83,,3,side,mesh/m083/l03_side.bmp,640,640,captures/mesh/m083/l03_side.jpg,0.005436854902654886,0.008370663039386272,41.544802804431036,0.9959697732997481,5.4253472222223764e-05
mesh,83,,4,side,mesh/m083/l04_side.bmp,640,640,captures/mesh/m083/l04_side.jpg,0.007055269088596106,0.01036815345287323,39.68597167383133,0.9959718026183283,0.00010850694444444753
mesh,83,,5,side,mesh/m083/l05_side.bmp,640,640,captures/mesh/m083/l05_side.jpg,0.009431378915905952,0.0135986702516675,37.33007114229828,0.9939577039274925,0.0
mesh,83,,6,side,mesh/m083/l06_side.bmp,640,640,captures/mesh/m083/l06_side.jpg,0.03152826055884361,0.0460529625415802,26.734848536671002,0.970970970970971,0.0005967881944444475
mesh,83,,0,top,mesh/m083/l00_top.bmp,640,640,captures/mesh/m083/l00_top.jpg,0.0,0.0,99.0,1.0,0.0
mesh,83,,1,top,mesh/m083/l01_top.bmp,640,640,captures/mesh/m083/l01_top.jpg,0.0025871838442981243,0.0038742844481021166,48.236169935084085,0.9992531740104555,2.7126736111104943e-05
mesh,83,,2,top,mesh/m083/l02_top.bmp,640,640,captures/mesh/m083/l02_top.jpg,0.004452923778444529,0.006298016291111708,44.01592440612425,0.9990397951563,2.7126736111104943e-05
mesh,83,,3,top,mesh/m083/l03_top.bmp,640,640,captures/mesh/m083/l03_top.jpg,0.006856610532850027,0.00949074886739254,40.45399036442606,0.9989334470989761,0.00010850694444441977
mesh,83,,4,top,mesh/m083/l04_top.bmp,640,640,captures/mesh/m083/l04_top.jpg,0.009164124727249146,0.01243212167173624,38.10909496265042,0.9986139247254505,0.00018988715277779011
mesh,83,,5,top,mesh/m083/l05_top.bmp,640,640,captures/mesh/m083/l05_top.jpg,0.012654983438551426,0.01722003147006035,35.27932118394105,0.9981872467477074,2.7126736111104943e-05
mesh,83,,6,top,mesh/m083/l06_top.bmp,640,640,captures/mesh/m083/l06_top.jpg,0.03651896491646767,0.04707955941557884,26.543352201312178,0.9969089746322746,8.138020833331483e-05
submesh,83,0,0,hero,submesh/m083_s00/l00_hero.bmp,640,640,captures/submesh/m083_s00/l00_hero.jpg,0.0,0.0,99.0,1.0,0.0
submesh,83,0,1,hero,submesh/m083_s00/l01_hero.bmp,640,640,captures/submesh/m083_s00/l01_hero.jpg,0.0023736038710922003,0.003609416773542762,48.85125935521113,0.999330207635633,2.7126736111104943e-05
submesh,83,0,2,hero,submesh/m083_s00/l02_hero.bmp,640,640,captures/submesh/m083_s00/l02_hero.jpg,0.0035790912806987762,0.005012079607695341,45.999640793030075,0.9984378486944878,2.7126736111104943e-05
submesh,83,0,3,hero,submesh/m083_s00/l03_hero.bmp,640,640,captures/submesh/m083_s00/l03_hero.jpg,0.005107722245156765,0.007037399802356958,43.05175551057253,0.998215082552432,5.4253472222223764e-05
submesh,83,0,4,hero,submesh/m083_s00/l04_hero.bmp,640,640,captures/submesh/m083_s00/l04_hero.jpg,0.0069919913075864315,0.009680960327386856,40.2816311922653,0.9979924157929958,8.138020833332871e-05
submesh,83,0,5,hero,submesh/m083_s00/l05_hero.bmp,640,640,captures/submesh/m083_s00/l05_hero.jpg,0.009796924889087677,0.013842723332345486,37.175569220907384,0.9973238180196253,5.4253472222223764e-05
submesh,83,0,6,hero,submesh/m083_s00/l06_hero.bmp,640,640,captures/submesh/m083_s00/l06_hero.jpg,0.03258684650063515,0.04289683699607849,27.351494587910253,0.99376253063043,0.00010850694444444753
mesh,84,,0,hero,mesh/m084/l00_hero.bmp,640,640,captures/mesh/m084/l00_hero.jpg,0.0,0.0,99.0,1.0,0.0
mesh,84,,1,hero,mesh/m084/l01_hero.bmp,640,640,captures/mesh/m084/l01_hero.jpg,0.0023626263719052076,0.003514470998197794,49.082800723570436,0.9987733071638861,8.138020833332871e-05
mesh,84,,2,hero,mesh/m084/l02_hero.bmp,640,640,captures/mesh/m084/l02_hero.jpg,0.0032158466055989265,0.004561038687825203,46.818724879067474,0.9990184049079754,0.00010850694444444753
mesh,84,,3,hero,mesh/m084/l03_hero.bmp,640,640,captures/mesh/m084/l03_hero.jpg,0.004259021487087011,0.005897369235754013,44.58683360170896,0.9982838931110566,2.712673611111882e-05
mesh,84,,4,hero,mesh/m084/l04_hero.bmp,640,640,captures/mesh/m084/l04_hero.jpg,0.005496735218912363,0.00749381585046649,42.50593966522039,0.9973025993133889,0.00013563368055555247
mesh,84,,5,hero,mesh/m084/l05_hero.bmp,640,640,captures/mesh/m084/l05_hero.jpg,0.007432214450091124,0.009990304708480835,40.00842530816566,0.9977914110429448,0.000244140625
mesh,84,,6,hero,mesh/m084/l06_hero.bmp,640,640,captures/mesh/m084/l06_hero.jpg,0.02395499311387539,0.03281670808792114,29.678099721572227,0.9933807305712185,0.0005154079861111049
mesh,84,,0,side,mesh/m084/l00_side.bmp,640,640,captures/mesh/m084/l00_side.jpg,0.0,0.0,99.0,1.0,0.0
mesh,84,,1,side,mesh/m084/l01_side.bmp,640,640,captures/mesh/m084/l01_side.jpg,0.0025166519917547703,0.0037763300351798534,48.45860114450301,0.9971894322653176,2.7126736111111882e-05
mesh,84,,2,side,mesh/m084/l02_side.bmp,640,640,captures/mesh/m084/l02_side.jpg,0.00347456568852067,0.005004298873245716,46.01313521408349,0.9971878515185602,2.7126736111111882e-05
mesh,84,,3,side,mesh/m084/l03_side.bmp,640,640,captures/mesh/m084/l03_side.jpg,0.00454393494874239,0.006496813148260117,43.74599247182359,0.9960652051714446,2.7126736111111882e-05
mesh,84,,4,side,mesh/m084/l04_side.bmp,640,640,captures/mesh/m084/l04_side.jpg,0.005779655650258064,0.008261648938059807,41.658665268531465,0.9927048260381593,2.7126736111111882e-05
mesh,84,,5,side,mesh/m084/l05_side.bmp,640,640,captures/mesh/m084/l05_side.jpg,0.007774993311613798,0.01113724336028099,39.064445809041615,0.9910313901345291,0.0
mesh,84,,6,side,mesh/m084/l06_side.bmp,640,640,captures/mesh/m084/l06_side.jpg,0.03164539858698845,0.04234074428677559,27.46483024007869,0.9860100727476218,8.138020833333565e-05
mesh,84,,0,top,mesh/m084/l00_top.bmp,640,640,captures/mesh/m084/l00_top.jpg,0.0,0.0,99.0,1.0,0.0
mesh,84,,1,top,mesh/m084/l01_top.bmp,640,640,captures/mesh/m084/l01_top.jpg,0.0024426737800240517,0.0036355946213006973,48.78849095535486,0.9993524015110632,5.4253472222209886e-05
mesh,84,,2,top,mesh/m084/l02_top.bmp,640,640,captures/mesh/m084/l02_top.jpg,0.004103534389287233,0.005806193687021732,44.7221696153445,0.999244631488076,2.7126736111104943e-05
mesh,84,,3,top,mesh/m084/l03_top.bmp,640,640,captures/mesh/m084/l03_top.jpg,0.005943642929196358,0.008345840498805046,41.57059839093037,0.9989209021258229,5.4253472222209886e-05
mesh,84,,4,top,mesh/m084/l04_top.bmp,640,640,captures/mesh/m084/l04_top.jpg,0.00809027161449194,0.011195617727935314,39.019038776969566,0.9989209021258229,5.4253472222209886e-05
mesh,84,,5,top,mesh/m084/l05_top.bmp,640,640,captures/mesh/m084/l05_top.jpg,0.011251927353441715,0.0155508853495121,36.164897609962004,0.9987053619592189,0.0
mesh,84,,6,top,mesh/m084/l06_top.bmp,640,640,captures/mesh/m084/l06_top.jpg,0.032950259745121,0.0449230782687664,26.950609843699308,0.9984894259818731,0.00010850694444441977
submesh,84,0,0,hero,submesh/m084_s00/l00_hero.bmp,640,640,captures/submesh/m084_s00/l00_hero.jpg,0.0,0.0,99.0,1.0,0.0
submesh,84,0,1,hero,submesh/m084_s00/l01_hero.bmp,640,640,captures/submesh/m084_s00/l01_hero.jpg,0.0023626263719052076,0.003514470998197794,49.082800723570436,0.9987733071638861,8.138020833332871e-05
submesh,84,0,2,hero,submesh/m084_s00/l02_hero.bmp,640,640,captures/submesh/m084_s00/l02_hero.jpg,0.0032158466055989265,0.004561038687825203,46.818724879067474,0.9990184049079754,0.00010850694444444753
submesh,84,0,3,hero,submesh/m084_s00/l03_hero.bmp,640,640,captures/submesh/m084_s00/l03_hero.jpg,0.004259021487087011,0.005897369235754013,44.58683360170896,0.9982838931110566,2.712673611111882e-05
submesh,84,0,4,hero,submesh/m084_s00/l04_hero.bmp,640,640,captures/submesh/m084_s00/l04_hero.jpg,0.005496735218912363,0.00749381585046649,42.50593966522039,0.9973025993133889,0.00013563368055555247
submesh,84,0,5,hero,submesh/m084_s00/l05_hero.bmp,640,640,captures/submesh/m084_s00/l05_hero.jpg,0.007432214450091124,0.009990304708480835,40.00842530816566,0.9977914110429448,0.000244140625
submesh,84,0,6,hero,submesh/m084_s00/l06_hero.bmp,640,640,captures/submesh/m084_s00/l06_hero.jpg,0.02395499311387539,0.03281670808792114,29.678099721572227,0.9933807305712185,0.0005154079861111049
mesh,85,,0,hero,mesh/m085/l00_hero.bmp,640,640,captures/mesh/m085/l00_hero.jpg,0.0,0.0,99.0,1.0,0.0
mesh,85,,1,hero,mesh/m085/l01_hero.bmp,640,640,captures/mesh/m085/l01_hero.jpg,0.0026509787421673536,0.003907674457877874,48.16163247652804,0.999410551134689,5.4253472222223764e-05
mesh,85,,2,hero,mesh/m085/l02_hero.bmp,640,640,captures/mesh/m085/l02_hero.jpg,0.004077168181538582,0.005639378447085619,44.97537519648969,0.9994107248084856,0.0
mesh,85,,3,hero,mesh/m085/l03_hero.bmp,640,640,captures/mesh/m085/l03_hero.jpg,0.0057014403864741325,0.007945056073367596,41.998060667009455,0.9979387514723204,2.7126736111104943e-05
mesh,85,,4,hero,mesh/m085/l04_hero.bmp,640,640,captures/mesh/m085/l04_hero.jpg,0.007398685440421104,0.010356424376368523,39.69580323477244,0.996173093906388,0.00013563368055555247
mesh,85,,5,hero,mesh/m085/l05_hero.bmp,640,640,captures/mesh/m085/l05_hero.jpg,0.010311717167496681,0.014625434763729572,36.69782429953821,0.9958799293702177,0.00010850694444444753
mesh,85,,6,hero,mesh/m085/l06_hero.bmp,640,640,captures/mesh/m085/l06_hero.jpg,0.02863861620426178,0.04131677374243736,27.677471962099695,0.9558568955568378,0.00018988715277777624
mesh,85,,0,side,mesh/m085/l00_side.bmp,640,640,captures/mesh/m085/l00_side.jpg,0.0,0.0,99.0,1.0,0.0
mesh,85,,1,side,mesh/m085/l01_side.bmp,640,640,captures/mesh/m085/l01_side.jpg,0.0029751535039395094,0.004502484574913979,46.93095532715344,0.998109640831758,2.712673611111882e-05
mesh,85,,2,side,mesh/m085/l02_side.bmp,640,640,captures/mesh/m085/l02_side.jpg,0.004731839057058096,0.0073139299638569355,42.71698405320558,0.9939599848999623,0.00010850694444444753
mesh,85,,3,side,mesh/m085/l03_side.bmp,640,640,captures/mesh/m085/l03_side.jpg,0.006938615348190069,0.010395619086921215,39.66299284328767,0.9939599848999623,0.00010850694444444753
mesh,85,,4,side,mesh/m085/l04_side.bmp,640,640,captures/mesh/m085/l04_side.jpg,0.009341430850327015,0.014468093402683735,36.79177392392137,0.9902034664657121,0.00010850694444444753
mesh,85,,5,side,mesh/m085/l05_side.bmp,640,640,captures/mesh/m085/l05_side.jpg,0.012445350177586079,0.01853146404027939,34.64180537563181,0.989089541008277,2.7126736111104943e-05
mesh,85,,6,side,mesh/m085/l06_side.bmp,640,640,captures/mesh/m085/l06_side.jpg,0.032691411674022675,0.046966321766376495,26.564269017376944,0.973948641607741,0.00048828125
mesh,85,,0,top,mesh/m085/l00_top.bmp,640,640,captures/mesh/m085/l00_top.jpg,0.0,0.0,99.0,1.0,0.0
mesh,85,,1,top,mesh/m085/l01_top.bmp,640,640,captures/mesh/m085/l01_top.jpg,0.0032591817434877157,0.004882744513452053,46.22671998616183,0.9981760145918832,5.425347222223764e-05
mesh,85,,2,top,mesh/m085/l02_top.bmp,640,640,captures/mesh/m085/l02_top.jpg,0.005810228176414967,0.008341002278029919,41.57563520387779,0.998062015503876,2.71267361111327e-05
mesh,85,,3,top,mesh/m085/l03_top.bmp,640,640,captures/mesh/m085/l03_top.jpg,0.008575264364480972,0.012062815017998219,38.3710266397329,0.9979480164158687,0.0
mesh,85,,4,top,mesh/m085/l04_top.bmp,640,640,captures/mesh/m085/l04_top.jpg,0.011687690392136574,0.016369208693504333,35.719446287571664,0.9973789173789174,2.71267361111327e-05
mesh,85,,5,top,mesh/m085/l05_top.bmp,640,640,captures/mesh/m085/l05_top.jpg,0.0163356252014637,0.02301100268959999,32.7612891363423,0.9965827543000342,5.425347222223764e-05
mesh,85,,6,top,mesh/m085/l06_top.bmp,640,640,captures/mesh/m085/l06_top.jpg,0.03508633375167847,0.048231687396764755,26.333350878384035,0.9955560619872379,0.00035264756944444753
submesh,85,0,0,hero,submesh/m085_s00/l00_hero.bmp,640,640,captures/submesh/m085_s00/l00_hero.jpg,0.0,0.0,99.0,1.0,0.0
submesh,85,0,1,hero,submesh/m085_s00/l01_hero.bmp,640,640,captures/submesh/m085_s00/l01_hero.jpg,0.0026509787421673536,0.003907674457877874,48.16163247652804,0.999410551134689,5.4253472222223764e-05
submesh,85,0,2,hero,submesh/m085_s00/l02_hero.bmp,640,640,captures/submesh/m085_s00/l02_hero.jpg,0.004077168181538582,0.005639378447085619,44.97537519648969,0.9994107248084856,0.0
submesh,85,0,3,hero,submesh/m085_s00/l03_hero.bmp,640,640,captures/submesh/m085_s00/l03_hero.jpg,0.0057014403864741325,0.007945056073367596,41.998060667009455,0.9979387514723204,2.7126736111104943e-05
submesh,85,0,4,hero,submesh/m085_s00/l04_hero.bmp,640,640,captures/submesh/m085_s00/l04_hero.jpg,0.007398685440421104,0.010356424376368523,39.69580323477244,0.996173093906388,0.00013563368055555247
submesh,85,0,5,hero,submesh/m085_s00/l05_hero.bmp,640,640,captures/submesh/m085_s00/l05_hero.jpg,0.010311717167496681,0.014625434763729572,36.69782429953821,0.9958799293702177,0.00010850694444444753
submesh,85,0,6,hero,submesh/m085_s00/l06_hero.bmp,640,640,captures/submesh/m085_s00/l06_hero.jpg,0.02863861620426178,0.04131677374243736,27.677471962099695,0.9558568955568378,0.00018988715277777624
mesh,86,,0,hero,mesh/m086/l00_hero.bmp,640,640,captures/mesh/m086/l00_hero.jpg,0.0,0.0,99.0,1.0,0.0
mesh,86,,1,hero,mesh/m086/l01_hero.bmp,640,640,captures/mesh/m086/l01_hero.jpg,0.0027341314125806093,0.004008922725915909,47.93944629844556,0.999208547685002,5.425347222223764e-05
mesh,86,,2,hero,mesh/m086/l02_hero.bmp,640,640,captures/mesh/m086/l02_hero.jpg,0.004817853216081858,0.006691123358905315,43.490019266114814,0.9992087042532146,0.0
mesh,86,,3,hero,mesh/m086/l03_hero.bmp,640,640,captures/mesh/m086/l03_hero.jpg,0.00713113509118557,0.009655985049903393,40.30406830632824,0.9986160537761961,8.138020833334259e-05
mesh,86,,4,hero,mesh/m086/l04_hero.bmp,640,640,captures/mesh/m086/l04_hero.jpg,0.009985087439417839,0.013634977862238884,37.30691125685304,0.998220640569395,2.7126736111104943e-05
mesh,86,,5,hero,mesh/m086/l05_hero.bmp,640,640,captures/mesh/m086/l05_hero.jpg,0.014587863348424435,0.02011924423277378,33.92776674637854,0.9978256572445148,2.7126736111104943e-05
mesh,86,,6,hero,mesh/m086/l06_hero.bmp,640,640,captures/mesh/m086/l06_hero.jpg,0.034993112087249756,0.04530855268239975,26.876396210438138,0.994277821625888,2.7126736111104943e-05
mesh,86,,0,side,mesh/m086/l00_side.bmp,640,640,captures/mesh/m086/l00_side.jpg,0.0,0.0,99.0,1.0,0.0
mesh,86,,1,side,mesh/m086/l01_side.bmp,640,640,captures/mesh/m086/l01_side.jpg,0.0032559046521782875,0.004906043875962496,46.185371442188284,0.9907670454545454,8.138020833333565e-05
mesh,86,,2,side,mesh/m086/l02_side.bmp,640,640,captures/mesh/m086/l02_side.jpg,0.0056657250970602036,0.008507340215146542,41.40412398147955,0.9900638750887154,0.00010850694444444753
mesh,86,,3,side,mesh/m086/l03_side.bmp,640,640,captures/mesh/m086/l03_side.jpg,0.008058221079409122,0.01223224587738514,38.24987595721497,0.9843971631205674,5.4253472222216825e-05
mesh,86,,4,side,mesh/m086/l04_side.bmp,640,640,captures/mesh/m086/l04_side.jpg,0.010569218546152115,0.015597051940858364,36.13914963138459,0.980225988700565,0.00010850694444444753
mesh,86,,5,side,mesh/m086/l05_side.bmp,640,640,captures/mesh/m086/l05_side.jpg,0.015355774201452732,0.023855719715356827,32.44814952912022,0.9801699716713881,0.00010850694444444059
mesh,86,,6,side,mesh/m086/l06_side.bmp,640,640,captures/mesh/m086/l06_side.jpg,0.04187703877687454,0.053113967180252075,25.495825182256915,0.8949550794747754,0.0015733506944444406
mesh,86,,0,top,mesh/m086/l00_top.bmp,640,640,captures/mesh/m086/l00_top.jpg,0.0,0.0,99.0,1.0,0.0
mesh,86,,1,top,mesh/m086/l01_top.bmp,640,640,captures/mesh/m086/l01_top.jpg,0.0031558708287775517,0.004582683090120554,46.77760349647755,0.9987112018043175,0.00010850694444441977
mesh,86,,2,top,mesh/m086/l02_top.bmp,640,640,captures/mesh/m086/l02_top.jpg,0.005633387714624405,0.007795217912644148,42.16343479504201,0.9978533862831384,0.00021701388888889506
mesh,86,,3,top,mesh/m086/l03_top.bmp,640,640,captures/mesh/m086/l03_top.jpg,0.008275501430034637,0.011290579102933407,38.94567564377085,0.9971033150949469,0.000244140625
mesh,86,,4,top,mesh/m086/l04_top.bmp,640,640,captures/mesh/m086/l04_top.jpg,0.011531639844179153,0.015579180791974068,36.14910765583525,0.9976384714469729,0.00010850694444441977
mesh,86,,5,top,mesh/m086/l05_top.bmp,640,640,captures/mesh/m086/l05_top.jpg,0.01668423041701317,0.02241417206823826,32.98954596829592,0.99721059972106,0.00027126736111110494
mesh,86,,6,top,mesh/m086/l06_top.bmp,640,640,captures/mesh/m086/l06_top.jpg,0.041939862072467804,0.054300110787153244,25.30398568660235,0.9971036258313667,0.0002983940972222099
submesh,86,0,0,hero,submesh/m086_s00/l00_hero.bmp,640,640,captures/submesh/m086_s00/l00_hero.jpg,0.0,0.0,99.0,1.0,0.0
submesh,86,0,1,hero,submesh/m086_s00/l01_hero.bmp,640,640,captures/submesh/m086_s00/l01_hero.jpg,0.0027341314125806093,0.004008922725915909,47.93944629844556,0.999208547685002,5.425347222223764e-05
submesh,86,0,2,hero,submesh/m086_s00/l02_hero.bmp,640,640,captures/submesh/m086_s00/l02_hero.jpg,0.004817853216081858,0.006691123358905315,43.490019266114814,0.9992087042532146,0.0
submesh,86,0,3,hero,submesh/m086_s00/l03_hero.bmp,640,640,captures/submesh/m086_s00/l03_hero.jpg,0.00713113509118557,0.009655985049903393,40.30406830632824,0.9986160537761961,8.138020833334259e-05
submesh,86,0,4,hero,submesh/m086_s00/l04_hero.bmp,640,640,captures/submesh/m086_s00/l04_hero.jpg,0.009985087439417839,0.013634977862238884,37.30691125685304,0.998220640569395,2.7126736111104943e-05
submesh,86,0,5,hero,submesh/m086_s00/l05_hero.bmp,640,640,captures/submesh/m086_s00/l05_hero.jpg,0.014587863348424435,0.02011924423277378,33.92776674637854,0.9978256572445148,2.7126736111104943e-05
submesh,86,0,6,hero,submesh/m086_s00/l06_hero.bmp,640,640,captures/submesh/m086_s00/l06_hero.jpg,0.034993112087249756,0.04530855268239975,26.876396210438138,0.994277821625888,2.7126736111104943e-05
mesh,87,,0,hero,mesh/m087/l00_hero.bmp,640,640,captures/mesh/m087/l00_hero.jpg,0.0,0.0,99.0,1.0,0.0
mesh,87,,1,hero,mesh/m087/l01_hero.bmp,640,640,captures/mesh/m087/l01_hero.jpg,0.002552370075136423,0.003734008641913533,48.55649362526951,1.0,0.0
mesh,87,,2,hero,mesh/m087/l02_hero.bmp,640,640,captures/mesh/m087/l02_hero.jpg,0.003955627791583538,0.005448014475405216,45.27523494341696,0.999131492096578,2.7126736111104943e-05
mesh,87,,3,hero,mesh/m087/l03_hero.bmp,640,640,captures/mesh/m087/l03_hero.jpg,0.00560983270406723,0.007655232213437557,42.32083261796896,0.9998262682418346,2.7126736111104943e-05
mesh,87,,4,hero,mesh/m087/l04_hero.bmp,640,640,captures/mesh/m087/l04_hero.jpg,0.007356007117778063,0.010211584158241749,39.81813758173903,0.9994788047255038,2.7126736111104943e-05
mesh,87,,5,hero,mesh/m087/l05_hero.bmp,640,640,captures/mesh/m087/l05_hero.jpg,0.010369643568992615,0.014482869766652584,36.782907491597214,0.9987840889352093,8.138020833334259e-05
mesh,87,,6,hero,mesh/m087/l06_hero.bmp,640,640,captures/mesh/m087/l06_hero.jpg,0.02511248178780079,0.033524613827466965,29.492724322363127,0.9980892826124718,0.00018988715277779011
mesh,87,,0,side,mesh/m087/l00_side.bmp,640,640,captures/mesh/m087/l00_side.jpg,0.0,0.0,99.0,1.0,0.0
mesh,87,,1,side,mesh/m087/l01_side.bmp,640,640,captures/mesh/m087/l01_side.jpg,0.0021922446321696043,0.0036093643866479397,48.851385422694484,0.9906396255850234,5.4253472222223764e-05
mesh,87,,2,side,mesh/m087/l02_side.bmp,640,640,captures/mesh/m087/l02_side.jpg,0.003374373074620962,0.005523678380995989,45.15543232751994,0.9813953488372092,0.0
mesh,87,,3,side,mesh/m087/l03_side.bmp,640,640,captures/mesh/m087/l03_side.jpg,0.004703438840806484,0.007871591486036777,42.07874905363697,0.9797507788161994,0.00018988715277777624
mesh,87,,4,side,mesh/m087/l04_side.bmp,640,640,captures/mesh/m087/l04_side.jpg,0.006340480409562588,0.011055818758904934,39.12818178842187,0.9735202492211839,0.00029839409722222376
mesh,87,,5,side,mesh/m087/l05_side.bmp,640,640,captures/mesh/m087/l05_side.jpg,0.009511975571513176,0.017017768695950508,35.38194767064783,0.964451313755796,0.00018988715277777624
mesh,87,,6,side,mesh/m087/l06_side.bmp,640,640,captures/mesh/m087/l06_side.jpg,0.029568707570433617,0.04861333221197128,26.264892181811966,0.8541033434650456,0.001573350694444444
mesh,87,,0,top,mesh/m087/l00_top.bmp,640,640,captures/mesh/m087/l00_top.jpg,0.0,0.0,99.0,1.0,0.0
mesh,87,,1,top,mesh/m087/l01_top.bmp,640,640,captures/mesh/m087/l01_top.jpg,0.0029341327026486397,0.004314932972192764,47.300518923809314,0.9992262628495634,0.00013563368055555247
mesh,87,,2,top,mesh/m087/l02_top.bmp,640,640,captures/mesh/m087/l02_top.jpg,0.004906112793833017,0.0067806304432451725,43.37459849642373,0.9985636946193791,8.138020833331483e-05
mesh,87,,3,top,mesh/m087/l03_top.bmp,640,640,captures/mesh/m087/l03_top.jpg,0.007102175150066614,0.009601625613868237,40.35310464053225,0.9981219619973487,0.00013563368055555247
mesh,87,,4,top,mesh/m087/l04_top.bmp,640,640,captures/mesh/m087/l04_top.jpg,0.009478098712861538,0.012909556739032269,37.781773387200204,0.9976813514408744,2.7126736111104943e-05
mesh,87,,5,top,mesh/m087/l05_top.bmp,640,640,captures/mesh/m087/l05_top.jpg,0.013070018030703068,0.017875416204333305,34.95487674926103,0.9977905435262925,0.00021701388888889506
mesh,87,,6,top,mesh/m087/l06_top.bmp,640,640,captures/mesh/m087/l06_top.jpg,0.03272359445691109,0.043090712279081345,27.312326541385143,0.9972409226354707,0.00013563368055555247
submesh,87,0,0,hero,submesh/m087_s00/l00_hero.bmp,640,640,captures/submesh/m087_s00/l00_hero.jpg,0.0,0.0,99.0,1.0,0.0
submesh,87,0,1,hero,submesh/m087_s00/l01_hero.bmp,640,640,captures/submesh/m087_s00/l01_hero.jpg,0.002552370075136423,0.003734008641913533,48.55649362526951,1.0,0.0
submesh,87,0,2,hero,submesh/m087_s00/l02_hero.bmp,640,640,captures/submesh/m087_s00/l02_hero.jpg,0.003955627791583538,0.005448014475405216,45.27523494341696,0.999131492096578,2.7126736111104943e-05
submesh,87,0,3,hero,submesh/m087_s00/l03_hero.bmp,640,640,captures/submesh/m087_s00/l03_hero.jpg,0.00560983270406723,0.007655232213437557,42.32083261796896,0.9998262682418346,2.7126736111104943e-05
submesh,87,0,4,hero,submesh/m087_s00/l04_hero.bmp,640,640,captures/submesh/m087_s00/l04_hero.jpg,0.007356007117778063,0.010211584158241749,39.81813758173903,0.9994788047255038,2.7126736111104943e-05
submesh,87,0,5,hero,submesh/m087_s00/l05_hero.bmp,640,640,captures/submesh/m087_s00/l05_hero.jpg,0.010369643568992615,0.014482869766652584,36.782907491597214,0.9987840889352093,8.138020833334259e-05
submesh,87,0,6,hero,submesh/m087_s00/l06_hero.bmp,640,640,captures/submesh/m087_s00/l06_hero.jpg,0.02511248178780079,0.033524613827466965,29.492724322363127,0.9980892826124718,0.00018988715277779011
mesh,88,,0,hero,mesh/m088/l00_hero.bmp,640,640,captures/mesh/m088/l00_hero.jpg,0.0,0.0,99.0,1.0,0.0
mesh,88,,1,hero,mesh/m088/l01_hero.bmp,640,640,captures/mesh/m088/l01_hero.jpg,0.002069278387352824,0.0031393514946103096,50.063201123886515,0.9992896045465309,2.7126736111104943e-05
mesh,88,,2,hero,mesh/m088/l02_hero.bmp,640,640,captures/mesh/m088/l02_hero.jpg,0.003280819859355688,0.004656566772609949,46.63868330240141,0.9990528060620412,5.4253472222209886e-05
mesh,88,,3,hero,mesh/m088/l03_hero.bmp,640,640,captures/mesh/m088/l03_hero.jpg,0.004476574715226889,0.006350215058773756,43.944231329570975,0.9995264030310206,0.0
mesh,88,,4,hero,mesh/m088/l04_hero.bmp,640,640,captures/mesh/m088/l04_hero.jpg,0.006091342307627201,0.008552435785531998,41.358203559096076,0.9995262908574135,5.4253472222209886e-05
mesh,88,,5,hero,mesh/m088/l05_hero.bmp,640,640,captures/mesh/m088/l05_hero.jpg,0.008571313694119453,0.01220672857016325,38.26801424656172,0.9978693181818182,0.00013563368055555247
mesh,88,,6,hero,mesh/m088/l06_hero.bmp,640,640,captures/mesh/m088/l06_hero.jpg,0.01855975016951561,0.025373920798301697,31.912248401325915,0.9919868017911855,0.00021701388888889506
mesh,88,,0,side,mesh/m088/l00_side.bmp,640,640,captures/mesh/m088/l00_side.jpg,0.0,0.0,99.0,1.0,0.0
mesh,88,,1,side,mesh/m088/l01_side.bmp,640,640,captures/mesh/m088/l01_side.jpg,0.0019982396624982357,0.0031979309860616922,49.9026182582997,0.9982091690544412,2.7126736111104943e-05
mesh,88,,2,side,mesh/m088/l02_side.bmp,640,640,captures/mesh/m088/l02_side.jpg,0.0035401296336203814,0.0053481450304389,45.435936481958386,0.9967776584317938,8.138020833332871e-05
mesh,88,,3,side,mesh/m088/l03_side.bmp,640,640,captures/mesh/m088/l03_side.jpg,0.004949080292135477,0.007411015219986439,42.60244589645299,0.9964221824686941,0.0
mesh,88,,4,side,mesh/m088/l04_side.bmp,640,640,captures/mesh/m088/l04_side.jpg,0.006859472021460533,0.010659635998308659,39.44515250398447,0.9957081545064378,0.0
mesh,88,,5,side,mesh/m088/l05_side.bmp,640,640,captures/mesh/m088/l05_side.jpg,0.00918774213641882,0.014632048085331917,36.6938976061276,0.9946332737030411,0.00013563368055555247
mesh,88,,6,side,mesh/m088/l06_side.bmp,640,640,captures/mesh/m088/l06_side.jpg,0.02265048772096634,0.03807112202048302,28.388086472053242,0.9939329050678087,0.00018988715277777624
mesh,88,,0,top,mesh/m088/l00_top.bmp,640,640,captures/mesh/m088/l00_top.jpg,0.0,0.0,99.0,1.0,0.0
mesh,88,,1,top,mesh/m088/l01_top.bmp,640,640,captures/mesh/m088/l01_top.jpg,0.0024525029584765434,0.0036435858346521854,48.76941990043322,0.9994386437633322,8.138020833334259e-05
mesh,88,,2,top,mesh/m088/l02_top.bmp,640,640,captures/mesh/m088/l02_top.jpg,0.004371332004666328,0.006083396263420582,44.31707786632987,0.9986533497923914,0.00010850694444444753
mesh,88,,3,top,mesh/m088/l03_top.bmp,640,640,captures/mesh/m088/l03_top.jpg,0.006384119391441345,0.008842747658491135,41.06825536148296,0.9982044663898553,0.0
mesh,88,,4,top,mesh/m088/l04_top.bmp,640,640,captures/mesh/m088/l04_top.jpg,0.008836735971271992,0.012180776335299015,38.28650062586591,0.9989896722047598,2.71267361111327e-05
mesh,88,,5,top,mesh/m088/l05_top.bmp,640,640,captures/mesh/m088/l05_top.jpg,0.012113915756344795,0.016838479787111282,35.473942401467305,0.9987652935234033,2.71267361111327e-05
mesh,88,,6,top,mesh/m088/l06_top.bmp,640,640,captures/mesh/m088/l06_top.jpg,0.02885516732931137,0.039418451488018036,28.08600881037463,0.9987651549169286,2.7126736111104943e-05
submesh,88,0,0,hero,submesh/m088_s00/l00_hero.bmp,640,640,captures/submesh/m088_s00/l00_hero.jpg,0.0,0.0,99.0,1.0,0.0
submesh,88,0,1,hero,submesh/m088_s00/l01_hero.bmp,640,640,captures/submesh/m088_s00/l01_hero.jpg,0.002069278387352824,0.0031393514946103096,50.063201123886515,0.9992896045465309,2.7126736111104943e-05
submesh,88,0,2,hero,submesh/m088_s00/l02_hero.bmp,640,640,captures/submesh/m088_s00/l02_hero.jpg,0.003280819859355688,0.004656566772609949,46.63868330240141,0.9990528060620412,5.4253472222209886e-05
submesh,88,0,3,hero,submesh/m088_s00/l03_hero.bmp,640,640,captures/submesh/m088_s00/l03_hero.jpg,0.004476574715226889,0.006350215058773756,43.944231329570975,0.9995264030310206,0.0
submesh,88,0,4,hero,submesh/m088_s00/l04_hero.bmp,640,640,captures/submesh/m088_s00/l04_hero.jpg,0.006091342307627201,0.008552435785531998,41.358203559096076,0.9995262908574135,5.4253472222209886e-05
submesh,88,0,5,hero,submesh/m088_s00/l05_hero.bmp,640,640,captures/submesh/m088_s00/l05_hero.jpg,0.008571313694119453,0.01220672857016325,38.26801424656172,0.9978693181818182,0.00013563368055555247
submesh,88,0,6,hero,submesh/m088_s00/l06_hero.bmp,640,640,captures/submesh/m088_s00/l06_hero.jpg,0.01855975016951561,0.025373920798301697,31.912248401325915,0.9919868017911855,0.00021701388888889506
mesh,89,,0,hero,mesh/m089/l00_hero.bmp,640,640,captures/mesh/m089/l00_hero.jpg,0.0,0.0,99.0,1.0,0.0
mesh,89,,1,hero,mesh/m089/l01_hero.bmp,640,640,captures/mesh/m089/l01_hero.jpg,0.0022672326304018497,0.0034492157865315676,49.245592697352585,0.9987628865979381,5.4253472222209886e-05
mesh,89,,2,hero,mesh/m089/l02_hero.bmp,640,640,captures/mesh/m089/l02_hero.jpg,0.00335703301243484,0.004751658067107201,46.46309638120841,0.9989692846835704,2.71267361111327e-05
mesh,89,,3,hero,mesh/m089/l03_hero.bmp,640,640,captures/mesh/m089/l03_hero.jpg,0.00463970098644495,0.006594456732273102,43.61641953804393,0.9987631416202845,0.0
mesh,89,,4,hero,mesh/m089/l04_hero.bmp,640,640,captures/mesh/m089/l04_hero.jpg,0.005954854656010866,0.008451945148408413,41.46086660206048,0.9989690721649485,2.7126736111104943e-05
mesh,89,,5,hero,mesh/m089/l05_hero.bmp,640,640,captures/mesh/m089/l05_hero.jpg,0.008204150013625622,0.011967355385422707,38.44003623734207,0.9987633965375103,5.425347222223764e-05
mesh,89,,6,hero,mesh/m089/l06_hero.bmp,640,640,captures/mesh/m089/l06_hero.jpg,0.028357097879052162,0.037311043590307236,28.563252071355286,0.998557593241294,8.138020833334259e-05
mesh,89,,0,side,mesh/m089/l00_side.bmp,640,640,captures/mesh/m089/l00_side.jpg,0.0,0.0,99.0,1.0,0.0
mesh,89,,1,side,mesh/m089/l01_side.bmp,640,640,captures/mesh/m089/l01_side.jpg,0.0024755029007792473,0.0037643732503056526,48.486146426938966,0.9958741619391439,5.4253472222223764e-05
mesh,89,,2,side,mesh/m089/l02_side.bmp,640,640,captures/mesh/m089/l02_side.jpg,0.0038326717913150787,0.005781193263828754,44.75965024055018,0.9927872230808862,0.00010850694444444753
mesh,89,,3,side,mesh/m089/l03_side.bmp,640,640,captures/mesh/m089/l03_side.jpg,0.004927150905132294,0.007536720018833876,42.45635236017122,0.9897225077081192,0.0
mesh,89,,4,side,mesh/m089/l04_side.bmp,640,640,captures/mesh/m089/l04_side.jpg,0.006414489354938269,0.009780541993677616,40.192741557946725,0.9887063655030801,5.4253472222223764e-05
mesh,89,,5,side,mesh/m089/l05_side.bmp,640,640,captures/mesh/m089/l05_side.jpg,0.008612426929175854,0.012978840619325638,37.73528201376022,0.9846074910210364,0.00010850694444444753
mesh,89,,6,side,mesh/m089/l06_side.bmp,640,640,captures/mesh/m089/l06_side.jpg,0.02329806424677372,0.030982226133346558,30.177747611010485,0.978005115089514,0.0001356336805555594
mesh,89,,0,top,mesh/m089/l00_top.bmp,640,640,captures/mesh/m089/l00_top.jpg,0.0,0.0,99.0,1.0,0.0
mesh,89,,1,top,mesh/m089/l01_top.bmp,640,640,captures/mesh/m089/l01_top.jpg,0.0023963244166225195,0.003634697524830699,48.79063449534364,0.9990193942035301,8.138020833334259e-05
mesh,89,,2,top,mesh/m089/l02_top.bmp,640,640,captures/mesh/m089/l02_top.jpg,0.004182123579084873,0.005922144278883934,44.5504203254259,0.998257270449842,0.00010850694444444753
mesh,89,,3,top,mesh/m089/l03_top.bmp,640,640,captures/mesh/m089/l03_top.jpg,0.006025745067745447,0.008409997448325157,41.50408271942457,0.9981481481481481,0.00018988715277779011
mesh,89,,4,top,mesh/m089/l04_top.bmp,640,640,captures/mesh/m089/l04_top.jpg,0.008035329170525074,0.011348815634846687,38.90098918367135,0.9981485515138314,8.138020833334259e-05
mesh,89,,5,top,mesh/m089/l05_top.bmp,640,640,captures/mesh/m089/l05_top.jpg,0.010775134898722172,0.015300298109650612,36.306002146896404,0.997605051164816,0.0
mesh,89,,6,top,mesh/m089/l06_top.bmp,640,640,captures/mesh/m089/l06_top.jpg,0.03691045194864273,0.04833510145545006,26.31474730970742,0.9973867595818815,0.00016276041666665741
submesh,89,0,0,hero,submesh/m089_s00/l00_hero.bmp,640,640,captures/submesh/m089_s00/l00_hero.jpg,0.0,0.0,99.0,1.0,0.0
submesh,89,0,1,hero,submesh/m089_s00/l01_hero.bmp,640,640,captures/submesh/m089_s00/l01_hero.jpg,0.0022672326304018497,0.0034492157865315676,49.245592697352585,0.9987628865979381,5.4253472222209886e-05
submesh,89,0,2,hero,submesh/m089_s00/l02_hero.bmp,640,640,captures/submesh/m089_s00/l02_hero.jpg,0.00335703301243484,0.004751658067107201,46.46309638120841,0.9989692846835704,2.71267361111327e-05
submesh,89,0,3,hero,submesh/m089_s00/l03_hero.bmp,640,640,captures/submesh/m089_s00/l03_hero.jpg,0.00463970098644495,0.006594456732273102,43.61641953804393,0.9987631416202845,0.0
submesh,89,0,4,hero,submesh/m089_s00/l04_hero.bmp,640,640,captures/submesh/m089_s00/l04_hero.jpg,0.005954854656010866,0.008451945148408413,41.46086660206048,0.9989690721649485,2.7126736111104943e-05
submesh,89,0,5,hero,submesh/m089_s00/l05_hero.bmp,640,640,captures/submesh/m089_s00/l05_hero.jpg,0.008204150013625622,0.011967355385422707,38.44003623734207,0.9987633965375103,5.425347222223764e-05
submesh,89,0,6,hero,submesh/m089_s00/l06_hero.bmp,640,640,captures/submesh/m089_s00/l06_hero.jpg,0.028357097879052162,0.037311043590307236,28.563252071355286,0.998557593241294,8.138020833334259e-05
mesh,90,,0,hero,mesh/m090/l00_hero.bmp,640,640,captures/mesh/m090/l00_hero.jpg,0.0,0.0,99.0,1.0,0.0
mesh,90,,1,hero,mesh/m090/l01_hero.bmp,640,640,captures/mesh/m090/l01_hero.jpg,0.0021238503977656364,0.0032875335309654474,49.66259617847563,0.9997738068310337,2.712673611111882e-05
mesh,90,,2,hero,mesh/m090/l02_hero.bmp,640,640,captures/mesh/m090/l02_hero.jpg,0.0032959026284515858,0.004688937216997147,46.578511645049154,0.9993217273343884,2.7126736111104943e-05
mesh,90,,3,hero,mesh/m090/l03_hero.bmp,640,640,captures/mesh/m090/l03_hero.jpg,0.004607229959219694,0.006476688198745251,43.77294020566872,0.9990956364458512,0.0
mesh,90,,4,hero,mesh/m090/l04_hero.bmp,640,640,captures/mesh/m090/l04_hero.jpg,0.006366601213812828,0.00901825726032257,40.89754759805426,0.998869545557314,2.712673611111882e-05
mesh,90,,5,hero,mesh/m090/l05_hero.bmp,640,640,captures/mesh/m090/l05_hero.jpg,0.008659355342388153,0.012357433326542377,38.16143448118,0.9984180790960452,2.7126736111104943e-05
mesh,90,,6,hero,mesh/m090/l06_hero.bmp,640,640,captures/mesh/m090/l06_hero.jpg,0.025509029626846313,0.03368937224149704,29.450141629349908,0.9916704187303017,0.00013563368055555247
mesh,90,,0,side,mesh/m090/l00_side.bmp,640,640,captures/mesh/m090/l00_side.jpg,0.0,0.0,99.0,1.0,0.0
mesh,90,,1,side,mesh/m090/l01_side.bmp,640,640,captures/mesh/m090/l01_side.jpg,0.002237289445474744,0.003667366225272417,48.71291437960831,0.9968847352024922,8.138020833333565e-05
mesh,90,,2,side,mesh/m090/l02_side.bmp,640,640,captures/mesh/m090/l02_side.jpg,0.003775963792577386,0.00588201405480504,44.60947884201598,0.9919103920348475,0.00018988715277777624
mesh,90,,3,side,mesh/m090/l03_side.bmp,640,640,captures/mesh/m090/l03_side.jpg,0.005746747367084026,0.008518178947269917,41.39306481284447,0.9962616822429906,0.00010850694444444753
mesh,90,,4,side,mesh/m090/l04_side.bmp,640,640,captures/mesh/m090/l04_side.jpg,0.007823615334928036,0.011356182396411896,38.89535281408412,0.9919103920348475,0.00018988715277777624
mesh,90,,5,side,mesh/m090/l05_side.bmp,640,640,captures/mesh/m090/l05_side.jpg,0.010940221138298512,0.015178129076957703,36.3756351638429,0.9851301115241635,0.00010850694444444753
mesh,90,,6,side,mesh/m090/l06_side.bmp,640,640,captures/mesh/m090/l06_side.jpg,0.041714251041412354,0.05704750865697861,24.875266341357776,0.862453531598513,0.0054796006944444475
mesh,90,,0,top,mesh/m090/l00_top.bmp,640,640,captures/mesh/m090/l00_top.jpg,0.0,0.0,99.0,1.0,0.0
mesh,90,,1,top,mesh/m090/l01_top.bmp,640,640,captures/mesh/m090/l01_top.jpg,0.0024140409659594297,0.0037304197903722525,48.56484587115135,0.998386749838675,8.138020833331483e-05
mesh,90,,2,top,mesh/m090/l02_top.bmp,640,640,captures/mesh/m090/l02_top.jpg,0.004384344443678856,0.006355966906994581,43.936367453166845,0.9989242685025818,0.00010850694444447528
mesh,90,,3,top,mesh/m090/l03_top.bmp,640,640,captures/mesh/m090/l03_top.jpg,0.006573336198925972,0.00942259281873703,40.51659151541959,0.9982795698924731,0.00016276041666668517
mesh,90,,4,top,mesh/m090/l04_top.bmp,640,640,captures/mesh/m090/l04_top.jpg,0.009057387709617615,0.012820826843380928,37.84167930611295,0.9981714531569323,2.7126736111104943e-05
mesh,90,,5,top,mesh/m090/l05_top.bmp,640,640,captures/mesh/m090/l05_top.jpg,0.0123146278783679,0.017184391617774963,35.29731677326451,0.9978492311001183,0.0
mesh,90,,6,top,mesh/m090/l06_top.bmp,640,640,captures/mesh/m090/l06_top.jpg,0.03265893831849098,0.04246455803513527,27.439467832573744,0.9977421782604021,8.138020833331483e-05
submesh,90,0,0,hero,submesh/m090_s00/l00_hero.bmp,640,640,captures/submesh/m090_s00/l00_hero.jpg,0.0,0.0,99.0,1.0,0.0
submesh,90,0,1,hero,submesh/m090_s00/l01_hero.bmp,640,640,captures/submesh/m090_s00/l01_hero.jpg,0.0021238503977656364,0.0032875335309654474,49.66259617847563,0.9997738068310337,2.712673611111882e-05
submesh,90,0,2,hero,submesh/m090_s00/l02_hero.bmp,640,640,captures/submesh/m090_s00/l02_hero.jpg,0.0032959026284515858,0.004688937216997147,46.578511645049154,0.9993217273343884,2.7126736111104943e-05
submesh,90,0,3,hero,submesh/m090_s00/l03_hero.bmp,640,640,captures/submesh/m090_s00/l03_hero.jpg,0.004607229959219694,0.006476688198745251,43.77294020566872,0.9990956364458512,0.0
submesh,90,0,4,hero,submesh/m090_s00/l04_hero.bmp,640,640,captures/submesh/m090_s00/l04_hero.jpg,0.006366601213812828,0.00901825726032257,40.89754759805426,0.998869545557314,2.712673611111882e-05
submesh,90,0,5,hero,submesh/m090_s00/l05_hero.bmp,640,640,captures/submesh/m090_s00/l05_hero.jpg,0.008659355342388153,0.012357433326542377,38.16143448118,0.9984180790960452,2.7126736111104943e-05
submesh,90,0,6,hero,submesh/m090_s00/l06_hero.bmp,640,640,captures/submesh/m090_s00/l06_hero.jpg,0.025509029626846313,0.03368937224149704,29.450141629349908,0.9916704187303017,0.00013563368055555247
mesh,91,,0,hero,mesh/m091/l00_hero.bmp,640,640,captures/mesh/m091/l00_hero.jpg,0.0,0.0,99.0,1.0,0.0
mesh,91,,1,hero,mesh/m091/l01_hero.bmp,640,640,captures/mesh/m091/l01_hero.jpg,0.0023896354250609875,0.0035068595316261053,49.101632591474186,0.998938710533298,0.00010850694444444753
mesh,91,,2,hero,mesh/m091/l02_hero.bmp,640,640,captures/mesh/m091/l02_hero.jpg,0.0034071621485054493,0.004790861159563065,46.391728298593044,0.9994689325544344,0.0
mesh,91,,3,hero,mesh/m091/l03_hero.bmp,640,640,captures/mesh/m091/l03_hero.jpg,0.004770010244101286,0.006646234076470137,43.548487343815026,0.9989381470666313,0.0
mesh,91,,4,hero,mesh/m091/l04_hero.bmp,640,640,captures/mesh/m091/l04_hero.jpg,0.00620819628238678,0.008641636930406094,41.268079681656374,0.9984080657999469,5.4253472222223764e-05
mesh,91,,5,hero,mesh/m091/l05_hero.bmp,640,640,captures/mesh/m091/l05_hero.jpg,0.008347423747181892,0.011565501801669598,38.736710388056075,0.9970814539665693,8.138020833332871e-05
mesh,91,,6,hero,mesh/m091/l06_hero.bmp,640,640,captures/mesh/m091/l06_hero.jpg,0.022771796211600304,0.030506480485200882,30.31215787535524,0.9824933687002653,0.0015190972222222238
mesh,91,,0,side,mesh/m091/l00_side.bmp,640,640,captures/mesh/m091/l00_side.jpg,0.0,0.0,99.0,1.0,0.0
mesh,91,,1,side,mesh/m091/l01_side.bmp,640,640,captures/mesh/m091/l01_side.jpg,0.0020941600669175386,0.003378337249159813,49.42593996600305,0.9991869918699187,5.4253472222223764e-05
mesh,91,,2,side,mesh/m091/l02_side.bmp,640,640,captures/mesh/m091/l02_side.jpg,0.00336969131603837,0.005241225939244032,45.611342365757615,0.9979683055668428,8.138020833332871e-05
mesh,91,,3,side,mesh/m091/l03_side.bmp,640,640,captures/mesh/m091/l03_side.jpg,0.005169823300093412,0.007774209603667259,42.186875087089845,0.9967506092607636,0.00010850694444443365
mesh,91,,4,side,mesh/m091/l04_side.bmp,640,640,captures/mesh/m091/l04_side.jpg,0.006884179078042507,0.010259024798870087,39.77787840748307,0.9931174089068826,8.138020833334259e-05
mesh,91,,5,side,mesh/m091/l05_side.bmp,640,640,captures/mesh/m091/l05_side.jpg,0.009675323963165283,0.0140001829713583,37.077325767960964,0.9947261663286004,8.138020833332871e-05
mesh,91,,6,side,mesh/m091/l06_side.bmp,640,640,captures/mesh/m091/l06_side.jpg,0.0404287688434124,0.055981725454330444,25.039074399016936,0.9501582278481012,0.0002712673611111188
mesh,91,,0,top,mesh/m091/l00_top.bmp,640,640,captures/mesh/m091/l00_top.jpg,0.0,0.0,99.0,1.0,0.0
mesh,91,,1,top,mesh/m091/l01_top.bmp,640,640,captures/mesh/m091/l01_top.jpg,0.0026295180432498455,0.003886892693117261,48.207948978629254,0.9984846844896634,0.0
mesh,91,,2,top,mesh/m091/l02_top.bmp,640,640,captures/mesh/m091/l02_top.jpg,0.004394981078803539,0.006153859663754702,44.21704823766291,0.9984846844896634,0.0
mesh,91,,3,top,mesh/m091/l03_top.bmp,640,640,captures/mesh/m091/l03_top.jpg,0.0067934803664684296,0.009420938789844513,40.51811635829448,0.9983762719203291,8.138020833337034e-05
mesh,91,,4,top,mesh/m091/l04_top.bmp,640,640,captures/mesh/m091/l04_top.jpg,0.009283777326345444,0.012884471565485,37.798667771830864,0.9985926166504276,8.138020833337034e-05
mesh,91,,5,top,mesh/m091/l05_top.bmp,640,640,captures/mesh/m091/l05_top.jpg,0.012986334040760994,0.018003137782216072,34.89303589488942,0.9978362003678459,5.4253472222209886e-05
mesh,91,,6,top,mesh/m091/l06_top.bmp,640,640,captures/mesh/m091/l06_top.jpg,0.03629282861948013,0.047027479857206345,26.552965878378167,0.9978359662410734,0.0
submesh,91,0,0,hero,submesh/m091_s00/l00_hero.bmp,640,640,captures/submesh/m091_s00/l00_hero.jpg,0.0,0.0,99.0,1.0,0.0
submesh,91,0,1,hero,submesh/m091_s00/l01_hero.bmp,640,640,captures/submesh/m091_s00/l01_hero.jpg,0.0023896354250609875,0.0035068595316261053,49.101632591474186,0.998938710533298,0.00010850694444444753
submesh,91,0,2,hero,submesh/m091_s00/l02_hero.bmp,640,640,captures/submesh/m091_s00/l02_hero.jpg,0.0034071621485054493,0.004790861159563065,46.391728298593044,0.9994689325544344,0.0
submesh,91,0,3,hero,submesh/m091_s00/l03_hero.bmp,640,640,captures/submesh/m091_s00/l03_hero.jpg,0.004770010244101286,0.006646234076470137,43.548487343815026,0.9989381470666313,0.0
submesh,91,0,4,hero,submesh/m091_s00/l04_hero.bmp,640,640,captures/submesh/m091_s00/l04_hero.jpg,0.00620819628238678,0.008641636930406094,41.268079681656374,0.9984080657999469,5.4253472222223764e-05
submesh,91,0,5,hero,submesh/m091_s00/l05_hero.bmp,640,640,captures/submesh/m091_s00/l05_hero.jpg,0.008347423747181892,0.011565501801669598,38.736710388056075,0.9970814539665693,8.138020833332871e-05
submesh,91,0,6,hero,submesh/m091_s00/l06_hero.bmp,640,640,captures/submesh/m091_s00/l06_hero.jpg,0.022771796211600304,0.030506480485200882,30.31215787535524,0.9824933687002653,0.0015190972222222238
mesh,92,,0,hero,mesh/m092/l00_hero.bmp,640,640,captures/mesh/m092/l00_hero.jpg,0.0,0.0,99.0,1.0,0.0
mesh,92,,1,hero,mesh/m092/l01_hero.bmp,640,640,captures/mesh/m092/l01_hero.jpg,0.002511207014322281,0.0037451302632689476,48.530661441079175,0.9992107340173638,2.712673611111882e-05
mesh,92,,2,hero,mesh/m092/l02_hero.bmp,640,640,captures/mesh/m092/l02_hero.jpg,0.004089350812137127,0.00571971433237195,44.85251322474306,0.9984218832193582,5.4253472222223764e-05
mesh,92,,3,hero,mesh/m092/l03_hero.bmp,640,640,captures/mesh/m092/l03_hero.jpg,0.0058761644177138805,0.008198253810405731,41.72557280906476,0.9978958442924777,0.00010850694444444753
mesh,92,,4,hero,mesh/m092/l04_hero.bmp,640,640,captures/mesh/m092/l04_hero.jpg,0.008023889735341072,0.011152331717312336,39.052686426141264,0.9965825446898002,0.00013563368055555247
mesh,92,,5,hero,mesh/m092/l05_hero.bmp,640,640,captures/mesh/m092/l05_hero.jpg,0.011667774990200996,0.016402941197156906,35.70156544005981,0.9968445963712859,0.0001627604166666713
mesh,92,,6,hero,mesh/m092/l06_hero.bmp,640,640,captures/mesh/m092/l06_hero.jpg,0.03429741412401199,0.04596488177776337,26.75147705113085,0.9903318526260778,0.0004611545138888812
mesh,92,,0,side,mesh/m092/l00_side.bmp,640,640,captures/mesh/m092/l00_side.jpg,0.0,0.0,99.0,1.0,0.0
mesh,92,,1,side,mesh/m092/l01_side.bmp,640,640,captures/mesh/m092/l01_side.jpg,0.003076971275731921,0.004958698060363531,46.092646709798856,0.9975980784627703,5.4253472222223764e-05
mesh,92,,2,side,mesh/m092/l02_side.bmp,640,640,captures/mesh/m092/l02_side.jpg,0.005742745473980904,0.008932113647460938,40.980915196671255,0.9948,0.00013563368055555247
mesh,92,,3,side,mesh/m092/l03_side.bmp,640,640,captures/mesh/m092/l03_side.jpg,0.008389191702008247,0.013079984113574028,37.66785566976306,0.9928115015974441,5.4253472222223764e-05
mesh,92,,4,side,mesh/m092/l04_side.bmp,640,640,captures/mesh/m092/l04_side.jpg,0.011931559070944786,0.019033163785934448,34.409780303025556,0.9924212205823694,8.138020833334259e-05
mesh,92,,5,side,mesh/m092/l05_side.bmp,640,640,captures/mesh/m092/l05_side.jpg,0.016422089189291,0.02525857649743557,31.95182257421149,0.9888535031847133,0.00010850694444444753
mesh,92,,6,side,mesh/m092/l06_side.bmp,640,640,captures/mesh/m092/l06_side.jpg,0.045110803097486496,0.058752186596393585,24.619519309949574,0.899609375,0.0034993489583333287
mesh,92,,0,top,mesh/m092/l00_top.bmp,640,640,captures/mesh/m092/l00_top.jpg,0.0,0.0,99.0,1.0,0.0
mesh,92,,1,top,mesh/m092/l01_top.bmp,640,640,captures/mesh/m092/l01_top.jpg,0.0031126050744205713,0.004637094680219889,46.67508073173992,0.9994285714285714,2.7126736111104943e-05
mesh,92,,2,top,mesh/m092/l02_top.bmp,640,640,captures/mesh/m092/l02_top.jpg,0.0055396100506186485,0.007921651937067509,42.023684872393105,0.9990858187635698,5.4253472222209886e-05
mesh,92,,3,top,mesh/m092/l03_top.bmp,640,640,captures/mesh/m092/l03_top.jpg,0.00814174022525549,0.011538466438651085,38.75703817627341,0.9989715461090161,8.138020833334259e-05
mesh,92,,4,top,mesh/m092/l04_top.bmp,640,640,captures/mesh/m092/l04_top.jpg,0.011405863799154758,0.016175271943211555,35.82296818234336,0.9992,8.138020833334259e-05
mesh,92,,5,top,mesh/m092/l05_top.bmp,640,640,captures/mesh/m092/l05_top.jpg,0.01635749824345112,0.022958310320973396,32.78120156353046,0.9992,8.138020833334259e-05
mesh,92,,6,top,mesh/m092/l06_top.bmp,640,640,captures/mesh/m092/l06_top.jpg,0.03837558627128601,0.05037132278084755,25.956332883231028,0.9985149645876171,2.7126736111104943e-05
submesh,92,0,0,hero,submesh/m092_s00/l00_hero.bmp,640,640,captures/submesh/m092_s00/l00_hero.jpg,0.0,0.0,99.0,1.0,0.0
submesh,92,0,1,hero,submesh/m092_s00/l01_hero.bmp,640,640,captures/submesh/m092_s00/l01_hero.jpg,0.002511207014322281,0.0037451302632689476,48.530661441079175,0.9992107340173638,2.712673611111882e-05
submesh,92,0,2,hero,submesh/m092_s00/l02_hero.bmp,640,640,captures/submesh/m092_s00/l02_hero.jpg,0.004089350812137127,0.00571971433237195,44.85251322474306,0.9984218832193582,5.4253472222223764e-05
submesh,92,0,3,hero,submesh/m092_s00/l03_hero.bmp,640,640,captures/submesh/m092_s00/l03_hero.jpg,0.0058761644177138805,0.008198253810405731,41.72557280906476,0.9978958442924777,0.00010850694444444753
submesh,92,0,4,hero,submesh/m092_s00/l04_hero.bmp,640,640,captures/submesh/m092_s00/l04_hero.jpg,0.008023889735341072,0.011152331717312336,39.052686426141264,0.9965825446898002,0.00013563368055555247
submesh,92,0,5,hero,submesh/m092_s00/l05_hero.bmp,640,640,captures/submesh/m092_s00/l05_hero.jpg,0.011667774990200996,0.016402941197156906,35.70156544005981,0.9968445963712859,0.0001627604166666713
submesh,92,0,6,hero,submesh/m092_s00/l06_hero.bmp,640,640,captures/submesh/m092_s00/l06_hero.jpg,0.03429741412401199,0.04596488177776337,26.75147705113085,0.9903318526260778,0.0004611545138888812
mesh,93,,0,hero,mesh/m093/l00_hero.bmp,640,640,captures/mesh/m093/l00_hero.jpg,0.0,0.0,99.0,1.0,0.0
mesh,93,,1,hero,mesh/m093/l01_hero.bmp,640,640,captures/mesh/m093/l01_hero.jpg,0.0026408634148538113,0.003820961806923151,48.356546067092445,0.9982633863965268,0.00010850694444444753
mesh,93,,2,hero,mesh/m093/l02_hero.bmp,640,640,captures/mesh/m093/l02_hero.jpg,0.0038576649967581034,0.005333027336746454,45.460523802930844,0.998842927393694,5.4253472222223764e-05
mesh,93,,3,hero,mesh/m093/l03_hero.bmp,640,640,captures/mesh/m093/l03_hero.jpg,0.0052472809329628944,0.007127087097615004,42.94175867622186,0.996818970503181,8.138020833332871e-05
mesh,93,,4,hero,mesh/m093/l04_hero.bmp,640,640,captures/mesh/m093/l04_hero.jpg,0.006928558461368084,0.009550556540489197,40.39942639990434,0.9956597222222222,0.00029839409722222376
mesh,93,,5,hero,mesh/m093/l05_hero.bmp,640,640,captures/mesh/m093/l05_hero.jpg,0.00986289232969284,0.013361740857362747,37.48273910742954,0.9950838635049162,0.000244140625
mesh,93,,6,hero,mesh/m093/l06_hero.bmp,640,640,captures/mesh/m093/l06_hero.jpg,0.026092300191521645,0.034755151718854904,29.179616225942475,0.981311098332375,0.0004611545138888812
mesh,93,,0,side,mesh/m093/l00_side.bmp,640,640,captures/mesh/m093/l00_side.jpg,0.0,0.0,99.0,1.0,0.0
mesh,93,,1,side,mesh/m093/l01_side.bmp,640,640,captures/mesh/m093/l01_side.jpg,0.0030395195353776217,0.004723493475466967,46.51473360391415,0.9982130092923517,2.712673611111882e-05
mesh,93,,2,side,mesh/m093/l02_side.bmp,640,640,captures/mesh/m093/l02_side.jpg,0.00527874706313014,0.007847224362194538,42.10567860355628,0.9974982130092923,8.138020833334259e-05
mesh,93,,3,side,mesh/m093/l03_side.bmp,640,640,captures/mesh/m093/l03_side.jpg,0.0074689206667244434,0.011178006418049335,39.03271290724427,0.9974982130092923,8.138020833334259e-05
mesh,93,,4,side,mesh/m093/l04_side.bmp,640,640,captures/mesh/m093/l04_side.jpg,0.010062134824693203,0.015315844677388668,36.297180932273186,0.997139792634966,0.0001627604166666713
mesh,93,,5,side,mesh/m093/l05_side.bmp,640,640,captures/mesh/m093/l05_side.jpg,0.014155461452901363,0.021269937977194786,33.44467552982631,0.9946428571428572,0.00018988715277777624
mesh,93,,6,side,mesh/m093/l06_side.bmp,640,640,captures/mesh/m093/l06_side.jpg,0.034137457609176636,0.04576549306511879,26.789237086094264,0.9837513246202755,0.0006510416666666574
mesh,93,,0,top,mesh/m093/l00_top.bmp,640,640,captures/mesh/m093/l00_top.jpg,0.0,0.0,99.0,1.0,0.0
mesh,93,,1,top,mesh/m093/l01_top.bmp,640,640,captures/mesh/m093/l01_top.jpg,0.003315392881631851,0.005052726715803146,45.92948381171779,0.9991084364203723,5.4253472222209886e-05
mesh,93,,2,top,mesh/m093/l02_top.bmp,640,640,captures/mesh/m093/l02_top.jpg,0.005976764485239983,0.008671858347952366,41.23775649619928,0.9989968791796701,2.7126736111104943e-05
mesh,93,,3,top,mesh/m093/l03_top.bmp,640,640,captures/mesh/m093/l03_top.jpg,0.00881253182888031,0.012674251571297646,37.941553536227495,0.9988856697125028,5.4253472222209886e-05
mesh,93,,4,top,mesh/m093/l04_top.bmp,640,640,captures/mesh/m093/l04_top.jpg,0.012210533954203129,0.017499251291155815,35.13961064578897,0.9984401114206128,0.0
mesh,93,,5,top,mesh/m093/l05_top.bmp,640,640,captures/mesh/m093/l05_top.jpg,0.017014434561133385,0.02407182566821575,32.369819409651704,0.9984402852049911,5.4253472222209886e-05
mesh,93,,6,top,mesh/m093/l06_top.bmp,640,640,captures/mesh/m093/l06_top.jpg,0.036049239337444305,0.047888241708278656,26.39542216932144,0.9986628036550034,0.0
submesh,93,0,0,hero,submesh/m093_s00/l00_hero.bmp,640,640,captures/submesh/m093_s00/l00_hero.jpg,0.0,0.0,99.0,1.0,0.0
submesh,93,0,1,hero,submesh/m093_s00/l01_hero.bmp,640,640,captures/submesh/m093_s00/l01_hero.jpg,0.0026408634148538113,0.003820961806923151,48.356546067092445,0.9982633863965268,0.00010850694444444753
submesh,93,0,2,hero,submesh/m093_s00/l02_hero.bmp,640,640,captures/submesh/m093_s00/l02_hero.jpg,0.0038576649967581034,0.005333027336746454,45.460523802930844,0.998842927393694,5.4253472222223764e-05
submesh,93,0,3,hero,submesh/m093_s00/l03_hero.bmp,640,640,captures/submesh/m093_s00/l03_hero.jpg,0.0052472809329628944,0.007127087097615004,42.94175867622186,0.996818970503181,8.138020833332871e-05
submesh,93,0,4,hero,submesh/m093_s00/l04_hero.bmp,640,640,captures/submesh/m093_s00/l04_hero.jpg,0.006928558461368084,0.009550556540489197,40.39942639990434,0.9956597222222222,0.00029839409722222376
submesh,93,0,5,hero,submesh/m093_s00/l05_hero.bmp,640,640,captures/submesh/m093_s00/l05_hero.jpg,0.00986289232969284,0.013361740857362747,37.48273910742954,0.9950838635049162,0.000244140625
submesh,93,0,6,hero,submesh/m093_s00/l06_hero.bmp,640,640,captures/submesh/m093_s00/l06_hero.jpg,0.026092300191521645,0.034755151718854904,29.179616225942475,0.981311098332375,0.0004611545138888812
mesh,94,,0,hero,mesh/m094/l00_hero.bmp,640,640,captures/mesh/m094/l00_hero.jpg,0.0,0.0,99.0,1.0,0.0
mesh,94,,1,hero,mesh/m094/l01_hero.bmp,640,640,captures/mesh/m094/l01_hero.jpg,0.003017323324456811,0.00430874852463603,47.31297704582574,0.9991909385113269,2.712673611111882e-05
mesh,94,,2,hero,mesh/m094/l02_hero.bmp,640,640,captures/mesh/m094/l02_hero.jpg,0.004530792124569416,0.006225439254194498,44.116600004507504,0.9975754310344828,8.138020833332871e-05
mesh,94,,3,hero,mesh/m094/l03_hero.bmp,640,640,captures/mesh/m094/l03_hero.jpg,0.006504949647933245,0.00892054382711649,40.99217337454829,0.9978442468337375,5.4253472222223764e-05
mesh,94,,4,hero,mesh/m094/l04_hero.bmp,640,640,captures/mesh/m094/l04_hero.jpg,0.009345471858978271,0.012788415886461735,37.863664973408135,0.9981137159795204,8.138020833332871e-05
mesh,94,,5,hero,mesh/m094/l05_hero.bmp,640,640,captures/mesh/m094/l05_hero.jpg,0.012606827542185783,0.017176790162920952,35.30115979586188,0.9973067600323189,0.00010850694444444753
mesh,94,,6,hero,mesh/m094/l06_hero.bmp,640,640,captures/mesh/m094/l06_hero.jpg,0.03254469484090805,0.04277913272380829,27.375360485557387,0.9919289749798225,0.00021701388888888118
mesh,94,,0,side,mesh/m094/l00_side.bmp,640,640,captures/mesh/m094/l00_side.jpg,0.0,0.0,99.0,1.0,0.0
mesh,94,,1,side,mesh/m094/l01_side.bmp,640,640,captures/mesh/m094/l01_side.jpg,0.004785813391208649,0.007427696138620377,42.582917424492464,0.9988448209472468,8.138020833332871e-05
mesh,94,,2,side,mesh/m094/l02_side.bmp,640,640,captures/mesh/m094/l02_side.jpg,0.008771322667598724,0.013055697083473206,37.6839986983089,0.9950076804915514,2.712673611111882e-05
mesh,94,,3,side,mesh/m094/l03_side.bmp,640,640,captures/mesh/m094/l03_side.jpg,0.012991607189178467,0.01883818209171295,34.49922018970644,0.9950095969289827,8.138020833334259e-05
mesh,94,,4,side,mesh/m094/l04_side.bmp,640,640,captures/mesh/m094/l04_side.jpg,0.01867019571363926,0.027009261772036552,31.369745719222006,0.9923283467587265,0.0
mesh,94,,5,side,mesh/m094/l05_side.bmp,640,640,captures/mesh/m094/l05_side.jpg,0.026971492916345596,0.03818994015455246,28.36102044372401,0.987734764277501,0.00021701388888888118
mesh,94,,6,side,mesh/m094/l06_side.bmp,640,640,captures/mesh/m094/l06_side.jpg,0.050526197999715805,0.06424905359745026,23.842665304036764,0.9266895761741123,0.0040147569444444475
mesh,94,,0,top,mesh/m094/l00_top.bmp,640,640,captures/mesh/m094/l00_top.jpg,0.0,0.0,99.0,1.0,0.0
mesh,94,,1,top,mesh/m094/l01_top.bmp,640,640,captures/mesh/m094/l01_top.jpg,0.003721965244039893,0.005499682389199734,45.19324781230001,0.9985393258426967,2.7126736111104943e-05
mesh,94,,2,top,mesh/m094/l02_top.bmp,640,640,captures/mesh/m094/l02_top.jpg,0.006201953627169132,0.008696473203599453,41.21313673786318,0.9977528089887641,0.00016276041666665741
mesh,94,,3,top,mesh/m094/l03_top.bmp,640,640,captures/mesh/m094/l03_top.jpg,0.008957398124039173,0.01237503718584776,38.14906974754973,0.997865887902954,2.7126736111104943e-05
mesh,94,,4,top,mesh/m094/l04_top.bmp,640,640,captures/mesh/m094/l04_top.jpg,0.01253962516784668,0.01736215502023697,35.20792740886874,0.9978663672094329,0.00013563368055555247
mesh,94,,5,top,mesh/m094/l05_top.bmp,640,640,captures/mesh/m094/l05_top.jpg,0.01742459461092949,0.024052707478404045,32.37672060888054,0.9973048848961258,0.0
mesh,94,,6,top,mesh/m094/l06_top.bmp,640,640,captures/mesh/m094/l06_top.jpg,0.04435725882649422,0.05803563445806503,24.72610526792473,0.9977543229283629,0.00016276041666668517
submesh,94,0,0,hero,submesh/m094_s00/l00_hero.bmp,640,640,captures/submesh/m094_s00/l00_hero.jpg,0.0,0.0,99.0,1.0,0.0
submesh,94,0,1,hero,submesh/m094_s00/l01_hero.bmp,640,640,captures/submesh/m094_s00/l01_hero.jpg,0.003017323324456811,0.00430874852463603,47.31297704582574,0.9991909385113269,2.712673611111882e-05
submesh,94,0,2,hero,submesh/m094_s00/l02_hero.bmp,640,640,captures/submesh/m094_s00/l02_hero.jpg,0.004530792124569416,0.006225439254194498,44.116600004507504,0.9975754310344828,8.138020833332871e-05
submesh,94,0,3,hero,submesh/m094_s00/l03_hero.bmp,640,640,captures/submesh/m094_s00/l03_hero.jpg,0.006504949647933245,0.00892054382711649,40.99217337454829,0.9978442468337375,5.4253472222223764e-05
submesh,94,0,4,hero,submesh/m094_s00/l04_hero.bmp,640,640,captures/submesh/m094_s00/l04_hero.jpg,0.009345471858978271,0.012788415886461735,37.863664973408135,0.9981137159795204,8.138020833332871e-05
submesh,94,0,5,hero,submesh/m094_s00/l05_hero.bmp,640,640,captures/submesh/m094_s00/l05_hero.jpg,0.012606827542185783,0.017176790162920952,35.30115979586188,0.9973067600323189,0.00010850694444444753
submesh,94,0,6,hero,submesh/m094_s00/l06_hero.bmp,640,640,captures/submesh/m094_s00/l06_hero.jpg,0.03254469484090805,0.04277913272380829,27.375360485557387,0.9919289749798225,0.00021701388888888118
mesh,95,,0,hero,mesh/m095/l00_hero.bmp,640,640,captures/mesh/m095/l00_hero.jpg,0.0,0.0,99.0,1.0,0.0
mesh,95,,1,hero,mesh/m095/l01_hero.bmp,640,640,captures/mesh/m095/l01_hero.jpg,0.0027729112189263105,0.004023732151836157,47.90741873424719,0.9993571887722306,2.7126736111104943e-05
mesh,95,,2,hero,mesh/m095/l02_hero.bmp,640,640,captures/mesh/m095/l02_hero.jpg,0.00440238369628787,0.0061544133350253105,44.21626679130468,0.998286203941731,5.425347222223764e-05
mesh,95,,3,hero,mesh/m095/l03_hero.bmp,640,640,captures/mesh/m095/l03_hero.jpg,0.006242753937840462,0.008723379112780094,41.18630505877039,0.9972150814053128,0.00018988715277779011
mesh,95,,4,hero,mesh/m095/l04_hero.bmp,640,640,captures/mesh/m095/l04_hero.jpg,0.008492529392242432,0.011862353421747684,38.516582818617685,0.9978568366909558,0.00021701388888889506
mesh,95,,5,hero,mesh/m095/l05_hero.bmp,640,640,captures/mesh/m095/l05_hero.jpg,0.011579005047678947,0.01616126298904419,35.83049404976916,0.9980715663166917,0.00013563368055555247
mesh,95,,6,hero,mesh/m095/l06_hero.bmp,640,640,captures/mesh/m095/l06_hero.jpg,0.03712625429034233,0.04891251400113106,26.211600295502514,0.995079161317929,0.00013563368055555247
mesh,95,,0,side,mesh/m095/l00_side.bmp,640,640,captures/mesh/m095/l00_side.jpg,0.0,0.0,99.0,1.0,0.0
mesh,95,,1,side,mesh/m095/l01_side.bmp,640,640,captures/mesh/m095/l01_side.jpg,0.0021524399053305387,0.003577962750568986,48.92728370190479,0.9935553168635876,0.00010850694444444406
mesh,95,,2,side,mesh/m095/l02_side.bmp,640,640,captures/mesh/m095/l02_side.jpg,0.003226076951250434,0.005202506668865681,45.675747088257665,0.9871794871794872,0.0
mesh,95,,3,side,mesh/m095/l03_side.bmp,640,640,captures/mesh/m095/l03_side.jpg,0.004233003593981266,0.00676448130980134,43.39530997667776,0.9882478632478633,2.7126736111111882e-05
mesh,95,,4,side,mesh/m095/l04_side.bmp,640,640,captures/mesh/m095/l04_side.jpg,0.0055038826540112495,0.008511222898960114,41.40016071343357,0.9839743589743589,8.138020833333218e-05
mesh,95,,5,side,mesh/m095/l05_side.bmp,640,640,captures/mesh/m095/l05_side.jpg,0.008093390613794327,0.012739330530166626,37.897067883802826,0.9689839572192513,0.0005154079861111084
mesh,95,,6,side,mesh/m095/l06_side.bmp,640,640,captures/mesh/m095/l06_side.jpg,0.034900419414043427,0.05501752719283104,25.18997866447457,0.7470525187566989,0.006239149305555556
mesh,95,,0,top,mesh/m095/l00_top.bmp,640,640,captures/mesh/m095/l00_top.jpg,0.0,0.0,99.0,1.0,0.0
mesh,95,,1,top,mesh/m095/l01_top.bmp,640,640,captures/mesh/m095/l01_top.jpg,0.003435672027990222,0.005079445894807577,45.88367322657628,0.9991118019318308,5.425347222223764e-05
mesh,95,,2,top,mesh/m095/l02_top.bmp,640,640,captures/mesh/m095/l02_top.jpg,0.005748064257204533,0.00813427846878767,41.79361928090116,0.9983349983349983,0.00013563368055555247
mesh,95,,3,top,mesh/m095/l03_top.bmp,640,640,captures/mesh/m095/l03_top.jpg,0.008192533627152443,0.011426779441535473,38.841523104874945,0.9985569985569985,8.138020833334259e-05
mesh,95,,4,top,mesh/m095/l04_top.bmp,640,640,captures/mesh/m095/l04_top.jpg,0.010996120981872082,0.015129631385207176,36.40343305793762,0.9985569985569985,8.138020833334259e-05
mesh,95,,5,top,mesh/m095/l05_top.bmp,640,640,captures/mesh/m095/l05_top.jpg,0.014612139202654362,0.020063886418938637,33.95169878741002,0.9987788632326821,8.138020833334259e-05
mesh,95,,6,top,mesh/m095/l06_top.bmp,640,640,captures/mesh/m095/l06_top.jpg,0.0397719107568264,0.0505773164331913,25.920884349644517,0.9986678507992895,0.00010850694444444753
submesh,95,0,0,hero,submesh/m095_s00/l00_hero.bmp,640,640,captures/submesh/m095_s00/l00_hero.jpg,0.0,0.0,99.0,1.0,0.0
submesh,95,0,1,hero,submesh/m095_s00/l01_hero.bmp,640,640,captures/submesh/m095_s00/l01_hero.jpg,0.0027729112189263105,0.004023732151836157,47.90741873424719,0.9993571887722306,2.7126736111104943e-05
submesh,95,0,2,hero,submesh/m095_s00/l02_hero.bmp,640,640,captures/submesh/m095_s00/l02_hero.jpg,0.00440238369628787,0.0061544133350253105,44.21626679130468,0.998286203941731,5.425347222223764e-05
submesh,95,0,3,hero,submesh/m095_s00/l03_hero.bmp,640,640,captures/submesh/m095_s00/l03_hero.jpg,0.006242753937840462,0.008723379112780094,41.18630505877039,0.9972150814053128,0.00018988715277779011
submesh,95,0,4,hero,submesh/m095_s00/l04_hero.bmp,640,640,captures/submesh/m095_s00/l04_hero.jpg,0.008492529392242432,0.011862353421747684,38.516582818617685,0.9978568366909558,0.00021701388888889506
submesh,95,0,5,hero,submesh/m095_s00/l05_hero.bmp,640,640,captures/submesh/m095_s00/l05_hero.jpg,0.011579005047678947,0.01616126298904419,35.83049404976916,0.9980715663166917,0.00013563368055555247
submesh,95,0,6,hero,submesh/m095_s00/l06_hero.bmp,640,640,captures/submesh/m095_s00/l06_hero.jpg,0.03712625429034233,0.04891251400113106,26.211600295502514,0.995079161317929,0.00013563368055555247
mesh,96,,0,hero,mesh/m096/l00_hero.bmp,640,640,captures/mesh/m096/l00_hero.jpg,0.0,0.0,99.0,1.0,0.0
mesh,96,,1,hero,mesh/m096/l01_hero.bmp,640,640,captures/mesh/m096/l01_hero.jpg,0.0028390202205628157,0.004188077989965677,47.559704790597586,0.9990574929311969,8.138020833334259e-05
mesh,96,,2,hero,mesh/m096/l02_hero.bmp,640,640,captures/mesh/m096/l02_hero.jpg,0.004659273196011782,0.006529790349304676,43.70201524617311,0.9987445072190835,5.4253472222223764e-05
mesh,96,,3,hero,mesh/m096/l03_hero.bmp,640,640,captures/mesh/m096/l03_hero.jpg,0.006364855915307999,0.009225714951753616,40.699999359594955,0.9981167608286252,0.0
mesh,96,,4,hero,mesh/m096/l04_hero.bmp,640,640,captures/mesh/m096/l04_hero.jpg,0.008945719338953495,0.013037304393947124,37.69624388964638,0.9978042659974906,8.138020833332871e-05
mesh,96,,5,hero,mesh/m096/l05_hero.bmp,640,640,captures/mesh/m096/l05_hero.jpg,0.012015237472951412,0.017606189474463463,35.08669257319908,0.9978042659974906,8.138020833332871e-05
mesh,96,,6,hero,mesh/m096/l06_hero.bmp,640,640,captures/mesh/m096/l06_hero.jpg,0.03093436360359192,0.04147256910800934,27.64478120982965,0.9884194053208137,0.00035264756944444753
mesh,96,,0,side,mesh/m096/l00_side.bmp,640,640,captures/mesh/m096/l00_side.jpg,0.0,0.0,99.0,1.0,0.0
mesh,96,,1,side,mesh/m096/l01_side.bmp,640,640,captures/mesh/m096/l01_side.jpg,0.0026665821205824614,0.004702659789472818,46.553128776764574,0.9975715056664868,2.7126736111104943e-05
mesh,96,,2,side,mesh/m096/l02_side.bmp,640,640,captures/mesh/m096/l02_side.jpg,0.005802043713629246,0.009154990315437317,40.766842215567614,0.9978395895220091,0.00010850694444444753
mesh,96,,3,side,mesh/m096/l03_side.bmp,640,640,captures/mesh/m096/l03_side.jpg,0.008893400430679321,0.01355874352157116,37.35561108685912,0.9973038554866541,0.0001627604166666713
mesh,96,,4,side,mesh/m096/l04_side.bmp,640,640,captures/mesh/m096/l04_side.jpg,0.012308163568377495,0.018831638619303703,34.502237771351126,0.9962253976813157,5.4253472222223764e-05
mesh,96,,5,side,mesh/m096/l05_side.bmp,640,640,captures/mesh/m096/l05_side.jpg,0.01852414943277836,0.028145000338554382,31.011974835593573,0.9951534733441034,0.00021701388888888118
mesh,96,,6,side,mesh/m096/l06_side.bmp,640,640,captures/mesh/m096/l06_side.jpg,0.04409928619861603,0.05796895548701286,24.73609049778153,0.9767255216693419,0.00035264756944444753
mesh,96,,0,top,mesh/m096/l00_top.bmp,640,640,captures/mesh/m096/l00_top.jpg,0.0,0.0,99.0,1.0,0.0
mesh,96,,1,top,mesh/m096/l01_top.bmp,640,640,captures/mesh/m096/l01_top.jpg,0.003224175190553069,0.004919225350022316,46.16206563854918,0.9993242482261516,5.425347222223764e-05
mesh,96,,2,top,mesh/m096/l02_top.bmp,640,640,captures/mesh/m096/l02_top.jpg,0.0059993816539645195,0.00864828284829855,41.26140229819373,0.9994369369369369,2.7126736111104943e-05
mesh,96,,3,top,mesh/m096/l03_top.bmp,640,640,captures/mesh/m096/l03_top.jpg,0.008700708858668804,0.01232555415481329,38.18387091611844,0.9995494988174344,0.0
mesh,96,,4,top,mesh/m096/l04_top.bmp,640,640,captures/mesh/m096/l04_top.jpg,0.011924941092729568,0.016950109973549843,35.41654959434965,0.9987618190004502,8.138020833331483e-05
mesh,96,,5,top,mesh/m096/l05_top.bmp,640,640,captures/mesh/m096/l05_top.jpg,0.016328319907188416,0.023557275533676147,32.55749876760481,0.9986494091164885,0.00010850694444444753
mesh,96,,6,top,mesh/m096/l06_top.bmp,640,640,captures/mesh/m096/l06_top.jpg,0.04315197095274925,0.05531982332468033,25.14238431139877,0.99876154019365,2.71267361111327e-05
submesh,96,0,0,hero,submesh/m096_s00/l00_hero.bmp,640,640,captures/submesh/m096_s00/l00_hero.jpg,0.0,0.0,99.0,1.0,0.0
submesh,96,0,1,hero,submesh/m096_s00/l01_hero.bmp,640,640,captures/submesh/m096_s00/l01_hero.jpg,0.0028390202205628157,0.004188077989965677,47.559704790597586,0.9990574929311969,8.138020833334259e-05
submesh,96,0,2,hero,submesh/m096_s00/l02_hero.bmp,640,640,captures/submesh/m096_s00/l02_hero.jpg,0.004659273196011782,0.006529790349304676,43.70201524617311,0.9987445072190835,5.4253472222223764e-05
submesh,96,0,3,hero,submesh/m096_s00/l03_hero.bmp,640,640,captures/submesh/m096_s00/l03_hero.jpg,0.006364855915307999,0.009225714951753616,40.699999359594955,0.9981167608286252,0.0
submesh,96,0,4,hero,submesh/m096_s00/l04_hero.bmp,640,640,captures/submesh/m096_s00/l04_hero.jpg,0.008945719338953495,0.013037304393947124,37.69624388964638,0.9978042659974906,8.138020833332871e-05
submesh,96,0,5,hero,submesh/m096_s00/l05_hero.bmp,640,640,captures/submesh/m096_s00/l05_hero.jpg,0.012015237472951412,0.017606189474463463,35.08669257319908,0.9978042659974906,8.138020833332871e-05
submesh,96,0,6,hero,submesh/m096_s00/l06_hero.bmp,640,640,captures/submesh/m096_s00/l06_hero.jpg,0.03093436360359192,0.04147256910800934,27.64478120982965,0.9884194053208137,0.00035264756944444753
mesh,97,,0,hero,mesh/m097/l00_hero.bmp,640,640,captures/mesh/m097/l00_hero.jpg,0.0,0.0,99.0,1.0,0.0
mesh,97,,1,hero,mesh/m097/l01_hero.bmp,640,640,captures/mesh/m097/l01_hero.jpg,0.0027405472937971354,0.004020598717033863,47.91418540526084,0.999166145507609,5.425347222223764e-05
mesh,97,,2,hero,mesh/m097/l02_hero.bmp,640,640,captures/mesh/m097/l02_hero.jpg,0.0046737887896597385,0.006404979154467583,43.86964558728343,0.9989578991246353,8.138020833334259e-05
mesh,97,,3,hero,mesh/m097/l03_hero.bmp,640,640,captures/mesh/m097/l03_hero.jpg,0.006761081051081419,0.009282036684453487,40.64713438991005,0.9991659716430359,0.0
mesh,97,,4,hero,mesh/m097/l04_hero.bmp,640,640,captures/mesh/m097/l04_hero.jpg,0.00917347427457571,0.012786383740603924,37.86504531616303,0.998125,8.138020833334259e-05
mesh,97,,5,hero,mesh/m097/l05_hero.bmp,640,640,captures/mesh/m097/l05_hero.jpg,0.012410538271069527,0.0171024352312088,35.338840912419236,0.9979162325484476,0.0
mesh,97,,6,hero,mesh/m097/l06_hero.bmp,640,640,captures/mesh/m097/l06_hero.jpg,0.02642475813627243,0.034769706428050995,29.175979523818718,0.9939658759883478,0.00013563368055555247
mesh,97,,0,side,mesh/m097/l00_side.bmp,640,640,captures/mesh/m097/l00_side.jpg,0.0,0.0,99.0,1.0,0.0
mesh,97,,1,side,mesh/m097/l01_side.bmp,640,640,captures/mesh/m097/l01_side.jpg,0.0034736243542283773,0.005528722889721394,45.14750354389429,0.9937070938215103,0.00013563368055555247
mesh,97,,2,side,mesh/m097/l02_side.bmp,640,640,captures/mesh/m097/l02_side.jpg,0.0063101062551140785,0.009513504803180695,40.43318916436221,0.994279176201373,0.00010850694444444059
mesh,97,,3,side,mesh/m097/l03_side.bmp,640,640,captures/mesh/m097/l03_side.jpg,0.00915630254894495,0.014201638288795948,36.95323105777089,0.9914285714285714,0.00013563368055555247
mesh,97,,4,side,mesh/m097/l04_side.bmp,640,640,captures/mesh/m097/l04_side.jpg,0.012547973543405533,0.018801571801304817,34.51611684866363,0.9914236706689536,0.00018988715277777624
mesh,97,,5,side,mesh/m097/l05_side.bmp,640,640,captures/mesh/m097/l05_side.jpg,0.017113519832491875,0.02512548491358757,31.99771095500079,0.9880205362236166,0.00013563368055555247
mesh,97,,6,side,mesh/m097/l06_side.bmp,640,640,captures/mesh/m097/l06_side.jpg,0.045676980167627335,0.06006588041782379,24.427443057126826,0.8958566629339306,0.0028211805555555525
mesh,97,,0,top,mesh/m097/l00_top.bmp,640,640,captures/mesh/m097/l00_top.jpg,0.0,0.0,99.0,1.0,0.0
mesh,97,,1,top,mesh/m097/l01_top.bmp,640,640,captures/mesh/m097/l01_top.jpg,0.003173910779878497,0.004622539971023798,46.70238649631243,0.9990187527256869,8.138020833334259e-05
mesh,97,,2,top,mesh/m097/l02_top.bmp,640,640,captures/mesh/m097/l02_top.jpg,0.005483871791511774,0.007597899995744228,42.38612853934871,0.997820638552904,5.4253472222209886e-05
mesh,97,,3,top,mesh/m097/l03_top.bmp,640,640,captures/mesh/m097/l03_top.jpg,0.007912910543382168,0.01082681305706501,39.30998723945312,0.9971677559912854,5.4253472222209886e-05
mesh,97,,4,top,mesh/m097/l04_top.bmp,640,640,captures/mesh/m097/l04_top.jpg,0.01061778049916029,0.014394701458513737,36.835946756412106,0.9978204010462075,0.0
mesh,97,,5,top,mesh/m097/l05_top.bmp,640,640,captures/mesh/m097/l05_top.jpg,0.014332934282720089,0.019486792385578156,34.20519283682489,0.9973847662634848,5.425347222223764e-05
mesh,97,,6,top,mesh/m097/l06_top.bmp,640,640,captures/mesh/m097/l06_top.jpg,0.03237588703632355,0.04270302504301071,27.39082717727319,0.9982555604012211,0.00010850694444444753
submesh,97,0,0,hero,submesh/m097_s00/l00_hero.bmp,640,640,captures/submesh/m097_s00/l00_hero.jpg,0.0,0.0,99.0,1.0,0.0
submesh,97,0,1,hero,submesh/m097_s00/l01_hero.bmp,640,640,captures/submesh/m097_s00/l01_hero.jpg,0.0027405472937971354,0.004020598717033863,47.91418540526084,0.999166145507609,5.425347222223764e-05
submesh,97,0,2,hero,submesh/m097_s00/l02_hero.bmp,640,640,captures/submesh/m097_s00/l02_hero.jpg,0.0046737887896597385,0.006404979154467583,43.86964558728343,0.9989578991246353,8.138020833334259e-05
submesh,97,0,3,hero,submesh/m097_s00/l03_hero.bmp,640,640,captures/submesh/m097_s00/l03_hero.jpg,0.006761081051081419,0.009282036684453487,40.64713438991005,0.9991659716430359,0.0
submesh,97,0,4,hero,submesh/m097_s00/l04_hero.bmp,640,640,captures/submesh/m097_s00/l04_hero.jpg,0.00917347427457571,0.012786383740603924,37.86504531616303,0.998125,8.138020833334259e-05
submesh,97,0,5,hero,submesh/m097_s00/l05_hero.bmp,640,640,captures/submesh/m097_s00/l05_hero.jpg,0.012410538271069527,0.0171024352312088,35.338840912419236,0.9979162325484476,0.0
submesh,97,0,6,hero,submesh/m097_s00/l06_hero.bmp,640,640,captures/submesh/m097_s00/l06_hero.jpg,0.02642475813627243,0.034769706428050995,29.175979523818718,0.9939658759883478,0.00013563368055555247
mesh,98,,0,hero,mesh/m098/l00_hero.bmp,640,640,captures/mesh/m098/l00_hero.jpg,0.0,0.0,99.0,1.0,0.0
mesh,98,,1,hero,mesh/m098/l01_hero.bmp,640,640,captures/mesh/m098/l01_hero.jpg,0.0022837044671177864,0.0034105381928384304,49.343541653364156,0.9980932203389831,8.138020833331483e-05
mesh,98,,2,hero,mesh/m098/l02_hero.bmp,640,640,captures/mesh/m098/l02_hero.jpg,0.0033617799635976553,0.004754310008138418,46.45825006412864,0.9985160059359762,2.71267361111327e-05
mesh,98,,3,hero,mesh/m098/l03_hero.bmp,640,640,captures/mesh/m098/l03_hero.jpg,0.0044070882722735405,0.006151582580059767,44.22026283125568,0.9987280050879797,0.0
mesh,98,,4,hero,mesh/m098/l04_hero.bmp,640,640,captures/mesh/m098/l04_hero.jpg,0.0059805517084896564,0.008348850533366203,41.567466278064316,0.998940453485908,0.00013563368055555247
mesh,98,,5,hero,mesh/m098/l05_hero.bmp,640,640,captures/mesh/m098/l05_hero.jpg,0.007817369885742664,0.010789520107209682,39.339957425944334,0.9991521831284442,0.00010850694444441977
mesh,98,,6,hero,mesh/m098/l06_hero.bmp,640,640,captures/mesh/m098/l06_hero.jpg,0.02403198555111885,0.030855391174554825,30.213378867426677,0.9968260685569191,0.000244140625
mesh,98,,0,side,mesh/m098/l00_side.bmp,640,640,captures/mesh/m098/l00_side.jpg,0.0,0.0,99.0,1.0,0.0
mesh,98,,1,side,mesh/m098/l01_side.bmp,640,640,captures/mesh/m098/l01_side.jpg,0.0022899769246578217,0.0035614706575870514,48.967412587811936,0.9979057591623036,5.4253472222223764e-05
mesh,98,,2,side,mesh/m098/l02_side.bmp,640,640,captures/mesh/m098/l02_side.jpg,0.0030989288352429867,0.004674064461141825,46.60610604886665,0.9958115183246073,0.00010850694444444406
mesh,98,,3,side,mesh/m098/l03_side.bmp,640,640,captures/mesh/m098/l03_side.jpg,0.00370415928773582,0.005545452237129211,45.121260618498276,0.99581589958159,5.4253472222223764e-05
mesh,98,,4,side,mesh/m098/l04_side.bmp,640,640,captures/mesh/m098/l04_side.jpg,0.004867919255048037,0.0071362401358783245,42.93061088583329,0.9927083333333333,8.138020833333218e-05
mesh,98,,5,side,mesh/m098/l05_side.bmp,640,640,captures/mesh/m098/l05_side.jpg,0.00654687499627471,0.009413483552634716,40.524992637251636,0.9926854754440961,8.138020833333565e-05
mesh,98,,6,side,mesh/m098/l06_side.bmp,640,640,captures/mesh/m098/l06_side.jpg,0.04120030626654625,0.0574195496737957,24.81880435763752,0.8953934740882917,0.0017632378472222203
mesh,98,,0,top,mesh/m098/l00_top.bmp,640,640,captures/mesh/m098/l00_top.jpg,0.0,0.0,99.0,1.0,0.0
mesh,98,,1,top,mesh/m098/l01_top.bmp,640,640,captures/mesh/m098/l01_top.jpg,0.0025460519827902317,0.003815620206296444,48.368697199895216,0.9990033222591362,8.138020833334259e-05
mesh,98,,2,top,mesh/m098/l02_top.bmp,640,640,captures/mesh/m098/l02_top.jpg,0.0042651924304664135,0.006006570998579264,44.427467702664416,0.9986712434946297,5.425347222223764e-05
mesh,98,,3,top,mesh/m098/l03_top.bmp,640,640,captures/mesh/m098/l03_top.jpg,0.006066013593226671,0.0084232147783041,41.490442507258905,0.9982285208148804,0.0
mesh,98,,4,top,mesh/m098/l04_top.bmp,640,640,captures/mesh/m098/l04_top.jpg,0.008336029015481472,0.011604699306190014,38.70732216465982,0.9983394221188974,8.138020833334259e-05
mesh,98,,5,top,mesh/m098/l05_top.bmp,640,640,captures/mesh/m098/l05_top.jpg,0.010965892113745213,0.015122978016734123,36.407253582933805,0.9978966013506033,2.7126736111104943e-05
mesh,98,,6,top,mesh/m098/l06_top.bmp,640,640,captures/mesh/m098/l06_top.jpg,0.03417561203241348,0.04344978556036949,27.240247252052228,0.9977861412441886,0.0
submesh,98,0,0,hero,submesh/m098_s00/l00_hero.bmp,640,640,captures/submesh/m098_s00/l00_hero.jpg,0.0,0.0,99.0,1.0,0.0
submesh,98,0,1,hero,submesh/m098_s00/l01_hero.bmp,640,640,captures/submesh/m098_s00/l01_hero.jpg,0.0022837044671177864,0.0034105381928384304,49.343541653364156,0.9980932203389831,8.138020833331483e-05
submesh,98,0,2,hero,submesh/m098_s00/l02_hero.bmp,640,640,captures/submesh/m098_s00/l02_hero.jpg,0.0033617799635976553,0.004754310008138418,46.45825006412864,0.9985160059359762,2.71267361111327e-05
submesh,98,0,3,hero,submesh/m098_s00/l03_hero.bmp,640,640,captures/submesh/m098_s00/l03_hero.jpg,0.0044070882722735405,0.006151582580059767,44.22026283125568,0.9987280050879797,0.0
submesh,98,0,4,hero,submesh/m098_s00/l04_hero.bmp,640,640,captures/submesh/m098_s00/l04_hero.jpg,0.0059805517084896564,0.008348850533366203,41.567466278064316,0.998940453485908,0.00013563368055555247
submesh,98,0,5,hero,submesh/m098_s00/l05_hero.bmp,640,640,captures/submesh/m098_s00/l05_hero.jpg,0.007817369885742664,0.010789520107209682,39.339957425944334,0.9991521831284442,0.00010850694444441977
submesh,98,0,6,hero,submesh/m098_s00/l06_hero.bmp,640,640,captures/submesh/m098_s00/l06_hero.jpg,0.02403198555111885,0.030855391174554825,30.213378867426677,0.9968260685569191,0.000244140625
mesh,99,,0,hero,mesh/m099/l00_hero.bmp,640,640,captures/mesh/m099/l00_hero.jpg,0.0,0.0,99.0,1.0,0.0
mesh,99,,1,hero,mesh/m099/l01_hero.bmp,640,640,captures/mesh/m099/l01_hero.jpg,0.002150137210264802,0.0032593586947768927,49.7373568496712,1.0,0.0
mesh,99,,2,hero,mesh/m099/l02_hero.bmp,640,640,captures/mesh/m099/l02_hero.jpg,0.0029944267589598894,0.004245936404913664,47.44053029855776,1.0,0.0
mesh,99,,3,hero,mesh/m099/l03_hero.bmp,640,640,captures/mesh/m099/l03_hero.jpg,0.0039017831441015005,0.005412365309894085,45.33225796389435,0.9994869163673679,0.0
mesh,99,,4,hero,mesh/m099/l04_hero.bmp,640,640,captures/mesh/m099/l04_hero.jpg,0.004824998322874308,0.006751185283064842,43.412399456847965,0.9992303745510518,2.7126736111104943e-05
mesh,99,,5,hero,mesh/m099/l05_hero.bmp,640,640,captures/mesh/m099/l05_hero.jpg,0.006551038473844528,0.00914081186056137,40.78030459538124,0.9997434581836839,2.7126736111104943e-05
mesh,99,,6,hero,mesh/m099/l06_hero.bmp,640,640,captures/mesh/m099/l06_hero.jpg,0.0245729498565197,0.03177498281002045,29.958293514465886,0.9994867847061842,5.4253472222223764e-05
mesh,99,,0,side,mesh/m099/l00_side.bmp,640,640,captures/mesh/m099/l00_side.jpg,0.0,0.0,99.0,1.0,0.0
mesh,99,,1,side,mesh/m099/l01_side.bmp,640,640,captures/mesh/m099/l01_side.jpg,0.002124899998307228,0.0032630308996886015,49.727576271709786,0.9975621647976597,2.7126736111111882e-05
mesh,99,,2,side,mesh/m099/l02_side.bmp,640,640,captures/mesh/m099/l02_side.jpg,0.002948820823803544,0.004291732795536518,47.347346503163976,0.996588693957115,2.7126736111111882e-05
mesh,99,,3,side,mesh/m099/l03_side.bmp,640,640,captures/mesh/m099/l03_side.jpg,0.0038725410122424364,0.005564364138990641,45.09168913945312,0.9951290793960058,5.4253472222216825e-05
mesh,99,,4,side,mesh/m099/l04_side.bmp,640,640,captures/mesh/m099/l04_side.jpg,0.004787932150065899,0.006927102338522673,43.18896792410061,0.9961013645224172,5.4253472222216825e-05
mesh,99,,5,side,mesh/m099/l05_side.bmp,640,640,captures/mesh/m099/l05_side.jpg,0.006635179743170738,0.009767182171344757,40.204614240357785,0.9936739659367396,2.7126736111111882e-05
mesh,99,,6,side,mesh/m099/l06_side.bmp,640,640,captures/mesh/m099/l06_side.jpg,0.020819539204239845,0.02745405212044716,31.227870923241206,0.9820996613449444,2.7126736111111882e-05
mesh,99,,0,top,mesh/m099/l00_top.bmp,640,640,captures/mesh/m099/l00_top.jpg,0.0,0.0,99.0,1.0,0.0
mesh,99,,1,top,mesh/m099/l01_top.bmp,640,640,captures/mesh/m099/l01_top.jpg,0.0022317070979624987,0.0033628910314291716,49.46574410012856,0.9995635570103655,0.0
mesh,99,,2,top,mesh/m099/l02_top.bmp,640,640,captures/mesh/m099/l02_top.jpg,0.0037445665802806616,0.005406828597187996,45.34114795701841,0.9995635570103655,0.0
mesh,99,,3,top,mesh/m099/l03_top.bmp,640,640,captures/mesh/m099/l03_top.jpg,0.005330298561602831,0.0075532677583396435,42.43730239156377,0.999563604625791,5.425347222223764e-05
mesh,99,,4,top,mesh/m099/l04_top.bmp,640,640,captures/mesh/m099/l04_top.jpg,0.00705839553847909,0.0100844856351614,39.92692496639258,0.9997817785051828,5.425347222223764e-05
mesh,99,,5,top,mesh/m099/l05_top.bmp,640,640,captures/mesh/m099/l05_top.jpg,0.009872582741081715,0.013930817134678364,37.12046817163037,0.9992363914039489,2.7126736111104943e-05
mesh,99,,6,top,mesh/m099/l06_top.bmp,640,640,captures/mesh/m099/l06_top.jpg,0.03584058955311775,0.045232631266117096,26.89096295606255,0.9990178961152335,0.00018988715277776236
submesh,99,0,0,hero,submesh/m099_s00/l00_hero.bmp,640,640,captures/submesh/m099_s00/l00_hero.jpg,0.0,0.0,99.0,1.0,0.0
submesh,99,0,1,hero,submesh/m099_s00/l01_hero.bmp,640,640,captures/submesh/m099_s00/l01_hero.jpg,0.002150137210264802,0.0032593586947768927,49.7373568496712,1.0,0.0
submesh,99,0,2,hero,submesh/m099_s00/l02_hero.bmp,640,640,captures/submesh/m099_s00/l02_hero.jpg,0.0029944267589598894,0.004245936404913664,47.44053029855776,1.0,0.0
submesh,99,0,3,hero,submesh/m099_s00/l03_hero.bmp,640,640,captures/submesh/m099_s00/l03_hero.jpg,0.0039017831441015005,0.005412365309894085,45.33225796389435,0.9994869163673679,0.0
submesh,99,0,4,hero,submesh/m099_s00/l04_hero.bmp,640,640,captures/submesh/m099_s00/l04_hero.jpg,0.004824998322874308,0.006751185283064842,43.412399456847965,0.9992303745510518,2.7126736111104943e-05
submesh,99,0,5,hero,submesh/m099_s00/l05_hero.bmp,640,640,captures/submesh/m099_s00/l05_hero.jpg,0.006551038473844528,0.00914081186056137,40.78030459538124,0.9997434581836839,2.7126736111104943e-05
submesh,99,0,6,hero,submesh/m099_s00/l06_hero.bmp,640,640,captures/submesh/m099_s00/l06_hero.jpg,0.0245729498565197,0.03177498281002045,29.958293514465886,0.9994867847061842,5.4253472222223764e-05
mesh,100,,0,hero,mesh/m100/l00_hero.bmp,640,640,captures/mesh/m100/l00_hero.jpg,0.0,0.0,99.0,1.0,0.0
mesh,100,,1,hero,mesh/m100/l01_hero.bmp,640,640,captures/mesh/m100/l01_hero.jpg,0.0023883332032710314,0.003512901719659567,49.086680005620295,0.9983257593877063,2.712673611111882e-05
mesh,100,,2,hero,mesh/m100/l02_hero.bmp,640,640,captures/mesh/m100/l02_hero.jpg,0.0034731212072074413,0.004798578098416328,46.37774865038025,0.9988038277511961,2.712673611111882e-05
mesh,100,,3,hero,mesh/m100/l03_hero.bmp,640,640,captures/mesh/m100/l03_hero.jpg,0.004760697949677706,0.006505779456347227,43.73401326471955,0.9992819530876017,2.7126736111104943e-05
mesh,100,,4,hero,mesh/m100/l04_hero.bmp,640,640,captures/mesh/m100/l04_hero.jpg,0.0063295988366007805,0.008679088205099106,41.23051795797683,0.9985649366180339,5.4253472222223764e-05
mesh,100,,5,hero,mesh/m100/l05_hero.bmp,640,640,captures/mesh/m100/l05_hero.jpg,0.008646143600344658,0.011892326176166534,38.49466375428213,0.9983261597321855,8.138020833334259e-05
mesh,100,,6,hero,mesh/m100/l06_hero.bmp,640,640,captures/mesh/m100/l06_hero.jpg,0.026250461116433144,0.03355654701590538,29.484454692916287,0.9952278692436173,0.00021701388888889506
mesh,100,,0,side,mesh/m100/l00_side.bmp,640,640,captures/mesh/m100/l00_side.jpg,0.0,0.0,99.0,1.0,0.0
mesh,100,,1,side,mesh/m100/l01_side.bmp,640,640,captures/mesh/m100/l01_side.jpg,0.0024842796847224236,0.003789819311350584,48.42762991121389,0.996553209823352,0.0
mesh,100,,2,side,mesh/m100/l02_side.bmp,640,640,captures/mesh/m100/l02_side.jpg,0.0039350856095552444,0.006087942514568567,44.31058914092421,0.996553209823352,0.0
mesh,100,,3,side,mesh/m100/l03_side.bmp,640,640,captures/mesh/m100/l03_side.jpg,0.0054622855968773365,0.008200615644454956,41.723070852439854,0.995264743865691,2.7126736111104943e-05
mesh,100,,4,side,mesh/m100/l04_side.bmp,640,640,captures/mesh/m100/l04_side.jpg,0.007531258277595043,0.012050043791532516,38.380227495995754,0.9952627045650302,2.712673611111882e-05
mesh,100,,5,side,mesh/m100/l05_side.bmp,640,640,captures/mesh/m100/l05_side.jpg,0.010392269119620323,0.016958467662334442,35.4122678480221,0.9944061962134251,2.7126736111104943e-05
mesh,100,,6,side,mesh/m100/l06_side.bmp,640,640,captures/mesh/m100/l06_side.jpg,0.03260646387934685,0.043360136449337006,27.258187195859772,0.9845956354300385,0.00010850694444444753
mesh,100,,0,top,mesh/m100/l00_top.bmp,640,640,captures/mesh/m100/l00_top.jpg,0.0,0.0,99.0,1.0,0.0
mesh,100,,1,top,mesh/m100/l01_top.bmp,640,640,captures/mesh/m100/l01_top.jpg,0.0027188234962522984,0.0039784228429198265,48.005781203580426,0.9989129253179694,5.4253472222209886e-05
mesh,100,,2,top,mesh/m100/l02_top.bmp,640,640,captures/mesh/m100/l02_top.jpg,0.004516701679676771,0.006314883939921856,43.992692537057216,0.9985871100967286,8.138020833334259e-05
mesh,100,,3,top,mesh/m100/l03_top.bmp,640,640,captures/mesh/m100/l03_top.jpg,0.006487059406936169,0.008974255993962288,40.94003092431936,0.9992389649923896,8.138020833334259e-05
mesh,100,,4,top,mesh/m100/l04_top.bmp,640,640,captures/mesh/m100/l04_top.jpg,0.008971278555691242,0.012284084223210812,38.21314429142029,0.9986955103815632,0.0
mesh,100,,5,top,mesh/m100/l05_top.bmp,640,640,captures/mesh/m100/l05_top.jpg,0.012446575798094273,0.0169884841889143,35.396907393494075,0.9984782608695653,0.0
mesh,100,,6,top,mesh/m100/l06_top.bmp,640,640,captures/mesh/m100/l06_top.jpg,0.03581585735082626,0.046940770000219345,26.568995813238697,0.9989130434782608,0.00010850694444444753
submesh,100,0,0,hero,submesh/m100_s00/l00_hero.bmp,640,640,captures/submesh/m100_s00/l00_hero.jpg,0.0,0.0,99.0,1.0,0.0
submesh,100,0,1,hero,submesh/m100_s00/l01_hero.bmp,640,640,captures/submesh/m100_s00/l01_hero.jpg,0.0023883332032710314,0.003512901719659567,49.086680005620295,0.9983257593877063,2.712673611111882e-05
submesh,100,0,2,hero,submesh/m100_s00/l02_hero.bmp,640,640,captures/submesh/m100_s00/l02_hero.jpg,0.0034731212072074413,0.004798578098416328,46.37774865038025,0.9988038277511961,2.712673611111882e-05
submesh,100,0,3,hero,submesh/m100_s00/l03_hero.bmp,640,640,captures/submesh/m100_s00/l03_hero.jpg,0.004760697949677706,0.006505779456347227,43.73401326471955,0.9992819530876017,2.7126736111104943e-05
submesh,100,0,4,hero,submesh/m100_s00/l04_hero.bmp,640,640,captures/submesh/m100_s00/l04_hero.jpg,0.0063295988366007805,0.008679088205099106,41.23051795797683,0.9985649366180339,5.4253472222223764e-05
submesh,100,0,5,hero,submesh/m100_s00/l05_hero.bmp,640,640,captures/submesh/m100_s00/l05_hero.jpg,0.008646143600344658,0.011892326176166534,38.49466375428213,0.9983261597321855,8.138020833334259e-05
submesh,100,0,6,hero,submesh/m100_s00/l06_hero.bmp,640,640,captures/submesh/m100_s00/l06_hero.jpg,0.026250461116433144,0.03355654701590538,29.484454692916287,0.9952278692436173,0.00021701388888889506
mesh,101,,0,hero,mesh/m101/l00_hero.bmp,640,640,captures/mesh/m101/l00_hero.jpg,0.0,0.0,99.0,1.0,0.0
mesh,101,,1,hero,mesh/m101/l01_hero.bmp,640,640,captures/mesh/m101/l01_hero.jpg,0.0020720281172543764,0.0031787867192178965,49.954772202158075,0.9997693726937269,2.7126736111104943e-05
mesh,101,,2,hero,mesh/m101/l02_hero.bmp,640,640,captures/mesh/m101/l02_hero.jpg,0.00301675358787179,0.004313135053962469,47.30413885807624,0.9993082776112521,2.7126736111104943e-05
mesh,101,,3,hero,mesh/m101/l03_hero.bmp,640,640,captures/mesh/m101/l03_hero.jpg,0.003946886397898197,0.005584907252341509,45.059680694945065,0.9990777034816694,5.4253472222223764e-05
mesh,101,,4,hero,mesh/m101/l04_hero.bmp,640,640,captures/mesh/m101/l04_hero.jpg,0.005083514843136072,0.007127680815756321,42.941035133013585,0.9988473951129553,2.7126736111104943e-05
mesh,101,,5,hero,mesh/m101/l05_hero.bmp,640,640,captures/mesh/m101/l05_hero.jpg,0.006794254295527935,0.009624014608561993,40.33287452879847,0.9976969138645785,5.4253472222223764e-05
mesh,101,,6,hero,mesh/m101/l06_hero.bmp,640,640,captures/mesh/m101/l06_hero.jpg,0.0273065734654665,0.035993777215480804,28.875451514975357,0.9970080552359033,0.00013563368055555247
mesh,101,,0,side,mesh/m101/l00_side.bmp,640,640,captures/mesh/m101/l00_side.jpg,0.0,0.0,99.0,1.0,0.0
mesh,101,,1,side,mesh/m101/l01_side.bmp,640,640,captures/mesh/m101/l01_side.jpg,0.00201113591901958,0.0031274380162358284,50.096225779603756,0.9970082273747195,5.4253472222223764e-05
mesh,101,,2,side,mesh/m101/l02_side.bmp,640,640,captures/mesh/m101/l02_side.jpg,0.002928221831098199,0.004330442752689123,47.26935396568279,0.9962602842183994,2.7126736111111882e-05
mesh,101,,3,side,mesh/m101/l03_side.bmp,640,640,captures/mesh/m101/l03_side.jpg,0.003828963730484247,0.005721006076782942,44.85055181863561,0.9932885906040269,0.00013563368055555247
mesh,101,,4,side,mesh/m101/l04_side.bmp,640,640,captures/mesh/m101/l04_side.jpg,0.0048827663995325565,0.007025972940027714,43.065870543824005,0.9881040892193309,0.00016276041666666435
mesh,101,,5,side,mesh/m101/l05_side.bmp,640,640,captures/mesh/m101/l05_side.jpg,0.006144666578620672,0.00888177752494812,41.03000218887953,0.9895755770662695,0.00010850694444444059
mesh,101,,6,side,mesh/m101/l06_side.bmp,640,640,captures/mesh/m101/l06_side.jpg,0.02897747792303562,0.04534239321947098,26.869911221649033,0.9043414275202355,0.002170138888888888
mesh,101,,0,top,mesh/m101/l00_top.bmp,640,640,captures/mesh/m101/l00_top.jpg,0.0,0.0,99.0,1.0,0.0
mesh,101,,1,top,mesh/m101/l01_top.bmp,640,640,captures/mesh/m101/l01_top.jpg,0.002234981395304203,0.0034613553434610367,49.215076273102795,0.9989891047961361,8.138020833334259e-05
mesh,101,,2,top,mesh/m101/l02_top.bmp,640,640,captures/mesh/m101/l02_top.jpg,0.003868869971483946,0.005613101180642843,45.015942584080406,0.9979786636720943,5.4253472222209886e-05
mesh,101,,3,top,mesh/m101/l03_top.bmp,640,640,captures/mesh/m101/l03_top.jpg,0.0054698847234249115,0.007864058949053288,42.087064793771205,0.9975300325586617,5.4253472222209886e-05
mesh,101,,4,top,mesh/m101/l04_top.bmp,640,640,captures/mesh/m101/l04_top.jpg,0.00734332948923111,0.010473095811903477,39.59849846710482,0.9970812752581949,0.00010850694444444753
mesh,101,,5,top,mesh/m101/l05_top.bmp,640,640,captures/mesh/m101/l05_top.jpg,0.009895804338157177,0.014069054275751114,37.03470189867795,0.9967463255918322,8.138020833334259e-05
mesh,101,,6,top,mesh/m101/l06_top.bmp,640,640,captures/mesh/m101/l06_top.jpg,0.035592470318078995,0.04593542590737343,26.7570450509473,0.9958501570210857,2.7126736111104943e-05
submesh,101,0,0,hero,submesh/m101_s00/l00_hero.bmp,640,640,captures/submesh/m101_s00/l00_hero.jpg,0.0,0.0,99.0,1.0,0.0
submesh,101,0,1,hero,submesh/m101_s00/l01_hero.bmp,640,640,captures/submesh/m101_s00/l01_hero.jpg,0.0020720281172543764,0.0031787867192178965,49.954772202158075,0.9997693726937269,2.7126736111104943e-05
submesh,101,0,2,hero,submesh/m101_s00/l02_hero.bmp,640,640,captures/submesh/m101_s00/l02_hero.jpg,0.00301675358787179,0.004313135053962469,47.30413885807624,0.9993082776112521,2.7126736111104943e-05
submesh,101,0,3,hero,submesh/m101_s00/l03_hero.bmp,640,640,captures/submesh/m101_s00/l03_hero.jpg,0.003946886397898197,0.005584907252341509,45.059680694945065,0.9990777034816694,5.4253472222223764e-05
submesh,101,0,4,hero,submesh/m101_s00/l04_hero.bmp,640,640,captures/submesh/m101_s00/l04_hero.jpg,0.005083514843136072,0.007127680815756321,42.941035133013585,0.9988473951129553,2.7126736111104943e-05
submesh,101,0,5,hero,submesh/m101_s00/l05_hero.bmp,640,640,captures/submesh/m101_s00/l05_hero.jpg,0.006794254295527935,0.009624014608561993,40.33287452879847,0.9976969138645785,5.4253472222223764e-05
submesh,101,0,6,hero,submesh/m101_s00/l06_hero.bmp,640,640,captures/submesh/m101_s00/l06_hero.jpg,0.0273065734654665,0.035993777215480804,28.875451514975357,0.9970080552359033,0.00013563368055555247
mesh,102,,0,hero,mesh/m102/l00_hero.bmp,640,640,captures/mesh/m102/l00_hero.jpg,0.0,0.0,99.0,1.0,0.0
mesh,102,,1,hero,mesh/m102/l01_hero.bmp,640,640,captures/mesh/m102/l01_hero.jpg,0.002642200095579028,0.003858463605865836,48.2717118356937,0.9987838248707814,0.0
mesh,102,,2,hero,mesh/m102/l02_hero.bmp,640,640,captures/mesh/m102/l02_hero.jpg,0.004041596315801144,0.005645235534757376,44.96635866800807,0.9990878686530861,2.7126736111104943e-05
mesh,102,,3,hero,mesh/m102/l03_hero.bmp,640,640,captures/mesh/m102/l03_hero.jpg,0.0054469541646540165,0.007502795197069645,42.49553816548285,0.9987838248707814,0.0
mesh,102,,4,hero,mesh/m102/l04_hero.bmp,640,640,captures/mesh/m102/l04_hero.jpg,0.007230069022625685,0.009965921752154827,40.029650540651815,0.997872340425532,2.712673611111882e-05
mesh,102,,5,hero,mesh/m102/l05_hero.bmp,640,640,captures/mesh/m102/l05_hero.jpg,0.009779670275747776,0.01366361416876316,37.28868820058225,0.9984793187347932,8.138020833332871e-05
mesh,102,,6,hero,mesh/m102/l06_hero.bmp,640,640,captures/mesh/m102/l06_hero.jpg,0.03261233866214752,0.043959781527519226,27.13888949222691,0.9948437973915681,8.138020833332871e-05
mesh,102,,0,side,mesh/m102/l00_side.bmp,640,640,captures/mesh/m102/l00_side.jpg,0.0,0.0,99.0,1.0,0.0
mesh,102,,1,side,mesh/m102/l01_side.bmp,640,640,captures/mesh/m102/l01_side.jpg,0.0029894267208874226,0.00464750686660409,46.65559919787302,0.9964086193136472,2.7126736111104943e-05
mesh,102,,2,side,mesh/m102/l02_side.bmp,640,640,captures/mesh/m102/l02_side.jpg,0.004964294843375683,0.007442879490554333,42.565180254344924,0.9956105347166799,2.712673611111882e-05
mesh,102,,3,side,mesh/m102/l03_side.bmp,640,640,captures/mesh/m102/l03_side.jpg,0.006778078153729439,0.010353974997997284,39.69785776109316,0.9976047904191617,5.4253472222209886e-05
mesh,102,,4,side,mesh/m102/l04_side.bmp,640,640,captures/mesh/m102/l04_side.jpg,0.009270252659916878,0.013818490318953991,37.19078802774776,0.9960111687275628,5.4253472222209886e-05
mesh,102,,5,side,mesh/m102/l05_side.bmp,640,640,captures/mesh/m102/l05_side.jpg,0.012832043692469597,0.019791511818766594,34.070420599479576,0.9948145193458316,2.712673611111882e-05
mesh,102,,6,side,mesh/m102/l06_side.bmp,640,640,captures/mesh/m102/l06_side.jpg,0.030823279172182083,0.042309775948524475,27.471185489392596,0.9441340782122905,0.0035264756944444475
mesh,102,,0,top,mesh/m102/l00_top.bmp,640,640,captures/mesh/m102/l00_top.jpg,0.0,0.0,99.0,1.0,0.0
mesh,102,,1,top,mesh/m102/l01_top.bmp,640,640,captures/mesh/m102/l01_top.jpg,0.0028726698365062475,0.004367252811789513,47.19583333772533,0.9987508516920282,8.138020833334259e-05
mesh,102,,2,top,mesh/m102/l02_top.bmp,640,640,captures/mesh/m102/l02_top.jpg,0.004988955799490213,0.007264584768563509,42.775784083961284,0.9981836757861279,0.00010850694444444753
mesh,102,,3,top,mesh/m102/l03_top.bmp,640,640,captures/mesh/m102/l03_top.jpg,0.007092990912497044,0.010040298104286194,39.96506784914958,0.9982968093561939,2.71267361111327e-05
mesh,102,,4,top,mesh/m102/l04_top.bmp,640,640,captures/mesh/m102/l04_top.jpg,0.00979249645024538,0.013711079023778439,37.2585673219588,0.997616345062429,2.71267361111327e-05
mesh,102,,5,top,mesh/m102/l05_top.bmp,640,640,captures/mesh/m102/l05_top.jpg,0.012953761965036392,0.01820717193186283,34.795150133820435,0.9978428701180745,2.7126736111104943e-05
mesh,102,,6,top,mesh/m102/l06_top.bmp,640,640,captures/mesh/m102/l06_top.jpg,0.03768613189458847,0.05036701261997223,25.957076147085036,0.9975034044484793,0.00010850694444444753
submesh,102,0,0,hero,submesh/m102_s00/l00_hero.bmp,640,640,captures/submesh/m102_s00/l00_hero.jpg,0.0,0.0,99.0,1.0,0.0
submesh,102,0,1,hero,submesh/m102_s00/l01_hero.bmp,640,640,captures/submesh/m102_s00/l01_hero.jpg,0.002642200095579028,0.003858463605865836,48.2717118356937,0.9987838248707814,0.0
submesh,102,0,2,hero,submesh/m102_s00/l02_hero.bmp,640,640,captures/submesh/m102_s00/l02_hero.jpg,0.004041596315801144,0.005645235534757376,44.96635866800807,0.9990878686530861,2.7126736111104943e-05
submesh,102,0,3,hero,submesh/m102_s00/l03_hero.bmp,640,640,captures/submesh/m102_s00/l03_hero.jpg,0.0054469541646540165,0.007502795197069645,42.49553816548285,0.9987838248707814,0.0
submesh,102,0,4,hero,submesh/m102_s00/l04_hero.bmp,640,640,captures/submesh/m102_s00/l04_hero.jpg,0.007230069022625685,0.009965921752154827,40.029650540651815,0.997872340425532,2.712673611111882e-05
submesh,102,0,5,hero,submesh/m102_s00/l05_hero.bmp,640,640,captures/submesh/m102_s00/l05_hero.jpg,0.009779670275747776,0.01366361416876316,37.28868820058225,0.9984793187347932,8.138020833332871e-05
submesh,102,0,6,hero,submesh/m102_s00/l06_hero.bmp,640,640,captures/submesh/m102_s00/l06_hero.jpg,0.03261233866214752,0.043959781527519226,27.13888949222691,0.9948437973915681,8.138020833332871e-05
mesh,103,,0,hero,mesh/m103/l00_hero.bmp,640,640,captures/mesh/m103/l00_hero.jpg,0.0,0.0,99.0,1.0,0.0
mesh,103,,1,hero,mesh/m103/l01_hero.bmp,640,640,captures/mesh/m103/l01_hero.jpg,0.0028459527529776096,0.004194671753793955,47.546040368188585,0.9987092610519522,5.4253472222223764e-05
mesh,103,,2,hero,mesh/m103/l02_hero.bmp,640,640,captures/mesh/m103/l02_hero.jpg,0.00436236010864377,0.006071890704333782,44.333521089194655,0.9993546305259762,0.0
mesh,103,,3,hero,mesh/m103/l03_hero.bmp,640,640,captures/mesh/m103/l03_hero.jpg,0.006199656520038843,0.008666301146149635,41.24332447395659,0.9993544222078761,5.4253472222223764e-05
mesh,103,,4,hero,mesh/m103/l04_hero.bmp,640,640,captures/mesh/m103/l04_hero.jpg,0.008366856724023819,0.011877455748617649,38.50553157880149,0.9983870967741936,2.712673611111882e-05
mesh,103,,5,hero,mesh/m103/l05_hero.bmp,640,640,captures/mesh/m103/l05_hero.jpg,0.011382494121789932,0.016684573143720627,35.55369799618384,0.9977433913604127,2.7126736111104943e-05
mesh,103,,6,hero,mesh/m103/l06_hero.bmp,640,640,captures/mesh/m103/l06_hero.jpg,0.027521401643753052,0.038706861436367035,28.24424084441791,0.9870967741935484,0.0009765625
mesh,103,,0,side,mesh/m103/l00_side.bmp,640,640,captures/mesh/m103/l00_side.jpg,0.0,0.0,99.0,1.0,0.0
mesh,103,,1,side,mesh/m103/l01_side.bmp,640,640,captures/mesh/m103/l01_side.jpg,0.0029337110463529825,0.0049214051105082035,46.15821768197701,0.997789240972734,5.4253472222223764e-05
mesh,103,,2,side,mesh/m103/l02_side.bmp,640,640,captures/mesh/m103/l02_side.jpg,0.00559556158259511,0.008543875068426132,41.36690221354311,0.9988938053097345,2.712673611111882e-05
mesh,103,,3,side,mesh/m103/l03_side.bmp,640,640,captures/mesh/m103/l03_side.jpg,0.00802547950297594,0.012419256381690502,38.11808814598549,0.9955833640044166,5.4253472222223764e-05
mesh,103,,4,side,mesh/m103/l04_side.bmp,640,640,captures/mesh/m103/l04_side.jpg,0.01098549459129572,0.01715230755507946,35.313548893155556,0.9963181148748159,5.4253472222223764e-05
mesh,103,,5,side,mesh/m103/l05_side.bmp,640,640,captures/mesh/m103/l05_side.jpg,0.015529854223132133,0.024533193558454514,32.20491829429939,0.9952135493372607,2.7126736111104943e-05
mesh,103,,6,side,mesh/m103/l06_side.bmp,640,640,captures/mesh/m103/l06_side.jpg,0.04797731339931488,0.06397056579589844,23.88039616184074,0.949964260185847,0.0009765625
mesh,103,,0,top,mesh/m103/l00_top.bmp,640,640,captures/mesh/m103/l00_top.jpg,0.0,0.0,99.0,1.0,0.0
mesh,103,,1,top,mesh/m103/l01_top.bmp,640,640,captures/mesh/m103/l01_top.jpg,0.0033426079899072647,0.005089015234261751,45.86732498078166,0.9988826815642458,5.4253472222209886e-05
mesh,103,,2,top,mesh/m103/l02_top.bmp,640,640,captures/mesh/m103/l02_top.jpg,0.005969820078462362,0.00882983859628439,41.080944699419646,0.9983243967828418,2.7126736111104943e-05
mesh,103,,3,top,mesh/m103/l03_top.bmp,640,640,captures/mesh/m103/l03_top.jpg,0.008672250434756279,0.012370528653264046,38.15223480888959,0.9985478105451295,8.138020833331483e-05
mesh,103,,4,top,mesh/m103/l04_top.bmp,640,640,captures/mesh/m103/l04_top.jpg,0.011595116928219795,0.01673458144068718,35.52770291174484,0.998882556710247,0.0
mesh,103,,5,top,mesh/m103/l05_top.bmp,640,640,captures/mesh/m103/l05_top.jpg,0.01557864435017109,0.022574247792363167,32.927734242276806,0.9984359289464865,0.0
mesh,103,,6,top,mesh/m103/l06_top.bmp,640,640,captures/mesh/m103/l06_top.jpg,0.03600393235683441,0.04988693818449974,26.040263002147086,0.9983243967828418,2.7126736111104943e-05
submesh,103,0,0,hero,submesh/m103_s00/l00_hero.bmp,640,640,captures/submesh/m103_s00/l00_hero.jpg,0.0,0.0,99.0,1.0,0.0
submesh,103,0,1,hero,submesh/m103_s00/l01_hero.bmp,640,640,captures/submesh/m103_s00/l01_hero.jpg,0.0028459527529776096,0.004194671753793955,47.546040368188585,0.9987092610519522,5.4253472222223764e-05
submesh,103,0,2,hero,submesh/m103_s00/l02_hero.bmp,640,640,captures/submesh/m103_s00/l02_hero.jpg,0.00436236010864377,0.006071890704333782,44.333521089194655,0.9993546305259762,0.0
submesh,103,0,3,hero,submesh/m103_s00/l03_hero.bmp,640,640,captures/submesh/m103_s00/l03_hero.jpg,0.006199656520038843,0.008666301146149635,41.24332447395659,0.9993544222078761,5.4253472222223764e-05
submesh,103,0,4,hero,submesh/m103_s00/l04_hero.bmp,640,640,captures/submesh/m103_s00/l04_hero.jpg,0.008366856724023819,0.011877455748617649,38.50553157880149,0.9983870967741936,2.712673611111882e-05
submesh,103,0,5,hero,submesh/m103_s00/l05_hero.bmp,640,640,captures/submesh/m103_s00/l05_hero.jpg,0.011382494121789932,0.016684573143720627,35.55369799618384,0.9977433913604127,2.7126736111104943e-05
submesh,103,0,6,hero,submesh/m103_s00/l06_hero.bmp,640,640,captures/submesh/m103_s00/l06_hero.jpg,0.027521401643753052,0.038706861436367035,28.24424084441791,0.9870967741935484,0.0009765625
mesh,104,,0,hero,mesh/m104/l00_hero.bmp,640,640,captures/mesh/m104/l00_hero.jpg,0.0,0.0,99.0,1.0,0.0
mesh,104,,1,hero,mesh/m104/l01_hero.bmp,640,640,captures/mesh/m104/l01_hero.jpg,0.002483427757397294,0.0038481466472148895,48.29496771988477,0.9984451354953354,8.138020833332871e-05
mesh,104,,2,hero,mesh/m104/l02_hero.bmp,640,640,captures/mesh/m104/l02_hero.jpg,0.004315003287047148,0.006038100458681583,44.38199331387639,0.9984451354953354,8.138020833332871e-05
mesh,104,,3,hero,mesh/m104/l03_hero.bmp,640,640,captures/mesh/m104/l03_hero.jpg,0.006608246825635433,0.00917346403002739,40.749332752145534,0.9984451354953354,8.138020833332871e-05
mesh,104,,4,hero,mesh/m104/l04_hero.bmp,640,640,captures/mesh/m104/l04_hero.jpg,0.00891993660479784,0.012499294243752956,38.06229016335364,0.9980022197558268,0.00018988715277777624
mesh,104,,5,hero,mesh/m104/l05_hero.bmp,640,640,captures/mesh/m104/l05_hero.jpg,0.012698743492364883,0.01813737116754055,34.82851318803792,0.997558268590455,0.00013563368055555247
mesh,104,,6,hero,mesh/m104/l06_hero.bmp,640,640,captures/mesh/m104/l06_hero.jpg,0.032586224377155304,0.042711395770311356,27.389124719700707,0.9887392360344447,0.00035264756944443365
mesh,104,,0,side,mesh/m104/l00_side.bmp,640,640,captures/mesh/m104/l00_side.jpg,0.0,0.0,99.0,1.0,0.0
mesh,104,,1,side,mesh/m104/l01_side.bmp,640,640,captures/mesh/m104/l01_side.jpg,0.0031917211599648,0.0054274797439575195,45.30803577425165,0.9972222222222222,2.712673611111882e-05
mesh,104,,2,side,mesh/m104/l02_side.bmp,640,640,captures/mesh/m104/l02_side.jpg,0.006271292455494404,0.00979018583893776,40.184181285368965,0.9976181024215959,0.0
mesh,104,,3,side,mesh/m104/l03_side.bmp,640,640,captures/mesh/m104/l03_side.jpg,0.008954635821282864,0.014245272614061832,36.92658470363945,0.9948514851485148,0.00013563368055555247
mesh,104,,4,side,mesh/m104/l04_side.bmp,640,640,captures/mesh/m104/l04_side.jpg,0.012548191472887993,0.019986307248473167,33.985348809742646,0.9936658749010293,0.00010850694444444753
mesh,104,,5,side,mesh/m104/l05_side.bmp,640,640,captures/mesh/m104/l05_side.jpg,0.018178299069404602,0.028435511514544487,30.922779099988684,0.990916271721959,0.000244140625
mesh,104,,6,side,mesh/m104/l06_side.bmp,640,640,captures/mesh/m104/l06_side.jpg,0.06341720372438431,0.07880381494760513,22.069055150059317,0.9398111723052714,0.0027398003472222238
mesh,104,,0,top,mesh/m104/l00_top.bmp,640,640,captures/mesh/m104/l00_top.jpg,0.0,0.0,99.0,1.0,0.0
mesh,104,,1,top,mesh/m104/l01_top.bmp,640,640,captures/mesh/m104/l01_top.jpg,0.0029900213703513145,0.004526137374341488,46.88544537522165,0.9981453196596116,2.7126736111104943e-05
mesh,104,,2,top,mesh/m104/l02_top.bmp,640,640,captures/mesh/m104/l02_top.jpg,0.005411203019320965,0.007741420529782772,42.22358680277564,0.9973830552829571,5.425347222223764e-05
mesh,104,,3,top,mesh/m104/l03_top.bmp,640,640,captures/mesh/m104/l03_top.jpg,0.007955801673233509,0.011244852095842361,38.98092504979943,0.9981453196596116,2.7126736111104943e-05
mesh,104,,4,top,mesh/m104/l04_top.bmp,640,640,captures/mesh/m104/l04_top.jpg,0.010644277557730675,0.014922448433935642,36.52319826366414,0.9969462318682517,0.00016276041666665741
mesh,104,,5,top,mesh/m104/l05_top.bmp,640,640,captures/mesh/m104/l05_top.jpg,0.014782601967453957,0.02091986872255802,33.58882090206806,0.9967288191036965,0.00010850694444444753
mesh,104,,6,top,mesh/m104/l06_top.bmp,640,640,captures/mesh/m104/l06_top.jpg,0.034064166247844696,0.04681255295872688,26.592753472834975,0.996620516733893,2.7126736111104943e-05
submesh,104,0,0,hero,submesh/m104_s00/l00_hero.bmp,640,640,captures/submesh/m104_s00/l00_hero.jpg,0.0,0.0,99.0,1.0,0.0
submesh,104,0,1,hero,submesh/m104_s00/l01_hero.bmp,640,640,captures/submesh/m104_s00/l01_hero.jpg,0.002483427757397294,0.0038481466472148895,48.29496771988477,0.9984451354953354,8.138020833332871e-05
submesh,104,0,2,hero,submesh/m104_s00/l02_hero.bmp,640,640,captures/submesh/m104_s00/l02_hero.jpg,0.004315003287047148,0.006038100458681583,44.38199331387639,0.9984451354953354,8.138020833332871e-05
submesh,104,0,3,hero,submesh/m104_s00/l03_hero.bmp,640,640,captures/submesh/m104_s00/l03_hero.jpg,0.006608246825635433,0.00917346403002739,40.749332752145534,0.9984451354953354,8.138020833332871e-05
submesh,104,0,4,hero,submesh/m104_s00/l04_hero.bmp,640,640,captures/submesh/m104_s00/l04_hero.jpg,0.00891993660479784,0.012499294243752956,38.06229016335364,0.9980022197558268,0.00018988715277777624
submesh,104,0,5,hero,submesh/m104_s00/l05_hero.bmp,640,640,captures/submesh/m104_s00/l05_hero.jpg,0.012698743492364883,0.01813737116754055,34.82851318803792,0.997558268590455,0.00013563368055555247
submesh,104,0,6,hero,submesh/m104_s00/l06_hero.bmp,640,640,captures/submesh/m104_s00/l06_hero.jpg,0.032586224377155304,0.042711395770311356,27.389124719700707,0.9887392360344447,0.00035264756944443365
mesh,105,,0,hero,mesh/m105/l00_hero.bmp,640,640,captures/mesh/m105/l00_hero.jpg,0.0,0.0,99.0,1.0,0.0
mesh,105,,1,hero,mesh/m105/l01_hero.bmp,640,640,captures/mesh/m105/l01_hero.jpg,0.0031008117366582155,0.004480042029172182,46.974358233644544,0.9995201535508638,5.4253472222209886e-05
mesh,105,,2,hero,mesh/m105/l02_hero.bmp,640,640,captures/mesh/m105/l02_hero.jpg,0.004808175843209028,0.006604938767850399,43.602624084555934,0.9978422440661712,8.138020833332871e-05
mesh,105,,3,hero,mesh/m105/l03_hero.bmp,640,640,captures/mesh/m105/l03_hero.jpg,0.006966245360672474,0.009478460066020489,40.4652443063072,0.9976024934068569,0.00010850694444443365
mesh,105,,4,hero,mesh/m105/l04_hero.bmp,640,640,captures/mesh/m105/l04_hero.jpg,0.009752705693244934,0.013232916593551636,37.56688849661827,0.9973640067098011,2.7126736111104943e-05
mesh,105,,5,hero,mesh/m105/l05_hero.bmp,640,640,captures/mesh/m105/l05_hero.jpg,0.013768562115728855,0.018733983859419823,34.54739716559088,0.9968847352024922,8.138020833332871e-05
mesh,105,,6,hero,mesh/m105/l06_hero.bmp,640,640,captures/mesh/m105/l06_hero.jpg,0.035786353051662445,0.0467381551861763,26.606568675108445,0.9899328859060402,0.0009223090277777762
mesh,105,,0,side,mesh/m105/l00_side.bmp,640,640,captures/mesh/m105/l00_side.jpg,0.0,0.0,99.0,1.0,0.0
mesh,105,,1,side,mesh/m105/l01_side.bmp,640,640,captures/mesh/m105/l01_side.jpg,0.004148222040385008,0.006578824948519468,43.637033385913924,0.9950460014154282,8.138020833332871e-05
mesh,105,,2,side,mesh/m105/l02_side.bmp,640,640,captures/mesh/m105/l02_side.jpg,0.007364266086369753,0.01137809082865715,38.87861207364803,0.9929278642149929,5.4253472222216825e-05
mesh,105,,3,side,mesh/m105/l03_side.bmp,640,640,captures/mesh/m105/l03_side.jpg,0.010639121755957603,0.016204440966248512,35.807318940227304,0.9901269393511989,0.00016276041666666435
mesh,105,,4,side,mesh/m105/l04_side.bmp,640,640,captures/mesh/m105/l04_side.jpg,0.014771241694688797,0.021852880716323853,33.20982609676443,0.9852112676056338,8.138020833332871e-05
mesh,105,,5,side,mesh/m105/l05_side.bmp,640,640,captures/mesh/m105/l05_side.jpg,0.021520331501960754,0.032799530774354935,29.682647384038404,0.9845179451090781,0.00010850694444444059
mesh,105,,6,side,mesh/m105/l06_side.bmp,640,640,captures/mesh/m105/l06_side.jpg,0.047395747154951096,0.06511052697896957,23.726975792606716,0.6661971830985915,0.012207031250000003
mesh,105,,0,top,mesh/m105/l00_top.bmp,640,640,captures/mesh/m105/l00_top.jpg,0.0,0.0,99.0,1.0,0.0
mesh,105,,1,top,mesh/m105/l01_top.bmp,640,640,captures/mesh/m105/l01_top.jpg,0.004014056641608477,0.005917670670896769,44.55698415556589,0.9993085964507951,5.4253472222209886e-05
mesh,105,,2,top,mesh/m105/l02_top.bmp,640,640,captures/mesh/m105/l02_top.jpg,0.006393131334334612,0.00897617544978857,40.93817334428425,0.9995390111789789,5.4253472222209886e-05
mesh,105,,3,top,mesh/m105/l03_top.bmp,640,640,captures/mesh/m105/l03_top.jpg,0.008939513936638832,0.012354454025626183,38.16352884804994,0.9989632530814422,0.00013563368055555247
mesh,105,,4,top,mesh/m105/l04_top.bmp,640,640,captures/mesh/m105/l04_top.jpg,0.011934410780668259,0.016399186104536057,35.703554111094945,0.9986176707752563,5.4253472222209886e-05
mesh,105,,5,top,mesh/m105/l05_top.bmp,640,640,captures/mesh/m105/l05_top.jpg,0.016192376613616943,0.022300995886325836,33.03351484820396,0.9987328648773183,8.138020833331483e-05
mesh,105,,6,top,mesh/m105/l06_top.bmp,640,640,captures/mesh/m105/l06_top.jpg,0.04423367977142334,0.05697699263691902,24.886009548985726,0.9982724864678106,8.138020833331483e-05
submesh,105,0,0,hero,submesh/m105_s00/l00_hero.bmp,640,640,captures/submesh/m105_s00/l00_hero.jpg,0.0,0.0,99.0,1.0,0.0
submesh,105,0,1,hero,submesh/m105_s00/l01_hero.bmp,640,640,captures/submesh/m105_s00/l01_hero.jpg,0.0031008117366582155,0.004480042029172182,46.974358233644544,0.9995201535508638,5.4253472222209886e-05
submesh,105,0,2,hero,submesh/m105_s00/l02_hero.bmp,640,640,captures/submesh/m105_s00/l02_hero.jpg,0.004808175843209028,0.006604938767850399,43.602624084555934,0.9978422440661712,8.138020833332871e-05
submesh,105,0,3,hero,submesh/m105_s00/l03_hero.bmp,640,640,captures/submesh/m105_s00/l03_hero.jpg,0.006966245360672474,0.009478460066020489,40.4652443063072,0.9976024934068569,0.00010850694444443365
submesh,105,0,4,hero,submesh/m105_s00/l04_hero.bmp,640,640,captures/submesh/m105_s00/l04_hero.jpg,0.009752705693244934,0.013232916593551636,37.56688849661827,0.9973640067098011,2.7126736111104943e-05
submesh,105,0,5,hero,submesh/m105_s00/l05_hero.bmp,640,640,captures/submesh/m105_s00/l05_hero.jpg,0.013768562115728855,0.018733983859419823,34.54739716559088,0.9968847352024922,8.138020833332871e-05
submesh,105,0,6,hero,submesh/m105_s00/l06_hero.bmp,640,640,captures/submesh/m105_s00/l06_hero.jpg,0.035786353051662445,0.0467381551861763,26.606568675108445,0.9899328859060402,0.0009223090277777762
mesh,106,,0,hero,mesh/m106/l00_hero.bmp,640,640,captures/mesh/m106/l00_hero.jpg,0.0,0.0,99.0,1.0,0.0
mesh,106,,1,hero,mesh/m106/l01_hero.bmp,640,640,captures/mesh/m106/l01_hero.jpg,0.0025867908261716366,0.0038585837464779615,48.27144138818952,0.9993792675356921,5.4253472222223764e-05
mesh,106,,2,hero,mesh/m106/l02_hero.bmp,640,640,captures/mesh/m106/l02_hero.jpg,0.003925625700503588,0.005457444582134485,45.26021331318412,0.9993792675356921,5.4253472222223764e-05
mesh,106,,3,hero,mesh/m106/l03_hero.bmp,640,640,captures/mesh/m106/l03_hero.jpg,0.005431954748928547,0.007542623672634363,42.449551203696316,0.9987589202606267,5.4253472222223764e-05
mesh,106,,4,hero,mesh/m106/l04_hero.bmp,640,640,captures/mesh/m106/l04_hero.jpg,0.007273753173649311,0.010166152380406857,39.8568676989345,0.999379074821484,0.0
mesh,106,,5,hero,mesh/m106/l05_hero.bmp,640,640,captures/mesh/m106/l05_hero.jpg,0.010003000497817993,0.013977853581309319,37.0911902618804,0.9984491315136477,8.138020833332871e-05
mesh,106,,6,hero,mesh/m106/l06_hero.bmp,640,640,captures/mesh/m106/l06_hero.jpg,0.02961399033665657,0.039038825780153275,28.17006507260139,0.9928836633663366,2.712673611111882e-05
mesh,106,,0,side,mesh/m106/l00_side.bmp,640,640,captures/mesh/m106/l00_side.jpg,0.0,0.0,99.0,1.0,0.0
mesh,106,,1,side,mesh/m106/l01_side.bmp,640,640,captures/mesh/m106/l01_side.jpg,0.003083640243858099,0.004664169624447823,46.62451327466299,0.9987912973408541,8.138020833332871e-05
mesh,106,,2,side,mesh/m106/l02_side.bmp,640,640,captures/mesh/m106/l02_side.jpg,0.0048095304518938065,0.007186549250036478,42.86959187637515,0.9987912973408541,8.138020833332871e-05
mesh,106,,3,side,mesh/m106/l03_side.bmp,640,640,captures/mesh/m106/l03_side.jpg,0.006821171846240759,0.010136853903532028,39.88193625378662,0.9975845410628019,5.4253472222223764e-05
mesh,106,,4,side,mesh/m106/l04_side.bmp,640,640,captures/mesh/m106/l04_side.jpg,0.009373800829052925,0.013988914899528027,37.08431943628788,0.995575221238938,8.138020833332871e-05
mesh,106,,5,side,mesh/m106/l05_side.bmp,640,640,captures/mesh/m106/l05_side.jpg,0.013107139617204666,0.019491560757160187,34.20306768036332,0.993963782696177,0.000244140625
mesh,106,,6,side,mesh/m106/l06_side.bmp,640,640,captures/mesh/m106/l06_side.jpg,0.039918433874845505,0.05206803232431412,25.66857668418129,0.9628,0.0015462239583333287
mesh,106,,0,top,mesh/m106/l00_top.bmp,640,640,captures/mesh/m106/l00_top.jpg,0.0,0.0,99.0,1.0,0.0
mesh,106,,1,top,mesh/m106/l01_top.bmp,640,640,captures/mesh/m106/l01_top.jpg,0.003010537475347519,0.0046157618053257465,46.7151322175914,0.9975056689342403,0.00010850694444444753
mesh,106,,2,top,mesh/m106/l02_top.bmp,640,640,captures/mesh/m106/l02_top.jpg,0.005371926352381706,0.007917114533483982,42.02866144527475,0.9973922902494331,8.138020833334259e-05
mesh,106,,3,top,mesh/m106/l03_top.bmp,640,640,captures/mesh/m106/l03_top.jpg,0.007861660793423653,0.011366854421794415,38.887194041799916,0.997279220043079,0.00010850694444444753
mesh,106,,4,top,mesh/m106/l04_top.bmp,640,640,captures/mesh/m106/l04_top.jpg,0.010665802285075188,0.015453523024916649,36.219449928843865,0.9966001813236628,0.00010850694444444753
mesh,106,,5,top,mesh/m106/l05_top.bmp,640,640,captures/mesh/m106/l05_top.jpg,0.014406928792595863,0.020494844764471054,33.76710733683878,0.9963743485157489,0.00016276041666665741
mesh,106,,6,top,mesh/m106/l06_top.bmp,640,640,captures/mesh/m106/l06_top.jpg,0.041595157235860825,0.053728170692920685,25.395958915964563,0.9968253968253968,5.4253472222209886e-05
submesh,106,0,0,hero,submesh/m106_s00/l00_hero.bmp,640,640,captures/submesh/m106_s00/l00_hero.jpg,0.0,0.0,99.0,1.0,0.0
submesh,106,0,1,hero,submesh/m106_s00/l01_hero.bmp,640,640,captures/submesh/m106_s00/l01_hero.jpg,0.0025867908261716366,0.0038585837464779615,48.27144138818952,0.9993792675356921,5.4253472222223764e-05
submesh,106,0,2,hero,submesh/m106_s00/l02_hero.bmp,640,640,captures/submesh/m106_s00/l02_hero.jpg,0.003925625700503588,0.005457444582134485,45.26021331318412,0.9993792675356921,5.4253472222223764e-05
submesh,106,0,3,hero,submesh/m106_s00/l03_hero.bmp,640,640,captures/submesh/m106_s00/l03_hero.jpg,0.005431954748928547,0.007542623672634363,42.449551203696316,0.9987589202606267,5.4253472222223764e-05
submesh,106,0,4,hero,submesh/m106_s00/l04_hero.bmp,640,640,captures/submesh/m106_s00/l04_hero.jpg,0.007273753173649311,0.010166152380406857,39.8568676989345,0.999379074821484,0.0
submesh,106,0,5,hero,submesh/m106_s00/l05_hero.bmp,640,640,captures/submesh/m106_s00/l05_hero.jpg,0.010003000497817993,0.013977853581309319,37.0911902618804,0.9984491315136477,8.138020833332871e-05
submesh,106,0,6,hero,submesh/m106_s00/l06_hero.bmp,640,640,captures/submesh/m106_s00/l06_hero.jpg,0.02961399033665657,0.039038825780153275,28.17006507260139,0.9928836633663366,2.712673611111882e-05
mesh,107,,0,hero,mesh/m107/l00_hero.bmp,640,640,captures/mesh/m107/l00_hero.jpg,0.0,0.0,99.0,1.0,0.0
mesh,107,,1,hero,mesh/m107/l01_hero.bmp,640,640,captures/mesh/m107/l01_hero.jpg,0.0026570807676762342,0.003909955732524395,48.15656319085102,0.9991551675584343,8.138020833332871e-05
mesh,107,,2,hero,mesh/m107/l02_hero.bmp,640,640,captures/mesh/m107/l02_hero.jpg,0.004100640770047903,0.005684351548552513,44.90638141969335,0.9980309423347398,2.712673611111882e-05
mesh,107,,3,hero,mesh/m107/l03_hero.bmp,640,640,captures/mesh/m107/l03_hero.jpg,0.005866169463843107,0.0082094706594944,41.71369689919956,0.9974676420934159,8.138020833332871e-05
mesh,107,,4,hero,mesh/m107/l04_hero.bmp,640,640,captures/mesh/m107/l04_hero.jpg,0.007778366561979055,0.010943196713924408,39.21711587738022,0.9983108108108109,0.00010850694444444753
mesh,107,,5,hero,mesh/m107/l05_hero.bmp,640,640,captures/mesh/m107/l05_hero.jpg,0.011009596288204193,0.015527265146374702,36.17810061682759,0.9977490151941475,5.4253472222223764e-05
mesh,107,,6,hero,mesh/m107/l06_hero.bmp,640,640,captures/mesh/m107/l06_hero.jpg,0.03554627299308777,0.047709397971630096,26.42792127236313,0.9890970086664803,0.00035264756944444753
mesh,107,,0,side,mesh/m107/l00_side.bmp,640,640,captures/mesh/m107/l00_side.jpg,0.0,0.0,99.0,1.0,0.0
mesh,107,,1,side,mesh/m107/l01_side.bmp,640,640,captures/mesh/m107/l01_side.jpg,0.002894046250730753,0.004572149831801653,46.79759091961013,0.9974014724989173,0.00010850694444444753
mesh,107,,2,side,mesh/m107/l02_side.bmp,640,640,captures/mesh/m107/l02_side.jpg,0.004988004453480244,0.0076276822946965694,42.35214808633713,0.9956766104626027,0.0
mesh,107,,3,side,mesh/m107/l03_side.bmp,640,640,captures/mesh/m107/l03_side.jpg,0.007226026151329279,0.010897483676671982,39.253475456779725,0.9969710082215492,2.712673611111882e-05
mesh,107,,4,side,mesh/m107/l04_side.bmp,640,640,captures/mesh/m107/l04_side.jpg,0.010009353049099445,0.014926468022167683,36.52085890236529,0.9948119325551232,5.4253472222223764e-05
mesh,107,,5,side,mesh/m107/l05_side.bmp,640,640,captures/mesh/m107/l05_side.jpg,0.014781645499169827,0.02202274091541767,33.14257260795496,0.995674740484429,5.4253472222223764e-05
mesh,107,,6,side,mesh/m107/l06_side.bmp,640,640,captures/mesh/m107/l06_side.jpg,0.047106508165597916,0.0642412006855011,23.843727011432286,0.9618448637316562,0.001708984375
mesh,107,,0,top,mesh/m107/l00_top.bmp,640,640,captures/mesh/m107/l00_top.jpg,0.0,0.0,99.0,1.0,0.0
mesh,107,,1,top,mesh/m107/l01_top.bmp,640,640,captures/mesh/m107/l01_top.jpg,0.0029034193139523268,0.004332758020609617,47.264711302388925,0.9994341971257213,2.7126736111104943e-05
mesh,107,,2,top,mesh/m107/l02_top.bmp,640,640,captures/mesh/m107/l02_top.jpg,0.005066339857876301,0.007242982741445303,42.80165099266938,0.9992078759760099,8.138020833331483e-05
mesh,107,,3,top,mesh/m107/l03_top.bmp,640,640,captures/mesh/m107/l03_top.jpg,0.0073586152866482735,0.010262723080813885,39.774747790213006,0.9984164687252574,5.4253472222209886e-05
mesh,107,,4,top,mesh/m107/l04_top.bmp,640,640,captures/mesh/m107/l04_top.jpg,0.010264099575579166,0.014332577586174011,36.87351397183526,0.9986425339366516,5.4253472222209886e-05
mesh,107,,5,top,mesh/m107/l05_top.bmp,640,640,captures/mesh/m107/l05_top.jpg,0.014384406618773937,0.020173005759716034,33.904587749573956,0.9975124378109452,0.00010850694444444753
mesh,107,,6,top,mesh/m107/l06_top.bmp,640,640,captures/mesh/m107/l06_top.jpg,0.04267709329724312,0.055773817002773285,25.071392652031328,0.9969477730047479,0.00013563368055555247
submesh,107,0,0,hero,submesh/m107_s00/l00_hero.bmp,640,640,captures/submesh/m107_s00/l00_hero.jpg,0.0,0.0,99.0,1.0,0.0
submesh,107,0,1,hero,submesh/m107_s00/l01_hero.bmp,640,640,captures/submesh/m107_s00/l01_hero.jpg,0.0026570807676762342,0.003909955732524395,48.15656319085102,0.9991551675584343,8.138020833332871e-05
submesh,107,0,2,hero,submesh/m107_s00/l02_hero.bmp,640,640,captures/submesh/m107_s00/l02_hero.jpg,0.004100640770047903,0.005684351548552513,44.90638141969335,0.9980309423347398,2.712673611111882e-05
submesh,107,0,3,hero,submesh/m107_s00/l03_hero.bmp,640,640,captures/submesh/m107_s00/l03_hero.jpg,0.005866169463843107,0.0082094706594944,41.71369689919956,0.9974676420934159,8.138020833332871e-05
submesh,107,0,4,hero,submesh/m107_s00/l04_hero.bmp,640,640,captures/submesh/m107_s00/l04_hero.jpg,0.007778366561979055,0.010943196713924408,39.21711587738022,0.9983108108108109,0.00010850694444444753
submesh,107,0,5,hero,submesh/m107_s00/l05_hero.bmp,640,640,captures/submesh/m107_s00/l05_hero.jpg,0.011009596288204193,0.015527265146374702,36.17810061682759,0.9977490151941475,5.4253472222223764e-05
submesh,107,0,6,hero,submesh/m107_s00/l06_hero.bmp,640,640,captures/submesh/m107_s00/l06_hero.jpg,0.03554627299308777,0.047709397971630096,26.42792127236313,0.9890970086664803,0.00035264756944444753
mesh,108,,0,hero,mesh/m108/l00_hero.bmp,640,640,captures/mesh/m108/l00_hero.jpg,0.0,0.0,99.0,1.0,0.0
mesh,108,,1,hero,mesh/m108/l01_hero.bmp,640,640,captures/mesh/m108/l01_hero.jpg,0.0024668704718351364,0.0036817817017436028,48.67883930055476,0.9984709480122325,8.138020833332871e-05
mesh,108,,2,hero,mesh/m108/l02_hero.bmp,640,640,captures/mesh/m108/l02_hero.jpg,0.0033613445702940226,0.004699199926108122,46.559521553005496,0.9984704802691955,2.7126736111104943e-05
mesh,108,,3,hero,mesh/m108/l03_hero.bmp,640,640,captures/mesh/m108/l03_hero.jpg,0.00431280629709363,0.005971034988760948,44.479007679089946,0.9978599816569856,8.138020833332871e-05
mesh,108,,4,hero,mesh/m108/l04_hero.bmp,640,640,captures/mesh/m108/l04_hero.jpg,0.005466211121529341,0.007530704140663147,42.463288284465975,0.9972477064220183,2.712673611111882e-05
mesh,108,,5,hero,mesh/m108/l05_hero.bmp,640,640,captures/mesh/m108/l05_hero.jpg,0.007121584378182888,0.009941471740603447,40.05098635328292,0.9969418960244648,5.4253472222223764e-05
mesh,108,,6,hero,mesh/m108/l06_hero.bmp,640,640,captures/mesh/m108/l06_hero.jpg,0.013580624014139175,0.019042693078517914,34.40543264588777,0.9960256802201162,8.138020833334259e-05
mesh,108,,0,side,mesh/m108/l00_side.bmp,640,640,captures/mesh/m108/l00_side.jpg,0.0,0.0,99.0,1.0,0.0
mesh,108,,1,side,mesh/m108/l01_side.bmp,640,640,captures/mesh/m108/l01_side.jpg,0.0029465339612215757,0.004378213081508875,47.17406211497086,0.9975409836065574,8.138020833332871e-05
mesh,108,,2,side,mesh/m108/l02_side.bmp,640,640,captures/mesh/m108/l02_side.jpg,0.004954911768436432,0.007157427724450827,42.904860575608694,0.9959083469721768,2.7126736111104943e-05
mesh,108,,3,side,mesh/m108/l03_side.bmp,640,640,captures/mesh/m108/l03_side.jpg,0.006177886854857206,0.009000765159726143,40.914411387831855,0.9934587080948487,5.4253472222216825e-05
mesh,108,,4,side,mesh/m108/l04_side.bmp,640,640,captures/mesh/m108/l04_side.jpg,0.007714876439422369,0.011818913742899895,38.54844873837273,0.9934587080948487,5.4253472222216825e-05
mesh,108,,5,side,mesh/m108/l05_side.bmp,640,640,captures/mesh/m108/l05_side.jpg,0.010474561713635921,0.016002167016267776,35.91642402253041,0.9885900570497147,0.0
mesh,108,,6,side,mesh/m108/l06_side.bmp,640,640,captures/mesh/m108/l06_side.jpg,0.020351022481918335,0.030223485082387924,30.393109168713828,0.9748580697485807,0.00013563368055555247
mesh,108,,0,top,mesh/m108/l00_top.bmp,640,640,captures/mesh/m108/l00_top.jpg,0.0,0.0,99.0,1.0,0.0
mesh,108,,1,top,mesh/m108/l01_top.bmp,640,640,captures/mesh/m108/l01_top.jpg,0.0022995565086603165,0.0034889073576778173,49.146211247801816,0.9983216783216783,0.0
mesh,108,,2,top,mesh/m108/l02_top.bmp,640,640,captures/mesh/m108/l02_top.jpg,0.003746374510228634,0.005423284601420164,45.31475208395135,0.9988808058198098,0.0
mesh,108,,3,top,mesh/m108/l03_top.bmp,640,640,captures/mesh/m108/l03_top.jpg,0.005153069272637367,0.0072767767123878,42.761219023669746,0.9981818181818182,2.71267361111327e-05
mesh,108,,4,top,mesh/m108/l04_top.bmp,640,640,captures/mesh/m108/l04_top.jpg,0.006826596800237894,0.009667770005762577,40.293473798337594,0.9977625506922109,5.425347222223764e-05
mesh,108,,5,top,mesh/m108/l05_top.bmp,640,640,captures/mesh/m108/l05_top.jpg,0.00932860467582941,0.013267362490296364,37.54430809849006,0.9977619247447196,0.00016276041666668517
mesh,108,,6,top,mesh/m108/l06_top.bmp,640,640,captures/mesh/m108/l06_top.jpg,0.0184522345662117,0.025983963161706924,31.70589216303234,0.9980416841516296,0.00010850694444444753
submesh,108,0,0,hero,submesh/m108_s00/l00_hero.bmp,640,640,captures/submesh/m108_s00/l00_hero.jpg,0.0,0.0,99.0,1.0,0.0
submesh,108,0,1,hero,submesh/m108_s00/l01_hero.bmp,640,640,captures/submesh/m108_s00/l01_hero.jpg,0.0024668704718351364,0.0036817817017436028,48.67883930055476,0.9984709480122325,8.138020833332871e-05
submesh,108,0,2,hero,submesh/m108_s00/l02_hero.bmp,640,640,captures/submesh/m108_s00/l02_hero.jpg,0.0033613445702940226,0.004699199926108122,46.559521553005496,0.9984704802691955,2.7126736111104943e-05
submesh,108,0,3,hero,submesh/m108_s00/l03_hero.bmp,640,640,captures/submesh/m108_s00/l03_hero.jpg,0.00431280629709363,0.005971034988760948,44.479007679089946,0.9978599816569856,8.138020833332871e-05
submesh,108,0,4,hero,submesh/m108_s00/l04_hero.bmp,640,640,captures/submesh/m108_s00/l04_hero.jpg,0.005466211121529341,0.007530704140663147,42.463288284465975,0.9972477064220183,2.712673611111882e-05
submesh,108,0,5,hero,submesh/m108_s00/l05_hero.bmp,640,640,captures/submesh/m108_s00/l05_hero.jpg,0.007121584378182888,0.009941471740603447,40.05098635328292,0.9969418960244648,5.4253472222223764e-05
submesh,108,0,6,hero,submesh/m108_s00/l06_hero.bmp,640,640,captures/submesh/m108_s00/l06_hero.jpg,0.013580624014139175,0.019042693078517914,34.40543264588777,0.9960256802201162,8.138020833334259e-05
mesh,109,,0,hero,mesh/m109/l00_hero.bmp,640,640,captures/mesh/m109/l00_hero.jpg,0.0,0.0,99.0,1.0,0.0
mesh,109,,1,hero,mesh/m109/l01_hero.bmp,640,640,captures/mesh/m109/l01_hero.jpg,0.0024944606702774763,0.0036819560918956995,48.67842789709152,0.9993924665856622,5.4253472222223764e-05
mesh,109,,2,hero,mesh/m109/l02_hero.bmp,640,640,captures/mesh/m109/l02_hero.jpg,0.0035132206976413727,0.004913435783237219,46.172294312817016,0.9987856709168185,0.00010850694444444753
mesh,109,,3,hero,mesh/m109/l03_hero.bmp,640,640,captures/mesh/m109/l03_hero.jpg,0.004632523749023676,0.006423796992748976,43.8441638450047,0.9987853021560886,5.4253472222223764e-05
mesh,109,,4,hero,mesh/m109/l04_hero.bmp,640,640,captures/mesh/m109/l04_hero.jpg,0.005987976677715778,0.008373568765819073,41.54178817591172,0.9990886998784934,2.712673611111882e-05
mesh,109,,5,hero,mesh/m109/l05_hero.bmp,640,640,captures/mesh/m109/l05_hero.jpg,0.008040090091526508,0.011273727752268314,38.95864914216192,0.9990886998784934,2.712673611111882e-05
mesh,109,,6,hero,mesh/m109/l06_hero.bmp,640,640,captures/mesh/m109/l06_hero.jpg,0.01590017043054104,0.02373385615646839,32.492633881738996,0.9975713418336369,0.0
mesh,109,,0,side,mesh/m109/l00_side.bmp,640,640,captures/mesh/m109/l00_side.jpg,0.0,0.0,99.0,1.0,0.0
mesh,109,,1,side,mesh/m109/l01_side.bmp,640,640,captures/mesh/m109/l01_side.jpg,0.0035986159928143024,0.005670498590916395,44.92757506283404,0.9980392156862745,0.0
mesh,109,,2,side,mesh/m109/l02_side.bmp,640,640,captures/mesh/m109/l02_side.jpg,0.005959887057542801,0.008988657966256142,40.926102898054104,0.9965686274509804,8.138020833333565e-05
mesh,109,,3,side,mesh/m109/l03_side.bmp,640,640,captures/mesh/m109/l03_side.jpg,0.007961506955325603,0.012078520841896534,38.35972493935526,0.9946157611355849,2.7126736111111882e-05
mesh,109,,4,side,mesh/m109/l04_side.bmp,640,640,captures/mesh/m109/l04_side.jpg,0.010536293499171734,0.01598186604678631,35.9274502745227,0.9955903968642822,8.138020833333565e-05
mesh,109,,5,side,mesh/m109/l05_side.bmp,640,640,captures/mesh/m109/l05_side.jpg,0.014266362413764,0.021937081590294838,33.176422989679196,0.9936305732484076,0.00018988715277778317
mesh,109,,6,side,mesh/m109/l06_side.bmp,640,640,captures/mesh/m109/l06_side.jpg,0.02488621696829796,0.0361691489815712,28.833234191345234,0.9824817518248176,5.4253472222223764e-05
mesh,109,,0,top,mesh/m109/l00_top.bmp,640,640,captures/mesh/m109/l00_top.jpg,0.0,0.0,99.0,1.0,0.0
mesh,109,,1,top,mesh/m109/l01_top.bmp,640,640,captures/mesh/m109/l01_top.jpg,0.0025901931803673506,0.003935174085199833,48.10072100907498,0.9972099853157121,2.7126736111104943e-05
mesh,109,,2,top,mesh/m109/l02_top.bmp,640,640,captures/mesh/m109/l02_top.jpg,0.004029061179608107,0.005717952735722065,44.85518877634246,0.9970631424375918,0.0
mesh,109,,3,top,mesh/m109/l03_top.bmp,640,640,captures/mesh/m109/l03_top.jpg,0.0056150867603719234,0.007896685041487217,42.05110366869129,0.9954532120856556,0.00013563368055555247
mesh,109,,4,top,mesh/m109/l04_top.bmp,640,640,captures/mesh/m109/l04_top.jpg,0.007552202790975571,0.010834652930498123,39.303699919986485,0.9958920187793427,0.00010850694444444753
mesh,109,,5,top,mesh/m109/l05_top.bmp,640,640,captures/mesh/m109/l05_top.jpg,0.010476316325366497,0.01502988114953041,36.460889072636014,0.9955972996771353,5.4253472222209886e-05
mesh,109,,6,top,mesh/m109/l06_top.bmp,640,640,captures/mesh/m109/l06_top.jpg,0.019532889127731323,0.027738187462091446,31.13843842180129,0.9942806863176419,2.7126736111104943e-05
submesh,109,0,0,hero,submesh/m109_s00/l00_hero.bmp,640,640,captures/submesh/m109_s00/l00_hero.jpg,0.0,0.0,99.0,1.0,0.0
submesh,109,0,1,hero,submesh/m109_s00/l01_hero.bmp,640,640,captures/submesh/m109_s00/l01_hero.jpg,0.0024944606702774763,0.0036819560918956995,48.67842789709152,0.9993924665856622,5.4253472222223764e-05
submesh,109,0,2,hero,submesh/m109_s00/l02_hero.bmp,640,640,captures/submesh/m109_s00/l02_hero.jpg,0.0035132206976413727,0.004913435783237219,46.172294312817016,0.9987856709168185,0.00010850694444444753
submesh,109,0,3,hero,submesh/m109_s00/l03_hero.bmp,640,640,captures/submesh/m109_s00/l03_hero.jpg,0.004632523749023676,0.006423796992748976,43.8441638450047,0.9987853021560886,5.4253472222223764e-05
submesh,109,0,4,hero,submesh/m109_s00/l04_hero.bmp,640,640,captures/submesh/m109_s00/l04_hero.jpg,0.005987976677715778,0.008373568765819073,41.54178817591172,0.9990886998784934,2.712673611111882e-05
submesh,109,0,5,hero,submesh/m109_s00/l05_hero.bmp,640,640,captures/submesh/m109_s00/l05_hero.jpg,0.008040090091526508,0.011273727752268314,38.95864914216192,0.9990886998784934,2.712673611111882e-05
submesh,109,0,6,hero,submesh/m109_s00/l06_hero.bmp,640,640,captures/submesh/m109_s00/l06_hero.jpg,0.01590017043054104,0.02373385615646839,32.492633881738996,0.9975713418336369,0.0
mesh,110,,0,hero,mesh/m110/l00_hero.bmp,640,640,captures/mesh/m110/l00_hero.jpg,0.0,0.0,99.0,1.0,0.0
mesh,110,,1,hero,mesh/m110/l01_hero.bmp,640,640,captures/mesh/m110/l01_hero.jpg,0.002208621008321643,0.0033438627142459154,49.51503122555371,0.9989525139664804,2.7126736111104943e-05
mesh,110,,2,hero,mesh/m110/l02_hero.bmp,640,640,captures/mesh/m110/l02_hero.jpg,0.0028944257646799088,0.004172171466052532,47.59275702873455,0.9986043265875785,5.4253472222223764e-05
mesh,110,,3,hero,mesh/m110/l03_hero.bmp,640,640,captures/mesh/m110/l03_hero.jpg,0.0035743536427617073,0.005014963448047638,45.99464456042486,0.9982547993019197,2.7126736111104943e-05
mesh,110,,4,hero,mesh/m110/l04_hero.bmp,640,640,captures/mesh/m110/l04_hero.jpg,0.004386337008327246,0.0061297547072172165,44.25113808363974,0.9972086531751571,5.4253472222209886e-05
mesh,110,,5,hero,mesh/m110/l05_hero.bmp,640,640,captures/mesh/m110/l05_hero.jpg,0.005616901442408562,0.007849634625017643,42.1030111556214,0.9965108164689462,0.00010850694444443365
mesh,110,,6,hero,mesh/m110/l06_hero.bmp,640,640,captures/mesh/m110/l06_hero.jpg,0.010076803155243397,0.01417427510023117,36.96998285049251,0.9947680502267178,0.00018988715277777624
mesh,110,,0,side,mesh/m110/l00_side.bmp,640,640,captures/mesh/m110/l00_side.jpg,0.0,0.0,99.0,1.0,0.0
mesh,110,,1,side,mesh/m110/l01_side.bmp,640,640,captures/mesh/m110/l01_side.jpg,0.00224282406270504,0.003550445893779397,48.99434202595514,0.9965588437715073,2.7126736111111882e-05
mesh,110,,2,side,mesh/m110/l02_side.bmp,640,640,captures/mesh/m110/l02_side.jpg,0.0037822190206497908,0.005870503839105368,44.62649247197098,0.9944979367262724,5.4253472222223764e-05
mesh,110,,3,side,mesh/m110/l03_side.bmp,640,640,captures/mesh/m110/l03_side.jpg,0.004853604827076197,0.007441743742674589,42.56650578077643,0.9944941500344116,0.00010850694444444753
mesh,110,,4,side,mesh/m110/l04_side.bmp,640,640,captures/mesh/m110/l04_side.jpg,0.00592778529971838,0.009128838777542114,40.79168925671727,0.9931176875430144,0.0001627604166666713
mesh,110,,5,side,mesh/m110/l05_side.bmp,640,640,captures/mesh/m110/l05_side.jpg,0.008010909892618656,0.012419091537594795,38.1182034368758,0.9897048730267674,8.138020833333565e-05
mesh,110,,6,side,mesh/m110/l06_side.bmp,640,640,captures/mesh/m110/l06_side.jpg,0.015170207247138023,0.023501770570874214,32.577988354399906,0.9876627827278959,5.4253472222223764e-05
mesh,110,,0,top,mesh/m110/l00_top.bmp,640,640,captures/mesh/m110/l00_top.jpg,0.0,0.0,99.0,1.0,0.0
mesh,110,,1,top,mesh/m110/l01_top.bmp,640,640,captures/mesh/m110/l01_top.jpg,0.001971498830243945,0.003116585547104478,50.12641895332823,0.9991058122205663,0.00010850694444444753
mesh,110,,2,top,mesh/m110/l02_top.bmp,640,640,captures/mesh/m110/l02_top.jpg,0.0031644157133996487,0.004793565254658461,46.386827124296836,0.9986585184081085,2.7126736111104943e-05
mesh,110,,3,top,mesh/m110/l03_top.bmp,640,640,captures/mesh/m110/l03_top.jpg,0.004289374221116304,0.0063609229400753975,43.929597313757036,0.9988077496274218,5.4253472222209886e-05
mesh,110,,4,top,mesh/m110/l04_top.bmp,640,640,captures/mesh/m110/l04_top.jpg,0.005697920918464661,0.008297162130475044,41.62140847012047,0.9983611442193087,8.138020833334259e-05
mesh,110,,5,top,mesh/m110/l05_top.bmp,640,640,captures/mesh/m110/l05_top.jpg,0.007604209706187248,0.011123391799628735,39.07525530677644,0.9982124236555936,0.00010850694444444753
mesh,110,,6,top,mesh/m110/l06_top.bmp,640,640,captures/mesh/m110/l06_top.jpg,0.01472081895917654,0.02139877714216709,33.39222088402861,0.9971713562602352,0.00013563368055555247
submesh,110,0,0,hero,submesh/m110_s00/l00_hero.bmp,640,640,captures/submesh/m110_s00/l00_hero.jpg,0.0,0.0,99.0,1.0,0.0
submesh,110,0,1,hero,submesh/m110_s00/l01_hero.bmp,640,640,captures/submesh/m110_s00/l01_hero.jpg,0.002208621008321643,0.0033438627142459154,49.51503122555371,0.9989525139664804,2.7126736111104943e-05
submesh,110,0,2,hero,submesh/m110_s00/l02_hero.bmp,640,640,captures/submesh/m110_s00/l02_hero.jpg,0.0028944257646799088,0.004172171466052532,47.59275702873455,0.9986043265875785,5.4253472222223764e-05
submesh,110,0,3,hero,submesh/m110_s00/l03_hero.bmp,640,640,captures/submesh/m110_s00/l03_hero.jpg,0.0035743536427617073,0.005014963448047638,45.99464456042486,0.9982547993019197,2.7126736111104943e-05
submesh,110,0,4,hero,submesh/m110_s00/l04_hero.bmp,640,640,captures/submesh/m110_s00/l04_hero.jpg,0.004386337008327246,0.0061297547072172165,44.25113808363974,0.9972086531751571,5.4253472222209886e-05
submesh,110,0,5,hero,submesh/m110_s00/l05_hero.bmp,640,640,captures/submesh/m110_s00/l05_hero.jpg,0.005616901442408562,0.007849634625017643,42.1030111556214,0.9965108164689462,0.00010850694444443365
submesh,110,0,6,hero,submesh/m110_s00/l06_hero.bmp,640,640,captures/submesh/m110_s00/l06_hero.jpg,0.010076803155243397,0.01417427510023117,36.96998285049251,0.9947680502267178,0.00018988715277777624
mesh,111,,0,hero,mesh/m111/l00_hero.bmp,640,640,captures/mesh/m111/l00_hero.jpg,0.0,0.0,99.0,1.0,0.0
mesh,111,,1,hero,mesh/m111/l01_hero.bmp,640,640,captures/mesh/m111/l01_hero.jpg,0.0026514006312936544,0.0038917837664484978,48.19702595618799,0.9983340274885465,5.4253472222223764e-05
mesh,111,,2,hero,mesh/m111/l02_hero.bmp,640,640,captures/mesh/m111/l02_hero.jpg,0.003442120738327503,0.0048585860058665276,46.26980210117479,0.9975020815986678,5.4253472222223764e-05
mesh,111,,3,hero,mesh/m111/l03_hero.bmp,640,640,captures/mesh/m111/l03_hero.jpg,0.004131545778363943,0.005718834698200226,44.85384912938134,0.9975031210986267,0.0
mesh,111,,4,hero,mesh/m111/l04_hero.bmp,640,640,captures/mesh/m111/l04_hero.jpg,0.0050308313220739365,0.0069487798027694225,43.16182900589106,0.9966722129783694,0.0
mesh,111,,5,hero,mesh/m111/l05_hero.bmp,640,640,captures/mesh/m111/l05_hero.jpg,0.006304307375103235,0.00875258632004261,41.15727194857176,0.997504159733777,5.4253472222223764e-05
mesh,111,,6,hero,mesh/m111/l06_hero.bmp,640,640,captures/mesh/m111/l06_hero.jpg,0.010812689550220966,0.015284269116818905,36.31510648206398,0.9945990859991691,2.7126736111104943e-05
mesh,111,,0,side,mesh/m111/l00_side.bmp,640,640,captures/mesh/m111/l00_side.jpg,0.0,0.0,99.0,1.0,0.0
mesh,111,,1,side,mesh/m111/l01_side.bmp,640,640,captures/mesh/m111/l01_side.jpg,0.003159111365675926,0.004663802683353424,46.625196640724994,0.9980707395498393,2.7126736111111882e-05
mesh,111,,2,side,mesh/m111/l02_side.bmp,640,640,captures/mesh/m111/l02_side.jpg,0.0047961086966097355,0.0070571149699389935,43.02745614528539,0.9980719794344473,2.7126736111111882e-05
mesh,111,,3,side,mesh/m111/l03_side.bmp,640,640,captures/mesh/m111/l03_side.jpg,0.006012903992086649,0.009188567288219929,40.73504399932223,0.9974309569685292,5.4253472222223764e-05
mesh,111,,4,side,mesh/m111/l04_side.bmp,640,640,captures/mesh/m111/l04_side.jpg,0.007589078042656183,0.011469203978776932,38.80933446607458,0.9910198845413727,0.00010850694444444059
mesh,111,,5,side,mesh/m111/l05_side.bmp,640,640,captures/mesh/m111/l05_side.jpg,0.010046086274087429,0.015943406149744987,35.94837780683869,0.9891025641025641,0.00013563368055555247
mesh,111,,6,side,mesh/m111/l06_side.bmp,640,640,captures/mesh/m111/l06_side.jpg,0.018136942759156227,0.028484081849455833,30.90795549896884,0.9815638906547998,0.000244140625
mesh,111,,0,top,mesh/m111/l00_top.bmp,640,640,captures/mesh/m111/l00_top.jpg,0.0,0.0,99.0,1.0,0.0
mesh,111,,1,top,mesh/m111/l01_top.bmp,640,640,captures/mesh/m111/l01_top.jpg,0.0025217721704393625,0.0038199792616069317,48.35877989670887,0.9995369655811082,2.71267361111327e-05
mesh,111,,2,top,mesh/m111/l02_top.bmp,640,640,captures/mesh/m111/l02_top.jpg,0.0038454942405223846,0.005573902744799852,45.07681226525388,0.9993825254708243,5.4253472222209886e-05
mesh,111,,3,top,mesh/m111/l03_top.bmp,640,640,captures/mesh/m111/l03_top.jpg,0.005038298666477203,0.007216678466647863,42.833252878307555,0.9986108967433246,0.00013563368055555247
mesh,111,,4,top,mesh/m111/l04_top.bmp,640,640,captures/mesh/m111/l04_top.jpg,0.0066992961801588535,0.009572193026542664,40.37977104547393,0.997994446158593,8.138020833331483e-05
mesh,111,,5,top,mesh/m111/l05_top.bmp,640,640,captures/mesh/m111/l05_top.jpg,0.009042016230523586,0.013081169687211514,37.667068413829426,0.997685542354575,0.00018988715277776236
mesh,111,,6,top,mesh/m111/l06_top.bmp,640,640,captures/mesh/m111/l06_top.jpg,0.016589529812335968,0.02394373156130314,32.41616330232346,0.9976858994137612,0.00013563368055555247
submesh,111,0,0,hero,submesh/m111_s00/l00_hero.bmp,640,640,captures/submesh/m111_s00/l00_hero.jpg,0.0,0.0,99.0,1.0,0.0
submesh,111,0,1,hero,submesh/m111_s00/l01_hero.bmp,640,640,captures/submesh/m111_s00/l01_hero.jpg,0.0026514006312936544,0.0038917837664484978,48.19702595618799,0.9983340274885465,5.4253472222223764e-05
submesh,111,0,2,hero,submesh/m111_s00/l02_hero.bmp,640,640,captures/submesh/m111_s00/l02_hero.jpg,0.003442120738327503,0.0048585860058665276,46.26980210117479,0.9975020815986678,5.4253472222223764e-05
submesh,111,0,3,hero,submesh/m111_s00/l03_hero.bmp,640,640,captures/submesh/m111_s00/l03_hero.jpg,0.004131545778363943,0.005718834698200226,44.85384912938134,0.9975031210986267,0.0
submesh,111,0,4,hero,submesh/m111_s00/l04_hero.bmp,640,640,captures/submesh/m111_s00/l04_hero.jpg,0.0050308313220739365,0.0069487798027694225,43.16182900589106,0.9966722129783694,0.0
submesh,111,0,5,hero,submesh/m111_s00/l05_hero.bmp,640,640,captures/submesh/m111_s00/l05_hero.jpg,0.006304307375103235,0.00875258632004261,41.15727194857176,0.997504159733777,5.4253472222223764e-05
submesh,111,0,6,hero,submesh/m111_s00/l06_hero.bmp,640,640,captures/submesh/m111_s00/l06_hero.jpg,0.010812689550220966,0.015284269116818905,36.31510648206398,0.9945990859991691,2.7126736111104943e-05
mesh,112,,0,hero,mesh/m112/l00_hero.bmp,640,640,captures/mesh/m112/l00_hero.jpg,0.0,0.0,99.0,1.0,0.0
mesh,112,,1,hero,mesh/m112/l01_hero.bmp,640,640,captures/mesh/m112/l01_hero.jpg,0.003146157832816243,0.004488472826778889,46.958027993840226,0.9987765089722676,5.4253472222209886e-05
mesh,112,,2,hero,mesh/m112/l02_hero.bmp,640,640,captures/mesh/m112/l02_hero.jpg,0.00534924166277051,0.007384301163256168,42.63381198484031,0.9991843393148451,0.0
mesh,112,,3,hero,mesh/m112/l03_hero.bmp,640,640,captures/mesh/m112/l03_hero.jpg,0.00772342924028635,0.010624038055539131,39.474207646416765,0.9983683459106669,0.00016276041666665741
mesh,112,,4,hero,mesh/m112/l04_hero.bmp,640,640,captures/mesh/m112/l04_hero.jpg,0.010543080978095531,0.014488020911812782,36.77981871677567,0.9987765089722676,5.4253472222209886e-05
mesh,112,,5,hero,mesh/m112/l05_hero.bmp,640,640,captures/mesh/m112/l05_hero.jpg,0.014205130748450756,0.01961548812687397,34.14801760164976,0.997350723456287,8.138020833331483e-05
mesh,112,,6,hero,mesh/m112/l06_hero.bmp,640,640,captures/mesh/m112/l06_hero.jpg,0.033156316727399826,0.043931007385253906,27.14457675561747,0.9961279804361117,0.000244140625
mesh,112,,0,side,mesh/m112/l00_side.bmp,640,640,captures/mesh/m112/l00_side.jpg,0.0,0.0,99.0,1.0,0.0
mesh,112,,1,side,mesh/m112/l01_side.bmp,640,640,captures/mesh/m112/l01_side.jpg,0.00393584044650197,0.006149941124022007,44.22258083777542,0.9943388596845936,5.4253472222209886e-05
mesh,112,,2,side,mesh/m112/l02_side.bmp,640,640,captures/mesh/m112/l02_side.jpg,0.00703891646116972,0.010602145455777645,39.49212483560393,0.9963547995139733,0.00013563368055555247
mesh,112,,3,side,mesh/m112/l03_side.bmp,640,640,captures/mesh/m112/l03_side.jpg,0.009680082090198994,0.014369097538292408,36.85141014385319,0.9939271255060729,0.000244140625
mesh,112,,4,side,mesh/m112/l04_side.bmp,640,640,captures/mesh/m112/l04_side.jpg,0.013269137591123581,0.020440218970179558,33.79028912081371,0.9939320388349514,0.00013563368055555247
mesh,112,,5,side,mesh/m112/l05_side.bmp,640,640,captures/mesh/m112/l05_side.jpg,0.019103247672319412,0.028908303007483482,30.77954803591723,0.9882780921584479,0.0004069010416666574
mesh,112,,6,side,mesh/m112/l06_side.bmp,640,640,captures/mesh/m112/l06_side.jpg,0.0388982780277729,0.052130211144685745,25.658210320647726,0.9235127478753541,0.004909939236111105
mesh,112,,0,top,mesh/m112/l00_top.bmp,640,640,captures/mesh/m112/l00_top.jpg,0.0,0.0,99.0,1.0,0.0
mesh,112,,1,top,mesh/m112/l01_top.bmp,640,640,captures/mesh/m112/l01_top.jpg,0.003708956064656377,0.005355192814022303,45.42449775506117,0.998555716031552,2.7126736111104943e-05
mesh,112,,2,top,mesh/m112/l02_top.bmp,640,640,captures/mesh/m112/l02_top.jpg,0.00626324163749814,0.00858878344297409,41.32136694786901,0.9984447900466563,0.0
mesh,112,,3,top,mesh/m112/l03_top.bmp,640,640,captures/mesh/m112/l03_top.jpg,0.009185907430946827,0.012476177886128426,38.07836883345462,0.9987779135651594,2.7126736111104943e-05
mesh,112,,4,top,mesh/m112/l04_top.bmp,640,640,captures/mesh/m112/l04_top.jpg,0.012533973902463913,0.017089372500777245,35.34547767414355,0.9986668147983557,0.0
mesh,112,,5,top,mesh/m112/l05_top.bmp,640,640,captures/mesh/m112/l05_top.jpg,0.017227372154593468,0.023691736161708832,32.50806224875964,0.9983338887037654,2.7126736111104943e-05
mesh,112,,6,top,mesh/m112/l06_top.bmp,640,640,captures/mesh/m112/l06_top.jpg,0.04092123359441757,0.053454816341400146,25.44026316504141,0.9984446172647483,5.425347222223764e-05
submesh,112,0,0,hero,submesh/m112_s00/l00_hero.bmp,640,640,captures/submesh/m112_s00/l00_hero.jpg,0.0,0.0,99.0,1.0,0.0
submesh,112,0,1,hero,submesh/m112_s00/l01_hero.bmp,640,640,captures/submesh/m112_s00/l01_hero.jpg,0.003146157832816243,0.004488472826778889,46.958027993840226,0.9987765089722676,5.4253472222209886e-05
submesh,112,0,2,hero,submesh/m112_s00/l02_hero.bmp,640,640,captures/submesh/m112_s00/l02_hero.jpg,0.00534924166277051,0.007384301163256168,42.63381198484031,0.9991843393148451,0.0
submesh,112,0,3,hero,submesh/m112_s00/l03_hero.bmp,640,640,captures/submesh/m112_s00/l03_hero.jpg,0.00772342924028635,0.010624038055539131,39.474207646416765,0.9983683459106669,0.00016276041666665741
submesh,112,0,4,hero,submesh/m112_s00/l04_hero.bmp,640,640,captures/submesh/m112_s00/l04_hero.jpg,0.010543080978095531,0.014488020911812782,36.77981871677567,0.9987765089722676,5.4253472222209886e-05
submesh,112,0,5,hero,submesh/m112_s00/l05_hero.bmp,640,640,captures/submesh/m112_s00/l05_hero.jpg,0.014205130748450756,0.01961548812687397,34.14801760164976,0.997350723456287,8.138020833331483e-05
submesh,112,0,6,hero,submesh/m112_s00/l06_hero.bmp,640,640,captures/submesh/m112_s00/l06_hero.jpg,0.033156316727399826,0.043931007385253906,27.14457675561747,0.9961279804361117,0.000244140625
mesh,113,,0,hero,mesh/m113/l00_hero.bmp,640,640,captures/mesh/m113/l00_hero.jpg,0.0,0.0,99.0,1.0,0.0
mesh,113,,1,hero,mesh/m113/l01_hero.bmp,640,640,captures/mesh/m113/l01_hero.jpg,0.0027681661304086447,0.004086816217750311,47.772297837456506,0.999743128692525,2.7126736111104943e-05
mesh,113,,2,hero,mesh/m113/l02_hero.bmp,640,640,captures/mesh/m113/l02_hero.jpg,0.004370610695332289,0.006043229717761278,44.37461793710621,0.9984595635430038,5.4253472222223764e-05
mesh,113,,3,hero,mesh/m113/l03_hero.bmp,640,640,captures/mesh/m113/l03_hero.jpg,0.006073026452213526,0.008475362323224545,41.43683453125617,0.9984591679506933,0.00010850694444444753
mesh,113,,4,hero,mesh/m113/l04_hero.bmp,640,640,captures/mesh/m113/l04_hero.jpg,0.008205685764551163,0.01159189734607935,38.71690946969672,0.9987159732922445,8.138020833332871e-05
mesh,113,,5,hero,mesh/m113/l05_hero.bmp,640,640,captures/mesh/m113/l05_hero.jpg,0.011314332485198975,0.016145071014761925,35.83920080760792,0.9966649563878912,8.138020833332871e-05
mesh,113,,6,hero,mesh/m113/l06_hero.bmp,640,640,captures/mesh/m113/l06_hero.jpg,0.035278353840112686,0.04596506431698799,26.751442557135647,0.9966641005901976,0.00013563368055555247
mesh,113,,0,side,mesh/m113/l00_side.bmp,640,640,captures/mesh/m113/l00_side.jpg,0.0,0.0,99.0,1.0,0.0
mesh,113,,1,side,mesh/m113/l01_side.bmp,640,640,captures/mesh/m113/l01_side.jpg,0.0033492115326225758,0.00516158202663064,45.74434333128423,0.996045197740113,2.7126736111111882e-05
mesh,113,,2,side,mesh/m113/l02_side.bmp,640,640,captures/mesh/m113/l02_side.jpg,0.005351952277123928,0.00818374752998352,41.74095554297142,0.9937923250564334,2.7126736111111882e-05
mesh,113,,3,side,mesh/m113/l03_side.bmp,640,640,captures/mesh/m113/l03_side.jpg,0.007093328051269054,0.010653228498995304,39.45037515564404,0.9937958262831359,2.7126736111111882e-05
mesh,113,,4,side,mesh/m113/l04_side.bmp,640,640,captures/mesh/m113/l04_side.jpg,0.009871712885797024,0.01522949431091547,36.34629033987809,0.9932356257046223,5.4253472222216825e-05
mesh,113,,5,side,mesh/m113/l05_side.bmp,640,640,captures/mesh/m113/l05_side.jpg,0.013512768782675266,0.020838012918829918,33.62287394116629,0.9910061832490163,0.00021701388888888812
mesh,113,,6,side,mesh/m113/l06_side.bmp,640,640,captures/mesh/m113/l06_side.jpg,0.0488019622862339,0.06613697856664658,23.5911129897181,0.8803204807210816,0.0059950086805555525
mesh,113,,0,top,mesh/m113/l00_top.bmp,640,640,captures/mesh/m113/l00_top.jpg,0.0,0.0,99.0,1.0,0.0
mesh,113,,1,top,mesh/m113/l01_top.bmp,640,640,captures/mesh/m113/l01_top.jpg,0.0033208748791366816,0.005106697324663401,45.83719764266974,0.9994275901545506,2.71267361111327e-05
mesh,113,,2,top,mesh/m113/l02_top.bmp,640,640,captures/mesh/m113/l02_top.jpg,0.005688922479748726,0.008332960307598114,41.58401373689905,0.9991989013504234,8.138020833331483e-05
mesh,113,,3,top,mesh/m113/l03_top.bmp,640,640,captures/mesh/m113/l03_top.jpg,0.008094347082078457,0.01177920214831829,38.57768250051564,0.9987417067032716,0.00018988715277776236
mesh,113,,4,top,mesh/m113/l04_top.bmp,640,640,captures/mesh/m113/l04_top.jpg,0.011034701019525528,0.016025150194764137,35.90395782781897,0.9985129261038664,0.00013563368055555247
mesh,113,,5,top,mesh/m113/l05_top.bmp,640,640,captures/mesh/m113/l05_top.jpg,0.015250295400619507,0.02224135957658291,33.05677337187109,0.9980562542876744,0.000244140625
mesh,113,,6,top,mesh/m113/l06_top.bmp,640,640,captures/mesh/m113/l06_top.jpg,0.049143750220537186,0.062107086181640625,24.137176913050457,0.997598627787307,8.138020833331483e-05
submesh,113,0,0,hero,submesh/m113_s00/l00_hero.bmp,640,640,captures/submesh/m113_s00/l00_hero.jpg,0.0,0.0,99.0,1.0,0.0
submesh,113,0,1,hero,submesh/m113_s00/l01_hero.bmp,640,640,captures/submesh/m113_s00/l01_hero.jpg,0.0027681661304086447,0.004086816217750311,47.772297837456506,0.999743128692525,2.7126736111104943e-05
submesh,113,0,2,hero,submesh/m113_s00/l02_hero.bmp,640,640,captures/submesh/m113_s00/l02_hero.jpg,0.004370610695332289,0.006043229717761278,44.37461793710621,0.9984595635430038,5.4253472222223764e-05
submesh,113,0,3,hero,submesh/m113_s00/l03_hero.bmp,640,640,captures/submesh/m113_s00/l03_hero.jpg,0.006073026452213526,0.008475362323224545,41.43683453125617,0.9984591679506933,0.00010850694444444753
submesh,113,0,4,hero,submesh/m113_s00/l04_hero.bmp,640,640,captures/submesh/m113_s00/l04_hero.jpg,0.008205685764551163,0.01159189734607935,38.71690946969672,0.9987159732922445,8.138020833332871e-05
submesh,113,0,5,hero,submesh/m113_s00/l05_hero.bmp,640,640,captures/submesh/m113_s00/l05_hero.jpg,0.011314332485198975,0.016145071014761925,35.83920080760792,0.9966649563878912,8.138020833332871e-05
submesh,113,0,6,hero,submesh/m113_s00/l06_hero.bmp,640,640,captures/submesh/m113_s00/l06_hero.jpg,0.035278353840112686,0.04596506431698799,26.751442557135647,0.9966641005901976,0.00013563368055555247
mesh,114,,0,hero,mesh/m114/l00_hero.bmp,640,640,captures/mesh/m114/l00_hero.jpg,0.0,0.0,99.0,1.0,0.0
mesh,114,,1,hero,mesh/m114/l01_hero.bmp,640,640,captures/mesh/m114/l01_hero.jpg,0.0028421590104699135,0.004084516782313585,47.777186303747214,0.9991017964071857,2.7126736111104943e-05
mesh,114,,2,hero,mesh/m114/l02_hero.bmp,640,640,captures/mesh/m114/l02_hero.jpg,0.004409220535308123,0.005992088466882706,44.44843566720195,0.9991017964071857,2.7126736111104943e-05
mesh,114,,3,hero,mesh/m114/l03_hero.bmp,640,640,captures/mesh/m114/l03_hero.jpg,0.006143007893115282,0.008275989443063736,41.643601439928105,0.9985029940119761,2.712673611111882e-05
mesh,114,,4,hero,mesh/m114/l04_hero.bmp,640,640,captures/mesh/m114/l04_hero.jpg,0.008492035791277885,0.011546779423952103,38.75078260711567,0.9982035928143712,5.4253472222223764e-05
mesh,114,,5,hero,mesh/m114/l05_hero.bmp,640,640,captures/mesh/m114/l05_hero.jpg,0.01154390536248684,0.015690239146351814,36.087408739288094,0.998502545672357,8.138020833334259e-05
mesh,114,,6,hero,mesh/m114/l06_hero.bmp,640,640,captures/mesh/m114/l06_hero.jpg,0.027886057272553444,0.03908441588282585,28.159927483916526,0.9916267942583732,0.0004340277777777901
mesh,114,,0,side,mesh/m114/l00_side.bmp,640,640,captures/mesh/m114/l00_side.jpg,0.0,0.0,99.0,1.0,0.0
mesh,114,,1,side,mesh/m114/l01_side.bmp,640,640,captures/mesh/m114/l01_side.jpg,0.003801407292485237,0.005960894748568535,44.49377092868288,0.9952178533475027,0.00013563368055555247
mesh,114,,2,side,mesh/m114/l02_side.bmp,640,640,captures/mesh/m114/l02_side.jpg,0.0065942611545324326,0.009873753413558006,40.11035446043448,0.9941582580987786,0.00013563368055555247
mesh,114,,3,side,mesh/m114/l03_side.bmp,640,640,captures/mesh/m114/l03_side.jpg,0.00932058785110712,0.014111731201410294,37.008394090469665,0.9941520467836257,2.7126736111111882e-05
mesh,114,,4,side,mesh/m114/l04_side.bmp,640,640,captures/mesh/m114/l04_side.jpg,0.013362458907067776,0.021065687760710716,33.52848714583349,0.993103448275862,0.00018988715277777624
mesh,114,,5,side,mesh/m114/l05_side.bmp,640,640,captures/mesh/m114/l05_side.jpg,0.018421880900859833,0.028846122324466705,30.798251183109265,0.9888712241653418,8.138020833332871e-05
mesh,114,,6,side,mesh/m114/l06_side.bmp,640,640,captures/mesh/m114/l06_side.jpg,0.03572298586368561,0.05136607587337494,25.786472221287188,0.9034120734908136,0.003363715277777783
mesh,114,,0,top,mesh/m114/l00_top.bmp,640,640,captures/mesh/m114/l00_top.jpg,0.0,0.0,99.0,1.0,0.0
mesh,114,,1,top,mesh/m114/l01_top.bmp,640,640,captures/mesh/m114/l01_top.jpg,0.003757723141461611,0.00557828089222312,45.069992415701705,0.9985186873290793,0.00013563368055555247
mesh,114,,2,top,mesh/m114/l02_top.bmp,640,640,captures/mesh/m114/l02_top.jpg,0.00616637896746397,0.008849101141095161,41.06201682172225,0.9980635607700193,8.138020833331483e-05
mesh,114,,3,top,mesh/m114/l03_top.bmp,640,640,captures/mesh/m114/l03_top.jpg,0.008906969800591469,0.01251237466931343,38.05320519236749,0.99840492195511,0.00010850694444444753
mesh,114,,4,top,mesh/m114/l04_top.bmp,640,640,captures/mesh/m114/l04_top.jpg,0.01241234689950943,0.01763618178665638,35.07190866580196,0.997950352994762,5.425347222223764e-05
mesh,114,,5,top,mesh/m114/l05_top.bmp,640,640,captures/mesh/m114/l05_top.jpg,0.017384741455316544,0.024377906695008278,32.2600717904626,0.997836730046681,8.138020833334259e-05
mesh,114,,6,top,mesh/m114/l06_top.bmp,640,640,captures/mesh/m114/l06_top.jpg,0.04418693482875824,0.05891526862978935,24.595442755420763,0.9985196993851059,0.00018988715277779011
submesh,114,0,0,hero,submesh/m114_s00/l00_hero.bmp,640,640,captures/submesh/m114_s00/l00_hero.jpg,0.0,0.0,99.0,1.0,0.0
submesh,114,0,1,hero,submesh/m114_s00/l01_hero.bmp,640,640,captures/submesh/m114_s00/l01_hero.jpg,0.0028421590104699135,0.004084516782313585,47.777186303747214,0.9991017964071857,2.7126736111104943e-05
submesh,114,0,2,hero,submesh/m114_s00/l02_hero.bmp,640,640,captures/submesh/m114_s00/l02_hero.jpg,0.004409220535308123,0.005992088466882706,44.44843566720195,0.9991017964071857,2.7126736111104943e-05
submesh,114,0,3,hero,submesh/m114_s00/l03_hero.bmp,640,640,captures/submesh/m114_s00/l03_hero.jpg,0.006143007893115282,0.008275989443063736,41.643601439928105,0.9985029940119761,2.712673611111882e-05
submesh,114,0,4,hero,submesh/m114_s00/l04_hero.bmp,640,640,captures/submesh/m114_s00/l04_hero.jpg,0.008492035791277885,0.011546779423952103,38.75078260711567,0.9982035928143712,5.4253472222223764e-05
submesh,114,0,5,hero,submesh/m114_s00/l05_hero.bmp,640,640,captures/submesh/m114_s00/l05_hero.jpg,0.01154390536248684,0.015690239146351814,36.087408739288094,0.998502545672357,8.138020833334259e-05
submesh,114,0,6,hero,submesh/m114_s00/l06_hero.bmp,640,640,captures/submesh/m114_s00/l06_hero.jpg,0.027886057272553444,0.03908441588282585,28.159927483916526,0.9916267942583732,0.0004340277777777901
mesh,115,,0,hero,mesh/m115/l00_hero.bmp,640,640,captures/mesh/m115/l00_hero.jpg,0.0,0.0,99.0,1.0,0.0
mesh,115,,1,hero,mesh/m115/l01_hero.bmp,640,640,captures/mesh/m115/l01_hero.jpg,0.0031617244239896536,0.004489433020353317,46.95617006937711,0.998240675580577,8.138020833334259e-05
mesh,115,,2,hero,mesh/m115/l02_hero.bmp,640,640,captures/mesh/m115/l02_hero.jpg,0.005223242565989494,0.007430811412632465,42.5792752112265,0.9978902953586498,0.0
mesh,115,,3,hero,mesh/m115/l03_hero.bmp,640,640,captures/mesh/m115/l03_hero.jpg,0.007179430220276117,0.010291244834661484,39.75064179119273,0.9978902953586498,0.0
mesh,115,,4,hero,mesh/m115/l04_hero.bmp,640,640,captures/mesh/m115/l04_hero.jpg,0.009905305691063404,0.013965941034257412,37.09859591860617,0.9982412944073162,2.712673611111882e-05
mesh,115,,5,hero,mesh/m115/l05_hero.bmp,640,640,captures/mesh/m115/l05_hero.jpg,0.01386861503124237,0.019602099433541298,34.15394824269311,0.9950790861159929,0.0001627604166666713
mesh,115,,6,hero,mesh/m115/l06_hero.bmp,640,640,captures/mesh/m115/l06_hero.jpg,0.027332976460456848,0.03706749528646469,28.62013517987702,0.9884534639608118,2.7126736111104943e-05
mesh,115,,0,side,mesh/m115/l00_side.bmp,640,640,captures/mesh/m115/l00_side.jpg,0.0,0.0,99.0,1.0,0.0
mesh,115,,1,side,mesh/m115/l01_side.bmp,640,640,captures/mesh/m115/l01_side.jpg,0.0030830111354589462,0.005151989404112101,45.760500776863864,0.9981638742253844,5.4253472222223764e-05
mesh,115,,2,side,mesh/m115/l02_side.bmp,640,640,captures/mesh/m115/l02_side.jpg,0.00620202487334609,0.009668836370110512,40.2925157891741,0.9981638742253844,5.4253472222223764e-05
mesh,115,,3,side,mesh/m115/l03_side.bmp,640,640,captures/mesh/m115/l03_side.jpg,0.00914102140814066,0.01392504945397377,37.12406507561641,0.9972445464982779,0.00027126736111110494
mesh,115,,4,side,mesh/m115/l04_side.bmp,640,640,captures/mesh/m115/l04_side.jpg,0.01252568420022726,0.019221018999814987,34.32447183983673,0.9965580541532814,0.00018988715277777624
mesh,115,,5,side,mesh/m115/l05_side.bmp,640,640,captures/mesh/m115/l05_side.jpg,0.018703510984778404,0.028127498924732208,31.01737766489247,0.9958725063058932,0.00010850694444444753
mesh,115,,6,side,mesh/m115/l06_side.bmp,640,640,captures/mesh/m115/l06_side.jpg,0.0507013276219368,0.06758720427751541,23.402710352668663,0.9933501490483834,0.0004069010416666713
mesh,115,,0,top,mesh/m115/l00_top.bmp,640,640,captures/mesh/m115/l00_top.jpg,0.0,0.0,99.0,1.0,0.0
mesh,115,,1,top,mesh/m115/l01_top.bmp,640,640,captures/mesh/m115/l01_top.jpg,0.003955637104809284,0.005857824347913265,44.64527310332987,0.9997733711048159,0.0
mesh,115,,2,top,mesh/m115/l02_top.bmp,640,640,captures/mesh/m115/l02_top.jpg,0.007200354244560003,0.010207257233560085,39.82181880831781,0.9994334919555857,2.7126736111104943e-05
mesh,115,,3,top,mesh/m115/l03_top.bmp,640,640,captures/mesh/m115/l03_top.jpg,0.01046521496027708,0.014819556847214699,36.583295659504714,0.9988673688979499,0.0
mesh,115,,4,top,mesh/m115/l04_top.bmp,640,640,captures/mesh/m115/l04_top.jpg,0.014272188767790794,0.02020331472158432,33.89154741582672,0.9986408426775399,5.425347222223764e-05
mesh,115,,5,top,mesh/m115/l05_top.bmp,640,640,captures/mesh/m115/l05_top.jpg,0.019983820617198944,0.028126968070864677,31.017541596340187,0.998641150492583,5.4253472222209886e-05
mesh,115,,6,top,mesh/m115/l06_top.bmp,640,640,captures/mesh/m115/l06_top.jpg,0.040966302156448364,0.05450859293341637,25.270700571201704,0.9988673688979499,0.0
submesh,115,0,0,hero,submesh/m115_s00/l00_hero.bmp,640,640,captures/submesh/m115_s00/l00_hero.jpg,0.0,0.0,99.0,1.0,0.0
submesh,115,0,1,hero,submesh/m115_s00/l01_hero.bmp,640,640,captures/submesh/m115_s00/l01_hero.jpg,0.0031617244239896536,0.004489433020353317,46.95617006937711,0.998240675580577,8.138020833334259e-05
submesh,115,0,2,hero,submesh/m115_s00/l02_hero.bmp,640,640,captures/submesh/m115_s00/l02_hero.jpg,0.005223242565989494,0.007430811412632465,42.5792752112265,0.9978902953586498,0.0
submesh,115,0,3,hero,submesh/m115_s00/l03_hero.bmp,640,640,captures/submesh/m115_s00/l03_hero.jpg,0.007179430220276117,0.010291244834661484,39.75064179119273,0.9978902953586498,0.0
submesh,115,0,4,hero,submesh/m115_s00/l04_hero.bmp,640,640,captures/submesh/m115_s00/l04_hero.jpg,0.009905305691063404,0.013965941034257412,37.09859591860617,0.9982412944073162,2.712673611111882e-05
submesh,115,0,5,hero,submesh/m115_s00/l05_hero.bmp,640,640,captures/submesh/m115_s00/l05_hero.jpg,0.01386861503124237,0.019602099433541298,34.15394824269311,0.9950790861159929,0.0001627604166666713
submesh,115,0,6,hero,submesh/m115_s00/l06_hero.bmp,640,640,captures/submesh/m115_s00/l06_hero.jpg,0.027332976460456848,0.03706749528646469,28.62013517987702,0.9884534639608118,2.7126736111104943e-05
mesh,116,,0,hero,mesh/m116/l00_hero.bmp,640,640,captures/mesh/m116/l00_hero.jpg,0.0,0.0,99.0,1.0,0.0
mesh,116,,1,hero,mesh/m116/l01_hero.bmp,640,640,captures/mesh/m116/l01_hero.jpg,0.002582167275249958,0.0038094748742878437,48.382697730146624,0.9994564232650842,2.7126736111104943e-05
mesh,116,,2,hero,mesh/m116/l02_hero.bmp,640,640,captures/mesh/m116/l02_hero.jpg,0.0042034233920276165,0.0058095636777579784,44.71712967390661,0.9996376155100561,0.0
mesh,116,,3,hero,mesh/m116/l03_hero.bmp,640,640,captures/mesh/m116/l03_hero.jpg,0.006073374301195145,0.008356974460184574,41.55901850163165,0.9994564232650842,2.7126736111104943e-05
mesh,116,,4,hero,mesh/m116/l04_hero.bmp,640,640,captures/mesh/m116/l04_hero.jpg,0.008373021148145199,0.011630523018538952,38.688015096732755,0.9990943669625068,2.7126736111104943e-05
mesh,116,,5,hero,mesh/m116/l05_hero.bmp,640,640,captures/mesh/m116/l05_hero.jpg,0.01129037607461214,0.015715109184384346,36.07365194547539,0.9994565217391305,2.7126736111104943e-05
mesh,116,,6,hero,mesh/m116/l06_hero.bmp,640,640,captures/mesh/m116/l06_hero.jpg,0.024732423946261406,0.033064428716897964,29.61277953162834,0.9990943669625068,2.7126736111104943e-05
mesh,116,,0,side,mesh/m116/l00_side.bmp,640,640,captures/mesh/m116/l00_side.jpg,0.0,0.0,99.0,1.0,0.0
mesh,116,,1,side,mesh/m116/l01_side.bmp,640,640,captures/mesh/m116/l01_side.jpg,0.0030678536277264357,0.004511130508035421,46.914292169640774,0.9909502262443439,0.0
mesh,116,,2,side,mesh/m116/l02_side.bmp,640,640,captures/mesh/m116/l02_side.jpg,0.004151210188865662,0.006154442671686411,44.2162253877818,0.9804804804804805,2.7126736111108413e-05
mesh,116,,3,side,mesh/m116/l03_side.bmp,640,640,captures/mesh/m116/l03_side.jpg,0.005232683848589659,0.007814625278115273,42.14183684310322,0.9864864864864865,8.138020833333565e-05
mesh,116,,4,side,mesh/m116/l04_side.bmp,640,640,captures/mesh/m116/l04_side.jpg,0.007291605230420828,0.010669912211596966,39.43678307575775,0.9819819819819819,0.0
mesh,116,,5,side,mesh/m116/l05_side.bmp,640,640,captures/mesh/m116/l05_side.jpg,0.009514850564301014,0.013558946549892426,37.35548102551633,0.9730134932533733,0.00010850694444444406
mesh,116,,6,side,mesh/m116/l06_side.bmp,640,640,captures/mesh/m116/l06_side.jpg,0.03326565399765968,0.04763038828969002,26.44231756087363,0.7618343195266272,0.003499348958333332
mesh,116,,0,top,mesh/m116/l00_top.bmp,640,640,captures/mesh/m116/l00_top.jpg,0.0,0.0,99.0,1.0,0.0
mesh,116,,1,top,mesh/m116/l01_top.bmp,640,640,captures/mesh/m116/l01_top.jpg,0.002960387384518981,0.004365907050669193,47.19851029150768,0.9991307182440509,0.00010850694444444753
mesh,116,,2,top,mesh/m116/l02_top.bmp,640,640,captures/mesh/m116/l02_top.jpg,0.005047168582677841,0.0070373741909861565,43.05178712138779,0.9986966438579342,0.0
mesh,116,,3,top,mesh/m116/l03_top.bmp,640,640,captures/mesh/m116/l03_top.jpg,0.007253659423440695,0.00992594938725233,40.064558872302555,0.9981531776208582,0.000244140625
mesh,116,,4,top,mesh/m116/l04_top.bmp,640,640,captures/mesh/m116/l04_top.jpg,0.009783479385077953,0.013356456533074379,37.48617489746494,0.9973935708079931,0.0002712673611111327
mesh,116,,5,top,mesh/m116/l05_top.bmp,640,640,captures/mesh/m116/l05_top.jpg,0.012974935583770275,0.017752818763256073,35.01465361146039,0.9975021720243267,0.000244140625
mesh,116,,6,top,mesh/m116/l06_top.bmp,640,640,captures/mesh/m116/l06_top.jpg,0.028791941702365875,0.0377156138420105,28.469576390259444,0.9970690403821103,0.00013563368055555247
submesh,116,0,0,hero,submesh/m116_s00/l00_hero.bmp,640,640,captures/submesh/m116_s00/l00_hero.jpg,0.0,0.0,99.0,1.0,0.0
submesh,116,0,1,hero,submesh/m116_s00/l01_hero.bmp,640,640,captures/submesh/m116_s00/l01_hero.jpg,0.002582167275249958,0.0038094748742878437,48.382697730146624,0.9994564232650842,2.7126736111104943e-05
submesh,116,0,2,hero,submesh/m116_s00/l02_hero.bmp,640,640,captures/submesh/m116_s00/l02_hero.jpg,0.0042034233920276165,0.0058095636777579784,44.71712967390661,0.9996376155100561,0.0
submesh,116,0,3,hero,submesh/m116_s00/l03_hero.bmp,640,640,captures/submesh/m116_s00/l03_hero.jpg,0.006073374301195145,0.008356974460184574,41.55901850163165,0.9994564232650842,2.7126736111104943e-05
submesh,116,0,4,hero,submesh/m116_s00/l04_hero.bmp,640,640,captures/submesh/m116_s00/l04_hero.jpg,0.008373021148145199,0.011630523018538952,38.688015096732755,0.9990943669625068,2.7126736111104943e-05
submesh,116,0,5,hero,submesh/m116_s00/l05_hero.bmp,640,640,captures/submesh/m116_s00/l05_hero.jpg,0.01129037607461214,0.015715109184384346,36.07365194547539,0.9994565217391305,2.7126736111104943e-05
submesh,116,0,6,hero,submesh/m116_s00/l06_hero.bmp,640,640,captures/submesh/m116_s00/l06_hero.jpg,0.024732423946261406,0.033064428716897964,29.61277953162834,0.9990943669625068,2.7126736111104943e-05
mesh,117,,0,hero,mesh/m117/l00_hero.bmp,640,640,captures/mesh/m117/l00_hero.jpg,0.0,0.0,99.0,1.0,0.0
mesh,117,,1,hero,mesh/m117/l01_hero.bmp,640,640,captures/mesh/m117/l01_hero.jpg,0.002749155042693019,0.003970090299844742,48.023992301622876,0.9986849026827985,2.712673611111882e-05
mesh,117,,2,hero,mesh/m117/l02_hero.bmp,640,640,captures/mesh/m117/l02_hero.jpg,0.0039831120520830154,0.005502368323504925,45.189006833954664,0.9986849026827985,2.712673611111882e-05
mesh,117,,3,hero,mesh/m117/l03_hero.bmp,640,640,captures/mesh/m117/l03_hero.jpg,0.005693032406270504,0.007854649797081947,42.097463467948856,0.9989476453564852,0.0
mesh,117,,4,hero,mesh/m117/l04_hero.bmp,640,640,captures/mesh/m117/l04_hero.jpg,0.007496570702642202,0.010466838255524635,39.603689739011735,0.9989479221462388,5.4253472222223764e-05
mesh,117,,5,hero,mesh/m117/l05_hero.bmp,640,640,captures/mesh/m117/l05_hero.jpg,0.010173180140554905,0.014148901216685772,36.9855457102975,0.9984218832193582,0.0
mesh,117,,6,hero,mesh/m117/l06_hero.bmp,640,640,captures/mesh/m117/l06_hero.jpg,0.02829529345035553,0.03688611090183258,28.66274264656797,0.9968454258675079,5.4253472222209886e-05
mesh,117,,0,side,mesh/m117/l00_side.bmp,640,640,captures/mesh/m117/l00_side.jpg,0.0,0.0,99.0,1.0,0.0
mesh,117,,1,side,mesh/m117/l01_side.bmp,640,640,captures/mesh/m117/l01_side.jpg,0.00325533258728683,0.0051245419308543205,45.806898979271494,0.9960601719197708,0.00018988715277777624
mesh,117,,2,side,mesh/m117/l02_side.bmp,640,640,captures/mesh/m117/l02_side.jpg,0.0056705656461417675,0.008468417450785637,41.44395483141792,0.9935622317596566,0.0001627604166666713
mesh,117,,3,side,mesh/m117/l03_side.bmp,640,640,captures/mesh/m117/l03_side.jpg,0.007906720042228699,0.011784636415541172,38.57367623930565,0.9946351931330472,8.138020833332871e-05
mesh,117,,4,side,mesh/m117/l04_side.bmp,640,640,captures/mesh/m117/l04_side.jpg,0.01055552065372467,0.015837568789720535,36.00622971534301,0.9907176008568368,0.00010850694444444753
mesh,117,,5,side,mesh/m117/l05_side.bmp,640,640,captures/mesh/m117/l05_side.jpg,0.014660130254924297,0.022146739065647125,33.09380422408036,0.9889285714285714,0.00029839409722222376
mesh,117,,6,side,mesh/m117/l06_side.bmp,640,640,captures/mesh/m117/l06_side.jpg,0.04061514884233475,0.05203288048505783,25.674442627134525,0.9757575757575757,0.0010308159722222238
mesh,117,,0,top,mesh/m117/l00_top.bmp,640,640,captures/mesh/m117/l00_top.jpg,0.0,0.0,99.0,1.0,0.0
mesh,117,,1,top,mesh/m117/l01_top.bmp,640,640,captures/mesh/m117/l01_top.jpg,0.0031022028997540474,0.004519326146692038,46.898526315232516,0.9990101187857457,2.71267361111327e-05
mesh,117,,2,top,mesh/m117/l02_top.bmp,640,640,captures/mesh/m117/l02_top.jpg,0.005308391060680151,0.007404915522783995,42.6095978331945,0.9984605234220365,0.0
mesh,117,,3,top,mesh/m117/l03_top.bmp,640,640,captures/mesh/m117/l03_top.jpg,0.007797000929713249,0.010753386653959751,39.36909476427721,0.9985706432105552,8.138020833334259e-05
mesh,117,,4,top,mesh/m117/l04_top.bmp,640,640,captures/mesh/m117/l04_top.jpg,0.010519887320697308,0.014556245878338814,36.73901234187009,0.9982409850483729,5.425347222223764e-05
mesh,117,,5,top,mesh/m117/l05_top.bmp,640,640,captures/mesh/m117/l05_top.jpg,0.014827842824161053,0.02037699893116951,33.8171955465378,0.9980213257117732,5.425347222223764e-05
mesh,117,,6,top,mesh/m117/l06_top.bmp,640,640,captures/mesh/m117/l06_top.jpg,0.03989334776997566,0.05247579142451286,25.600820055880504,0.9981312520611191,8.138020833334259e-05
submesh,117,0,0,hero,submesh/m117_s00/l00_hero.bmp,640,640,captures/submesh/m117_s00/l00_hero.jpg,0.0,0.0,99.0,1.0,0.0
submesh,117,0,1,hero,submesh/m117_s00/l01_hero.bmp,640,640,captures/submesh/m117_s00/l01_hero.jpg,0.002749155042693019,0.003970090299844742,48.023992301622876,0.9986849026827985,2.712673611111882e-05
submesh,117,0,2,hero,submesh/m117_s00/l02_hero.bmp,640,640,captures/submesh/m117_s00/l02_hero.jpg,0.0039831120520830154,0.005502368323504925,45.189006833954664,0.9986849026827985,2.712673611111882e-05
submesh,117,0,3,hero,submesh/m117_s00/l03_hero.bmp,640,640,captures/submesh/m117_s00/l03_hero.jpg,0.005693032406270504,0.007854649797081947,42.097463467948856,0.9989476453564852,0.0
submesh,117,0,4,hero,submesh/m117_s00/l04_hero.bmp,640,640,captures/submesh/m117_s00/l04_hero.jpg,0.007496570702642202,0.010466838255524635,39.603689739011735,0.9989479221462388,5.4253472222223764e-05
submesh,117,0,5,hero,submesh/m117_s00/l05_hero.bmp,640,640,captures/submesh/m117_s00/l05_hero.jpg,0.010173180140554905,0.014148901216685772,36.9855457102975,0.9984218832193582,0.0
submesh,117,0,6,hero,submesh/m117_s00/l06_hero.bmp,640,640,captures/submesh/m117_s00/l06_hero.jpg,0.02829529345035553,0.03688611090183258,28.66274264656797,0.9968454258675079,5.4253472222209886e-05
mesh,118,,0,hero,mesh/m118/l00_hero.bmp,640,640,captures/mesh/m118/l00_hero.jpg,0.0,0.0,99.0,1.0,0.0
mesh,118,,1,hero,mesh/m118/l01_hero.bmp,640,640,captures/mesh/m118/l01_hero.jpg,0.002603640081360936,0.0038545250426977873,48.280582567790546,0.9980169971671388,2.712673611111882e-05
mesh,118,,2,hero,mesh/m118/l02_hero.bmp,640,640,captures/mesh/m118/l02_hero.jpg,0.003871975466609001,0.0054022325202822685,45.34853454105995,0.9977349943374858,5.4253472222209886e-05
mesh,118,,3,hero,mesh/m118/l03_hero.bmp,640,640,captures/mesh/m118/l03_hero.jpg,0.005365324672311544,0.007476981729269028,42.52547361185533,0.9977349943374858,5.4253472222209886e-05
mesh,118,,4,hero,mesh/m118/l04_hero.bmp,640,640,captures/mesh/m118/l04_hero.jpg,0.007153837941586971,0.009946680627763271,40.04643652691354,0.9980186810076422,0.00013563368055555247
mesh,118,,5,hero,mesh/m118/l05_hero.bmp,640,640,captures/mesh/m118/l05_hero.jpg,0.010256865061819553,0.014417752623558044,36.82204860544229,0.9980175587652224,2.7126736111104943e-05
mesh,118,,6,hero,mesh/m118/l06_hero.bmp,640,640,captures/mesh/m118/l06_hero.jpg,0.03256073594093323,0.04207760840654373,27.51897904883437,0.9857142857142858,0.0009494357638888812
mesh,118,,0,side,mesh/m118/l00_side.bmp,640,640,captures/mesh/m118/l00_side.jpg,0.0,0.0,99.0,1.0,0.0
mesh,118,,1,side,mesh/m118/l01_side.bmp,640,640,captures/mesh/m118/l01_side.jpg,0.002984522143378854,0.004555710591375828,46.82887745902595,0.9990064580228515,5.4253472222216825e-05
mesh,118,,2,side,mesh/m118/l02_side.bmp,640,640,captures/mesh/m118/l02_side.jpg,0.005023315083235502,0.007583661004900932,42.40242177023359,0.9965294992563213,2.7126736111111882e-05
mesh,118,,3,side,mesh/m118/l03_side.bmp,640,640,captures/mesh/m118/l03_side.jpg,0.007399857975542545,0.011004471220076084,39.16861642108666,0.995049504950495,0.00010850694444444753
mesh,118,,4,side,mesh/m118/l04_side.bmp,640,640,captures/mesh/m118/l04_side.jpg,0.009778372012078762,0.014475458301603794,36.78735354723441,0.9945571499257794,0.0001356336805555594
mesh,118,,5,side,mesh/m118/l05_side.bmp,640,640,captures/mesh/m118/l05_side.jpg,0.013843531720340252,0.02072659134864807,33.66944230370359,0.9930727362691737,5.4253472222223764e-05
mesh,118,,6,side,mesh/m118/l06_side.bmp,640,640,captures/mesh/m118/l06_side.jpg,0.037574652582407,0.04965835437178612,26.08015353255798,0.9740196078431372,2.7126736111111882e-05
mesh,118,,0,top,mesh/m118/l00_top.bmp,640,640,captures/mesh/m118/l00_top.jpg,0.0,0.0,99.0,1.0,0.0
mesh,118,,1,top,mesh/m118/l01_top.bmp,640,640,captures/mesh/m118/l01_top.jpg,0.0030795359052717686,0.004661766346544027,46.62898995285786,0.9989054290718039,5.4253472222209886e-05
mesh,118,,2,top,mesh/m118/l02_top.bmp,640,640,captures/mesh/m118/l02_top.jpg,0.005301157012581825,0.00770477345213294,42.264802531344785,0.9987959719789843,8.138020833331483e-05
mesh,118,,3,top,mesh/m118/l03_top.bmp,640,640,captures/mesh/m118/l03_top.jpg,0.007930674590170383,0.011468887329101562,38.80957427540287,0.9980304190830507,0.00010850694444444753
mesh,118,,4,top,mesh/m118/l04_top.bmp,640,640,captures/mesh/m118/l04_top.jpg,0.0109564745798707,0.015681767836213112,36.09209960058899,0.9982490698183409,0.00010850694444444753
mesh,118,,5,top,mesh/m118/l05_top.bmp,640,640,captures/mesh/m118/l05_top.jpg,0.015079677104949951,0.021358931437134743,33.408409567105785,0.9980299879610376,0.0002170138888888673
mesh,118,,6,top,mesh/m118/l06_top.bmp,640,640,captures/mesh/m118/l06_top.jpg,0.04170360788702965,0.0531640499830246,25.487638847181056,0.9981396366819874,0.00013563368055555247
submesh,118,0,0,hero,submesh/m118_s00/l00_hero.bmp,640,640,captures/submesh/m118_s00/l00_hero.jpg,0.0,0.0,99.0,1.0,0.0
submesh,118,0,1,hero,submesh/m118_s00/l01_hero.bmp,640,640,captures/submesh/m118_s00/l01_hero.jpg,0.002603640081360936,0.0038545250426977873,48.280582567790546,0.9980169971671388,2.712673611111882e-05
submesh,118,0,2,hero,submesh/m118_s00/l02_hero.bmp,640,640,captures/submesh/m118_s00/l02_hero.jpg,0.003871975466609001,0.0054022325202822685,45.34853454105995,0.9977349943374858,5.4253472222209886e-05
submesh,118,0,3,hero,submesh/m118_s00/l03_hero.bmp,640,640,captures/submesh/m118_s00/l03_hero.jpg,0.005365324672311544,0.007476981729269028,42.52547361185533,0.9977349943374858,5.4253472222209886e-05
submesh,118,0,4,hero,submesh/m118_s00/l04_hero.bmp,640,640,captures/submesh/m118_s00/l04_hero.jpg,0.007153837941586971,0.009946680627763271,40.04643652691354,0.9980186810076422,0.00013563368055555247
submesh,118,0,5,hero,submesh/m118_s00/l05_hero.bmp,640,640,captures/submesh/m118_s00/l05_hero.jpg,0.010256865061819553,0.014417752623558044,36.82204860544229,0.9980175587652224,2.7126736111104943e-05
submesh,118,0,6,hero,submesh/m118_s00/l06_hero.bmp,640,640,captures/submesh/m118_s00/l06_hero.jpg,0.03256073594093323,0.04207760840654373,27.51897904883437,0.9857142857142858,0.0009494357638888812
mesh,119,,0,hero,mesh/m119/l00_hero.bmp,640,640,captures/mesh/m119/l00_hero.jpg,0.0,0.0,99.0,1.0,0.0
mesh,119,,1,hero,mesh/m119/l01_hero.bmp,640,640,captures/mesh/m119/l01_hero.jpg,0.002502279821783304,0.0037053425330668688,48.62343276667726,0.999031007751938,5.4253472222223764e-05
mesh,119,,2,hero,mesh/m119/l02_hero.bmp,640,640,captures/mesh/m119/l02_hero.jpg,0.003644669894129038,0.005082807037979364,45.87792754795451,0.9992729035385362,2.7126736111104943e-05
mesh,119,,3,hero,mesh/m119/l03_hero.bmp,640,640,captures/mesh/m119/l03_hero.jpg,0.005022559780627489,0.007007834035903215,43.08832383926787,0.9983038526774897,8.138020833332871e-05
mesh,119,,4,hero,mesh/m119/l04_hero.bmp,640,640,captures/mesh/m119/l04_hero.jpg,0.006689921021461487,0.009292379952967167,40.63746081578424,0.9995152690256908,0.0
mesh,119,,5,hero,mesh/m119/l05_hero.bmp,640,640,captures/mesh/m119/l05_hero.jpg,0.009405681863427162,0.013327662833034992,37.50492005404674,0.9997576345128454,2.712673611111882e-05
mesh,119,,6,hero,mesh/m119/l06_hero.bmp,640,640,captures/mesh/m119/l06_hero.jpg,0.02488500438630581,0.03403248265385628,29.36212736334264,0.9975798644724104,0.00010850694444444753
mesh,119,,0,side,mesh/m119/l00_side.bmp,640,640,captures/mesh/m119/l00_side.jpg,0.0,0.0,99.0,1.0,0.0
mesh,119,,1,side,mesh/m119/l01_side.bmp,640,640,captures/mesh/m119/l01_side.jpg,0.002734264824539423,0.004160557873547077,47.61696865112347,0.9966850828729282,0.00010850694444444753
mesh,119,,2,side,mesh/m119/l02_side.bmp,640,640,captures/mesh/m119/l02_side.jpg,0.0042721726931631565,0.006532483734190464,43.69843325975133,0.9966887417218543,0.0
mesh,119,,3,side,mesh/m119/l03_side.bmp,640,640,captures/mesh/m119/l03_side.jpg,0.0061403983272612095,0.009715571068227291,40.250633341343956,0.996134732192159,8.138020833333565e-05
mesh,119,,4,side,mesh/m119/l04_side.bmp,640,640,captures/mesh/m119/l04_side.jpg,0.008158218115568161,0.01312754675745964,37.63632852351771,0.9928295642581357,0.00013563368055555247
mesh,119,,5,side,mesh/m119/l05_side.bmp,640,640,captures/mesh/m119/l05_side.jpg,0.011609225533902645,0.018727464601397514,34.550420303168416,0.9889867841409692,0.00016276041666666435
mesh,119,,6,side,mesh/m119/l06_side.bmp,640,640,captures/mesh/m119/l06_side.jpg,0.02838636375963688,0.040754836052656174,27.796416991797095,0.9372031662269129,0.0014377170138888881
mesh,119,,0,top,mesh/m119/l00_top.bmp,640,640,captures/mesh/m119/l00_top.jpg,0.0,0.0,99.0,1.0,0.0
mesh,119,,1,top,mesh/m119/l01_top.bmp,640,640,captures/mesh/m119/l01_top.jpg,0.0026999395340681076,0.0040043555200099945,47.94934742742953,0.9994617289266875,2.7126736111104943e-05
mesh,119,,2,top,mesh/m119/l02_top.bmp,640,640,captures/mesh/m119/l02_top.jpg,0.004541252739727497,0.006366301793605089,43.92225555121297,0.9991388589881594,5.4253472222209886e-05
mesh,119,,3,top,mesh/m119/l03_top.bmp,640,640,captures/mesh/m119/l03_top.jpg,0.006711374502629042,0.009296025149524212,40.6340542001833,0.9990314248816186,2.7126736111104943e-05
mesh,119,,4,top,mesh/m119/l04_top.bmp,640,640,captures/mesh/m119/l04_top.jpg,0.009180850349366665,0.012678662315011024,37.938531301097086,0.9986010976003443,2.7126736111104943e-05
mesh,119,,5,top,mesh/m119/l05_top.bmp,640,640,captures/mesh/m119/l05_top.jpg,0.013405936770141125,0.018567562103271484,34.62490229634154,0.9989240370131267,0.00010850694444441977
mesh,119,,6,top,mesh/m119/l06_top.bmp,640,640,captures/mesh/m119/l06_top.jpg,0.03518454357981682,0.046165626496076584,26.7136253283781,0.9984934897234478,5.4253472222209886e-05
submesh,119,0,0,hero,submesh/m119_s00/l00_hero.bmp,640,640,captures/submesh/m119_s00/l00_hero.jpg,0.0,0.0,99.0,1.0,0.0
submesh,119,0,1,hero,submesh/m119_s00/l01_hero.bmp,640,640,captures/submesh/m119_s00/l01_hero.jpg,0.002502279821783304,0.0037053425330668688,48.62343276667726,0.999031007751938,5.4253472222223764e-05
submesh,119,0,2,hero,submesh/m119_s00/l02_hero.bmp,640,640,captures/submesh/m119_s00/l02_hero.jpg,0.003644669894129038,0.005082807037979364,45.87792754795451,0.9992729035385362,2.7126736111104943e-05
submesh,119,0,3,hero,submesh/m119_s00/l03_hero.bmp,640,640,captures/submesh/m119_s00/l03_hero.jpg,0.005022559780627489,0.007007834035903215,43.08832383926787,0.9983038526774897,8.138020833332871e-05
submesh,119,0,4,hero,submesh/m119_s00/l04_hero.bmp,640,640,captures/submesh/m119_s00/l04_hero.jpg,0.006689921021461487,0.009292379952967167,40.63746081578424,0.9995152690256908,0.0
submesh,119,0,5,hero,submesh/m119_s00/l05_hero.bmp,640,640,captures/submesh/m119_s00/l05_hero.jpg,0.009405681863427162,0.013327662833034992,37.50492005404674,0.9997576345128454,2.712673611111882e-05
submesh,119,0,6,hero,submesh/m119_s00/l06_hero.bmp,640,640,captures/submesh/m119_s00/l06_hero.jpg,0.02488500438630581,0.03403248265385628,29.36212736334264,0.9975798644724104,0.00010850694444444753
mesh,120,,0,hero,mesh/m120/l00_hero.bmp,640,640,captures/mesh/m120/l00_hero.jpg,0.0,0.0,99.0,1.0,0.0
mesh,120,,1,hero,mesh/m120/l01_hero.bmp,640,640,captures/mesh/m120/l01_hero.jpg,0.002290374832227826,0.0035615679807960987,48.96717523443061,0.999023199023199,5.4253472222223764e-05
mesh,120,,2,hero,mesh/m120/l02_hero.bmp,640,640,captures/mesh/m120/l02_hero.jpg,0.0035285179037600756,0.005020875949412584,45.98441017180055,0.9997557401074744,2.712673611111882e-05
mesh,120,,3,hero,mesh/m120/l03_hero.bmp,640,640,captures/mesh/m120/l03_hero.jpg,0.005045617930591106,0.00702534569427371,43.066646013734065,0.9985355137905785,0.0
mesh,120,,4,hero,mesh/m120/l04_hero.bmp,640,640,captures/mesh/m120/l04_hero.jpg,0.00690428214147687,0.009792545810341835,40.18208776219445,0.9975603805806295,0.0
mesh,120,,5,hero,mesh/m120/l05_hero.bmp,640,640,captures/mesh/m120/l05_hero.jpg,0.009637294337153435,0.013630297966301441,37.309893002593306,0.9980483044645035,5.4253472222209886e-05
mesh,120,,6,hero,mesh/m120/l06_hero.bmp,640,640,captures/mesh/m120/l06_hero.jpg,0.03163902834057808,0.04364249110221863,27.201809359166887,0.997802734375,0.00013563368055556635
mesh,120,,0,side,mesh/m120/l00_side.bmp,640,640,captures/mesh/m120/l00_side.jpg,0.0,0.0,99.0,1.0,0.0
mesh,120,,1,side,mesh/m120/l01_side.bmp,640,640,captures/mesh/m120/l01_side.jpg,0.0027971360832452774,0.004368745721876621,47.192864643916046,0.9977540707467715,0.00010850694444444059
mesh,120,,2,side,mesh/m120/l02_side.bmp,640,640,captures/mesh/m120/l02_side.jpg,0.004305734299123287,0.006571189966052771,43.647119552808334,0.9955131800336512,0.00010850694444444059
mesh,120,,3,side,mesh/m120/l03_side.bmp,640,640,captures/mesh/m120/l03_side.jpg,0.005986209027469158,0.009346140548586845,40.58735384561193,0.9977540707467715,0.00010850694444444059
mesh,120,,4,side,mesh/m120/l04_side.bmp,640,640,captures/mesh/m120/l04_side.jpg,0.007900893688201904,0.012118474580347538,38.33104087572304,0.9916107382550335,2.7126736111111882e-05
mesh,120,,5,side,mesh/m120/l05_side.bmp,640,640,captures/mesh/m120/l05_side.jpg,0.010756531730294228,0.016556011512875557,35.62088560534753,0.9927293064876958,2.7126736111111882e-05
mesh,120,,6,side,mesh/m120/l06_side.bmp,640,640,captures/mesh/m120/l06_side.jpg,0.03145045042037964,0.04137106612324715,27.66606574574585,0.950792782941498,0.00016276041666666435
mesh,120,,0,top,mesh/m120/l00_top.bmp,640,640,captures/mesh/m120/l00_top.jpg,0.0,0.0,99.0,1.0,0.0
mesh,120,,1,top,mesh/m120/l01_top.bmp,640,640,captures/mesh/m120/l01_top.jpg,0.0025455032009631395,0.003823629580438137,48.350483745093264,0.9995562950637826,5.4253472222209886e-05
mesh,120,,2,top,mesh/m120/l02_top.bmp,640,640,captures/mesh/m120/l02_top.jpg,0.004393931478261948,0.006201644893735647,44.14986210188469,0.9993345164152617,5.4253472222209886e-05
mesh,120,,3,top,mesh/m120/l03_top.bmp,640,640,captures/mesh/m120/l03_top.jpg,0.0064053013920784,0.008843185380101204,41.06782541508547,0.9995562950637826,5.4253472222209886e-05
mesh,120,,4,top,mesh/m120/l04_top.bmp,640,640,captures/mesh/m120/l04_top.jpg,0.008875289931893349,0.012199249118566513,38.27333799912634,0.9992236024844721,8.138020833334259e-05
mesh,120,,5,top,mesh/m120/l05_top.bmp,640,640,captures/mesh/m120/l05_top.jpg,0.012440983206033707,0.017128732055425644,35.32549568489608,0.9991129837010755,5.425347222223764e-05
mesh,120,,6,top,mesh/m120/l06_top.bmp,640,640,captures/mesh/m120/l06_top.jpg,0.03471548110246658,0.045604754239320755,26.819797606239536,0.9993345164152617,5.4253472222209886e-05
submesh,120,0,0,hero,submesh/m120_s00/l00_hero.bmp,640,640,captures/submesh/m120_s00/l00_hero.jpg,0.0,0.0,99.0,1.0,0.0
submesh,120,0,1,hero,submesh/m120_s00/l01_hero.bmp,640,640,captures/submesh/m120_s00/l01_hero.jpg,0.002290374832227826,0.0035615679807960987,48.96717523443061,0.999023199023199,5.4253472222223764e-05
submesh,120,0,2,hero,submesh/m120_s00/l02_hero.bmp,640,640,captures/submesh/m120_s00/l02_hero.jpg,0.0035285179037600756,0.005020875949412584,45.98441017180055,0.9997557401074744,2.712673611111882e-05
submesh,120,0,3,hero,submesh/m120_s00/l03_hero.bmp,640,640,captures/submesh/m120_s00/l03_hero.jpg,0.005045617930591106,0.00702534569427371,43.066646013734065,0.9985355137905785,0.0
submesh,120,0,4,hero,submesh/m120_s00/l04_hero.bmp,640,640,captures/submesh/m120_s00/l04_hero.jpg,0.00690428214147687,0.009792545810341835,40.18208776219445,0.9975603805806295,0.0
submesh,120,0,5,hero,submesh/m120_s00/l05_hero.bmp,640,640,captures/submesh/m120_s00/l05_hero.jpg,0.009637294337153435,0.013630297966301441,37.309893002593306,0.9980483044645035,5.4253472222209886e-05
submesh,120,0,6,hero,submesh/m120_s00/l06_hero.bmp,640,640,captures/submesh/m120_s00/l06_hero.jpg,0.03163902834057808,0.04364249110221863,27.201809359166887,0.997802734375,0.00013563368055556635
mesh,121,,0,hero,mesh/m121/l00_hero.bmp,640,640,captures/mesh/m121/l00_hero.jpg,0.0,0.0,99.0,1.0,0.0
mesh,121,,1,hero,mesh/m121/l01_hero.bmp,640,640,captures/mesh/m121/l01_hero.jpg,0.002858877880498767,0.004189288709312677,47.557194174772484,0.9993887530562348,5.4253472222223764e-05
mesh,121,,2,hero,mesh/m121/l02_hero.bmp,640,640,captures/mesh/m121/l02_hero.jpg,0.004641840700060129,0.0064073167741298676,43.8664760840592,0.9984728161270617,2.7126736111104943e-05
mesh,121,,3,hero,mesh/m121/l03_hero.bmp,640,640,captures/mesh/m121/l03_hero.jpg,0.006474517285823822,0.008889548480510712,41.022405944606,0.9972535855965823,2.712673611111882e-05
mesh,121,,4,hero,mesh/m121/l04_hero.bmp,640,640,captures/mesh/m121/l04_hero.jpg,0.009050602093338966,0.012837981805205345,37.830064883214774,0.9969484284406469,0.0
mesh,121,,5,hero,mesh/m121/l05_hero.bmp,640,640,captures/mesh/m121/l05_hero.jpg,0.012722966261208057,0.017852628603577614,34.96595659497795,0.99633923123856,0.0
mesh,121,,6,hero,mesh/m121/l06_hero.bmp,640,640,captures/mesh/m121/l06_hero.jpg,0.03331553936004639,0.044096361845731735,27.111944807242384,0.9875983061101028,0.000732421875
mesh,121,,0,side,mesh/m121/l00_side.bmp,640,640,captures/mesh/m121/l00_side.jpg,0.0,0.0,99.0,1.0,0.0
mesh,121,,1,side,mesh/m121/l01_side.bmp,640,640,captures/mesh/m121/l01_side.jpg,0.003499132813885808,0.005350657273083925,45.43185732204109,0.9983942191890807,0.00010850694444444753
mesh,121,,2,side,mesh/m121/l02_side.bmp,640,640,captures/mesh/m121/l02_side.jpg,0.005999543704092503,0.008882706053555012,41.029094186462586,0.9967910148415564,0.00010850694444444753
mesh,121,,3,side,mesh/m121/l03_side.bmp,640,640,captures/mesh/m121/l03_side.jpg,0.008683848194777966,0.01307776477187872,37.66932957007193,0.9963913392141138,8.138020833332871e-05
mesh,121,,4,side,mesh/m121/l04_side.bmp,640,640,captures/mesh/m121/l04_side.jpg,0.012526577338576317,0.018587283790111542,34.615681404297014,0.9947853991175291,0.000244140625
mesh,121,,5,side,mesh/m121/l05_side.bmp,640,640,captures/mesh/m121/l05_side.jpg,0.016898633912205696,0.02485976740717888,32.09005878038088,0.9959919839679359,5.4253472222223764e-05
mesh,121,,6,side,mesh/m121/l06_side.bmp,640,640,captures/mesh/m121/l06_side.jpg,0.05158760026097298,0.06499694287776947,23.74214139715477,0.981658692185008,0.0003255208333333287
mesh,121,,0,top,mesh/m121/l00_top.bmp,640,640,captures/mesh/m121/l00_top.jpg,0.0,0.0,99.0,1.0,0.0
mesh,121,,1,top,mesh/m121/l01_top.bmp,640,640,captures/mesh/m121/l01_top.jpg,0.003681639675050974,0.005636026617139578,44.98053929049583,0.9988620846609012,5.4253472222209886e-05
mesh,121,,2,top,mesh/m121/l02_top.bmp,640,640,captures/mesh/m121/l02_top.jpg,0.006377086043357849,0.00926029123365879,40.66750709318197,0.9988620846609012,5.4253472222209886e-05
mesh,121,,3,top,mesh/m121/l03_top.bmp,640,640,captures/mesh/m121/l03_top.jpg,0.00916014052927494,0.01334542315453291,37.49335302237013,0.9980662040723467,2.7126736111104943e-05
mesh,121,,4,top,mesh/m121/l04_top.bmp,640,640,captures/mesh/m121/l04_top.jpg,0.012707672081887722,0.018314633518457413,34.74403534561699,0.9978391902649835,8.138020833331483e-05
mesh,121,,5,top,mesh/m121/l05_top.bmp,640,640,captures/mesh/m121/l05_top.jpg,0.017000602558255196,0.02424400858581066,32.30791141720563,0.9979522184300341,5.425347222223764e-05
mesh,121,,6,top,mesh/m121/l06_top.bmp,640,640,captures/mesh/m121/l06_top.jpg,0.04087415710091591,0.05412262678146362,25.332422671269992,0.9972717972035922,0.00016276041666665741
submesh,121,0,0,hero,submesh/m121_s00/l00_hero.bmp,640,640,captures/submesh/m121_s00/l00_hero.jpg,0.0,0.0,99.0,1.0,0.0
submesh,121,0,1,hero,submesh/m121_s00/l01_hero.bmp,640,640,captures/submesh/m121_s00/l01_hero.jpg,0.002858877880498767,0.004189288709312677,47.557194174772484,0.9993887530562348,5.4253472222223764e-05
submesh,121,0,2,hero,submesh/m121_s00/l02_hero.bmp,640,640,captures/submesh/m121_s00/l02_hero.jpg,0.004641840700060129,0.0064073167741298676,43.8664760840592,0.9984728161270617,2.7126736111104943e-05
submesh,121,0,3,hero,submesh/m121_s00/l03_hero.bmp,640,640,captures/submesh/m121_s00/l03_hero.jpg,0.006474517285823822,0.008889548480510712,41.022405944606,0.9972535855965823,2.712673611111882e-05
submesh,121,0,4,hero,submesh/m121_s00/l04_hero.bmp,640,640,captures/submesh/m121_s00/l04_hero.jpg,0.009050602093338966,0.012837981805205345,37.830064883214774,0.9969484284406469,0.0
submesh,121,0,5,hero,submesh/m121_s00/l05_hero.bmp,640,640,captures/submesh/m121_s00/l05_hero.jpg,0.012722966261208057,0.017852628603577614,34.96595659497795,0.99633923123856,0.0
submesh,121,0,6,hero,submesh/m121_s00/l06_hero.bmp,640,640,captures/submesh/m121_s00/l06_hero.jpg,0.03331553936004639,0.044096361845731735,27.111944807242384,0.9875983061101028,0.000732421875
mesh,122,,0,hero,mesh/m122/l00_hero.bmp,640,640,captures/mesh/m122/l00_hero.jpg,0.0,0.0,99.0,1.0,0.0
mesh,122,,1,hero,mesh/m122/l01_hero.bmp,640,640,captures/mesh/m122/l01_hero.jpg,0.003418695880100131,0.005039373878389597,45.952468390344436,0.9991974317817014,2.712673611111882e-05
mesh,122,,2,hero,mesh/m122/l02_hero.bmp,640,640,captures/mesh/m122/l02_hero.jpg,0.0059990291483700275,0.00830522459000349,41.61297237712258,0.9981293425975414,0.00013563368055556635
mesh,122,,3,hero,mesh/m122/l03_hero.bmp,640,640,captures/mesh/m122/l03_hero.jpg,0.009106299839913845,0.012529867701232433,38.04107029109553,0.9978615343491045,5.4253472222223764e-05
mesh,122,,4,hero,mesh/m122/l04_hero.bmp,640,640,captures/mesh/m122/l04_hero.jpg,0.012702852487564087,0.017443420365452766,35.16736706215497,0.9954594017094017,2.7126736111104943e-05
mesh,122,,5,hero,mesh/m122/l05_hero.bmp,640,640,captures/mesh/m122/l05_hero.jpg,0.017793485894799232,0.024227198213338852,32.313936150467335,0.9927903871829106,0.000244140625
mesh,122,,6,hero,mesh/m122/l06_hero.bmp,640,640,captures/mesh/m122/l06_hero.jpg,0.038531165570020676,0.04966151714324951,26.07960034046315,0.9821903242955875,0.0004069010416666574
mesh,122,,0,side,mesh/m122/l00_side.bmp,640,640,captures/mesh/m122/l00_side.jpg,0.0,0.0,99.0,1.0,0.0
mesh,122,,1,side,mesh/m122/l01_side.bmp,640,640,captures/mesh/m122/l01_side.jpg,0.004830120597034693,0.007266364060342312,42.77365693696162,0.9981290926099158,0.0
mesh,122,,2,side,mesh/m122/l02_side.bmp,640,640,captures/mesh/m122/l02_side.jpg,0.008390617556869984,0.012291627936065197,38.20781188363917,0.9959488937363664,8.138020833332871e-05
mesh,122,,3,side,mesh/m122/l03_side.bmp,640,640,captures/mesh/m122/l03_side.jpg,0.011590604670345783,0.017018677666783333,35.38148374322981,0.9968808484092326,0.0001627604166666713
mesh,122,,4,side,mesh/m122/l04_side.bmp,640,640,captures/mesh/m122/l04_side.jpg,0.015854457393288612,0.02305472083389759,32.74480264436911,0.994392523364486,0.0001627604166666713
mesh,122,,5,side,mesh/m122/l05_side.bmp,640,640,captures/mesh/m122/l05_side.jpg,0.020788058638572693,0.02951822429895401,30.598195430449312,0.9909713574097135,0.00035264756944444753
mesh,122,,6,side,mesh/m122/l06_side.bmp,640,640,captures/mesh/m122/l06_side.jpg,0.057931531220674515,0.07150640338659286,22.913101309169438,0.9152803450400493,0.005181206597222224
mesh,122,,0,top,mesh/m122/l00_top.bmp,640,640,captures/mesh/m122/l00_top.jpg,0.0,0.0,99.0,1.0,0.0
mesh,122,,1,top,mesh/m122/l01_top.bmp,640,640,captures/mesh/m122/l01_top.jpg,0.00415881397202611,0.006133467424660921,44.24587873913601,0.9989602587800369,2.71267361111327e-05
mesh,122,,2,top,mesh/m122/l02_top.bmp,640,640,captures/mesh/m122/l02_top.jpg,0.006908114533871412,0.009734876453876495,40.23339111552444,0.997920997920998,0.00010850694444441977
mesh,122,,3,top,mesh/m122/l03_top.bmp,640,640,captures/mesh/m122/l03_top.jpg,0.009850110858678818,0.0137765659019351,37.21718051896997,0.9978060046189376,2.7126736111104943e-05
mesh,122,,4,top,mesh/m122/l04_top.bmp,640,640,captures/mesh/m122/l04_top.jpg,0.013371186330914497,0.018433211371302605,34.68797993767958,0.9973444175037525,8.138020833331483e-05
mesh,122,,5,top,mesh/m122/l05_top.bmp,640,640,captures/mesh/m122/l05_top.jpg,0.01868247613310814,0.025522509589791298,31.86153248662543,0.9972302365839585,0.00010850694444444753
mesh,122,,6,top,mesh/m122/l06_top.bmp,640,640,captures/mesh/m122/l06_top.jpg,0.04919583350419998,0.06270945072174072,24.053340064723194,0.9969990766389658,0.0
submesh,122,0,0,hero,submesh/m122_s00/l00_hero.bmp,640,640,captures/submesh/m122_s00/l00_hero.jpg,0.0,0.0,99.0,1.0,0.0
submesh,122,0,1,hero,submesh/m122_s00/l01_hero.bmp,640,640,captures/submesh/m122_s00/l01_hero.jpg,0.003418695880100131,0.005039373878389597,45.952468390344436,0.9991974317817014,2.712673611111882e-05
submesh,122,0,2,hero,submesh/m122_s00/l02_hero.bmp,640,640,captures/submesh/m122_s00/l02_hero.jpg,0.0059990291483700275,0.00830522459000349,41.61297237712258,0.9981293425975414,0.00013563368055556635
submesh,122,0,3,hero,submesh/m122_s00/l03_hero.bmp,640,640,captures/submesh/m122_s00/l03_hero.jpg,0.009106299839913845,0.012529867701232433,38.04107029109553,0.9978615343491045,5.4253472222223764e-05
submesh,122,0,4,hero,submesh/m122_s00/l04_hero.bmp,640,640,captures/submesh/m122_s00/l04_hero.jpg,0.012702852487564087,0.017443420365452766,35.16736706215497,0.9954594017094017,2.7126736111104943e-05
submesh,122,0,5,hero,submesh/m122_s00/l05_hero.bmp,640,640,captures/submesh/m122_s00/l05_hero.jpg,0.017793485894799232,0.024227198213338852,32.313936150467335,0.9927903871829106,0.000244140625
submesh,122,0,6,hero,submesh/m122_s00/l06_hero.bmp,640,640,captures/submesh/m122_s00/l06_hero.jpg,0.038531165570020676,0.04966151714324951,26.07960034046315,0.9821903242955875,0.0004069010416666574
mesh,123,,0,hero,mesh/m123/l00_hero.bmp,640,640,captures/mesh/m123/l00_hero.jpg,0.0,0.0,99.0,1.0,0.0
mesh,123,,1,hero,mesh/m123/l01_hero.bmp,640,640,captures/mesh/m123/l01_hero.jpg,0.003330361796543002,0.004702566657215357,46.553300795272506,0.9980318834875025,5.4253472222209886e-05
mesh,123,,2,hero,mesh/m123/l02_hero.bmp,640,640,captures/mesh/m123/l02_hero.jpg,0.005224642343819141,0.007136205676943064,42.93065282769983,0.9982290436835891,2.7126736111104943e-05
mesh,123,,3,hero,mesh/m123/l03_hero.bmp,640,640,captures/mesh/m123/l03_hero.jpg,0.007477802224457264,0.010172600857913494,39.85135991139446,0.9968553459119497,0.00016276041666668517
mesh,123,,4,hero,mesh/m123/l04_hero.bmp,640,640,captures/mesh/m123/l04_hero.jpg,0.009991801343858242,0.013531484641134739,37.37309102136644,0.9978372001572945,0.00018988715277779011
mesh,123,,5,hero,mesh/m123/l05_hero.bmp,640,640,captures/mesh/m123/l05_hero.jpg,0.01458774134516716,0.020101431757211685,33.93546016292214,0.9968547277373697,0.00010850694444444753
mesh,123,,6,hero,mesh/m123/l06_hero.bmp,640,640,captures/mesh/m123/l06_hero.jpg,0.038283850997686386,0.04892328009009361,26.209688662611743,0.9772325809617272,0.002170138888888895
mesh,123,,0,side,mesh/m123/l00_side.bmp,640,640,captures/mesh/m123/l00_side.jpg,0.0,0.0,99.0,1.0,0.0
mesh,123,,1,side,mesh/m123/l01_side.bmp,640,640,captures/mesh/m123/l01_side.jpg,0.001624717260710895,0.0026875133626163006,51.41298735420698,1.0,0.0
mesh,123,,2,side,mesh/m123/l02_side.bmp,640,640,captures/mesh/m123/l02_side.jpg,0.002460750751197338,0.0037997381296008825,48.40492666128593,0.9989690721649485,0.0
mesh,123,,3,side,mesh/m123/l03_side.bmp,640,640,captures/mesh/m123/l03_side.jpg,0.0031908624805510044,0.0049968259409070015,46.026115569564105,0.9974240082431737,2.7126736111111882e-05
mesh,123,,4,side,mesh/m123/l04_side.bmp,640,640,captures/mesh/m123/l04_side.jpg,0.004311101511120796,0.00668054074048996,43.50376766334428,0.9963973237261966,2.7126736111104943e-05
mesh,123,,5,side,mesh/m123/l05_side.bmp,640,640,captures/mesh/m123/l05_side.jpg,0.00627343263477087,0.009994776919484138,40.004537895285964,0.9933058702368692,0.00018988715277778317
mesh,123,,6,side,mesh/m123/l06_side.bmp,640,640,captures/mesh/m123/l06_side.jpg,0.030334070324897766,0.057978980243206024,24.73458854907307,0.8603812467800103,0.007242838541666671
mesh,123,,0,top,mesh/m123/l00_top.bmp,640,640,captures/mesh/m123/l00_top.jpg,0.0,0.0,99.0,1.0,0.0
mesh,123,,1,top,mesh/m123/l01_top.bmp,640,640,captures/mesh/m123/l01_top.jpg,0.0038042436353862286,0.005615041591227055,45.01294045047786,0.9988653126063769,0.00010850694444444753
mesh,123,,2,top,mesh/m123/l02_top.bmp,640,640,captures/mesh/m123/l02_top.jpg,0.006223687902092934,0.008689088746905327,41.220515340858256,0.9987517022242397,0.00018988715277779011
mesh,123,,3,top,mesh/m123/l03_top.bmp,640,640,captures/mesh/m123/l03_top.jpg,0.008770868182182312,0.012084631249308586,38.35533194250156,0.9989786654561961,0.00013563368055555247
mesh,123,,4,top,mesh/m123/l04_top.bmp,640,640,captures/mesh/m123/l04_top.jpg,0.011605014093220234,0.015988020226359367,35.92410621975891,0.9984119782214156,5.425347222223764e-05
mesh,123,,5,top,mesh/m123/l05_top.bmp,640,640,captures/mesh/m123/l05_top.jpg,0.016285236924886703,0.022311586886644363,33.029390798174404,0.998071906544176,8.138020833334259e-05
mesh,123,,6,top,mesh/m123/l06_top.bmp,640,640,captures/mesh/m123/l06_top.jpg,0.04673298820853233,0.06014808267354965,24.415564240154847,0.9980729993198821,0.00018988715277776236
submesh,123,0,0,hero,submesh/m123_s00/l00_hero.bmp,640,640,captures/submesh/m123_s00/l00_hero.jpg,0.0,0.0,99.0,1.0,0.0
submesh,123,0,1,hero,submesh/m123_s00/l01_hero.bmp,640,640,captures/submesh/m123_s00/l01_hero.jpg,0.003330361796543002,0.004702566657215357,46.553300795272506,0.9980318834875025,5.4253472222209886e-05
submesh,123,0,2,hero,submesh/m123_s00/l02_hero.bmp,640,640,captures/submesh/m123_s00/l02_hero.jpg,0.005224642343819141,0.007136205676943064,42.93065282769983,0.9982290436835891,2.7126736111104943e-05
submesh,123,0,3,hero,submesh/m123_s00/l03_hero.bmp,640,640,captures/submesh/m123_s00/l03_hero.jpg,0.007477802224457264,0.010172600857913494,39.85135991139446,0.9968553459119497,0.00016276041666668517
submesh,123,0,4,hero,submesh/m123_s00/l04_hero.bmp,640,640,captures/submesh/m123_s00/l04_hero.jpg,0.009991801343858242,0.013531484641134739,37.37309102136644,0.9978372001572945,0.00018988715277779011
submesh,123,0,5,hero,submesh/m123_s00/l05_hero.bmp,640,640,captures/submesh/m123_s00/l05_hero.jpg,0.01458774134516716,0.020101431757211685,33.93546016292214,0.9968547277373697,0.00010850694444444753
submesh,123,0,6,hero,submesh/m123_s00/l06_hero.bmp,640,640,captures/submesh/m123_s00/l06_hero.jpg,0.038283850997686386,0.04892328009009361,26.209688662611743,0.9772325809617272,0.002170138888888895
mesh,124,,0,hero,mesh/m124/l00_hero.bmp,640,640,captures/mesh/m124/l00_hero.jpg,0.0,0.0,99.0,1.0,0.0
mesh,124,,1,hero,mesh/m124/l01_hero.bmp,640,640,captures/mesh/m124/l01_hero.jpg,0.0027896014507859945,0.004191400483250618,47.55281681741386,0.9985172004744959,2.712673611111882e-05
mesh,124,,2,hero,mesh/m124/l02_hero.bmp,640,640,captures/mesh/m124/l02_hero.jpg,0.005214427597820759,0.007349356077611446,42.67501420931143,0.997037037037037,5.4253472222223764e-05
mesh,124,,3,hero,mesh/m124/l03_hero.bmp,640,640,captures/mesh/m124/l03_hero.jpg,0.007374734152108431,0.010256863199174404,39.7797087368814,0.997036158861885,0.0
mesh,124,,4,hero,mesh/m124/l04_hero.bmp,640,640,captures/mesh/m124/l04_hero.jpg,0.010310636833310127,0.014608236029744148,36.70804445448231,0.9976282241328195,0.0
mesh,124,,5,hero,mesh/m124/l05_hero.bmp,640,640,captures/mesh/m124/l05_hero.jpg,0.015432657673954964,0.02208547294139862,33.11786592526781,0.9940758293838863,0.00016276041666665741
mesh,124,,6,hero,mesh/m124/l06_hero.bmp,640,640,captures/mesh/m124/l06_hero.jpg,0.041055187582969666,0.056187644600868225,25.007183464984433,0.9529446581828943,0.0037706163194444337
mesh,124,,0,side,mesh/m124/l00_side.bmp,640,640,captures/mesh/m124/l00_side.jpg,0.0,0.0,99.0,1.0,0.0
mesh,124,,1,side,mesh/m124/l01_side.bmp,640,640,captures/mesh/m124/l01_side.jpg,0.003285998245701194,0.005171529483050108,45.7276199009314,0.9991514637250742,5.4253472222223764e-05
mesh,124,,2,side,mesh/m124/l02_side.bmp,640,640,captures/mesh/m124/l02_side.jpg,0.005569956731051207,0.008659466169774532,41.25017760230239,0.997457627118644,0.0
mesh,124,,3,side,mesh/m124/l03_side.bmp,640,640,captures/mesh/m124/l03_side.jpg,0.007627855055034161,0.012117572128772736,38.33168772996294,0.9974597798475868,0.00010850694444443365
mesh,124,,4,side,mesh/m124/l04_side.bmp,640,640,captures/mesh/m124/l04_side.jpg,0.01017132680863142,0.015860583633184433,35.99361671362446,0.9932375316990701,5.4253472222209886e-05
mesh,124,,5,side,mesh/m124/l05_side.bmp,640,640,captures/mesh/m124/l05_side.jpg,0.014956808649003506,0.02334142103791237,32.637454148214545,0.9894470240607851,2.712673611111882e-05
mesh,124,,6,side,mesh/m124/l06_side.bmp,640,640,captures/mesh/m124/l06_side.jpg,0.049371201545000076,0.06818243861198425,23.326549397200168,0.8692712246431255,0.007107204861111105
mesh,124,,0,top,mesh/m124/l00_top.bmp,640,640,captures/mesh/m124/l00_top.jpg,0.0,0.0,99.0,1.0,0.0
mesh,124,,1,top,mesh/m124/l01_top.bmp,640,640,captures/mesh/m124/l01_top.jpg,0.0035229334607720375,0.005463058594614267,45.25128282777836,0.9988813066338517,0.0
mesh,124,,2,top,mesh/m124/l02_top.bmp,640,640,captures/mesh/m124/l02_top.jpg,0.006211782339960337,0.009105883538722992,40.81355816953835,0.9988814317673378,5.425347222223764e-05
mesh,124,,3,top,mesh/m124/l03_top.bmp,640,640,captures/mesh/m124/l03_top.jpg,0.008729024790227413,0.012558473274111748,38.02126308606916,0.9985456986240071,8.138020833331483e-05
mesh,124,,4,top,mesh/m124/l04_top.bmp,640,640,captures/mesh/m124/l04_top.jpg,0.011730637401342392,0.01661934144794941,35.587723788159835,0.9985458612975392,2.7126736111104943e-05
mesh,124,,5,top,mesh/m124/l05_top.bmp,640,640,captures/mesh/m124/l05_top.jpg,0.01605691760778427,0.022749830037355423,32.86043687166652,0.9980992844364938,8.138020833334259e-05
mesh,124,,6,top,mesh/m124/l06_top.bmp,640,640,captures/mesh/m124/l06_top.jpg,0.039286158978939056,0.052584271878004074,25.582882705527577,0.998881556872833,0.00010850694444444753
submesh,124,0,0,hero,submesh/m124_s00/l00_hero.bmp,640,640,captures/submesh/m124_s00/l00_hero.jpg,0.0,0.0,99.0,1.0,0.0
submesh,124,0,1,hero,submesh/m124_s00/l01_hero.bmp,640,640,captures/submesh/m124_s00/l01_hero.jpg,0.0027896014507859945,0.004191400483250618,47.55281681741386,0.9985172004744959,2.712673611111882e-05
submesh,124,0,2,hero,submesh/m124_s00/l02_hero.bmp,640,640,captures/submesh/m124_s00/l02_hero.jpg,0.005214427597820759,0.007349356077611446,42.67501420931143,0.997037037037037,5.4253472222223764e-05
submesh,124,0,3,hero,submesh/m124_s00/l03_hero.bmp,640,640,captures/submesh/m124_s00/l03_hero.jpg,0.007374734152108431,0.010256863199174404,39.7797087368814,0.997036158861885,0.0
submesh,124,0,4,hero,submesh/m124_s00/l04_hero.bmp,640,640,captures/submesh/m124_s00/l04_hero.jpg,0.010310636833310127,0.014608236029744148,36.70804445448231,0.9976282241328195,0.0
submesh,124,0,5,hero,submesh/m124_s00/l05_hero.bmp,640,640,captures/submesh/m124_s00/l05_hero.jpg,0.015432657673954964,0.02208547294139862,33.11786592526781,0.9940758293838863,0.00016276041666665741
submesh,124,0,6,hero,submesh/m124_s00/l06_hero.bmp,640,640,captures/submesh/m124_s00/l06_hero.jpg,0.041055187582969666,0.056187644600868225,25.007183464984433,0.9529446581828943,0.0037706163194444337
mesh,125,,0,hero,mesh/m125/l00_hero.bmp,640,640,captures/mesh/m125/l00_hero.jpg,0.0,0.0,99.0,1.0,0.0
mesh,125,,1,hero,mesh/m125/l01_hero.bmp,640,640,captures/mesh/m125/l01_hero.jpg,0.002630998846143484,0.003892461070790887,48.19551444392001,0.9997405293201869,2.712673611111882e-05
mesh,125,,2,hero,mesh/m125/l02_hero.bmp,640,640,captures/mesh/m125/l02_hero.jpg,0.004307691473513842,0.005902094766497612,44.579876431331265,0.9974066390041494,0.00010850694444443365
mesh,125,,3,hero,mesh/m125/l03_hero.bmp,640,640,captures/mesh/m125/l03_hero.jpg,0.006024600937962532,0.008334912359714508,41.58197924699543,0.998443579766537,5.4253472222209886e-05
mesh,125,,4,hero,mesh/m125/l04_hero.bmp,640,640,captures/mesh/m125/l04_hero.jpg,0.008456570096313953,0.011715063825249672,38.62510681931181,0.9974073113819031,5.4253472222209886e-05
mesh,125,,5,hero,mesh/m125/l05_hero.bmp,640,640,captures/mesh/m125/l05_hero.jpg,0.011378883384168148,0.01571875996887684,36.071634356664916,0.9968903861103913,0.0
mesh,125,,6,hero,mesh/m125/l06_hero.bmp,640,640,captures/mesh/m125/l06_hero.jpg,0.030128490179777145,0.04149354249238968,27.64038971787153,0.9793388429752066,0.0011393229166666574
mesh,125,,0,side,mesh/m125/l00_side.bmp,640,640,captures/mesh/m125/l00_side.jpg,0.0,0.0,99.0,1.0,0.0
mesh,125,,1,side,mesh/m125/l01_side.bmp,640,640,captures/mesh/m125/l01_side.jpg,0.0033847300801426172,0.005379335954785347,45.38542663898361,0.9988950276243094,8.138020833334259e-05
mesh,125,,2,side,mesh/m125/l02_side.bmp,640,640,captures/mesh/m125/l02_side.jpg,0.0060684410855174065,0.009322348982095718,40.6094928657396,0.9970534069981584,5.4253472222223764e-05
mesh,125,,3,side,mesh/m125/l03_side.bmp,640,640,captures/mesh/m125/l03_side.jpg,0.008746041916310787,0.013342045247554779,37.49555181672067,0.9948453608247423,0.00016276041666665741
mesh,125,,4,side,mesh/m125/l04_side.bmp,640,640,captures/mesh/m125/l04_side.jpg,0.012326782569289207,0.01955781690776348,34.173592477496726,0.9926497611172364,5.4253472222223764e-05
mesh,125,,5,side,mesh/m125/l05_side.bmp,640,640,captures/mesh/m125/l05_side.jpg,0.017395121976733208,0.026693249121308327,31.471971207222346,0.9919236417033774,5.4253472222223764e-05
mesh,125,,6,side,mesh/m125/l06_side.bmp,640,640,captures/mesh/m125/l06_side.jpg,0.0354556068778038,0.04825066775083542,26.329933439773136,0.9685672514619883,0.0010308159722222238
mesh,125,,0,top,mesh/m125/l00_top.bmp,640,640,captures/mesh/m125/l00_top.jpg,0.0,0.0,99.0,1.0,0.0
mesh,125,,1,top,mesh/m125/l01_top.bmp,640,640,captures/mesh/m125/l01_top.jpg,0.0032992963679134846,0.004859121050685644,46.2688456326935,0.9986779773052771,5.4253472222209886e-05
mesh,125,,2,top,mesh/m125/l02_top.bmp,640,640,captures/mesh/m125/l02_top.jpg,0.005823916755616665,0.008217734284698963,41.70495810975418,0.9984584893195332,0.00016276041666665741
mesh,125,,3,top,mesh/m125/l03_top.bmp,640,640,captures/mesh/m125/l03_top.jpg,0.008452823385596275,0.011842501349747181,38.53113114202719,0.9986784140969163,0.00010850694444444753
mesh,125,,4,top,mesh/m125/l04_top.bmp,640,640,captures/mesh/m125/l04_top.jpg,0.012054584920406342,0.01711375266313553,35.33309497902711,0.9983483814137855,0.00013563368055555247
mesh,125,,5,top,mesh/m125/l05_top.bmp,640,640,captures/mesh/m125/l05_top.jpg,0.016631411388516426,0.023663122206926346,32.51855906755118,0.9977983267283135,0.00010850694444444753
mesh,125,,6,top,mesh/m125/l06_top.bmp,640,640,captures/mesh/m125/l06_top.jpg,0.038077957928180695,0.05063895881175995,25.91030464865917,0.9972488169913063,0.00013563368055555247
submesh,125,0,0,hero,submesh/m125_s00/l00_hero.bmp,640,640,captures/submesh/m125_s00/l00_hero.jpg,0.0,0.0,99.0,1.0,0.0
submesh,125,0,1,hero,submesh/m125_s00/l01_hero.bmp,640,640,captures/submesh/m125_s00/l01_hero.jpg,0.002630998846143484,0.003892461070790887,48.19551444392001,0.9997405293201869,2.712673611111882e-05
submesh,125,0,2,hero,submesh/m125_s00/l02_hero.bmp,640,640,captures/submesh/m125_s00/l02_hero.jpg,0.004307691473513842,0.005902094766497612,44.579876431331265,0.9974066390041494,0.00010850694444443365
submesh,125,0,3,hero,submesh/m125_s00/l03_hero.bmp,640,640,captures/submesh/m125_s00/l03_hero.jpg,0.006024600937962532,0.008334912359714508,41.58197924699543,0.998443579766537,5.4253472222209886e-05
submesh,125,0,4,hero,submesh/m125_s00/l04_hero.bmp,640,640,captures/submesh/m125_s00/l04_hero.jpg,0.008456570096313953,0.011715063825249672,38.62510681931181,0.9974073113819031,5.4253472222209886e-05
submesh,125,0,5,hero,submesh/m125_s00/l05_hero.bmp,640,640,captures/submesh/m125_s00/l05_hero.jpg,0.011378883384168148,0.01571875996887684,36.071634356664916,0.9968903861103913,0.0
submesh,125,0,6,hero,submesh/m125_s00/l06_hero.bmp,640,640,captures/submesh/m125_s00/l06_hero.jpg,0.030128490179777145,0.04149354249238968,27.64038971787153,0.9793388429752066,0.0011393229166666574
mesh,126,,0,hero,mesh/m126/l00_hero.bmp,640,640,captures/mesh/m126/l00_hero.jpg,0.0,0.0,99.0,1.0,0.0
mesh,126,,1,hero,mesh/m126/l01_hero.bmp,640,640,captures/mesh/m126/l01_hero.jpg,0.0026408482808619738,0.003886811900883913,48.208129523802796,0.9989453701750686,8.138020833331483e-05
mesh,126,,2,hero,mesh/m126/l02_hero.bmp,640,640,captures/mesh/m126/l02_hero.jpg,0.004598860163241625,0.006391564849764109,43.88785600610682,0.9985244519392917,2.71267361111327e-05
mesh,126,,3,hero,mesh/m126/l03_hero.bmp,640,640,captures/mesh/m126/l03_hero.jpg,0.006787521298974752,0.009449957869946957,40.491402553392184,0.9978920741989882,5.4253472222209886e-05
mesh,126,,4,hero,mesh/m126/l04_hero.bmp,640,640,captures/mesh/m126/l04_hero.jpg,0.009415402077138424,0.013041135855019093,37.69369161673854,0.9974704890387859,0.00010850694444444753
mesh,126,,5,hero,mesh/m126/l05_hero.bmp,640,640,captures/mesh/m126/l05_hero.jpg,0.013433335348963737,0.018999069929122925,34.42535317519215,0.9966280295047418,0.00016276041666665741
mesh,126,,6,hero,mesh/m126/l06_hero.bmp,640,640,captures/mesh/m126/l06_hero.jpg,0.03379518911242485,0.043885737657547,27.153531947328272,0.9962065331928346,0.0002170138888888673
mesh,126,,0,side,mesh/m126/l00_side.bmp,640,640,captures/mesh/m126/l00_side.jpg,0.0,0.0,99.0,1.0,0.0
mesh,126,,1,side,mesh/m126/l01_side.bmp,640,640,captures/mesh/m126/l01_side.jpg,0.00312386779114604,0.004689914174377918,46.57670209638118,0.9966144731273805,5.4253472222223764e-05
mesh,126,,2,side,mesh/m126/l02_side.bmp,640,640,captures/mesh/m126/l02_side.jpg,0.00501061649993062,0.0073376926593482494,42.68880965412096,0.9940703091910208,0.0003255208333333287
mesh,126,,3,side,mesh/m126/l03_side.bmp,640,640,captures/mesh/m126/l03_side.jpg,0.007107082288712263,0.01061475183814764,39.48180309464722,0.9932260795935648,0.0003255208333333287
mesh,126,,4,side,mesh/m126/l04_side.bmp,640,640,captures/mesh/m126/l04_side.jpg,0.00966291781514883,0.015111665241420269,36.413753512277964,0.9915397631133672,0.0003255208333333287
mesh,126,,5,side,mesh/m126/l05_side.bmp,640,640,captures/mesh/m126/l05_side.jpg,0.012986259534955025,0.02035840041935444,33.82512695925787,0.9907016060862215,0.0002712673611111188
mesh,126,,6,side,mesh/m126/l06_side.bmp,640,640,captures/mesh/m126/l06_side.jpg,0.0333026759326458,0.0468180812895298,26.591727772823898,0.961892797319933,0.0009494357638888951
mesh,126,,0,top,mesh/m126/l00_top.bmp,640,640,captures/mesh/m126/l00_top.jpg,0.0,0.0,99.0,1.0,0.0
mesh,126,,1,top,mesh/m126/l01_top.bmp,640,640,captures/mesh/m126/l01_top.jpg,0.0032614609226584435,0.0048469738103449345,46.290586537888146,0.9988928255093003,0.00010850694444441977
mesh,126,,2,top,mesh/m126/l02_top.bmp,640,640,captures/mesh/m126/l02_top.jpg,0.005686527583748102,0.008021526038646698,41.91486004798839,0.9985611510791367,0.00018988715277776236
mesh,126,,3,top,mesh/m126/l03_top.bmp,640,640,captures/mesh/m126/l03_top.jpg,0.008477123454213142,0.011980045586824417,38.430830587066666,0.9981180117347503,2.71267361111327e-05
mesh,126,,4,top,mesh/m126/l04_top.bmp,640,640,captures/mesh/m126/l04_top.jpg,0.011558391153812408,0.016198769211769104,35.810359641052614,0.9981184283342557,8.138020833331483e-05
mesh,126,,5,top,mesh/m126/l05_top.bmp,640,640,captures/mesh/m126/l05_top.jpg,0.01611747220158577,0.02266961894929409,32.891115596243125,0.9972335952196525,2.71267361111327e-05
mesh,126,,6,top,mesh/m126/l06_top.bmp,640,640,captures/mesh/m126/l06_top.jpg,0.04504719376564026,0.058963701128959656,24.588305275898815,0.9974549076020803,2.7126736111104943e-05
submesh,126,0,0,hero,submesh/m126_s00/l00_hero.bmp,640,640,captures/submesh/m126_s00/l00_hero.jpg,0.0,0.0,99.0,1.0,0.0
submesh,126,0,1,hero,submesh/m126_s00/l01_hero.bmp,640,640,captures/submesh/m126_s00/l01_hero.jpg,0.0026408482808619738,0.003886811900883913,48.208129523802796,0.9989453701750686,8.138020833331483e-05
submesh,126,0,2,hero,submesh/m126_s00/l02_hero.bmp,640,640,captures/submesh/m126_s00/l02_hero.jpg,0.004598860163241625,0.006391564849764109,43.88785600610682,0.9985244519392917,2.71267361111327e-05
submesh,126,0,3,hero,submesh/m126_s00/l03_hero.bmp,640,640,captures/submesh/m126_s00/l03_hero.jpg,0.006787521298974752,0.009449957869946957,40.491402553392184,0.9978920741989882,5.4253472222209886e-05
submesh,126,0,4,hero,submesh/m126_s00/l04_hero.bmp,640,640,captures/submesh/m126_s00/l04_hero.jpg,0.009415402077138424,0.013041135855019093,37.69369161673854,0.9974704890387859,0.00010850694444444753
submesh,126,0,5,hero,submesh/m126_s00/l05_hero.bmp,640,640,captures/submesh/m126_s00/l05_hero.jpg,0.013433335348963737,0.018999069929122925,34.42535317519215,0.9966280295047418,0.00016276041666665741
submesh,126,0,6,hero,submesh/m126_s00/l06_hero.bmp,640,640,captures/submesh/m126_s00/l06_hero.jpg,0.03379518911242485,0.043885737657547,27.153531947328272,0.9962065331928346,0.0002170138888888673
mesh,127,,0,hero,mesh/m127/l00_hero.bmp,640,640,captures/mesh/m127/l00_hero.jpg,0.0,0.0,99.0,1.0,0.0
mesh,127,,1,hero,mesh/m127/l01_hero.bmp,640,640,captures/mesh/m127/l01_hero.jpg,0.0029390330892056227,0.004276461899280548,47.37830785843751,0.9993441189331002,2.7126736111104943e-05
mesh,127,,2,hero,mesh/m127/l02_hero.bmp,640,640,captures/mesh/m127/l02_hero.jpg,0.004741026554256678,0.006552213802933693,43.67223879418546,0.9991256830601093,5.4253472222223764e-05
mesh,127,,3,hero,mesh/m127/l03_hero.bmp,640,640,captures/mesh/m127/l03_hero.jpg,0.006749716587364674,0.009296462871134281,40.63364521763145,0.9991254919108001,0.0
mesh,127,,4,hero,mesh/m127/l04_hero.bmp,640,640,captures/mesh/m127/l04_hero.jpg,0.008857936598360538,0.012154941447079182,38.30494257807751,0.9980340760157274,8.138020833332871e-05
mesh,127,,5,hero,mesh/m127/l05_hero.bmp,640,640,captures/mesh/m127/l05_hero.jpg,0.012429151684045792,0.017200784757733345,35.28903477326935,0.9978156400174749,5.4253472222223764e-05
mesh,127,,6,hero,mesh/m127/l06_hero.bmp,640,640,captures/mesh/m127/l06_hero.jpg,0.03308030590415001,0.04361191391944885,27.20789707578789,0.9960741548527808,0.00021701388888889506
mesh,127,,0,side,mesh/m127/l00_side.bmp,640,640,captures/mesh/m127/l00_side.jpg,0.0,0.0,99.0,1.0,0.0
mesh,127,,1,side,mesh/m127/l01_side.bmp,640,640,captures/mesh/m127/l01_side.jpg,0.003360430244356394,0.005375084932893515,45.39229337951946,0.9951033732317737,2.7126736111111882e-05
mesh,127,,2,side,mesh/m127/l02_side.bmp,640,640,captures/mesh/m127/l02_side.jpg,0.005507852882146835,0.008388756774365902,41.52604794919375,0.9967320261437909,5.4253472222223764e-05
mesh,127,,3,side,mesh/m127/l03_side.bmp,640,640,captures/mesh/m127/l03_side.jpg,0.008061830885708332,0.012359704822301865,38.159838021151586,0.9918522542096686,2.7126736111111882e-05
mesh,127,,4,side,mesh/m127/l04_side.bmp,640,640,captures/mesh/m127/l04_side.jpg,0.01115051843225956,0.017635002732276917,35.07248937418252,0.9923954372623575,0.0
mesh,127,,5,side,mesh/m127/l05_side.bmp,640,640,captures/mesh/m127/l05_side.jpg,0.016314322128891945,0.02483396977186203,32.099077036850794,0.9864277958740499,0.000244140625
mesh,127,,6,side,mesh/m127/l06_side.bmp,640,640,captures/mesh/m127/l06_side.jpg,0.03681211918592453,0.05088275671005249,25.868587353037185,0.9082228116710875,0.0019259982638888881
mesh,127,,0,top,mesh/m127/l00_top.bmp,640,640,captures/mesh/m127/l00_top.jpg,0.0,0.0,99.0,1.0,0.0
mesh,127,,1,top,mesh/m127/l01_top.bmp,640,640,captures/mesh/m127/l01_top.jpg,0.0035067060962319374,0.0051339417695999146,45.79098123017835,0.9985487832105381,0.00013563368055555247
mesh,127,,2,top,mesh/m127/l02_top.bmp,640,640,captures/mesh/m127/l02_top.jpg,0.005930351093411446,0.008290554396808147,41.62832853634295,0.9983258928571429,8.138020833334259e-05
mesh,127,,3,top,mesh/m127/l03_top.bmp,640,640,captures/mesh/m127/l03_top.jpg,0.008591747842729092,0.011810652911663055,38.55452186467368,0.9977686042619659,5.425347222223764e-05
mesh,127,,4,top,mesh/m127/l04_top.bmp,640,640,captures/mesh/m127/l04_top.jpg,0.011424746364355087,0.015788324177265167,36.03327929874551,0.9977686042619659,5.425347222223764e-05
mesh,127,,5,top,mesh/m127/l05_top.bmp,640,640,captures/mesh/m127/l05_top.jpg,0.016117822378873825,0.022221054881811142,33.0647065600405,0.9974330357142858,0.00029839409722223764
mesh,127,,6,top,mesh/m127/l06_top.bmp,640,640,captures/mesh/m127/l06_top.jpg,0.040780287235975266,0.05344322696328163,25.442146530846692,0.9976570344750642,8.138020833334259e-05
submesh,127,0,0,hero,submesh/m127_s00/l00_hero.bmp,640,640,captures/submesh/m127_s00/l00_hero.jpg,0.0,0.0,99.0,1.0,0.0
submesh,127,0,1,hero,submesh/m127_s00/l01_hero.bmp,640,640,captures/submesh/m127_s00/l01_hero.jpg,0.0029390330892056227,0.004276461899280548,47.37830785843751,0.9993441189331002,2.7126736111104943e-05
submesh,127,0,2,hero,submesh/m127_s00/l02_hero.bmp,640,640,captures/submesh/m127_s00/l02_hero.jpg,0.004741026554256678,0.006552213802933693,43.67223879418546,0.9991256830601093,5.4253472222223764e-05
submesh,127,0,3,hero,submesh/m127_s00/l03_hero.bmp,640,640,captures/submesh/m127_s00/l03_hero.jpg,0.006749716587364674,0.009296462871134281,40.63364521763145,0.9991254919108001,0.0
submesh,127,0,4,hero,submesh/m127_s00/l04_hero.bmp,640,640,captures/submesh/m127_s00/l04_hero.jpg,0.008857936598360538,0.012154941447079182,38.30494257807751,0.9980340760157274,8.138020833332871e-05
submesh,127,0,5,hero,submesh/m127_s00/l05_hero.bmp,640,640,captures/submesh/m127_s00/l05_hero.jpg,0.012429151684045792,0.017200784757733345,35.28903477326935,0.9978156400174749,5.4253472222223764e-05
submesh,127,0,6,hero,submesh/m127_s00/l06_hero.bmp,640,640,captures/submesh/m127_s00/l06_hero.jpg,0.03308030590415001,0.04361191391944885,27.20789707578789,0.9960741548527808,0.00021701388888889506
mesh,128,,0,hero,mesh/m128/l00_hero.bmp,640,640,captures/mesh/m128/l00_hero.jpg,0.0,0.0,99.0,1.0,0.0
mesh,128,,1,hero,mesh/m128/l01_hero.bmp,640,640,captures/mesh/m128/l01_hero.jpg,0.003109917277470231,0.00448494590818882,46.96485581010916,0.9980034938857,5.4253472222223764e-05
mesh,128,,2,hero,mesh/m128/l02_hero.bmp,640,640,captures/mesh/m128/l02_hero.jpg,0.004830988589674234,0.0067017944529652596,43.47617792605162,0.99900149775337,0.0
mesh,128,,3,hero,mesh/m128/l03_hero.bmp,640,640,captures/mesh/m128/l03_hero.jpg,0.00675756623968482,0.009302441962063313,40.628060617226176,0.9992509363295881,2.712673611111882e-05
mesh,128,,4,hero,mesh/m128/l04_hero.bmp,640,640,captures/mesh/m128/l04_hero.jpg,0.00928969494998455,0.012907338328659534,37.78326612036323,0.9990012484394507,5.4253472222223764e-05
mesh,128,,5,hero,mesh/m128/l05_hero.bmp,640,640,captures/mesh/m128/l05_hero.jpg,0.012491756118834019,0.016906311735510826,35.439022546596945,0.9975024975024975,0.0002712673611111188
mesh,128,,6,hero,mesh/m128/l06_hero.bmp,640,640,captures/mesh/m128/l06_hero.jpg,0.028205959126353264,0.03777150809764862,28.456713496241886,0.9815043156596794,0.000732421875
mesh,128,,0,side,mesh/m128/l00_side.bmp,640,640,captures/mesh/m128/l00_side.jpg,0.0,0.0,99.0,1.0,0.0
mesh,128,,1,side,mesh/m128/l01_side.bmp,640,640,captures/mesh/m128/l01_side.jpg,0.0036180184688419104,0.006147079169750214,44.22662386914545,0.9967293540474244,5.4253472222223764e-05
mesh,128,,2,side,mesh/m128/l02_side.bmp,640,640,captures/mesh/m128/l02_side.jpg,0.005587301682680845,0.008816723711788654,41.09385536817547,0.9934693877551021,5.4253472222223764e-05
mesh,128,,3,side,mesh/m128/l03_side.bmp,640,640,captures/mesh/m128/l03_side.jpg,0.007764301262795925,0.013039895333349705,37.69451789038119,0.986960065199674,0.00016276041666666435
mesh,128,,4,side,mesh/m128/l04_side.bmp,640,640,captures/mesh/m128/l04_side.jpg,0.010133912786841393,0.01615767739713192,35.83242134412923,0.9861563517915309,0.00013563368055555247
mesh,128,,5,side,mesh/m128/l05_side.bmp,640,640,captures/mesh/m128/l05_side.jpg,0.013162156566977501,0.020534228533506393,33.75043217705861,0.9796913078797725,0.00018988715277777624
mesh,128,,6,side,mesh/m128/l06_side.bmp,640,640,captures/mesh/m128/l06_side.jpg,0.044626057147979736,0.06307347863912582,24.00306432127347,0.6502423263327949,0.010877821180555552
mesh,128,,0,top,mesh/m128/l00_top.bmp,640,640,captures/mesh/m128/l00_top.jpg,0.0,0.0,99.0,1.0,0.0
mesh,128,,1,top,mesh/m128/l01_top.bmp,640,640,captures/mesh/m128/l01_top.jpg,0.003751726122573018,0.005536217242479324,45.13573752796645,0.9994131455399061,8.138020833334259e-05
mesh,128,,2,top,mesh/m128/l02_top.bmp,640,640,captures/mesh/m128/l02_top.jpg,0.006046518683433533,0.00846771989017725,41.4446703351177,0.9991784037558685,0.00013563368055555247
mesh,128,,3,top,mesh/m128/l03_top.bmp,640,640,captures/mesh/m128/l03_top.jpg,0.008430314250290394,0.011745363473892212,38.60267077864163,0.9987092231870452,0.00013563368055555247
mesh,128,,4,top,mesh/m128/l04_top.bmp,640,640,captures/mesh/m128/l04_top.jpg,0.011383882723748684,0.0158299021422863,36.01043539725248,0.9987093746333451,8.138020833334259e-05
mesh,128,,5,top,mesh/m128/l05_top.bmp,640,640,captures/mesh/m128/l05_top.jpg,0.015569070354104042,0.021585319191217422,33.316830497291676,0.9984743574697805,0.000244140625
mesh,128,,6,top,mesh/m128/l06_top.bmp,640,640,captures/mesh/m128/l06_top.jpg,0.03824779763817787,0.05080123618245125,25.88251439184714,0.9987092231870452,0.00013563368055555247
submesh,128,0,0,hero,submesh/m128_s00/l00_hero.bmp,640,640,captures/submesh/m128_s00/l00_hero.jpg,0.0,0.0,99.0,1.0,0.0
submesh,128,0,1,hero,submesh/m128_s00/l01_hero.bmp,640,640,captures/submesh/m128_s00/l01_hero.jpg,0.003109917277470231,0.00448494590818882,46.96485581010916,0.9980034938857,5.4253472222223764e-05
submesh,128,0,2,hero,submesh/m128_s00/l02_hero.bmp,640,640,captures/submesh/m128_s00/l02_hero.jpg,0.004830988589674234,0.0067017944529652596,43.47617792605162,0.99900149775337,0.0
submesh,128,0,3,hero,submesh/m128_s00/l03_hero.bmp,640,640,captures/submesh/m128_s00/l03_hero.jpg,0.00675756623968482,0.009302441962063313,40.628060617226176,0.9992509363295881,2.712673611111882e-05
submesh,128,0,4,hero,submesh/m128_s00/l04_hero.bmp,640,640,captures/submesh/m128_s00/l04_hero.jpg,0.00928969494998455,0.012907338328659534,37.78326612036323,0.9990012484394507,5.4253472222223764e-05
submesh,128,0,5,hero,submesh/m128_s00/l05_hero.bmp,640,640,captures/submesh/m128_s00/l05_hero.jpg,0.012491756118834019,0.016906311735510826,35.439022546596945,0.9975024975024975,0.0002712673611111188
submesh,128,0,6,hero,submesh/m128_s00/l06_hero.bmp,640,640,captures/submesh/m128_s00/l06_hero.jpg,0.028205959126353264,0.03777150809764862,28.456713496241886,0.9815043156596794,0.000732421875
mesh,129,,0,hero,mesh/m129/l00_hero.bmp,640,640,captures/mesh/m129/l00_hero.jpg,0.0,0.0,99.0,1.0,0.0
mesh,129,,1,hero,mesh/m129/l01_hero.bmp,640,640,captures/mesh/m129/l01_hero.jpg,0.003006625920534134,0.004380119498819113,47.17028081745322,0.9979353062629044,2.7126736111111882e-05
mesh,129,,2,hero,mesh/m129/l02_hero.bmp,640,640,captures/mesh/m129/l02_hero.jpg,0.004249488934874535,0.005871186964213848,44.625481791412724,0.9965635738831615,8.138020833332871e-05
mesh,129,,3,hero,mesh/m129/l03_hero.bmp,640,640,captures/mesh/m129/l03_hero.jpg,0.005874716676771641,0.007996391505002975,41.942119017691596,0.9951890034364261,2.7126736111111882e-05
mesh,129,,4,hero,mesh/m129/l04_hero.bmp,640,640,captures/mesh/m129/l04_hero.jpg,0.007641133386641741,0.01041326206177473,39.64826403897662,0.9951923076923077,8.138020833332871e-05
mesh,129,,5,hero,mesh/m129/l05_hero.bmp,640,640,captures/mesh/m129/l05_hero.jpg,0.010408204980194569,0.014634176157414913,36.69263442990548,0.9890260631001372,5.4253472222223764e-05
mesh,129,,6,hero,mesh/m129/l06_hero.bmp,640,640,captures/mesh/m129/l06_hero.jpg,0.03400062397122383,0.05097542330622673,25.852783181993956,0.9115913555992141,0.0004611545138888881
mesh,129,,0,side,mesh/m129/l00_side.bmp,640,640,captures/mesh/m129/l00_side.jpg,0.0,0.0,99.0,1.0,0.0
mesh,129,,1,side,mesh/m129/l01_side.bmp,640,640,captures/mesh/m129/l01_side.jpg,0.004076342098414898,0.006234846543520689,44.10348462437383,0.9970674486803519,0.00010850694444444753
mesh,129,,2,side,mesh/m129/l02_side.bmp,640,640,captures/mesh/m129/l02_side.jpg,0.0063837929628789425,0.009546471759676933,40.40314215665083,0.9959736456808199,2.7126736111104943e-05
mesh,129,,3,side,mesh/m129/l03_side.bmp,640,640,captures/mesh/m129/l03_side.jpg,0.008779988624155521,0.013075723312795162,37.67068555656819,0.9952415812591509,2.712673611111882e-05
mesh,129,,4,side,mesh/m129/l04_side.bmp,640,640,captures/mesh/m129/l04_side.jpg,0.011692934669554234,0.017105024307966232,35.33752608604362,0.9945095168374817,8.138020833334259e-05
mesh,129,,5,side,mesh/m129/l05_side.bmp,640,640,captures/mesh/m129/l05_side.jpg,0.015245933085680008,0.022127797827124596,33.10123610384685,0.987956204379562,0.00013563368055556635
mesh,129,,6,side,mesh/m129/l06_side.bmp,640,640,captures/mesh/m129/l06_side.jpg,0.035347629338502884,0.04636523872613907,26.676149995447098,0.9491959064327485,0.0032280815972222238
mesh,129,,0,top,mesh/m129/l00_top.bmp,640,640,captures/mesh/m129/l00_top.jpg,0.0,0.0,99.0,1.0,0.0
mesh,129,,1,top,mesh/m129/l01_top.bmp,640,640,captures/mesh/m129/l01_top.jpg,0.004573328420519829,0.007094015832990408,42.982156931398535,0.9996338337605273,8.138020833334259e-05
mesh,129,,2,top,mesh/m129/l02_top.bmp,640,640,captures/mesh/m129/l02_top.jpg,0.007812670432031155,0.011442494578659534,38.82958569330066,0.9990237949969494,5.4253472222209886e-05
mesh,129,,3,top,mesh/m129/l03_top.bmp,640,640,captures/mesh/m129/l03_top.jpg,0.011158394627273083,0.016308799386024475,35.75156018963818,0.9986580456264487,8.138020833334259e-05
mesh,129,,4,top,mesh/m129/l04_top.bmp,640,640,captures/mesh/m129/l04_top.jpg,0.014731952920556068,0.021368859335780144,33.40437319490101,0.997926323493535,2.7126736111104943e-05
mesh,129,,5,top,mesh/m129/l05_top.bmp,640,640,captures/mesh/m129/l05_top.jpg,0.01955537125468254,0.02797318808734417,31.065160690560756,0.9981698389458272,8.138020833334259e-05
mesh,129,,6,top,mesh/m129/l06_top.bmp,640,640,captures/mesh/m129/l06_top.jpg,0.03922812268137932,0.051645178347826004,25.739404369500832,0.9985364068788877,0.00016276041666665741
submesh,129,0,0,hero,submesh/m129_s00/l00_hero.bmp,640,640,captures/submesh/m129_s00/l00_hero.jpg,0.0,0.0,99.0,1.0,0.0
submesh,129,0,1,hero,submesh/m129_s00/l01_hero.bmp,640,640,captures/submesh/m129_s00/l01_hero.jpg,0.003006625920534134,0.004380119498819113,47.17028081745322,0.9979353062629044,2.7126736111111882e-05
submesh,129,0,2,hero,submesh/m129_s00/l02_hero.bmp,640,640,captures/submesh/m129_s00/l02_hero.jpg,0.004249488934874535,0.005871186964213848,44.625481791412724,0.9965635738831615,8.138020833332871e-05
submesh,129,0,3,hero,submesh/m129_s00/l03_hero.bmp,640,640,captures/submesh/m129_s00/l03_hero.jpg,0.005874716676771641,0.007996391505002975,41.942119017691596,0.9951890034364261,2.7126736111111882e-05
submesh,129,0,4,hero,submesh/m129_s00/l04_hero.bmp,640,640,captures/submesh/m129_s00/l04_hero.jpg,0.007641133386641741,0.01041326206177473,39.64826403897662,0.9951923076923077,8.138020833332871e-05
submesh,129,0,5,hero,submesh/m129_s00/l05_hero.bmp,640,640,captures/submesh/m129_s00/l05_hero.jpg,0.010408204980194569,0.014634176157414913,36.69263442990548,0.9890260631001372,5.4253472222223764e-05
submesh,129,0,6,hero,submesh/m129_s00/l06_hero.bmp,640,640,captures/submesh/m129_s00/l06_hero.jpg,0.03400062397122383,0.05097542330622673,25.852783181993956,0.9115913555992141,0.0004611545138888881
mesh,130,,0,hero,mesh/m130/l00_hero.bmp,640,640,captures/mesh/m130/l00_hero.jpg,0.0,0.0,99.0,1.0,0.0
mesh,130,,1,hero,mesh/m130/l01_hero.bmp,640,640,captures/mesh/m130/l01_hero.jpg,0.002731704618781805,0.0040003336034715176,47.9580757929132,0.9979508196721312,2.712673611111882e-05
mesh,130,,2,hero,mesh/m130/l02_hero.bmp,640,640,captures/mesh/m130/l02_hero.jpg,0.003704596543684602,0.005117001943290234,45.81968836190585,0.9975409836065574,0.0
mesh,130,,3,hero,mesh/m130/l03_hero.bmp,640,640,captures/mesh/m130/l03_hero.jpg,0.005015798378735781,0.006947367452085018,43.16359460638338,0.9963160049119935,8.138020833332871e-05
mesh,130,,4,hero,mesh/m130/l04_hero.bmp,640,640,captures/mesh/m130/l04_hero.jpg,0.006626375485211611,0.009059717878699303,40.857706522472135,0.9959066721244372,5.4253472222223764e-05
mesh,130,,5,hero,mesh/m130/l05_hero.bmp,640,640,captures/mesh/m130/l05_hero.jpg,0.008862873539328575,0.012529328465461731,38.041444105352205,0.9959049959049959,0.0
mesh,130,,6,hero,mesh/m130/l06_hero.bmp,640,640,captures/mesh/m130/l06_hero.jpg,0.02866419218480587,0.039248090237379074,28.12362941253837,0.9817221770917953,0.00013563368055555247
mesh,130,,0,side,mesh/m130/l00_side.bmp,640,640,captures/mesh/m130/l00_side.jpg,0.0,0.0,99.0,1.0,0.0
mesh,130,,1,side,mesh/m130/l01_side.bmp,640,640,captures/mesh/m130/l01_side.jpg,0.0027497406117618084,0.004123069811612368,47.69558623367768,0.9974326059050064,0.00010850694444444753
mesh,130,,2,side,mesh/m130/l02_side.bmp,640,640,captures/mesh/m130/l02_side.jpg,0.00479656970128417,0.00709316274151206,42.983201516606535,0.9961505560307955,8.138020833334259e-05
mesh,130,,3,side,mesh/m130/l03_side.bmp,640,640,captures/mesh/m130/l03_side.jpg,0.006941511761397123,0.010615531355142593,39.48116525119213,0.9944444444444445,8.138020833334259e-05
mesh,130,,4,side,mesh/m130/l04_side.bmp,640,640,captures/mesh/m130/l04_side.jpg,0.009433792904019356,0.014409827999770641,36.826824060606135,0.9940119760479041,5.4253472222209886e-05
mesh,130,,5,side,mesh/m130/l05_side.bmp,640,640,captures/mesh/m130/l05_side.jpg,0.012700648978352547,0.018657831475138664,34.582776679216515,0.9935842600513259,8.138020833332871e-05
mesh,130,,6,side,mesh/m130/l06_side.bmp,640,640,captures/mesh/m130/l06_side.jpg,0.03470654785633087,0.04644831642508507,26.66060045818452,0.984295415959253,0.00029839409722222376
mesh,130,,0,top,mesh/m130/l00_top.bmp,640,640,captures/mesh/m130/l00_top.jpg,0.0,0.0,99.0,1.0,0.0
mesh,130,,1,top,mesh/m130/l01_top.bmp,640,640,captures/mesh/m130/l01_top.jpg,0.003129170276224613,0.004829570651054382,46.32182952644375,0.9995314513295068,5.425347222223764e-05
mesh,130,,2,top,mesh/m130/l02_top.bmp,640,640,captures/mesh/m130/l02_top.jpg,0.005439476575702429,0.008099067024886608,41.831300139168675,0.9994142455482662,0.00013563368055555247
mesh,130,,3,top,mesh/m130/l03_top.bmp,640,640,captures/mesh/m130/l03_top.jpg,0.007948189973831177,0.011730967089533806,38.613323671866226,0.9994142455482662,0.00013563368055555247
mesh,130,,4,top,mesh/m130/l04_top.bmp,640,640,captures/mesh/m130/l04_top.jpg,0.011003722436726093,0.016462715342640877,35.669970622976486,0.9990631221454502,5.425347222223764e-05
mesh,130,,5,top,mesh/m130/l05_top.bmp,640,640,captures/mesh/m130/l05_top.jpg,0.014916718006134033,0.022172225639224052,33.08381420778738,0.9990631221454502,5.425347222223764e-05
mesh,130,,6,top,mesh/m130/l06_top.bmp,640,640,captures/mesh/m130/l06_top.jpg,0.040915749967098236,0.05352884158492088,25.42824310121621,0.9985950122936424,5.425347222223764e-05
submesh,130,0,0,hero,submesh/m130_s00/l00_hero.bmp,640,640,captures/submesh/m130_s00/l00_hero.jpg,0.0,0.0,99.0,1.0,0.0
submesh,130,0,1,hero,submesh/m130_s00/l01_hero.bmp,640,640,captures/submesh/m130_s00/l01_hero.jpg,0.002731704618781805,0.0040003336034715176,47.9580757929132,0.9979508196721312,2.712673611111882e-05
submesh,130,0,2,hero,submesh/m130_s00/l02_hero.bmp,640,640,captures/submesh/m130_s00/l02_hero.jpg,0.003704596543684602,0.005117001943290234,45.81968836190585,0.9975409836065574,0.0
submesh,130,0,3,hero,submesh/m130_s00/l03_hero.bmp,640,640,captures/submesh/m130_s00/l03_hero.jpg,0.005015798378735781,0.006947367452085018,43.16359460638338,0.9963160049119935,8.138020833332871e-05
submesh,130,0,4,hero,submesh/m130_s00/l04_hero.bmp,640,640,captures/submesh/m130_s00/l04_hero.jpg,0.006626375485211611,0.009059717878699303,40.857706522472135,0.9959066721244372,5.4253472222223764e-05
submesh,130,0,5,hero,submesh/m130_s00/l05_hero.bmp,640,640,captures/submesh/m130_s00/l05_hero.jpg,0.008862873539328575,0.012529328465461731,38.041444105352205,0.9959049959049959,0.0
submesh,130,0,6,hero,submesh/m130_s00/l06_hero.bmp,640,640,captures/submesh/m130_s00/l06_hero.jpg,0.02866419218480587,0.039248090237379074,28.12362941253837,0.9817221770917953,0.00013563368055555247
mesh,131,,0,hero,mesh/m131/l00_hero.bmp,640,640,captures/mesh/m131/l00_hero.jpg,0.0,0.0,99.0,1.0,0.0
mesh,131,,1,hero,mesh/m131/l01_hero.bmp,640,640,captures/mesh/m131/l01_hero.jpg,0.0024581262841820717,0.0037068447563797235,48.619912039103525,0.9979591836734694,2.7126736111104943e-05
mesh,131,,2,hero,mesh/m131/l02_hero.bmp,640,640,captures/mesh/m131/l02_hero.jpg,0.003561595920473337,0.004968808963894844,46.074954005605306,0.9982497082847142,5.4253472222223764e-05
mesh,131,,3,hero,mesh/m131/l03_hero.bmp,640,640,captures/mesh/m131/l03_hero.jpg,0.00458487868309021,0.00633610924705863,43.96354686515883,0.9979597784902361,8.138020833332871e-05
mesh,131,,4,hero,mesh/m131/l04_hero.bmp,640,640,captures/mesh/m131/l04_hero.jpg,0.00619419664144516,0.008773748762905598,41.13629611630083,0.9979597784902361,8.138020833332871e-05
mesh,131,,5,hero,mesh/m131/l05_hero.bmp,640,640,captures/mesh/m131/l05_hero.jpg,0.008324612863361835,0.011822002939879894,38.546178739746935,0.9985418489355498,2.7126736111104943e-05
mesh,131,,6,hero,mesh/m131/l06_hero.bmp,640,640,captures/mesh/m131/l06_hero.jpg,0.025991367176175117,0.034883663058280945,29.147558340345757,0.9956382669380633,0.00029839409722222376
mesh,131,,0,side,mesh/m131/l00_side.bmp,640,640,captures/mesh/m131/l00_side.jpg,0.0,0.0,99.0,1.0,0.0
mesh,131,,1,side,mesh/m131/l01_side.bmp,640,640,captures/mesh/m131/l01_side.jpg,0.0026604067534208298,0.004228314384818077,47.47665458757751,0.9977992957746479,2.7126736111111882e-05
mesh,131,,2,side,mesh/m131/l02_side.bmp,640,640,captures/mesh/m131/l02_side.jpg,0.004382049199193716,0.006549058016389608,43.67642324506189,0.9982386613826508,0.0
mesh,131,,3,side,mesh/m131/l03_side.bmp,640,640,captures/mesh/m131/l03_side.jpg,0.00603942247107625,0.009192599914968014,40.73123282116797,0.996919014084507,2.7126736111111882e-05
mesh,131,,4,side,mesh/m131/l04_side.bmp,640,640,captures/mesh/m131/l04_side.jpg,0.008067523129284382,0.0130091467872262,37.71502371942241,0.9960387323943662,8.138020833333565e-05
mesh,131,,5,side,mesh/m131/l05_side.bmp,640,640,captures/mesh/m131/l05_side.jpg,0.010260259732604027,0.015735439956188202,36.06242219785136,0.9942806863176419,0.0001356336805555594
mesh,131,,6,side,mesh/m131/l06_side.bmp,640,640,captures/mesh/m131/l06_side.jpg,0.03174283355474472,0.042938899248838425,27.342981860446656,0.9815546772068511,0.0007052951388888881
mesh,131,,0,top,mesh/m131/l00_top.bmp,640,640,captures/mesh/m131/l00_top.jpg,0.0,0.0,99.0,1.0,0.0
mesh,131,,1,top,mesh/m131/l01_top.bmp,640,640,captures/mesh/m131/l01_top.jpg,0.0024526859633624554,0.0036917354445904493,48.65538857476,0.9988775395667303,0.0
mesh,131,,2,top,mesh/m131/l02_top.bmp,640,640,captures/mesh/m131/l02_top.jpg,0.004107492510229349,0.00582306319847703,44.69696992821595,0.9992141894925909,2.7126736111104943e-05
mesh,131,,3,top,mesh/m131/l03_top.bmp,640,640,captures/mesh/m131/l03_top.jpg,0.005943611729890108,0.008329151198267937,41.587985082766714,0.9984285553934223,0.00010850694444444753
mesh,131,,4,top,mesh/m131/l04_top.bmp,640,640,captures/mesh/m131/l04_top.jpg,0.007957144640386105,0.011191414669156075,39.02230024588426,0.9985408014367494,8.138020833334259e-05
mesh,131,,5,top,mesh/m131/l05_top.bmp,640,640,captures/mesh/m131/l05_top.jpg,0.010630526579916477,0.014930210076272488,36.51868162939225,0.9985406376290974,0.00013563368055555247
mesh,131,,6,top,mesh/m131/l06_top.bmp,640,640,captures/mesh/m131/l06_top.jpg,0.03630216792225838,0.04796166718006134,26.382114578804625,0.9985409652076319,2.71267361111327e-05
submesh,131,0,0,hero,submesh/m131_s00/l00_hero.bmp,640,640,captures/submesh/m131_s00/l00_hero.jpg,0.0,0.0,99.0,1.0,0.0
submesh,131,0,1,hero,submesh/m131_s00/l01_hero.bmp,640,640,captures/submesh/m131_s00/l01_hero.jpg,0.0024581262841820717,0.0037068447563797235,48.619912039103525,0.9979591836734694,2.7126736111104943e-05
submesh,131,0,2,hero,submesh/m131_s00/l02_hero.bmp,640,640,captures/submesh/m131_s00/l02_hero.jpg,0.003561595920473337,0.004968808963894844,46.074954005605306,0.9982497082847142,5.4253472222223764e-05
submesh,131,0,3,hero,submesh/m131_s00/l03_hero.bmp,640,640,captures/submesh/m131_s00/l03_hero.jpg,0.00458487868309021,0.00633610924705863,43.96354686515883,0.9979597784902361,8.138020833332871e-05
submesh,131,0,4,hero,submesh/m131_s00/l04_hero.bmp,640,640,captures/submesh/m131_s00/l04_hero.jpg,0.00619419664144516,0.008773748762905598,41.13629611630083,0.9979597784902361,8.138020833332871e-05
submesh,131,0,5,hero,submesh/m131_s00/l05_hero.bmp,640,640,captures/submesh/m131_s00/l05_hero.jpg,0.008324612863361835,0.011822002939879894,38.546178739746935,0.9985418489355498,2.7126736111104943e-05
submesh,131,0,6,hero,submesh/m131_s00/l06_hero.bmp,640,640,captures/submesh/m131_s00/l06_hero.jpg,0.025991367176175117,0.034883663058280945,29.147558340345757,0.9956382669380633,0.00029839409722222376
mesh,132,,0,hero,mesh/m132/l00_hero.bmp,640,640,captures/mesh/m132/l00_hero.jpg,0.0,0.0,99.0,1.0,0.0
mesh,132,,1,hero,mesh/m132/l01_hero.bmp,640,640,captures/mesh/m132/l01_hero.jpg,0.002471958054229617,0.003747147275134921,48.52598474756377,0.9995373583159842,5.4253472222223764e-05
mesh,132,,2,hero,mesh/m132/l02_hero.bmp,640,640,captures/mesh/m132/l02_hero.jpg,0.00398017605766654,0.005518846679478884,45.163033420311685,0.9986133579847469,5.4253472222223764e-05
mesh,132,,3,hero,mesh/m132/l03_hero.bmp,640,640,captures/mesh/m132/l03_hero.jpg,0.005686244461685419,0.007895690388977528,42.05219779692765,0.9983818770226537,2.7126736111104943e-05
mesh,132,,4,hero,mesh/m132/l04_hero.bmp,640,640,captures/mesh/m132/l04_hero.jpg,0.007579525467008352,0.010614360682666302,39.48212317711315,0.997920997920998,8.138020833334259e-05
mesh,132,,5,hero,mesh/m132/l05_hero.bmp,640,640,captures/mesh/m132/l05_hero.jpg,0.010797355324029922,0.015178980305790901,36.37514805028999,0.9963091118800461,0.00021701388888889506
mesh,132,,6,hero,mesh/m132/l06_hero.bmp,640,640,captures/mesh/m132/l06_hero.jpg,0.02955864928662777,0.03897395357489586,28.184510730094452,0.9801568989386248,0.001736111111111105
mesh,132,,0,side,mesh/m132/l00_side.bmp,640,640,captures/mesh/m132/l00_side.jpg,0.0,0.0,99.0,1.0,0.0
mesh,132,,1,side,mesh/m132/l01_side.bmp,640,640,captures/mesh/m132/l01_side.jpg,0.002349762013182044,0.003788885660469532,48.42977000997337,0.9992846924177397,2.7126736111111882e-05
mesh,132,,2,side,mesh/m132/l02_side.bmp,640,640,captures/mesh/m132/l02_side.jpg,0.003326288890093565,0.005019172094762325,45.98735826398665,0.9957173447537473,0.0
mesh,132,,3,side,mesh/m132/l03_side.bmp,640,640,captures/mesh/m132/l03_side.jpg,0.004282655660063028,0.006573070771992207,43.64463383326006,0.9950035688793719,2.7126736111111882e-05
mesh,132,,4,side,mesh/m132/l04_side.bmp,640,640,captures/mesh/m132/l04_side.jpg,0.0055196587927639484,0.009034242480993271,40.882165141235056,0.9935805991440799,2.7126736111111882e-05
mesh,132,,5,side,mesh/m132/l05_side.bmp,640,640,captures/mesh/m132/l05_side.jpg,0.00803134310990572,0.013736100867390633,37.24273057419627,0.99215965787598,2.7126736111111882e-05
mesh,132,,6,side,mesh/m132/l06_side.bmp,640,640,captures/mesh/m132/l06_side.jpg,0.03640620410442352,0.05861613526940346,24.63965638478988,0.8699360341151386,0.004475911458333336
mesh,132,,0,top,mesh/m132/l00_top.bmp,640,640,captures/mesh/m132/l00_top.jpg,0.0,0.0,99.0,1.0,0.0
mesh,132,,1,top,mesh/m132/l01_top.bmp,640,640,captures/mesh/m132/l01_top.jpg,0.0028505874797701836,0.004363856744021177,47.202590295964875,0.9993098688750862,0.00016276041666665741
mesh,132,,2,top,mesh/m132/l02_top.bmp,640,640,captures/mesh/m132/l02_top.jpg,0.0051126438193023205,0.007412824314087629,42.60032585302568,0.9994246922103325,2.7126736111104943e-05
mesh,132,,3,top,mesh/m132/l03_top.bmp,640,640,captures/mesh/m132/l03_top.jpg,0.007440601009875536,0.010578807443380356,39.51126575745515,0.9993095512082854,5.425347222223764e-05
mesh,132,,4,top,mesh/m132/l04_top.bmp,640,640,captures/mesh/m132/l04_top.jpg,0.010112893767654896,0.014409336261451244,36.82712047341914,0.9995397008055236,0.0
mesh,132,,5,top,mesh/m132/l05_top.bmp,640,640,captures/mesh/m132/l05_top.jpg,0.01386252697557211,0.01973576843738556,34.094919182563046,0.9990794016110471,0.00010850694444444753
mesh,132,,6,top,mesh/m132/l06_top.bmp,640,640,captures/mesh/m132/l06_top.jpg,0.0391150526702404,0.050505585968494415,25.933211716386488,0.9993095512082854,5.425347222223764e-05
submesh,132,0,0,hero,submesh/m132_s00/l00_hero.bmp,640,640,captures/submesh/m132_s00/l00_hero.jpg,0.0,0.0,99.0,1.0,0.0
submesh,132,0,1,hero,submesh/m132_s00/l01_hero.bmp,640,640,captures/submesh/m132_s00/l01_hero.jpg,0.002471958054229617,0.003747147275134921,48.52598474756377,0.9995373583159842,5.4253472222223764e-05
submesh,132,0,2,hero,submesh/m132_s00/l02_hero.bmp,640,640,captures/submesh/m132_s00/l02_hero.jpg,0.00398017605766654,0.005518846679478884,45.163033420311685,0.9986133579847469,5.4253472222223764e-05
submesh,132,0,3,hero,submesh/m132_s00/l03_hero.bmp,640,640,captures/submesh/m132_s00/l03_hero.jpg,0.005686244461685419,0.007895690388977528,42.05219779692765,0.9983818770226537,2.7126736111104943e-05
submesh,132,0,4,hero,submesh/m132_s00/l04_hero.bmp,640,640,captures/submesh/m132_s00/l04_hero.jpg,0.007579525467008352,0.010614360682666302,39.48212317711315,0.997920997920998,8.138020833334259e-05
submesh,132,0,5,hero,submesh/m132_s00/l05_hero.bmp,640,640,captures/submesh/m132_s00/l05_hero.jpg,0.010797355324029922,0.015178980305790901,36.37514805028999,0.9963091118800461,0.00021701388888889506
submesh,132,0,6,hero,submesh/m132_s00/l06_hero.bmp,640,640,captures/submesh/m132_s00/l06_hero.jpg,0.02955864928662777,0.03897395357489586,28.184510730094452,0.9801568989386248,0.001736111111111105
mesh,133,,0,hero,mesh/m133/l00_hero.bmp,640,640,captures/mesh/m133/l00_hero.jpg,0.0,0.0,99.0,1.0,0.0
mesh,133,,1,hero,mesh/m133/l01_hero.bmp,640,640,captures/mesh/m133/l01_hero.jpg,0.0006595636950805783,0.0022407365031540394,52.99218421650427,0.997716894977169,2.7126736111110147e-05
mesh,133,,2,hero,mesh/m133/l02_hero.bmp,640,640,captures/mesh/m133/l02_hero.jpg,0.0019148399587720633,0.00413369620218873,47.673228882966,0.9841269841269841,2.7126736111110147e-05
mesh,133,,3,hero,mesh/m133/l03_hero.bmp,640,640,captures/mesh/m133/l03_hero.jpg,0.0058925882913172245,0.00917910784482956,40.74399055221967,0.941834451901566,0.00016276041666666782
mesh,133,,4,hero,mesh/m133/l04_hero.bmp,640,640,captures/mesh/m133/l04_hero.jpg,0.015436745248734951,0.020985448732972145,33.56163479622157,0.8633405639913232,0.0004069010416666678
mesh,133,,5,hero,mesh/m133/l05_hero.bmp,640,640,captures/mesh/m133/l05_hero.jpg,0.03534252941608429,0.047948986291885376,26.384411399686634,0.6851851851851852,0.0014919704861111119
mesh,133,,6,hero,mesh/m133/l06_hero.bmp,640,640,captures/mesh/m133/l06_hero.jpg,0.07313299179077148,0.09055886417627335,20.861380664165182,0.3539518900343643,0.002332899305555556
mesh,133,,0,side,mesh/m133/l00_side.bmp,640,640,captures/mesh/m133/l00_side.jpg,0.0,0.0,99.0,1.0,0.0
mesh,133,,1,side,mesh/m133/l01_side.bmp,640,640,captures/mesh/m133/l01_side.jpg,0.0005745888338424265,0.0019951972644776106,54.00028318612273,0.989010989010989,8.138020833333304e-05
mesh,133,,2,side,mesh/m133/l02_side.bmp,640,640,captures/mesh/m133/l02_side.jpg,0.0019655204378068447,0.004220403265208006,47.49292099267609,0.9492753623188406,5.425347222222203e-05
mesh,133,,3,side,mesh/m133/l03_side.bmp,640,640,captures/mesh/m133/l03_side.jpg,0.004822595976293087,0.007932497188448906,42.01180146312986,0.925,2.7126736111111015e-05
mesh,133,,4,side,mesh/m133/l04_side.bmp,640,640,captures/mesh/m133/l04_side.jpg,0.012170994654297829,0.0172540582716465,35.26217479130206,0.7972972972972973,0.00021701388888888899
mesh,133,,5,side,mesh/m133/l05_side.bmp,640,640,captures/mesh/m133/l05_side.jpg,0.026189731433987617,0.03659183159470558,28.73231702941771,0.610223642172524,0.0009765625
mesh,133,,6,side,mesh/m133/l06_side.bmp,640,640,captures/mesh/m133/l06_side.jpg,0.05323892459273338,0.06717372685670853,23.45601111995643,0.34444444444444444,0.001519097222222222
mesh,133,,0,top,mesh/m133/l00_top.bmp,640,640,captures/mesh/m133/l00_top.jpg,0.0,0.0,99.0,1.0,0.0
mesh,133,,1,top,mesh/m133/l01_top.bmp,640,640,captures/mesh/m133/l01_top.jpg,0.0006551927654072642,0.002305262954905629,52.745590573807476,0.9938875305623472,2.7126736111111882e-05
mesh,133,,2,top,mesh/m133/l02_top.bmp,640,640,captures/mesh/m133/l02_top.jpg,0.0022633597254753113,0.0049318489618599415,46.13980464329092,0.982989064398542,0.0
mesh,133,,3,top,mesh/m133/l03_top.bmp,640,640,captures/mesh/m133/l03_top.jpg,0.006985294166952372,0.010516463778913021,39.56260539277143,0.9471153846153846,0.00032552083333333565
mesh,133,,4,top,mesh/m133/l04_top.bmp,640,640,captures/mesh/m133/l04_top.jpg,0.02066974528133869,0.027564899995923042,31.19287157560977,0.8648018648018648,0.0008680555555555559
mesh,133,,5,top,mesh/m133/l05_top.bmp,640,640,captures/mesh/m133/l05_top.jpg,0.054520927369594574,0.07031157612800598,23.05946333327878,0.6351063829787233,0.002577039930555556
mesh,133,,6,top,mesh/m133/l06_top.bmp,640,640,captures/mesh/m133/l06_top.jpg,0.09590934962034225,0.11226178705692291,18.995360973525372,0.3044953350296862,0.002549913194444444
submesh,133,0,0,hero,submesh/m133_s00/l00_hero.bmp,640,640,captures/submesh/m133_s00/l00_hero.jpg,0.0,0.0,99.0,1.0,0.0
submesh,133,0,1,hero,submesh/m133_s00/l01_hero.bmp,640,640,captures/submesh/m133_s00/l01_hero.jpg,0.0006595636950805783,0.0022407365031540394,52.99218421650427,0.997716894977169,2.7126736111110147e-05
submesh,133,0,2,hero,submesh/m133_s00/l02_hero.bmp,640,640,captures/submesh/m133_s00/l02_hero.jpg,0.0019148399587720633,0.00413369620218873,47.673228882966,0.9841269841269841,2.7126736111110147e-05
submesh,133,0,3,hero,submesh/m133_s00/l03_hero.bmp,640,640,captures/submesh/m133_s00/l03_hero.jpg,0.0058925882913172245,0.00917910784482956,40.74399055221967,0.941834451901566,0.00016276041666666782
submesh,133,0,4,hero,submesh/m133_s00/l04_hero.bmp,640,640,captures/submesh/m133_s00/l04_hero.jpg,0.015436745248734951,0.020985448732972145,33.56163479622157,0.8633405639913232,0.0004069010416666678
submesh,133,0,5,hero,submesh/m133_s00/l05_hero.bmp,640,640,captures/submesh/m133_s00/l05_hero.jpg,0.03534252941608429,0.047948986291885376,26.384411399686634,0.6851851851851852,0.0014919704861111119
submesh,133,0,6,hero,submesh/m133_s00/l06_hero.bmp,640,640,captures/submesh/m133_s00/l06_hero.jpg,0.07313299179077148,0.09055886417627335,20.861380664165182,0.3539518900343643,0.002332899305555556
mesh,134,,0,hero,mesh/m134/l00_hero.bmp,640,640,captures/mesh/m134/l00_hero.jpg,0.0,0.0,99.0,1.0,0.0
mesh,134,,1,hero,mesh/m134/l01_hero.bmp,640,640,captures/mesh/m134/l01_hero.jpg,0.009080309420824051,0.014869560487568378,36.55403736210258,0.9986882378662003,5.4253472222223764e-05
mesh,134,,2,hero,mesh/m134/l02_hero.bmp,640,640,captures/mesh/m134/l02_hero.jpg,0.014434253796935081,0.02270476706326008,32.87765898660996,0.9982506013557839,0.0001627604166666713
mesh,134,,3,hero,mesh/m134/l03_hero.bmp,640,640,captures/mesh/m134/l03_hero.jpg,0.033045750111341476,0.05706531181931496,24.872556105928115,0.9960655737704918,0.0003255208333333287
mesh,134,,4,hero,mesh/m134/l04_hero.bmp,640,640,captures/mesh/m134/l04_hero.jpg,0.04865453019738197,0.07940462231636047,22.003084312148523,0.9897290209790209,0.0010579427083333287
mesh,134,,5,hero,mesh/m134/l05_hero.bmp,640,640,captures/mesh/m134/l05_hero.jpg,0.07754277437925339,0.12369775772094727,18.15276345580006,0.953879781420765,0.005560980902777776
mesh,134,,6,hero,mesh/m134/l06_hero.bmp,640,640,captures/mesh/m134/l06_hero.jpg,0.15424464643001556,0.212324857711792,13.459983165657938,0.8111062527328378,0.023328993055555552
mesh,134,,0,side,mesh/m134/l00_side.bmp,640,640,captures/mesh/m134/l00_side.jpg,0.0,0.0,99.0,1.0,0.0
mesh,134,,1,side,mesh/m134/l01_side.bmp,640,640,captures/mesh/m134/l01_side.jpg,0.010269439779222012,0.01990518718957901,34.02067467858438,1.0,0.0
mesh,134,,2,side,mesh/m134/l02_side.bmp,640,640,captures/mesh/m134/l02_side.jpg,0.014310183003544807,0.024309217929840088,32.28458025893617,0.9994044073853484,0.0
mesh,134,,3,side,mesh/m134/l03_side.bmp,640,640,captures/mesh/m134/l03_side.jpg,0.02681996487081051,0.04185410216450691,27.56523939852759,0.9973198332340679,0.00018988715277777624
mesh,134,,4,side,mesh/m134/l04_side.bmp,640,640,captures/mesh/m134/l04_side.jpg,0.03926471993327141,0.05725288763642311,24.844052082665264,0.9961298005358737,0.000244140625
mesh,134,,5,side,mesh/m134/l05_side.bmp,640,640,captures/mesh/m134/l05_side.jpg,0.05708203464746475,0.08414453268051147,21.49948194404778,0.9678762641284949,0.002658420138888895
mesh,134,,6,side,mesh/m134/l06_side.bmp,640,640,captures/mesh/m134/l06_side.jpg,0.09843903034925461,0.13398867845535278,17.45863792704568,0.9012198750371914,0.0087890625
mesh,134,,0,top,mesh/m134/l00_top.bmp,640,640,captures/mesh/m134/l00_top.jpg,0.0,0.0,99.0,1.0,0.0
mesh,134,,1,top,mesh/m134/l01_top.bmp,640,640,captures/mesh/m134/l01_top.jpg,0.011115930043160915,0.021327495574951172,33.42120278959256,0.9993589743589744,0.0
mesh,134,,2,top,mesh/m134/l02_top.bmp,640,640,captures/mesh/m134/l02_top.jpg,0.021259162575006485,0.037723079323768616,28.467857263160695,0.9990386156064733,0.0
mesh,134,,3,top,mesh/m134/l03_top.bmp,640,640,captures/mesh/m134/l03_top.jpg,0.06097622588276863,0.10648525506258011,19.454210490193336,0.9710214537303874,0.004475911458333315
mesh,134,,4,top,mesh/m134/l04_top.bmp,640,640,captures/mesh/m134/l04_top.jpg,0.08718910068273544,0.13574017584323883,17.345831850835815,0.9522665385231459,0.0078125
mesh,134,,5,top,mesh/m134/l05_top.bmp,640,640,captures/mesh/m134/l05_top.jpg,0.11729209870100021,0.16947005689144135,15.418140495008974,0.8883370714514579,0.018690321180555552
mesh,134,,6,top,mesh/m134/l06_top.bmp,640,640,captures/mesh/m134/l06_top.jpg,0.18903644382953644,0.24276374280452728,12.296323508091568,0.6933183784649896,0.0517578125
submesh,134,0,0,hero,submesh/m134_s00/l00_hero.bmp,640,640,captures/submesh/m134_s00/l00_hero.jpg,0.0,0.0,99.0,1.0,0.0
submesh,134,0,1,hero,submesh/m134_s00/l01_hero.bmp,640,640,captures/submesh/m134_s00/l01_hero.jpg,0.0015921049052849412,0.004792071878910065,46.38953352698305,1.0,0.0
submesh,134,0,2,hero,submesh/m134_s00/l02_hero.bmp,640,640,captures/submesh/m134_s00/l02_hero.jpg,0.005194575525820255,0.01828072965145111,34.760129479182865,0.9932371505861136,0.00029839409722222376
submesh,134,0,3,hero,submesh/m134_s00/l03_hero.bmp,640,640,captures/submesh/m134_s00/l03_hero.jpg,0.0244191512465477,0.05097907409071922,25.85216113368775,0.981957600360848,0.0010308159722222238
submesh,134,0,4,hero,submesh/m134_s00/l04_hero.bmp,640,640,captures/submesh/m134_s00/l04_hero.jpg,0.041104502975940704,0.0849984809756279,21.41177671154885,0.9648014440433214,0.0021158854166666713
submesh,134,0,5,hero,submesh/m134_s00/l05_hero.bmp,640,640,captures/submesh/m134_s00/l05_hero.jpg,0.07983934134244919,0.12211168557405472,18.264855478269432,0.9256086564472498,0.004367404513888888
submesh,134,0,6,hero,submesh/m134_s00/l06_hero.bmp,640,640,captures/submesh/m134_s00/l06_hero.jpg,0.16907870769500732,0.22723469138145447,12.870507303814522,0.6195848375451264,0.02286783854166667
submesh,134,1,0,hero,submesh/m134_s01/l00_hero.bmp,640,640,captures/submesh/m134_s01/l00_hero.jpg,0.0,0.0,99.0,1.0,0.0
submesh,134,1,1,hero,submesh/m134_s01/l01_hero.bmp,640,640,captures/submesh/m134_s01/l01_hero.jpg,0.0031039679888635874,0.007082202937453985,42.99663265759121,1.0,0.0
submesh,134,1,2,hero,submesh/m134_s01/l02_hero.bmp,640,640,captures/submesh/m134_s01/l02_hero.jpg,0.007195045705884695,0.013672088272869587,37.2833029257341,0.9945517582961863,0.0005425347222222238
submesh,134,1,3,hero,submesh/m134_s01/l03_hero.bmp,640,640,captures/submesh/m134_s01/l03_hero.jpg,0.018256615847349167,0.03538407385349274,29.023843343597168,0.9856328957146396,0.0015733506944444475
submesh,134,1,4,hero,submesh/m134_s01/l04_hero.bmp,640,640,captures/submesh/m134_s01/l04_hero.jpg,0.04568978771567345,0.08228539675474167,21.69354464972045,0.972504334902155,0.0030110677083333287
submesh,134,1,5,hero,submesh/m134_s01/l05_hero.bmp,640,640,captures/submesh/m134_s01/l05_hero.jpg,0.0867547020316124,0.15321606397628784,16.29391397206827,0.8645033440673767,0.014838324652777776
submesh,134,1,6,hero,submesh/m134_s01/l06_hero.bmp,640,640,captures/submesh/m134_s01/l06_hero.jpg,0.18122433125972748,0.23790566623210907,12.471904283757983,0.6036660886797126,0.043402777777777776
submesh,134,2,0,hero,submesh/m134_s02/l00_hero.bmp,640,640,captures/submesh/m134_s02/l00_hero.jpg,0.0,0.0,99.0,1.0,0.0
submesh,134,2,1,hero,submesh/m134_s02/l01_hero.bmp,640,640,captures/submesh/m134_s02/l01_hero.jpg,0.0010900746565312147,0.00457588629797101,46.79049550937612,0.9982788296041308,5.4253472222209886e-05
submesh,134,2,2,hero,submesh/m134_s02/l02_hero.bmp,640,640,captures/submesh/m134_s02/l02_hero.jpg,0.004046633839607239,0.015106156468391418,36.416920424543136,0.9902606702950444,0.0005425347222222099
submesh,134,2,3,hero,submesh/m134_s02/l03_hero.bmp,640,640,captures/submesh/m134_s02/l03_hero.jpg,0.007718500681221485,0.029459161683917046,30.61559231974495,0.9765914930059949,0.0011935763888888812
submesh,134,2,4,hero,submesh/m134_s02/l04_hero.bmp,640,640,captures/submesh/m134_s02/l04_hero.jpg,0.05095910280942917,0.10317520797252655,19.728492940655293,0.9425714285714286,0.004584418402777776
submesh,134,2,5,hero,submesh/m134_s02/l05_hero.bmp,640,640,captures/submesh/m134_s02/l05_hero.jpg,0.12682723999023438,0.1673901379108429,15.525402656493203,0.910908052541405,0.007486979166666657
submesh,134,2,6,hero,submesh/m134_s02/l06_hero.bmp,640,640,captures/submesh/m134_s02/l06_hero.jpg,0.16712714731693268,0.2025228887796402,13.870517729584096,0.9149728027483538,0.007568359375
submesh,134,3,0,hero,submesh/m134_s03/l00_hero.bmp,640,640,captures/submesh/m134_s03/l00_hero.jpg,0.0,0.0,99.0,1.0,0.0
submesh,134,3,1,hero,submesh/m134_s03/l01_hero.bmp,640,640,captures/submesh/m134_s03/l01_hero.jpg,0.013723449781537056,0.025453153997659683,31.885167898049602,0.9921956295525495,0.000244140625
submesh,134,3,2,hero,submesh/m134_s03/l02_hero.bmp,640,640,captures/submesh/m134_s03/l02_hero.jpg,0.03538671135902405,0.06679805368185043,23.504723830592923,0.9557291666666666,0.0022515190972222238
submesh,134,3,3,hero,submesh/m134_s03/l03_hero.bmp,640,640,captures/submesh/m134_s03/l03_hero.jpg,0.07871391624212265,0.11395789682865143,18.86511149123805,0.8588541666666667,0.007297092013888888
submesh,134,3,4,hero,submesh/m134_s03/l04_hero.bmp,640,640,captures/submesh/m134_s03/l04_hero.jpg,0.10656966269016266,0.15215341746807098,16.354365773003266,0.7764460656591975,0.011637369791666671
submesh,134,3,5,hero,submesh/m134_s03/l05_hero.bmp,640,640,captures/submesh/m134_s03/l05_hero.jpg,0.13591773808002472,0.18787506222724915,14.522617251193568,0.6498176133402814,0.01822916666666667
submesh,134,3,6,hero,submesh/m134_s03/l06_hero.bmp,640,640,captures/submesh/m134_s03/l06_hero.jpg,0.24830882251262665,0.29714471101760864,10.540639909919886,0.1828125,0.04250759548611111
submesh,134,4,0,hero,submesh/m134_s04/l00_hero.bmp,640,640,captures/submesh/m134_s04/l00_hero.jpg,0.0,0.0,99.0,1.0,0.0
submesh,134,4,1,hero,submesh/m134_s04/l01_hero.bmp,640,640,captures/submesh/m134_s04/l01_hero.jpg,0.0044655329547822475,0.008282449096441269,41.63682449184211,0.9983974358974359,2.7126736111111882e-05
submesh,134,4,2,hero,submesh/m134_s04/l02_hero.bmp,640,640,captures/submesh/m134_s04/l02_hero.jpg,0.01662307046353817,0.03161388635635376,30.002442244314885,0.9893276414087513,0.00037977430555555247
submesh,134,4,3,hero,submesh/m134_s04/l03_hero.bmp,640,640,captures/submesh/m134_s04/l03_hero.jpg,0.0344180092215538,0.06058662384748459,24.352464952465684,0.9669156883671292,0.0015190972222222238
submesh,134,4,4,hero,submesh/m134_s04/l04_hero.bmp,640,640,captures/submesh/m134_s04/l04_hero.jpg,0.06373995542526245,0.10485313087701797,19.58837194253988,0.896,0.005072699652777776
submesh,134,4,5,hero,submesh/m134_s04/l05_hero.bmp,640,640,captures/submesh/m134_s04/l05_hero.jpg,0.09554963558912277,0.1451115608215332,16.765959731811378,0.8016,0.00987413194444444
submesh,134,4,6,hero,submesh/m134_s04/l06_hero.bmp,640,640,captures/submesh/m134_s04/l06_hero.jpg,0.20528672635555267,0.25532957911491394,11.857977413098599,0.4594017094017094,0.02739800347222222
submesh,134,5,0,hero,submesh/m134_s05/l00_hero.bmp,640,640,captures/submesh/m134_s05/l00_hero.jpg,0.0,0.0,99.0,1.0,0.0
submesh,134,5,1,hero,submesh/m134_s05/l01_hero.bmp,640,640,captures/submesh/m134_s05/l01_hero.jpg,0.0039047659374773502,0.008990958333015442,40.92388029979897,0.9976196143775291,0.00016276041666665741
submesh,134,5,2,hero,submesh/m134_s05/l02_hero.bmp,640,640,captures/submesh/m134_s05/l02_hero.jpg,0.0064140306785702705,0.012301997281610966,38.20048746557803,0.9961931953366643,0.00021701388888888118
submesh,134,5,3,hero,submesh/m134_s05/l03_hero.bmp,640,640,captures/submesh/m134_s05/l03_hero.jpg,0.010139266029000282,0.01710491254925728,35.33758283702893,0.9923918212077983,0.00048828125
submesh,134,5,4,hero,submesh/m134_s05/l04_hero.bmp,640,640,captures/submesh/m134_s05/l04_hero.jpg,0.019907135516405106,0.03286996856331825,29.664014225507117,0.9888254873989539,0.0008951822916666574
submesh,134,5,5,hero,submesh/m134_s05/l05_hero.bmp,640,640,captures/submesh/m134_s05/l05_hero.jpg,0.04323737695813179,0.06504325568675995,23.73595457232417,0.981208372978116,0.0018717447916666574
submesh,134,5,6,hero,submesh/m134_s05/l06_hero.bmp,640,640,captures/submesh/m134_s05/l06_hero.jpg,0.10167769342660904,0.14432136714458466,16.813387314926146,0.8788672060923369,0.013644748263888881
submesh,134,6,0,hero,submesh/m134_s06/l00_hero.bmp,640,640,captures/submesh/m134_s06/l00_hero.jpg,0.0,0.0,99.0,1.0,0.0
submesh,134,6,1,hero,submesh/m134_s06/l01_hero.bmp,640,640,captures/submesh/m134_s06/l01_hero.jpg,0.0035946809221059084,0.010689851827919483,39.42056629014234,0.998618402873722,0.00013563368055555247
submesh,134,6,2,hero,submesh/m134_s06/l02_hero.bmp,640,640,captures/submesh/m134_s06/l02_hero.jpg,0.006318263243883848,0.013922130689024925,37.12588587543799,0.9975144987572494,0.00013563368055555247
submesh,134,6,3,hero,submesh/m134_s06/l03_hero.bmp,640,640,captures/submesh/m134_s06/l03_hero.jpg,0.00984631571918726,0.017332062125205994,35.222995258913194,0.9950317416505658,0.00027126736111110494
submesh,134,6,4,hero,submesh/m134_s06/l04_hero.bmp,640,640,captures/submesh/m134_s06/l04_hero.jpg,0.018946491181850433,0.03216175734996796,29.853204579975284,0.9908915263593707,0.0006781684027777762
submesh,134,6,5,hero,submesh/m134_s06/l05_hero.bmp,640,640,captures/submesh/m134_s06/l05_hero.jpg,0.038943011313676834,0.0591263547539711,24.564377904217217,0.9801598236428768,0.0014105902777777762
submesh,134,6,6,hero,submesh/m134_s06/l06_hero.bmp,640,640,captures/submesh/m134_s06/l06_hero.jpg,0.0963461697101593,0.14015524089336395,17.06781315628836,0.8852683461117196,0.00957573784722221
submesh,134,7,0,hero,submesh/m134_s07/l00_hero.bmp,640,640,captures/submesh/m134_s07/l00_hero.jpg,0.0,0.0,99.0,1.0,0.0
submesh,134,7,1,hero,submesh/m134_s07/l01_hero.bmp,640,640,captures/submesh/m134_s07/l01_hero.jpg,0.004637951496988535,0.008325994946062565,41.59127714137927,0.9993900579444953,0.0
submesh,134,7,2,hero,submesh/m134_s07/l02_hero.bmp,640,640,captures/submesh/m134_s07/l02_hero.jpg,0.009566648863255978,0.014590977691113949,36.71831213111001,0.9981696156192801,0.0001627604166666713
submesh,134,7,3,hero,submesh/m134_s07/l03_hero.bmp,640,640,captures/submesh/m134_s07/l03_hero.jpg,0.016851361840963364,0.028196992352604866,30.995944269306573,0.9923873325213155,0.00035264756944444753
submesh,134,7,4,hero,submesh/m134_s07/l04_hero.bmp,640,640,captures/submesh/m134_s07/l04_hero.jpg,0.02953009493649006,0.047992948442697525,26.376451368069862,0.9893681652490887,0.00018988715277777624
submesh,134,7,5,hero,submesh/m134_s07/l05_hero.bmp,640,640,captures/submesh/m134_s07/l05_hero.jpg,0.04408217594027519,0.06828320771455765,23.313721707792247,0.9784718010915706,0.0008409288194444475
submesh,134,7,6,hero,submesh/m134_s07/l06_hero.bmp,640,640,captures/submesh/m134_s07/l06_hero.jpg,0.09646327793598175,0.14609725773334503,16.70715871518857,0.8622262773722628,0.011745876736111119
submesh,134,8,0,hero,submesh/m134_s08/l00_hero.bmp,640,640,captures/submesh/m134_s08/l00_hero.jpg,0.0,0.0,99.0,1.0,0.0
submesh,134,8,1,hero,submesh/m134_s08/l01_hero.bmp,640,640,captures/submesh/m134_s08/l01_hero.jpg,0.0017679675947874784,0.0037570949643850327,48.5029565512893,0.9974731522425774,5.4253472222223764e-05
submesh,134,8,2,hero,submesh/m134_s08/l02_hero.bmp,640,640,captures/submesh/m134_s08/l02_hero.jpg,0.010800385847687721,0.01594986580312252,35.94485933202134,0.980453972257251,0.0006239149305555525
submesh,134,8,3,hero,submesh/m134_s08/l03_hero.bmp,640,640,captures/submesh/m134_s08/l03_hero.jpg,0.02407057397067547,0.03981645405292511,27.998748393866407,0.9590422180214241,0.0014919704861111119
submesh,134,8,4,hero,submesh/m134_s08/l04_hero.bmp,640,640,captures/submesh/m134_s08/l04_hero.jpg,0.04526575654745102,0.0693892240524292,23.17415937993422,0.9031446540880503,0.0037434895833333287
submesh,134,8,5,hero,submesh/m134_s08/l05_hero.bmp,640,640,captures/submesh/m134_s08/l05_hero.jpg,0.14444197714328766,0.19406583905220032,14.241018114161072,0.6128625472887768,0.016438802083333332
submesh,134,8,6,hero,submesh/m134_s08/l06_hero.bmp,640,640,captures/submesh/m134_s08/l06_hero.jpg,0.13632990419864655,0.1856367439031601,14.626721155554858,0.62822936357908,0.015733506944444444
submesh,134,9,0,hero,submesh/m134_s09/l00_hero.bmp,640,640,captures/submesh/m134_s09/l00_hero.jpg,0.0,0.0,99.0,1.0,0.0
submesh,134,9,1,hero,submesh/m134_s09/l01_hero.bmp,640,640,captures/submesh/m134_s09/l01_hero.jpg,0.002867459785193205,0.004653171170502901,46.645019426284755,0.9981905910735827,2.7126736111111882e-05
submesh,134,9,2,hero,submesh/m134_s09/l02_hero.bmp,640,640,captures/submesh/m134_s09/l02_hero.jpg,0.004231829196214676,0.006807342637330294,43.34044778574312,0.9951807228915662,0.0
submesh,134,9,3,hero,submesh/m134_s09/l03_hero.bmp,640,640,captures/submesh/m134_s09/l03_hero.jpg,0.011359107680618763,0.024366652593016624,32.26408257201606,0.9861695730607336,0.000244140625
submesh,134,9,4,hero,submesh/m134_s09/l04_hero.bmp,640,640,captures/submesh/m134_s09/l04_hero.jpg,0.03112083487212658,0.060232359915971756,24.40340241501902,0.9622075584883023,0.0011121961805555525
submesh,134,9,5,hero,submesh/m134_s09/l05_hero.bmp,640,640,captures/submesh/m134_s09/l05_hero.jpg,0.08150417357683182,0.13670311868190765,17.28443155050258,0.8491921005385996,0.006022135416666664
submesh,134,9,6,hero,submesh/m134_s09/l06_hero.bmp,640,640,captures/submesh/m134_s09/l06_hero.jpg,0.1818908005952835,0.23771655559539795,12.4788114219489,0.5042016806722689,0.021864149305555556
submesh,134,10,0,hero,submesh/m134_s10/l00_hero.bmp,640,640,captures/submesh/m134_s10/l00_hero.jpg,0.0,0.0,99.0,1.0,0.0
submesh,134,10,1,hero,submesh/m134_s10/l01_hero.bmp,640,640,captures/submesh/m134_s10/l01_hero.jpg,0.03500162810087204,0.05365446209907532,25.407883093933034,0.985153764581124,0.00010850694444444753
submesh,134,10,2,hero,submesh/m134_s10/l02_hero.bmp,640,640,captures/submesh/m134_s10/l02_hero.jpg,0.044266000390052795,0.06907261908054352,23.21388152395912,0.9809523809523809,0.00010850694444444753
submesh,134,10,3,hero,submesh/m134_s10/l03_hero.bmp,640,640,captures/submesh/m134_s10/l03_hero.jpg,0.04669855162501335,0.06870071589946747,23.260774746562014,0.955649419218585,0.0006510416666666678
submesh,134,10,4,hero,submesh/m134_s10/l04_hero.bmp,640,640,captures/submesh/m134_s10/l04_hero.jpg,0.056560397148132324,0.08348958939313889,21.567353496552556,0.9315068493150684,0.0011664496527777797
submesh,134,10,5,hero,submesh/m134_s10/l05_hero.bmp,640,640,captures/submesh/m134_s10/l05_hero.jpg,0.060125190764665604,0.08431874960660934,21.481516847890582,0.9355179704016914,0.001220703125
submesh,134,10,6,hero,submesh/m134_s10/l06_hero.bmp,640,640,captures/submesh/m134_s10/l06_hero.jpg,0.1017126590013504,0.17082206904888153,15.34912044261246,0.7327677624602333,0.006564670138888892
submesh,134,11,0,hero,submesh/m134_s11/l00_hero.bmp,640,640,captures/submesh/m134_s11/l00_hero.jpg,0.0,0.0,99.0,1.0,0.0
submesh,134,11,1,hero,submesh/m134_s11/l01_hero.bmp,640,640,captures/submesh/m134_s11/l01_hero.jpg,0.03818421810865402,0.05809027701616287,24.71793104981642,0.9911868390129259,0.000244140625
submesh,134,11,2,hero,submesh/m134_s11/l02_hero.bmp,640,640,captures/submesh/m134_s11/l02_hero.jpg,0.04937489703297615,0.0720728188753128,22.844569834084464,0.981275599765945,0.0003255208333333287
submesh,134,11,3,hero,submesh/m134_s11/l03_hero.bmp,640,640,captures/submesh/m134_s11/l03_hero.jpg,0.04612040892243385,0.06980804353952408,23.12189066972327,0.9653958944281525,0.0012749565972222238
submesh,134,11,4,hero,submesh/m134_s11/l04_hero.bmp,640,640,captures/submesh/m134_s11/l04_hero.jpg,0.06436224281787872,0.10437576472759247,19.628006591219396,0.9045667447306791,0.003933376736111112
submesh,134,11,5,hero,submesh/m134_s11/l05_hero.bmp,640,640,captures/submesh/m134_s11/l05_hero.jpg,0.07471273839473724,0.12102346867322922,18.342608076815033,0.8763913298183948,0.005289713541666664
submesh,134,11,6,hero,submesh/m134_s11/l06_hero.bmp,640,640,captures/submesh/m134_s11/l06_hero.jpg,0.10096179693937302,0.15795549750328064,16.02930508510504,0.7870967741935484,0.009521484375
submesh,134,12,0,hero,submesh/m134_s12/l00_hero.bmp,640,640,captures/submesh/m134_s12/l00_hero.jpg,0.0,0.0,99.0,1.0,0.0
submesh,134,12,1,hero,submesh/m134_s12/l01_hero.bmp,640,640,captures/submesh/m134_s12/l01_hero.jpg,0.00597572373226285,0.009015954099595547,40.89976615916605,0.9857142857142858,2.7126736111111015e-05
submesh,134,12,2,hero,submesh/m134_s12/l02_hero.bmp,640,640,captures/submesh/m134_s12/l02_hero.jpg,0.008944911882281303,0.012585730291903019,38.002431585559464,0.9857142857142858,2.7126736111111015e-05
submesh,134,12,3,hero,submesh/m134_s12/l03_hero.bmp,640,640,captures/submesh/m134_s12/l03_hero.jpg,0.024817926809191704,0.037347666919231415,28.55473046104194,0.9714285714285714,5.4253472222222246e-05
submesh,134,12,4,hero,submesh/m134_s12/l04_hero.bmp,640,640,captures/submesh/m134_s12/l04_hero.jpg,0.05577964335680008,0.07405680418014526,22.608700665303406,0.8428571428571429,0.00029839409722222225
submesh,134,12,5,hero,submesh/m134_s12/l05_hero.bmp,640,640,captures/submesh/m134_s12/l05_hero.jpg,0.09658262878656387,0.12735599279403687,17.899612285912106,0.6571428571428571,0.0006510416666666667
submesh,134,12,6,hero,submesh/m134_s12/l06_hero.bmp,640,640,captures/submesh/m134_s12/l06_hero.jpg,0.13322128355503082,0.17277339100837708,15.250462856132208,0.34285714285714286,0.001247829861111111
submesh,134,13,0,hero,submesh/m134_s13/l00_hero.bmp,640,640,captures/submesh/m134_s13/l00_hero.jpg,0.0,0.0,99.0,1.0,0.0
submesh,134,13,1,hero,submesh/m134_s13/l01_hero.bmp,640,640,captures/submesh/m134_s13/l01_hero.jpg,0.0068061985075473785,0.01078701764345169,39.34197221852819,0.9797752808988764,0.00013563368055555594
submesh,134,13,2,hero,submesh/m134_s13/l02_hero.bmp,640,640,captures/submesh/m134_s13/l02_hero.jpg,0.01042520347982645,0.015210906974971294,36.35689779325728,0.9730337078651685,0.00021701388888888812
submesh,134,13,3,hero,submesh/m134_s13/l03_hero.bmp,640,640,captures/submesh/m134_s13/l03_hero.jpg,0.0305216982960701,0.043861452490091324,27.15833981158906,0.9346846846846847,0.000732421875
submesh,134,13,4,hero,submesh/m134_s13/l04_hero.bmp,640,640,captures/submesh/m134_s13/l04_hero.jpg,0.07045869529247284,0.09712830930948257,20.25308341728512,0.7972972972972973,0.002387152777777778
submesh,134,13,5,hero,submesh/m134_s13/l05_hero.bmp,640,640,captures/submesh/m134_s13/l05_hero.jpg,0.13307718932628632,0.17793074250221252,14.99498017878248,0.4391891891891892,0.006700303819444444
submesh,134,13,6,hero,submesh/m134_s13/l06_hero.bmp,640,640,captures/submesh/m134_s13/l06_hero.jpg,0.15661543607711792,0.20180411636829376,13.90139958677874,0.20945945945945946,0.009467230902777778
submesh,134,14,0,hero,submesh/m134_s14/l00_hero.bmp,640,640,captures/submesh/m134_s14/l00_hero.jpg,0.0,0.0,99.0,1.0,0.0
submesh,134,14,1,hero,submesh/m134_s14/l01_hero.bmp,640,640,captures/submesh/m134_s14/l01_hero.jpg,0.006091931834816933,0.009615810588002205,40.34028199957967,0.9934426229508196,0.0
submesh,134,14,2,hero,submesh/m134_s14/l02_hero.bmp,640,640,captures/submesh/m134_s14/l02_hero.jpg,0.010644257068634033,0.016934189945459366,35.42471146386055,0.9927916120576671,2.7126736111111882e-05
submesh,134,14,3,hero,submesh/m134_s14/l03_hero.bmp,640,640,captures/submesh/m134_s14/l03_hero.jpg,0.02052467316389084,0.033777471631765366,29.427457241817834,0.9875573018991487,0.00013563368055555247
submesh,134,14,4,hero,submesh/m134_s14/l04_hero.bmp,640,640,captures/submesh/m134_s14/l04_hero.jpg,0.027979837730526924,0.04133287072181702,27.67408860602909,0.9790849673202614,0.00032552083333333565
submesh,134,14,5,hero,submesh/m134_s14/l05_hero.bmp,640,640,captures/submesh/m134_s14/l05_hero.jpg,0.03902590647339821,0.058849480003118515,24.605147405017206,0.958984375,0.0008409288194444406
submesh,134,14,6,hero,submesh/m134_s14/l06_hero.bmp,640,640,captures/submesh/m134_s14/l06_hero.jpg,0.11777795106172562,0.1714594066143036,15.316773672208965,0.7356020942408377,0.010525173611111112
submesh,134,15,0,hero,submesh/m134_s15/l00_hero.bmp,640,640,captures/submesh/m134_s15/l00_hero.jpg,0.0,0.0,99.0,1.0,0.0
submesh,134,15,1,hero,submesh/m134_s15/l01_hero.bmp,640,640,captures/submesh/m134_s15/l01_hero.jpg,0.008423934690654278,0.028315870091319084,30.959401776244096,0.9961174472215482,5.4253472222209886e-05
submesh,134,15,2,hero,submesh/m134_s15/l02_hero.bmp,640,640,captures/submesh/m134_s15/l02_hero.jpg,0.013596800155937672,0.03446757048368454,29.251786552737453,0.995635305528613,5.4253472222223764e-05
submesh,134,15,3,hero,submesh/m134_s15/l03_hero.bmp,640,640,captures/submesh/m134_s15/l03_hero.jpg,0.021899307146668434,0.04217861220240593,27.498154277967863,0.992969696969697,0.00018988715277777624
submesh,134,15,4,hero,submesh/m134_s15/l04_hero.bmp,640,640,captures/submesh/m134_s15/l04_hero.jpg,0.0335456058382988,0.056936465203762054,24.892189974604268,0.9828045531605716,0.0011121961805555525
submesh,134,15,5,hero,submesh/m134_s15/l05_hero.bmp,640,640,captures/submesh/m134_s15/l05_hero.jpg,0.06741169095039368,0.1075662150979042,19.36648225007097,0.9236530562937908,0.0072157118055555525
submesh,134,15,6,hero,submesh/m134_s15/l06_hero.bmp,640,640,captures/submesh/m134_s15/l06_hero.jpg,0.15464675426483154,0.20293967425823212,13.852660821080727,0.7773190869354055,0.024658203125
submesh,134,16,0,hero,submesh/m134_s16/l00_hero.bmp,640,640,captures/submesh/m134_s16/l00_hero.jpg,0.0,0.0,99.0,1.0,0.0
submesh,134,16,1,hero,submesh/m134_s16/l01_hero.bmp,640,640,captures/submesh/m134_s16/l01_hero.jpg,0.010752673260867596,0.020701557397842407,33.67993961854619,0.9977524204702628,2.7126736111104943e-05
submesh,134,16,2,hero,submesh/m134_s16/l02_hero.bmp,640,640,captures/submesh/m134_s16/l02_hero.jpg,0.02801920659840107,0.047081269323825836,26.54303673946833,0.992743607463718,0.0005967881944444475
submesh,134,16,3,hero,submesh/m134_s16/l03_hero.bmp,640,640,captures/submesh/m134_s16/l03_hero.jpg,0.04357275739312172,0.06810533255338669,23.33637764196688,0.9875840662183135,0.0008138020833333426
submesh,134,16,4,hero,submesh/m134_s16/l04_hero.bmp,640,640,captures/submesh/m134_s16/l04_hero.jpg,0.07806268334388733,0.12387728691101074,18.140166297573963,0.9372675008454515,0.002685546875
submesh,134,16,5,hero,submesh/m134_s16/l05_hero.bmp,640,640,captures/submesh/m134_s16/l05_hero.jpg,0.13717161118984222,0.18071100115776062,14.860308161102386,0.8361937128292268,0.020345052083333343
submesh,134,16,6,hero,submesh/m134_s16/l06_hero.bmp,640,640,captures/submesh/m134_s16/l06_hero.jpg,0.14337381720542908,0.18612979352474213,14.603682088404522,0.8351424694708277,0.01996527777777779
submesh,134,17,0,hero,submesh/m134_s17/l00_hero.bmp,640,640,captures/submesh/m134_s17/l00_hero.jpg,0.0,0.0,99.0,1.0,0.0
submesh,134,17,1,hero,submesh/m134_s17/l01_hero.bmp,640,640,captures/submesh/m134_s17/l01_hero.jpg,0.0015745804412290454,0.004918292164802551,46.163713522548946,0.9973434535104364,0.00018988715277777624
submesh,134,17,2,hero,submesh/m134_s17/l02_hero.bmp,640,640,captures/submesh/m134_s17/l02_hero.jpg,0.01087938155978918,0.02604944445192814,31.684030686471306,0.9810606060606061,0.0010850694444444475
submesh,134,17,3,hero,submesh/m134_s17/l03_hero.bmp,640,640,captures/submesh/m134_s17/l03_hero.jpg,0.09483285993337631,0.14369329810142517,16.851269740369606,0.7398190045248869,0.017795138888888888
submesh,134,17,4,hero,submesh/m134_s17/l04_hero.bmp,640,640,captures/submesh/m134_s17/l04_hero.jpg,0.1350872665643692,0.178650364279747,14.959921878117173,0.5801584307808374,0.029324001736111112
submesh,134,17,5,hero,submesh/m134_s17/l05_hero.bmp,640,640,captures/submesh/m134_s17/l05_hero.jpg,0.161164790391922,0.20597992837429047,13.723501944169033,0.3300529901589705,0.047634548611111105
submesh,134,17,6,hero,submesh/m134_s17/l06_hero.bmp,640,640,captures/submesh/m134_s17/l06_hero.jpg,0.18204112350940704,0.22830753028392792,12.829595278138948,0.11443728685107996,0.06317816840277778
submesh,134,18,0,hero,submesh/m134_s18/l00_hero.bmp,640,640,captures/submesh/m134_s18/l00_hero.jpg,0.0,0.0,99.0,1.0,0.0
submesh,134,18,1,hero,submesh/m134_s18/l01_hero.bmp,640,640,captures/submesh/m134_s18/l01_hero.jpg,0.03366142511367798,0.06798237562179565,23.352073264194168,1.0,0.0
submesh,134,18,2,hero,submesh/m134_s18/l02_hero.bmp,640,640,captures/submesh/m134_s18/l02_hero.jpg,0.07334396988153458,0.10232428461313248,19.800425659704196,0.9764909675822816,0.0025227864583333426
submesh,134,18,3,hero,submesh/m134_s18/l03_hero.bmp,640,640,captures/submesh/m134_s18/l03_hero.jpg,0.19316475093364716,0.24540488421916962,12.20233595782618,0.5918316831683168,0.044731987847222224
submesh,134,18,4,hero,submesh/m134_s18/l04_hero.bmp,640,640,captures/submesh/m134_s18/l04_hero.jpg,0.19316475093364716,0.24540488421916962,12.20233595782618,0.5918316831683168,0.044731987847222224
submesh,134,18,5,hero,submesh/m134_s18/l05_hero.bmp,640,640,captures/submesh/m134_s18/l05_hero.jpg,0.19316475093364716,0.24540488421916962,12.20233595782618,0.5918316831683168,0.044731987847222224
submesh,134,18,6,hero,submesh/m134_s18/l06_hero.bmp,640,640,captures/submesh/m134_s18/l06_hero.jpg,0.19316475093364716,0.24540488421916962,12.20233595782618,0.5918316831683168,0.044731987847222224
mesh,135,,0,hero,mesh/m135/l00_hero.bmp,640,640,captures/mesh/m135/l00_hero.jpg,0.0,0.0,99.0,1.0,0.0
mesh,135,,1,hero,mesh/m135/l01_hero.bmp,640,640,captures/mesh/m135/l01_hero.jpg,0.005017306189984083,0.007454087492078543,42.55211028073421,0.9917793688676744,0.00018988715277777624
mesh,135,,2,hero,mesh/m135/l02_hero.bmp,640,640,captures/mesh/m135/l02_hero.jpg,0.02033359743654728,0.026416143402457237,31.562611729349115,0.9479830148619958,0.004828559027777776
mesh,135,,3,hero,mesh/m135/l03_hero.bmp,640,640,captures/mesh/m135/l03_hero.jpg,0.03618535026907921,0.04506184160709381,26.923821266245014,0.8858811040339702,0.011176215277777776
mesh,135,,4,hero,mesh/m135/l04_hero.bmp,640,640,captures/mesh/m135/l04_hero.jpg,0.05279753357172012,0.06335928291082382,23.963794933180154,0.8046771193196918,0.019721137152777776
mesh,135,,5,hero,mesh/m135/l05_hero.bmp,640,640,captures/mesh/m135/l05_hero.jpg,0.06791337579488754,0.07971598207950592,21.969091982841476,0.7117787822387663,0.029296875
mesh,135,,6,hero,mesh/m135/l06_hero.bmp,640,640,captures/mesh/m135/l06_hero.jpg,0.08707286417484283,0.10008035600185394,19.993023169137306,0.5939909598511034,0.041314019097222224
mesh,135,,0,side,mesh/m135/l00_side.bmp,640,640,captures/mesh/m135/l00_side.jpg,0.0,0.0,99.0,1.0,0.0
mesh,135,,1,side,mesh/m135/l01_side.bmp,640,640,captures/mesh/m135/l01_side.jpg,0.005377443041652441,0.007875491864979267,42.074446255337286,0.9876777251184834,8.138020833334259e-05
mesh,135,,2,side,mesh/m135/l02_side.bmp,640,640,captures/mesh/m135/l02_side.jpg,0.015830600634217262,0.020401177927851677,33.80689512913175,0.9514195583596214,0.0029296875
mesh,135,,3,side,mesh/m135/l03_side.bmp,640,640,captures/mesh/m135/l03_side.jpg,0.02312726154923439,0.029241589829325676,30.679980380293532,0.9071383449147189,0.0069444444444444475
mesh,135,,4,side,mesh/m135/l04_side.bmp,640,640,captures/mesh/m135/l04_side.jpg,0.03173673897981644,0.039100851863622665,28.156275616460874,0.8421553090332805,0.013075086805555566
mesh,135,,5,side,mesh/m135/l05_side.bmp,640,640,captures/mesh/m135/l05_side.jpg,0.04142019525170326,0.050008375197649,26.019145114268987,0.7654712789590606,0.019829644097222224
mesh,135,,6,side,mesh/m135/l06_side.bmp,640,640,captures/mesh/m135/l06_side.jpg,0.054357435554265976,0.0641084834933281,23.861689927391385,0.6446700507614214,0.030110677083333336
mesh,135,,0,top,mesh/m135/l00_top.bmp,640,640,captures/mesh/m135/l00_top.jpg,0.0,0.0,99.0,1.0,0.0
mesh,135,,1,top,mesh/m135/l01_top.bmp,640,640,captures/mesh/m135/l01_top.jpg,0.0037851056549698114,0.005659954622387886,44.9437410134273,0.9962799348988607,0.00010850694444444753
mesh,135,,2,top,mesh/m135/l02_top.bmp,640,640,captures/mesh/m135/l02_top.jpg,0.01820470206439495,0.02380032278597355,32.46834305784746,0.9570267131242741,0.004475911458333329
mesh,135,,3,top,mesh/m135/l03_top.bmp,640,640,captures/mesh/m135/l03_top.jpg,0.03394586965441704,0.04257817566394806,27.416259012042214,0.8969288040949279,0.011854383680555552
mesh,135,,4,top,mesh/m135/l04_top.bmp,640,640,captures/mesh/m135/l04_top.jpg,0.05203022062778473,0.06260965019464493,24.067174452954383,0.8247614614847568,0.020317925347222224
mesh,135,,5,top,mesh/m135/l05_top.bmp,640,640,captures/mesh/m135/l05_top.jpg,0.06936047971248627,0.08094793558120728,21.83588445201635,0.7383003492433061,0.030490451388888895
mesh,135,,6,top,mesh/m135/l06_top.bmp,640,640,captures/mesh/m135/l06_top.jpg,0.09133986383676529,0.10373436659574509,19.681546810444676,0.6026536312849162,0.04625108506944445
submesh,135,0,0,hero,submesh/m135_s00/l00_hero.bmp,640,640,captures/submesh/m135_s00/l00_hero.jpg,0.0,0.0,99.0,1.0,0.0
submesh,135,0,1,hero,submesh/m135_s00/l01_hero.bmp,640,640,captures/submesh/m135_s00/l01_hero.jpg,0.00912050437182188,0.013582240790128708,37.34057148990611,0.9133924799324039,0.004096137152777776
submesh,135,0,2,hero,submesh/m135_s00/l02_hero.bmp,640,640,captures/submesh/m135_s00/l02_hero.jpg,0.0179265346378088,0.026171306148171425,31.64349204411638,0.7989778534923339,0.012369791666666664
submesh,135,0,3,hero,submesh/m135_s00/l03_hero.bmp,640,640,captures/submesh/m135_s00/l03_hero.jpg,0.028825677931308746,0.0404297411441803,27.86598078550262,0.656423388817755,0.021674262152777776
submesh,135,0,4,hero,submesh/m135_s00/l04_hero.bmp,640,640,captures/submesh/m135_s00/l04_hero.jpg,0.04100121185183525,0.055987339466810226,25.03820339606802,0.5098206660973527,0.031032986111111112
submesh,135,0,5,hero,submesh/m135_s00/l05_hero.bmp,640,640,captures/submesh/m135_s00/l05_hero.jpg,0.05033712461590767,0.0682530328631401,23.317560914619907,0.4028193079880393,0.03786892361111111
submesh,135,0,6,hero,submesh/m135_s00/l06_hero.bmp,640,640,captures/submesh/m135_s00/l06_hero.jpg,0.05979274958372116,0.08049634844064713,21.884476402095125,0.2833333333333333,0.04549153645833333
submesh,135,1,0,hero,submesh/m135_s01/l00_hero.bmp,640,640,captures/submesh/m135_s01/l00_hero.jpg,0.0,0.0,99.0,1.0,0.0
submesh,135,1,1,hero,submesh/m135_s01/l01_hero.bmp,640,640,captures/submesh/m135_s01/l01_hero.jpg,0.006511962506920099,0.01038863230496645,39.66883249737248,0.9229357798165138,0.0007052951388888881
submesh,135,1,2,hero,submesh/m135_s01/l02_hero.bmp,640,640,captures/submesh/m135_s01/l02_hero.jpg,0.011237286031246185,0.01654055155813694,35.62900025278979,0.8600182982616651,0.002414279513888888
submesh,135,1,3,hero,submesh/m135_s01/l03_hero.bmp,640,640,captures/submesh/m135_s01/l03_hero.jpg,0.017033040523529053,0.02477874979376793,32.11841219274633,0.7614678899082569,0.005479600694444444
submesh,135,1,4,hero,submesh/m135_s01/l04_hero.bmp,640,640,captures/submesh/m135_s01/l04_hero.jpg,0.024673955515027046,0.03439301624894142,29.27059470232734,0.6497695852534562,0.009006076388888888
submesh,135,1,5,hero,submesh/m135_s01/l05_hero.bmp,640,640,captures/submesh/m135_s01/l05_hero.jpg,0.033175691962242126,0.04500454664230347,26.93487217697406,0.5111317254174397,0.013373480902777776
submesh,135,1,6,hero,submesh/m135_s01/l06_hero.bmp,640,640,captures/submesh/m135_s01/l06_hero.jpg,0.046303641051054,0.05942755192518234,24.520243196378082,0.31086142322097376,0.019585503472222224
submesh,135,2,0,hero,submesh/m135_s02/l00_hero.bmp,640,640,captures/submesh/m135_s02/l00_hero.jpg,0.0,0.0,99.0,1.0,0.0
submesh,135,2,1,hero,submesh/m135_s02/l01_hero.bmp,640,640,captures/submesh/m135_s02/l01_hero.jpg,0.0032960723619908094,0.004882418550550938,46.22729985928175,0.9965287049399199,0.00013563368055556635
submesh,135,2,2,hero,submesh/m135_s02/l02_hero.bmp,640,640,captures/submesh/m135_s02/l02_hero.jpg,0.01999298669397831,0.02588312141597271,31.739667008298433,0.9487590072057646,0.004611545138888881
submesh,135,2,3,hero,submesh/m135_s02/l03_hero.bmp,640,640,captures/submesh/m135_s02/l03_hero.jpg,0.03841196000576019,0.04697737097740173,26.562225831183333,0.8835470085470085,0.011393229166666657
submesh,135,2,4,hero,submesh/m135_s02/l04_hero.bmp,640,640,captures/submesh/m135_s02/l04_hero.jpg,0.056123800575733185,0.0656614750623703,23.65378730442956,0.7968959058067969,0.020534939236111105
submesh,135,2,5,hero,submesh/m135_s02/l05_hero.bmp,640,640,captures/submesh/m135_s02/l05_hero.jpg,0.07349476963281631,0.08382260054349899,21.53277739159637,0.69593147751606,0.03081597222222221
submesh,135,2,6,hero,submesh/m135_s02/l06_hero.bmp,640,640,captures/submesh/m135_s02/l06_hero.jpg,0.09330856800079346,0.10468240082263947,19.602526513140678,0.5691731335295692,0.04361979166666666
mesh,136,,0,hero,mesh/m136/l00_hero.bmp,640,640,captures/mesh/m136/l00_hero.jpg,0.0,0.0,99.0,1.0,0.0
mesh,136,,1,hero,mesh/m136/l01_hero.bmp,640,640,captures/mesh/m136/l01_hero.jpg,6.181334356369916e-06,0.00025003007613122463,72.04015493758419,1.0,0.0
mesh,136,,2,hero,mesh/m136/l02_hero.bmp,640,640,captures/mesh/m136/l02_hero.jpg,9.109334314416628e-06,0.00027667495305649936,71.16060310136662,1.0,0.0
mesh,136,,3,hero,mesh/m136/l03_hero.bmp,640,640,captures/mesh/m136/l03_hero.jpg,9.109334314416628e-06,0.00027667495305649936,71.16060310136662,1.0,0.0
mesh,136,,4,hero,mesh/m136/l04_hero.bmp,640,640,captures/mesh/m136/l04_hero.jpg,9.109334314416628e-06,0.00027667495305649936,71.16060310136662,1.0,0.0
mesh,136,,5,hero,mesh/m136/l05_hero.bmp,640,640,captures/mesh/m136/l05_hero.jpg,9.109334314416628e-06,0.00027667495305649936,71.16060310136662,1.0,0.0
mesh,136,,6,hero,mesh/m136/l06_hero.bmp,640,640,captures/mesh/m136/l06_hero.jpg,9.109334314416628e-06,0.00027667495305649936,71.16060310136662,1.0,0.0
mesh,136,,0,side,mesh/m136/l00_side.bmp,640,640,captures/mesh/m136/l00_side.jpg,0.0,0.0,99.0,1.0,0.0
mesh,136,,1,side,mesh/m136/l01_side.bmp,640,640,captures/mesh/m136/l01_side.jpg,0.0,0.0,99.0,1.0,0.0
mesh,136,,2,side,mesh/m136/l02_side.bmp,640,640,captures/mesh/m136/l02_side.jpg,0.0,0.0,99.0,1.0,0.0
mesh,136,,3,side,mesh/m136/l03_side.bmp,640,640,captures/mesh/m136/l03_side.jpg,0.0,0.0,99.0,1.0,0.0
mesh,136,,4,side,mesh/m136/l04_side.bmp,640,640,captures/mesh/m136/l04_side.jpg,0.0,0.0,99.0,1.0,0.0
mesh,136,,5,side,mesh/m136/l05_side.bmp,640,640,captures/mesh/m136/l05_side.jpg,0.0,0.0,99.0,1.0,0.0
mesh,136,,6,side,mesh/m136/l06_side.bmp,640,640,captures/mesh/m136/l06_side.jpg,0.0,0.0,99.0,1.0,0.0
mesh,136,,0,top,mesh/m136/l00_top.bmp,640,640,captures/mesh/m136/l00_top.jpg,0.0,0.0,99.0,1.0,0.0
mesh,136,,1,top,mesh/m136/l01_top.bmp,640,640,captures/mesh/m136/l01_top.jpg,1.9619053546193754e-06,0.00013669241161551327,77.2851118864027,1.0,0.0
mesh,136,,2,top,mesh/m136/l02_top.bmp,640,640,captures/mesh/m136/l02_top.jpg,1.9619053546193754e-06,0.00013669241161551327,77.2851118864027,1.0,0.0
mesh,136,,3,top,mesh/m136/l03_top.bmp,640,640,captures/mesh/m136/l03_top.jpg,1.9619053546193754e-06,0.00013669241161551327,77.2851118864027,1.0,0.0
mesh,136,,4,top,mesh/m136/l04_top.bmp,640,640,captures/mesh/m136/l04_top.jpg,1.9619053546193754e-06,0.00013669241161551327,77.2851118864027,1.0,0.0
mesh,136,,5,top,mesh/m136/l05_top.bmp,640,640,captures/mesh/m136/l05_top.jpg,3.0829939987597754e-06,0.00021485456090886146,73.35710845453971,1.0,0.0
mesh,136,,6,top,mesh/m136/l06_top.bmp,640,640,captures/mesh/m136/l06_top.jpg,6.165987997519551e-06,0.00028711147024296224,70.83898913762005,1.0,0.0
submesh,136,0,0,hero,submesh/m136_s00/l00_hero.bmp,640,640,captures/submesh/m136_s00/l00_hero.jpg,0.0,0.0,99.0,1.0,0.0
submesh,136,0,1,hero,submesh/m136_s00/l01_hero.bmp,640,640,captures/submesh/m136_s00/l01_hero.jpg,6.181334356369916e-06,0.00025003007613122463,72.04015493758419,1.0,0.0
submesh,136,0,2,hero,submesh/m136_s00/l02_hero.bmp,640,640,captures/submesh/m136_s00/l02_hero.jpg,9.109334314416628e-06,0.00027667495305649936,71.16060310136662,1.0,0.0
submesh,136,0,3,hero,submesh/m136_s00/l03_hero.bmp,640,640,captures/submesh/m136_s00/l03_hero.jpg,9.109334314416628e-06,0.00027667495305649936,71.16060310136662,1.0,0.0
submesh,136,0,4,hero,submesh/m136_s00/l04_hero.bmp,640,640,captures/submesh/m136_s00/l04_hero.jpg,9.109334314416628e-06,0.00027667495305649936,71.16060310136662,1.0,0.0
submesh,136,0,5,hero,submesh/m136_s00/l05_hero.bmp,640,640,captures/submesh/m136_s00/l05_hero.jpg,9.109334314416628e-06,0.00027667495305649936,71.16060310136662,1.0,0.0
submesh,136,0,6,hero,submesh/m136_s00/l06_hero.bmp,640,640,captures/submesh/m136_s00/l06_hero.jpg,9.109334314416628e-06,0.00027667495305649936,71.16060310136662,1.0,0.0
