mesh_index,mesh_name,lod_index,target_ratio,submesh_count,triangles,actual_ratio,max_deviation,bounds_x,bounds_y,bounds_z,instance_count,scale_median,scale_p95,scale_max,distance_1px_median,distance_1px_p95,alpha_tested,alpha_blended,double_sided,attribute_levels,sloppy_levels,reused_levels
0,"RiverSeedling_01_Translucent",0,1,3,6774,1,0,0.0122270137,0.0117387716,0.0121497232,452064,177.875,198.624954,200.000092,0,0,1,0,1,0,0,0
0,"RiverSeedling_01_Translucent",1,0.5,3,3360,0.496014172,5.46572337e-05,0.0122270137,0.0117387716,0.0121497232,452064,177.875,198.624954,200.000092,9.01300144,10.0644102,1,0,1,3,0,0
0,"RiverSeedling_01_Translucent",2,0.25,3,1669,0.24638323,0.000195381435,0.0122270137,0.0117387716,0.0121497232,452064,177.875,198.624954,200.000092,32.218483,35.9769173,1,0,1,2,1,0
0,"RiverSeedling_01_Translucent",3,0.119999997,3,805,0.118836729,0.000463958102,0.0122270137,0.0117387716,0.0121497232,452064,177.875,198.624954,200.000092,76.506897,85.4317856,1,0,1,2,1,0
0,"RiverSeedling_01_Translucent",4,0.0599999987,3,388,0.057277827,0.000726523343,0.0122270137,0.0117387716,0.0121497232,452064,177.875,198.624954,200.000092,119.804016,133.779724,1,0,1,2,1,0
0,"RiverSeedling_01_Translucent",5,0.0299999993,3,199,0.0293770298,0.00110149093,0.0122270137,0.0117387716,0.0121497232,452064,177.875,198.624954,200.000092,181.636337,202.825058,1,0,1,2,1,0
0,"RiverSeedling_01_Translucent",6,0.00999999978,3,62,0.00915264246,0.00154594274,0.0122270137,0.0117387716,0.0121497232,452064,177.875,198.624954,200.000092,254.926605,284.665009,1,0,1,2,1,0
1,"RiverSeedling_02_Translucent",0,1,3,6751,1,0,0.011474438,0.0115307905,0.0118228197,452705,177.874969,198.624954,200.000061,0,0,1,0,1,0,0,0
1,"RiverSeedling_02_Translucent",1,0.5,3,3349,0.496074656,5.28894125e-05,0.011474438,0.0115307905,0.0118228197,452705,177.874969,198.624954,200.000061,8.72148609,9.73888969,1,0,1,3,0,0
1,"RiverSeedling_02_Translucent",2,0.25,3,1659,0.245741372,0.000230784834,0.011474438,0.0115307905,0.0118228197,452705,177.874969,198.624954,200.000061,38.0565147,42.4959908,1,0,1,2,1,0
1,"RiverSeedling_02_Translucent",3,0.119999997,3,769,0.113909051,0.000373607734,0.011474438,0.0115307905,0.0118228197,452705,177.874969,198.624954,200.000061,61.6080704,68.7949524,1,0,1,2,1,0
1,"RiverSeedling_02_Translucent",4,0.0599999987,3,365,0.0540660643,0.000681516482,0.011474438,0.0115307905,0.0118228197,452705,177.874969,198.624954,200.000061,112.382347,125.492302,1,0,1,2,1,0
1,"RiverSeedling_02_Translucent",5,0.0299999993,3,180,0.0266627166,0.00106709218,0.011474438,0.0115307905,0.0118228197,452705,177.874969,198.624954,200.000061,175.963928,196.490982,1,0,1,2,1,0
1,"RiverSeedling_02_Translucent",6,0.00999999978,3,65,0.00962820323,0.00146772573,0.011474438,0.0115307905,0.0118228197,452705,177.874969,198.624954,200.000061,242.02858,270.26239,1,0,1,2,1,0
2,"RiverSeedling_04_Translucent",0,1,3,6774,1,0,0.011997371,0.0117127495,0.0118537368,453893,177.874985,198.624985,200.000076,0,0,1,0,1,0,0,0
2,"RiverSeedling_04_Translucent",1,0.5,3,3370,0.497490404,5.36419211e-05,0.011997371,0.0117127495,0.0118537368,453893,177.874985,198.624985,200.000076,8.84557533,9.87745571,1,0,1,3,0,0
2,"RiverSeedling_04_Translucent",2,0.25,3,1597,0.235754355,0.00018197138,0.011997371,0.0117127495,0.0118537368,453893,177.874985,198.624985,200.000076,30.0071564,33.5076408,1,0,1,2,1,0
2,"RiverSeedling_04_Translucent",3,0.119999997,3,787,0.11617951,0.000375358853,0.011997371,0.0117127495,0.0118537368,453893,177.874985,198.624985,200.000076,61.8968315,69.1174011,1,0,1,2,1,0
2,"RiverSeedling_04_Translucent",4,0.0599999987,3,403,0.059492176,0.000700015924,0.011997371,0.0117127495,0.0118537368,453893,177.874985,198.624985,200.000076,115.432922,128.898743,1,0,1,2,1,0
2,"RiverSeedling_04_Translucent",5,0.0299999993,3,197,0.0290817833,0.00109431031,0.011997371,0.0117127495,0.0118537368,453893,177.874985,198.624985,200.000076,180.452225,201.502869,1,0,1,2,1,0
2,"RiverSeedling_04_Translucent",6,0.00999999978,3,66,0.00974313552,0.00161074148,0.011997371,0.0117127495,0.0118537368,453893,177.874985,198.624985,200.000076,265.611938,296.596893,1,0,1,2,1,0
3,"RiverSeedling_03_Translucent",0,1,3,6774,1,0,0.0117425267,0.0115953153,0.0116849598,453588,177.749985,198.624969,200.000061,0,0,1,0,1,0,0,0
3,"RiverSeedling_03_Translucent",1,0.5,3,3368,0.497195158,5.3683616e-05,0.0117425267,0.0115953153,0.0116849598,453588,177.749985,198.624969,200.000061,8.84622955,9.88513184,1,0,1,3,0,0
3,"RiverSeedling_03_Translucent",2,0.25,3,1662,0.245349867,0.000192810316,0.0117425267,0.0115953153,0.0116849598,453588,177.749985,198.624969,200.000061,31.7721577,35.5034828,1,0,1,2,1,0
3,"RiverSeedling_03_Translucent",3,0.119999997,3,777,0.114703277,0.000380903541,0.0117425267,0.0115953153,0.0116849598,453588,177.749985,198.624969,200.000061,62.7670174,70.138382,1,0,1,2,1,0
3,"RiverSeedling_03_Translucent",4,0.0599999987,3,396,0.0584588131,0.000642825442,0.0117425267,0.0115953153,0.0116849598,453588,177.749985,198.624969,200.000061,105.927689,118.367851,1,0,1,2,1,0
3,"RiverSeedling_03_Translucent",5,0.0299999993,3,199,0.0293770298,0.00104856608,0.0117425267,0.0115953153,0.0116849598,453588,177.749985,198.624969,200.000061,172.787476,193.079666,1,0,1,2,1,0
3,"RiverSeedling_03_Translucent",6,0.00999999978,3,63,0.00930026572,0.00153804664,0.0117425267,0.0115953153,0.0116849598,453588,177.749985,198.624969,200.000061,253.446304,283.21109,1,0,1,2,1,0
4,"RiverSeedling_05_Translucent",0,1,3,6797,1,0,0.0122027211,0.0118830102,0.0124003505,454212,177.75,198.624969,200.000076,0,0,1,0,1,0,0,0
4,"RiverSeedling_05_Translucent",1,0.5,3,3373,0.496248345,5.48232456e-05,0.0122027211,0.0118830102,0.0124003505,454212,177.75,198.624969,200.000076,9.03402328,10.0949793,1,0,1,3,0,0
4,"RiverSeedling_05_Translucent",2,0.25,3,1684,0.247756363,0.000246846816,0.0122027211,0.0118830102,0.0124003505,454212,177.75,198.624969,200.000076,40.6765404,45.453598,1,0,1,2,1,0
4,"RiverSeedling_05_Translucent",3,0.119999997,3,779,0.114609386,0.000456191541,0.0122027211,0.0118830102,0.0124003505,454212,177.75,198.624969,200.000076,75.173317,84.0016785,1,0,1,2,1,0
4,"RiverSeedling_05_Translucent",4,0.0599999987,3,386,0.0567897602,0.000744924764,0.0122027211,0.0118830102,0.0124003505,454212,177.75,198.624969,200.000076,122.752098,137.168121,1,0,1,2,1,0
4,"RiverSeedling_05_Translucent",5,0.0299999993,3,199,0.0292776225,0.0010872829,0.0122027211,0.0118830102,0.0124003505,454212,177.75,198.624969,200.000076,179.167419,200.208862,1,0,1,2,1,0
4,"RiverSeedling_05_Translucent",6,0.00999999978,3,60,0.00882742386,0.00148830446,0.0122027211,0.0118830102,0.0124003505,454212,177.75,198.624969,200.000076,245.249588,274.051727,1,0,1,2,1,0
5,"RiverSapling_02_Translucent",0,1,3,101456,1,0,0.0257747676,0.046716433,0.0253970399,8771,187.625015,199.000031,200.000061,0,0,1,0,1,0,0,0
5,"RiverSapling_02_Translucent",1,0.5,3,50294,0.495722284,0.000106436964,0.0257747676,0.046716433,0.0253970399,8771,187.625015,199.000031,200.000061,18.5135689,19.6359768,1,0,1,3,0,0
5,"RiverSapling_02_Translucent",2,0.25,3,25105,0.247447169,0.000293097197,0.0257747676,0.046716433,0.0253970399,8771,187.625015,199.000031,200.000061,50.9811096,54.071907,1,0,1,2,1,0
5,"RiverSapling_02_Translucent",3,0.119999997,3,11899,0.117282369,0.000563818729,0.0257747676,0.046716433,0.0253970399,8771,187.625015,199.000031,200.000061,98.0702133,104.015846,1,0,1,2,1,0
5,"RiverSapling_02_Translucent",4,0.0599999987,3,6061,0.0597401829,0.000902633066,0.0257747676,0.046716433,0.0253970399,8771,187.625015,199.000031,200.000061,157.003326,166.521866,1,0,1,2,1,0
5,"RiverSapling_02_Translucent",5,0.0299999993,3,3016,0.0297271724,0.00127082726,0.0257747676,0.046716433,0.0253970399,8771,187.625015,199.000031,200.000061,221.046753,234.448013,1,0,1,2,1,0
5,"RiverSapling_02_Translucent",6,0.00999999978,3,981,0.00966921621,0.00212822016,0.0257747676,0.046716433,0.0253970399,8771,187.625015,199.000031,200.000061,370.18103,392.623749,1,0,1,2,1,0
6,"RiverSapling_05_Translucent",0,1,3,94604,1,0,0.02467696,0.0453810059,0.0234389715,8892,187.500031,198.999985,200.000046,0,0,1,0,1,0,0,0
6,"RiverSapling_05_Translucent",1,0.5,3,46918,0.495940975,0.000105101994,0.02467696,0.0453810059,0.0234389715,8892,187.500031,198.999985,200.000046,18.269186,19.3896904,1,0,1,3,0,0
6,"RiverSapling_05_Translucent",2,0.25,3,23377,0.247103717,0.00025368674,0.02467696,0.0453810059,0.0234389715,8892,187.500031,198.999985,200.000046,44.0966873,46.8012733,1,0,1,2,1,0
6,"RiverSapling_05_Translucent",3,0.119999997,3,11103,0.117362902,0.000513079169,0.02467696,0.0453810059,0.0234389715,8892,187.500031,198.999985,200.000046,89.1851654,94.6551666,1,0,1,2,1,0
6,"RiverSapling_05_Translucent",4,0.0599999987,3,5644,0.059659211,0.000789009908,0.02467696,0.0453810059,0.0234389715,8892,187.500031,198.999985,200.000046,137.148376,145.560104,1,0,1,2,1,0
6,"RiverSapling_05_Translucent",5,0.0299999993,3,2815,0.0297556129,0.00113196461,0.02467696,0.0453810059,0.0234389715,8892,187.500031,198.999985,200.000046,196.761948,208.829956,1,0,1,2,1,0
6,"RiverSapling_05_Translucent",6,0.00999999978,3,873,0.00922793962,0.00221562618,0.02467696,0.0453810059,0.0234389715,8892,187.500031,198.999985,200.000046,385.127625,408.748688,1,0,1,2,1,0
7,"RiverSapling_01_Translucent",0,1,3,101581,1,0,0.0248638242,0.0462966375,0.025001213,9230,187.5,198.999985,200.000046,0,0,1,0,1,0,0,0
7,"RiverSapling_01_Translucent",1,0.5,3,50373,0.495889979,0.000107239983,0.0248638242,0.0462966375,0.025001213,9230,187.5,198.999985,200.000046,18.6408138,19.7841148,1,0,1,3,0,0
7,"RiverSapling_01_Translucent",2,0.25,3,24982,0.245931818,0.000260696106,0.0248638242,0.0462966375,0.025001213,9230,187.5,198.999985,200.000046,45.3150749,48.0943947,1,0,1,2,1,0
7,"RiverSapling_01_Translucent",3,0.119999997,3,12041,0.118535947,0.000519638183,0.0248638242,0.0462966375,0.025001213,9230,187.5,198.999985,200.000046,90.3252563,95.8651962,1,0,1,2,1,0
7,"RiverSapling_01_Translucent",4,0.0599999987,3,6027,0.0593319617,0.000856866187,0.0248638242,0.0462966375,0.025001213,9230,187.5,198.999985,200.000046,148.943375,158.078552,1,0,1,2,1,0
7,"RiverSapling_01_Translucent",5,0.0299999993,3,2972,0.0292574399,0.00113068707,0.0248638242,0.0462966375,0.025001213,9230,187.5,198.999985,200.000046,196.539856,208.594284,1,0,1,2,1,0
7,"RiverSapling_01_Translucent",6,0.00999999978,3,1004,0.0098837381,0.00200944999,0.0248638242,0.0462966375,0.025001213,9230,187.5,198.999985,200.000046,349.289368,370.712433,1,0,1,2,1,0
8,"RiverSapling_04_Translucent",0,1,3,111902,1,0,0.0268542543,0.0492624305,0.0271202102,9229,187.875,199,200.000061,0,0,1,0,1,0,0,0
8,"RiverSapling_04_Translucent",1,0.5,3,55536,0.496291398,0.000114336159,0.0268542543,0.0492624305,0.0271202102,9229,187.875,199,200.000061,19.9140434,21.0932503,1,0,1,3,0,0
8,"RiverSapling_04_Translucent",2,0.25,3,27734,0.247841862,0.000269170618,0.0268542543,0.0492624305,0.0271202102,9229,187.875,199,200.000061,46.8817215,49.6578178,1,0,1,2,1,0
8,"RiverSapling_04_Translucent",3,0.119999997,3,13223,0.118165895,0.000510455284,0.0268542543,0.0492624305,0.0271202102,9229,187.875,199,200.000061,88.906517,94.1711121,1,0,1,2,1,0
8,"RiverSapling_04_Translucent",4,0.0599999987,3,6653,0.0594538078,0.000795279571,0.0268542543,0.0492624305,0.0271202102,9229,187.875,199,200.000061,138.514648,146.716782,1,0,1,2,1,0
8,"RiverSapling_04_Translucent",5,0.0299999993,3,3226,0.0288287966,0.00102999341,0.0268542543,0.0492624305,0.0271202102,9229,187.875,199,200.000061,179.394989,190.017853,1,0,1,2,1,0
8,"RiverSapling_04_Translucent",6,0.00999999978,3,1101,0.00983896624,0.00238665845,0.0268542543,0.0492624305,0.0271202102,9229,187.875,199,200.000061,415.686707,440.301575,1,0,1,2,1,0
9,"RiverSapling_03_Translucent",0,1,3,102257,1,0,0.0263608489,0.0471216813,0.0258732773,8878,187.875,199,200.000015,0,0,1,0,1,0,0,0
9,"RiverSapling_03_Translucent",1,0.5,3,50689,0.495702006,0.000107524749,0.0263608489,0.0471216813,0.0258732773,8878,187.875,199,200.000015,18.7276955,19.8366528,1,0,1,3,0,0
9,"RiverSapling_03_Translucent",2,0.25,3,25334,0.24774832,0.000277799089,0.0263608489,0.0471216813,0.0258732773,8878,187.875,199,200.000015,48.3845482,51.2496338,1,0,1,2,1,0
9,"RiverSapling_03_Translucent",3,0.119999997,3,11887,0.116246321,0.000496649067,0.0263608489,0.0471216813,0.0258732773,8878,187.875,199,200.000015,86.5018692,91.6240692,1,0,1,2,1,0
9,"RiverSapling_03_Translucent",4,0.0599999987,3,6007,0.0587441447,0.000741179683,0.0263608489,0.0471216813,0.0258732773,8878,187.875,199,200.000015,129.09201,136.736191,1,0,1,2,1,0
9,"RiverSapling_03_Translucent",5,0.0299999993,3,2994,0.0292791692,0.00101148605,0.0263608489,0.0471216813,0.0258732773,8878,187.875,199,200.000015,176.171555,186.603531,1,0,1,2,1,0
9,"RiverSapling_03_Translucent",6,0.00999999978,3,971,0.00949568245,0.00220934604,0.0263608489,0.0471216813,0.0258732773,8878,187.875,199,200.000015,384.804047,407.590179,1,0,1,2,1,0
10,"RiverForest_03_Animated_Translucent",0,1,3,330089,1,0,0.042878814,0.0987445191,0.0584433302,802928,189.500015,199.125015,200.000076,0,0,1,0,1,0,0,0
10,"RiverForest_03_Animated_Translucent",1,0.5,3,162919,0.493560828,0.000178759248,0.042878814,0.0987445191,0.0584433302,802928,189.500015,199.125015,200.000076,31.4039764,32.9990349,1,0,1,3,0,0
10,"RiverForest_03_Animated_Translucent",2,0.25,3,79914,0.242098343,0.000536784413,0.042878814,0.0987445191,0.0584433302,802928,189.500015,199.125015,200.000076,94.3009415,99.0906296,1,0,1,2,1,0
10,"RiverForest_03_Animated_Translucent",3,0.119999997,3,38198,0.115720306,0.00117983331,0.042878814,0.0987445191,0.0584433302,802928,189.500015,199.125015,200.000076,207.270157,217.797729,1,0,1,2,1,0
10,"RiverForest_03_Animated_Translucent",4,0.0599999987,3,19041,0.0576844427,0.00212348858,0.042878814,0.0987445191,0.0584433302,802928,189.500015,199.125015,200.000076,373.049164,391.996887,1,0,1,2,1,0
10,"RiverForest_03_Animated_Translucent",5,0.0299999993,3,9489,0.0287467925,0.00330671412,0.042878814,0.0987445191,0.0584433302,802928,189.500015,199.125015,200.000076,580.915222,610.420837,1,0,1,2,1,0
10,"RiverForest_03_Animated_Translucent",6,0.00999999978,3,3039,0.00920660791,0.00519034546,0.042878814,0.0987445191,0.0584433302,802928,189.500015,199.125015,200.000076,911.826843,958.139954,1,0,1,2,1,0
11,"RiverForest_01_Animated_Translucent",0,1,3,334587,1,0,0.0438090973,0.100752696,0.0587555692,801785,189.5,199.124985,200.000061,0,0,1,0,1,0,0,0
11,"RiverForest_01_Animated_Translucent",1,0.5,3,165069,0.493351505,0.000184418168,0.0438090973,0.100752696,0.0587555692,801785,189.5,199.124985,200.000061,32.3981209,34.0436668,1,0,1,3,0,0
11,"RiverForest_01_Animated_Translucent",2,0.25,3,81730,0.244271296,0.000554326689,0.0438090973,0.100752696,0.0587555692,801785,189.5,199.124985,200.000061,97.3827133,102.328926,1,0,1,2,1,0
11,"RiverForest_01_Animated_Translucent",3,0.119999997,3,38568,0.115270468,0.00120822922,0.0438090973,0.100752696,0.0587555692,801785,189.5,199.124985,200.000061,212.258682,223.039612,1,0,1,2,1,0
11,"RiverForest_01_Animated_Translucent",4,0.0599999987,3,19352,0.0578384695,0.00218000798,0.0438090973,0.100752696,0.0587555692,801785,189.5,199.124985,200.000061,382.978302,402.430328,1,0,1,2,1,0
11,"RiverForest_01_Animated_Translucent",5,0.0299999993,3,9617,0.028742898,0.00340572558,0.0438090973,0.100752696,0.0587555692,801785,189.5,199.124985,200.000061,598.309326,628.698364,1,0,1,2,1,0
11,"RiverForest_01_Animated_Translucent",6,0.00999999978,3,3153,0.009423558,0.00517191365,0.0438090973,0.100752696,0.0587555692,801785,189.5,199.124985,200.000061,908.588745,954.737305,1,0,1,2,1,0
12,"RiverForest_05_Animated_Translucent",0,1,3,334305,1,0,0.0553285405,0.101033293,0.0506877303,803254,189.499985,199.124985,200.000061,0,0,1,0,1,0,0,0
12,"RiverForest_05_Animated_Translucent",1,0.5,3,164931,0.493354871,0.000182772215,0.0553285405,0.101033293,0.0506877303,803254,189.499985,199.124985,200.000061,32.108963,33.7398262,1,0,1,3,0,0
12,"RiverForest_05_Animated_Translucent",2,0.25,3,81063,0.242482164,0.000552769925,0.0553285405,0.101033293,0.0506877303,803254,189.499985,199.124985,200.000061,97.1092148,102.04155,1,0,1,2,1,0
12,"RiverForest_05_Animated_Translucent",3,0.119999997,3,38611,0.115496328,0.00119616173,0.0553285405,0.101033293,0.0506877303,803254,189.499985,199.124985,200.000061,210.138672,220.811935,1,0,1,2,1,0
12,"RiverForest_05_Animated_Translucent",4,0.0599999987,3,19412,0.0580667355,0.00219618622,0.0553285405,0.101033293,0.0506877303,803254,189.499985,199.124985,200.000061,385.820435,405.41687,1,0,1,2,1,0
12,"RiverForest_05_Animated_Translucent",5,0.0299999993,3,9676,0.0289436293,0.00339348009,0.0553285405,0.101033293,0.0506877303,803254,189.499985,199.124985,200.000061,596.157959,626.437805,1,0,1,2,1,0
12,"RiverForest_05_Animated_Translucent",6,0.00999999978,3,3112,0.00930886466,0.00540661858,0.0553285405,0.101033293,0.0506877303,803254,189.499985,199.124985,200.000061,949.821045,998.063904,1,0,1,2,1,0
13,"QueenForest_02_Animated_Translucent",0,1,8,427804,1,0,0.0569305867,0.0973070115,0.062393114,204554,213.249985,224,225.000046,0,0,1,0,1,0,0,0
13,"QueenForest_02_Animated_Translucent",1,0.5,8,213901,0.499997662,0.000107763299,0.0569305867,0.0973070115,0.062393114,204554,213.249985,224,225.000046,21.3042755,22.378233,1,0,1,8,0,0
13,"QueenForest_02_Animated_Translucent",2,0.25,8,106943,0.2499813,0.000364726089,0.0569305867,0.0973070115,0.062393114,204554,213.249985,224,225.000046,72.1045609,75.7393799,1,0,1,8,0,0
13,"QueenForest_02_Animated_Translucent",3,0.119999997,8,51120,0.119493974,0.000951037509,0.0569305867,0.0973070115,0.062393114,204554,213.249985,224,225.000046,188.015457,197.493378,1,0,1,6,2,0
13,"QueenForest_02_Animated_Translucent",4,0.0599999987,8,25379,0.059323896,0.00210160553,0.0569305867,0.0973070115,0.062393114,204554,213.249985,224,225.000046,415.477112,436.421478,1,0,1,6,2,0
13,"QueenForest_02_Animated_Translucent",5,0.0299999993,8,12595,0.0294410524,0.00385591993,0.0569305867,0.0973070115,0.062393114,204554,213.249985,224,225.000046,762.296448,800.724121,1,0,1,6,2,0
13,"QueenForest_02_Animated_Translucent",6,0.00999999978,8,4091,0.00956279044,0.00883769989,0.0569305867,0.0973070115,0.062393114,204554,213.249985,224,225.000046,1747.16992,1835.24536,1,0,1,6,2,0
14,"QueenForest_05_Animated_Translucent",0,1,8,432854,1,0,0.0650072619,0.0976255313,0.0593111441,204025,213.249985,224.000015,225.000092,0,0,1,0,1,0,0,0
14,"QueenForest_05_Animated_Translucent",1,0.5,8,216425,0.49999538,0.000109043976,0.0650072619,0.0976255313,0.0593111441,204025,213.249985,224.000015,225.000092,21.5574589,22.6441822,1,0,1,8,0,0
14,"QueenForest_05_Animated_Translucent",2,0.25,8,108190,0.249945709,0.00037289958,0.0650072619,0.0976255313,0.0593111441,204025,213.249985,224.000015,225.000092,73.7204208,77.4366989,1,0,1,8,0,0
14,"QueenForest_05_Animated_Translucent",3,0.119999997,8,51540,0.119070171,0.000936544384,0.0650072619,0.0976255313,0.0593111441,204025,213.249985,224.000015,225.000092,185.150223,194.483734,1,0,1,6,2,0
14,"QueenForest_05_Animated_Translucent",4,0.0599999987,8,25318,0.0584908537,0.00209867395,0.0650072619,0.0976255313,0.0593111441,204025,213.249985,224.000015,225.000092,414.897552,435.812714,1,0,1,6,2,0
14,"QueenForest_05_Animated_Translucent",5,0.0299999993,8,12843,0.0296705125,0.00392663572,0.0650072619,0.0976255313,0.0593111441,204025,213.249985,224.000015,225.000092,776.276611,815.409119,1,0,1,6,2,0
14,"QueenForest_05_Animated_Translucent",6,0.00999999978,8,4129,0.00953901315,0.00928821042,0.0650072619,0.0976255313,0.0593111441,204025,213.249985,224.000015,225.000092,1836.23364,1928.79895,1,0,1,6,2,0
15,"QueenForest_06_Animated_Translucent",0,1,8,515442,1,0,0.0632339716,0.103948779,0.0751062781,205227,213.249969,224,225.000046,0,0,1,0,1,0,0,0
15,"QueenForest_06_Animated_Translucent",1,0.5,8,257719,0.49999612,0.000123763981,0.0632339716,0.103948779,0.0751062781,205227,213.249969,224,225.000046,24.4675312,25.7009506,1,0,1,8,0,0
15,"QueenForest_06_Animated_Translucent",2,0.25,8,128850,0.249979629,0.000415733171,0.0632339716,0.103948779,0.0751062781,205227,213.249969,224,225.000046,82.1884079,86.3315582,1,0,1,8,0,0
15,"QueenForest_06_Animated_Translucent",3,0.119999997,8,61692,0.119687569,0.00109458482,0.0632339716,0.103948779,0.0751062781,205227,213.249969,224,225.000046,216.394028,227.302551,1,0,1,6,2,0
15,"QueenForest_06_Animated_Translucent",4,0.0599999987,8,30462,0.0590987929,0.00239855982,0.0632339716,0.103948779,0.0751062781,205227,213.249969,224,225.000046,474.183472,498.08728,1,0,1,6,2,0
15,"QueenForest_06_Animated_Translucent",5,0.0299999993,8,15151,0.0293941898,0.00474297162,0.0632339716,0.103948779,0.0751062781,205227,213.249969,224,225.000046,937.662231,984.930176,1,0,1,6,2,0
15,"QueenForest_06_Animated_Translucent",6,0.00999999978,8,4933,0.00957042693,0.0122939814,0.0632339716,0.103948779,0.0751062781,205227,213.249969,224,225.000046,2430.45947,2552.98022,1,0,1,6,2,0
16,"Moss_01",0,1,1,239,1,0,0.00016967862,0.000245489762,3.05518333e-05,678842,1000.00006,1000.00024,1000.00055,0,0,1,0,1,0,0,0
16,"Moss_01",1,0.5,1,119,0.49790795,3.9442416e-06,0.00016967862,0.000245489762,3.05518333e-05,678842,1000.00006,1000.00024,1000.00055,3.65654087,3.65654135,1,0,1,1,0,0
16,"Moss_01",2,0.25,1,58,0.242677824,1.11586232e-05,0.00016967862,0.000245489762,3.05518333e-05,678842,1000.00006,1000.00024,1000.00055,10.3446913,10.3446932,1,0,1,1,0,0
16,"Moss_01",3,0.119999997,1,28,0.117154812,2.35613661e-05,0.00016967862,0.000245489762,3.05518333e-05,678842,1000.00006,1000.00024,1000.00055,21.8427525,21.8427563,1,0,1,1,0,0
16,"Moss_01",4,0.0599999987,1,14,0.0585774059,3.85952626e-05,0.00016967862,0.000245489762,3.05518333e-05,678842,1000.00006,1000.00024,1000.00055,35.7800484,35.780056,1,0,1,1,0,0
16,"Moss_01",5,0.0299999993,1,7,0.0292887029,5.90273994e-05,0.00016967862,0.000245489762,3.05518333e-05,678842,1000.00006,1000.00024,1000.00055,54.7218208,54.7218323,1,0,1,1,0,0
16,"Moss_01",6,0.00999999978,1,2,0.00836820084,9.56859803e-05,0.00016967862,0.000245489762,3.05518333e-05,678842,1000.00006,1000.00024,1000.00055,88.7064514,88.7064667,1,0,1,1,0,0
17,"Moss_03",0,1,1,229,1,0,0.000156683745,0.000314536999,2.4798228e-05,677899,1000.00006,1000.00024,1000.00055,0,0,1,0,1,0,0,0
17,"Moss_03",1,0.5,1,113,0.493449782,3.50769938e-06,0.000156683745,0.000314536999,2.4798228e-05,677899,1000.00006,1000.00024,1000.00055,3.25184107,3.25184155,1,0,1,1,0,0
17,"Moss_03",2,0.25,1,57,0.248908297,1.01369496e-05,0.000156683745,0.000314536999,2.4798228e-05,677899,1000.00006,1000.00024,1000.00055,9.39754105,9.39754295,1,0,1,1,0,0
17,"Moss_03",3,0.119999997,1,26,0.113537118,2.26827178e-05,0.000156683745,0.000314536999,2.4798228e-05,677899,1000.00006,1000.00024,1000.00055,21.0281963,21.0282001,1,0,1,1,0,0
17,"Moss_03",4,0.0599999987,1,13,0.056768559,3.72412069e-05,0.000156683745,0.000314536999,2.4798228e-05,677899,1000.00006,1000.00024,1000.00055,34.5247612,34.524765,1,0,1,1,0,0
17,"Moss_03",5,0.0299999993,1,6,0.0262008734,7.00363162e-05,0.000156683745,0.000314536999,2.4798228e-05,677899,1000.00006,1000.00024,1000.00055,64.9277344,64.927742,1,0,1,1,0,0
17,"Moss_03",6,0.00999999978,1,2,0.00873362445,0.000104263396,0.000156683745,0.000314536999,2.4798228e-05,677899,1000.00006,1000.00024,1000.00055,96.6582108,96.6582336,1,0,1,1,0,0
18,"Moss_02",0,1,1,233,1,0,0.000167683844,0.000249274686,2.73231126e-05,677869,1000.00006,1000.00018,1000.00061,0,0,1,0,1,0,0,0
18,"Moss_02",1,0.5,1,116,0.497854077,3.83354109e-06,0.000167683844,0.000249274686,2.73231126e-05,677869,1000.00006,1000.00018,1000.00061,3.55391502,3.5539155,1,0,1,1,0,0
18,"Moss_02",2,0.25,1,58,0.248927039,1.12383887e-05,0.000167683844,0.000249274686,2.73231126e-05,677869,1000.00006,1000.00018,1000.00061,10.4186382,10.4186392,1,0,1,1,0,0
18,"Moss_02",3,0.119999997,1,26,0.111587983,2.38855173e-05,0.000167683844,0.000249274686,2.73231126e-05,677869,1000.00006,1000.00018,1000.00061,22.143261,22.1432629,1,0,1,1,0,0
18,"Moss_02",4,0.0599999987,1,13,0.0557939914,4.05681058e-05,0.000167683844,0.000249274686,2.73231126e-05,677869,1000.00006,1000.00018,1000.00061,37.6089859,37.6089935,1,0,1,1,0,0
18,"Moss_02",5,0.0299999993,1,6,0.025751073,6.47255511e-05,0.000167683844,0.000249274686,2.73231126e-05,677869,1000.00006,1000.00018,1000.00061,60.0043373,60.0043449,1,0,1,1,0,0
18,"Moss_02",6,0.00999999978,1,2,0.00858369099,8.77702987e-05,0.000167683844,0.000249274686,2.73231126e-05,677869,1000.00006,1000.00018,1000.00061,81.3681564,81.3681641,1,0,1,1,0,0
19,"Grass_B_02",0,1,1,1760,1,0,0.00179126998,0.0017956401,0.00199268362,76562,173.375015,778.5,825.000122,0,0,1,0,1,0,0,0
19,"Grass_B_02",1,0.5,1,880,0.5,1.52141365e-05,0.00179126998,0.0017956401,0.00199268362,76562,173.375015,778.5,825.000122,2.44534826,10.9802647,1,0,1,1,0,0
19,"Grass_B_02",2,0.25,1,440,0.25,4.32099005e-05,0.00179126998,0.0017956401,0.00199268362,76562,173.375015,778.5,825.000122,6.94507074,31.1852188,1,0,1,1,0,0
19,"Grass_B_02",3,0.119999997,1,211,0.119886364,8.12135986e-05,0.00179126998,0.0017956401,0.00199268362,76562,173.375015,778.5,825.000122,13.0533552,58.6130409,1,0,1,1,0,0
19,"Grass_B_02",4,0.0599999987,1,105,0.0596590909,0.00011618781,0.00179126998,0.0017956401,0.00199268362,76562,173.375015,778.5,825.000122,18.674715,83.8544388,1,0,1,1,0,0
19,"Grass_B_02",5,0.0299999993,1,52,0.0295454545,0.000158268595,0.00179126998,0.0017956401,0.00199268362,76562,173.375015,778.5,825.000122,25.4383049,114.224762,1,0,1,1,0,0
19,"Grass_B_02",6,0.00999999978,1,16,0.00909090909,0.000215952721,0.00179126998,0.0017956401,0.00199268362,76562,173.375015,778.5,825.000122,34.7097969,155.856232,1,0,1,1,0,0
20,"Grass_B_03",0,1,1,1215,1,0,0.00261677126,0.00231661508,0.00249510328,76721,173.500015,778.000061,825.000061,0,0,1,0,1,0,0,0
20,"Grass_B_03",1,0.5,1,606,0.498765432,1.52871417e-05,0.00261677126,0.00231661508,0.00249510328,76721,173.500015,778.000061,825.000061,2.45885372,11.0258684,1,0,1,1,0,0
20,"Grass_B_03",2,0.25,1,303,0.249382716,4.03625017e-05,0.00261677126,0.00231661508,0.00249510328,76721,173.500015,778.000061,825.000061,6.49208879,29.1114998,1,0,1,1,0,0
20,"Grass_B_03",3,0.119999997,1,145,0.119341564,7.78038229e-05,0.00261677126,0.00231661508,0.00249510328,76721,173.500015,778.000061,825.000061,12.5143223,56.1160965,1,0,1,1,0,0
20,"Grass_B_03",4,0.0599999987,1,72,0.0592592593,0.00010828732,0.00261677126,0.00231661508,0.00249510328,76721,173.500015,778.000061,825.000061,17.4174271,78.102356,1,0,1,1,0,0
20,"Grass_B_03",5,0.0299999993,1,36,0.0296296296,0.000145780738,0.00261677126,0.00231661508,0.00249510328,76721,173.500015,778.000061,825.000061,23.4480381,105.144516,1,0,1,1,0,0
20,"Grass_B_03",6,0.00999999978,1,12,0.00987654321,0.000194111868,0.00261677126,0.00231661508,0.00249510328,76721,173.500015,778.000061,825.000061,31.2218399,140.003403,1,0,1,1,0,0
21,"Grass_B_05",0,1,1,1664,1,0,0.0035556932,0.00403236132,0.00433246559,77024,173.625015,777.500061,825.000244,0,0,1,0,1,0,0,0
21,"Grass_B_05",1,0.5,1,832,0.5,2.1554466e-05,0.0035556932,0.00403236132,0.00433246559,77024,173.625015,777.500061,825.000244,3.46941662,15.5361919,1,0,1,1,0,0
21,"Grass_B_05",2,0.25,1,416,0.25,6.03213193e-05,0.0035556932,0.00403236132,0.00433246559,77024,173.625015,777.500061,825.000244,9.70934677,43.4788628,1,0,1,1,0,0
21,"Grass_B_05",3,0.119999997,1,199,0.119591346,0.000111043511,0.0035556932,0.00403236132,0.00433246559,77024,173.625015,777.500061,825.000244,17.8736153,80.0387955,1,0,1,1,0,0
21,"Grass_B_05",4,0.0599999987,1,99,0.0594951923,0.000162700133,0.0035556932,0.00403236132,0.00433246559,77024,173.625015,777.500061,825.000244,26.1882858,117.272232,1,0,1,1,0,0
21,"Grass_B_05",5,0.0299999993,1,49,0.0294471154,0.000217213645,0.0035556932,0.00403236132,0.00433246559,77024,173.625015,777.500061,825.000244,34.9628067,156.564911,1,0,1,1,0,0
21,"Grass_B_05",6,0.00999999978,1,15,0.00901442308,0.00027980149,0.0035556932,0.00403236132,0.00433246559,77024,173.625015,777.500061,825.000244,45.0369759,201.67746,1,0,1,1,0,0
22,"Grass_B_01",0,1,1,714,1,0,0.00119121862,0.00156930368,0.00119762402,76534,173.625,779,825.000122,0,0,1,0,1,0,0,0
22,"Grass_B_01",1,0.5,1,356,0.49859944,1.1258895e-05,0.00119121862,0.00156930368,0.00119762402,76534,173.625,779,825.000122,1.81223655,8.13092804,1,0,1,1,0,0
22,"Grass_B_01",2,0.25,1,178,0.24929972,3.36592057e-05,0.00119121862,0.00156930368,0.00119762402,76534,173.625,779,825.000122,5.41780043,24.3079414,1,0,1,1,0,0
22,"Grass_B_01",3,0.119999997,1,84,0.117647059,6.41420702e-05,0.00119121862,0.00156930368,0.00119762402,76534,173.625,779,825.000122,10.3243361,46.3220024,1,0,1,1,0,0
22,"Grass_B_01",4,0.0599999987,1,42,0.0588235294,9.32990515e-05,0.00119121862,0.00156930368,0.00119762402,76534,173.625,779,825.000122,15.0174561,67.3785324,1,0,1,1,0,0
22,"Grass_B_01",5,0.0299999993,1,21,0.0294117647,0.000120328987,0.00119121862,0.00156930368,0.00119762402,76534,173.625,779,825.000122,19.368206,86.8989639,1,0,1,1,0,0
22,"Grass_B_01",6,0.00999999978,1,7,0.00980392157,0.000159084011,0.00119121862,0.00156930368,0.00119762402,76534,173.625,779,825.000122,25.6062317,114.887001,1,0,1,1,0,0
23,"Grass_B_04",0,1,1,2489,1,0,0.00317376084,0.00260376511,0.00361925736,77024,173.375015,777.000061,825.000244,0,0,1,0,1,0,0,0
23,"Grass_B_04",1,0.5,1,1244,0.499799116,1.58040784e-05,0.00317376084,0.00260376511,0.00361925736,77024,173.375015,777.000061,825.000244,2.54016876,11.384058,1,0,1,1,0,0
23,"Grass_B_04",2,0.25,1,622,0.249899558,4.39499563e-05,0.00317376084,0.00260376511,0.00361925736,77024,173.375015,777.000061,825.000244,7.06401873,31.6582108,1,0,1,1,0,0
23,"Grass_B_04",3,0.119999997,1,298,0.119726798,8.13293736e-05,0.00317376084,0.00260376511,0.00361925736,77024,173.375015,777.000061,825.000244,13.0719633,58.5835075,1,0,1,1,0,0
23,"Grass_B_04",4,0.0599999987,1,149,0.059863399,0.000114468763,0.00317376084,0.00260376511,0.00361925736,77024,173.375015,777.000061,825.000244,18.3984127,82.4546051,1,0,1,1,0,0
23,"Grass_B_04",5,0.0299999993,1,74,0.0297308156,0.000151184955,0.00317376084,0.00260376511,0.00361925736,77024,173.375015,777.000061,825.000244,24.2997589,108.902161,1,0,1,1,0,0
23,"Grass_B_04",6,0.00999999978,1,24,0.00964242668,0.000200060866,0.00317376084,0.00260376511,0.00361925736,77024,173.375015,777.000061,825.000244,32.1555214,144.108658,1,0,1,1,0,0
24,"Grass_A_06",0,1,1,1466,1,0,0.00192330475,0.00144635653,0.00202855468,46537,171.125015,183.624985,185.000046,0,0,1,0,1,0,0,0
24,"Grass_A_06",1,0.5,1,733,0.5,1.18500093e-05,0.00192330475,0.00144635653,0.00202855468,46537,171.125015,183.624985,185.000046,1.87991869,2.01723909,1,0,1,1,0,0
24,"Grass_A_06",2,0.25,1,366,0.249658936,3.4913337e-05,0.00192330475,0.00144635653,0.00202855468,46537,171.125015,183.624985,185.000046,5.53874969,5.9433322,1,0,1,1,0,0
24,"Grass_A_06",3,0.119999997,1,175,0.119372442,6.08389673e-05,0.00192330475,0.00144635653,0.00202855468,46537,171.125015,183.624985,185.000046,9.65166569,10.356679,1,0,1,1,0,0
24,"Grass_A_06",4,0.0599999987,1,87,0.0593451569,8.54195678e-05,0.00192330475,0.00144635653,0.00202855468,46537,171.125015,183.624985,185.000046,13.5511999,14.5410585,1,0,1,1,0,0
24,"Grass_A_06",5,0.0299999993,1,43,0.0293315143,0.000114180191,0.00192330475,0.00144635653,0.00202855468,46537,171.125015,183.624985,185.000046,18.1138668,19.4370098,1,0,1,1,0,0
24,"Grass_A_06",6,0.00999999978,1,14,0.00954979536,0.000149299565,0.00192330475,0.00144635653,0.00202855468,46537,171.125015,183.624985,185.000046,23.6853008,25.4154148,1,0,1,1,0,0
25,"Grass_A_04",0,1,1,2287,1,0,0.00215615286,0.00217744289,0.00221377891,46844,171.25,183.625015,185.000076,0,0,1,0,1,0,0,0
25,"Grass_A_04",1,0.5,1,1143,0.499781373,1.78156806e-05,0.00215615286,0.00217744289,0.00221377891,46844,171.25,183.625015,185.000076,2.8283937,3.0327816,1,0,1,1,0,0
25,"Grass_A_04",2,0.25,1,571,0.249672059,4.68211365e-05,0.00215615286,0.00217744289,0.00221377891,46844,171.25,183.625015,185.000076,7.43326139,7.97040987,1,0,1,1,0,0
25,"Grass_A_04",3,0.119999997,1,274,0.119807608,7.60614057e-05,0.00215615286,0.00217744289,0.00221377891,46844,171.25,183.625015,185.000076,12.075408,12.9480114,1,0,1,1,0,0
25,"Grass_A_04",4,0.0599999987,1,137,0.0599038041,0.000109531349,0.00215615286,0.00217744289,0.00221377891,46844,171.25,183.625015,185.000076,17.3890514,18.6456337,1,0,1,1,0,0
25,"Grass_A_04",5,0.0299999993,1,68,0.029733275,0.000148920284,0.00215615286,0.00217744289,0.00221377891,46844,171.25,183.625015,185.000076,23.6423874,25.3508549,1,0,1,1,0,0
25,"Grass_A_04",6,0.00999999978,1,22,0.00961958898,0.000196623514,0.00215615286,0.00217744289,0.00221377891,46844,171.25,183.625015,185.000076,31.2156887,33.4714241,1,0,1,1,0,0
26,"Grass_A_02",0,1,1,4626,1,0,0.00284097437,0.00169262616,0.00275739888,46790,171.125,183.625,185.000092,0,0,1,0,1,0,0,0
26,"Grass_A_02",1,0.5,1,2313,0.5,1.69661689e-05,0.00284097437,0.00169262616,0.00275739888,46790,171.125,183.625,185.000092,2.69156051,2.88816833,1,0,1,1,0,0
26,"Grass_A_02",2,0.25,1,1156,0.249891915,4.63101096e-05,0.00284097437,0.00169262616,0.00275739888,46790,171.125,183.625,185.000092,7.34676504,7.88341713,1,0,1,1,0,0
26,"Grass_A_02",3,0.119999997,1,555,0.11997406,8.04723895e-05,0.00284097437,0.00169262616,0.00275739888,46790,171.125,183.625,185.000092,12.7663651,13.6988974,1,0,1,1,0,0
26,"Grass_A_02",4,0.0599999987,1,277,0.0598789451,0.000116339928,0.00284097437,0.00169262616,0.00275739888,46790,171.125,183.625,185.000092,18.4564915,19.8046646,1,0,1,1,0,0
26,"Grass_A_02",5,0.0299999993,1,138,0.0298313878,0.000154761627,0.00284097437,0.00169262616,0.00275739888,46790,171.125,183.625,185.000092,24.5518169,26.3452301,1,0,1,1,0,0
26,"Grass_A_02",6,0.00999999978,1,46,0.00994379594,0.000199785572,0.00284097437,0.00169262616,0.00275739888,46790,171.125,183.625,185.000092,31.6945419,34.0097008,1,0,1,1,0,0
27,"Grass_A_03",0,1,1,5945,1,0,0.00278791063,0.00142347417,0.00255069882,46930,171.000015,183.624985,185.000046,0,0,1,0,1,0,0,0
27,"Grass_A_03",1,0.5,1,2972,0.499915896,1.06982507e-05,0.00278791063,0.00142347417,0.00255069882,46930,171.000015,183.624985,185.000046,1.69596076,1.82117391,1,0,1,1,0,0
27,"Grass_A_03",2,0.25,1,1486,0.249957948,3.14248173e-05,0.00278791063,0.00142347417,0.00255069882,46930,171.000015,183.624985,185.000046,4.98167944,5.34947824,1,0,1,1,0,0
27,"Grass_A_03",3,0.119999997,1,713,0.119932717,5.55827901e-05,0.00278791063,0.00142347417,0.00255069882,46930,171.000015,183.624985,185.000046,8.81136799,9.46191406,1,0,1,1,0,0
27,"Grass_A_03",4,0.0599999987,1,356,0.059882254,7.99046102e-05,0.00278791063,0.00142347417,0.00255069882,46930,171.000015,183.624985,185.000046,12.6670322,13.6022425,1,0,1,1,0,0
27,"Grass_A_03",5,0.0299999993,1,178,0.029941127,0.000106317981,0.00278791063,0.00142347417,0.00255069882,46930,171.000015,183.624985,185.000046,16.8542633,18.0986176,1,0,1,1,0,0
27,"Grass_A_03",6,0.00999999978,1,59,0.00992430614,0.000141518307,0.00278791063,0.00142347417,0.00255069882,46930,171.000015,183.624985,185.000046,22.4344597,24.0908012,1,0,1,1,0,0
28,"Grass_A_05",0,1,1,1257,1,0,0.00187788822,0.00177721563,0.00201028585,47094,171.125015,183.625,185.000046,0,0,1,0,1,0,0,0
28,"Grass_A_05",1,0.5,1,628,0.499602228,1.26325413e-05,0.00187788822,0.00177721563,0.00201028585,47094,171.125015,183.625,185.000046,2.00406194,2.15045047,1,0,1,1,0,0
28,"Grass_A_05",2,0.25,1,314,0.249801114,3.37108359e-05,0.00187788822,0.00177721563,0.00201028585,47094,171.125015,183.625,185.000046,5.34798193,5.73863029,1,0,1,1,0,0
28,"Grass_A_05",3,0.119999997,1,150,0.119331742,5.64832735e-05,0.00187788822,0.00177721563,0.00201028585,47094,171.125015,183.625,185.000046,8.96066475,9.61520481,1,0,1,1,0,0
28,"Grass_A_05",4,0.0599999987,1,75,0.0596658711,8.43141679e-05,0.00187788822,0.00177721563,0.00201028585,47094,171.125015,183.625,185.000046,13.3758354,14.3528852,1,0,1,1,0,0
28,"Grass_A_05",5,0.0299999993,1,37,0.0294351631,0.000114031369,0.00187788822,0.00177721563,0.00201028585,47094,171.125015,183.625,185.000046,18.0902576,19.4116764,1,0,1,1,0,0
28,"Grass_A_05",6,0.00999999978,1,12,0.00954653938,0.000157936622,0.00187788822,0.00177721563,0.00201028585,47094,171.125015,183.625,185.000046,25.0555077,26.8857098,1,0,1,1,0,0
29,"Grass_A_01",0,1,1,6422,1,0,0.00317009003,0.00146688789,0.00326558808,46790,171.000015,183.625,185.000076,0,0,1,0,1,0,0,0
29,"Grass_A_01",1,0.5,1,3211,0.5,1.21351986e-05,0.00317009003,0.00146688789,0.00326558808,46790,171.000015,183.625,185.000076,1.92375565,2.06578708,1,0,1,1,0,0
29,"Grass_A_01",2,0.25,1,1605,0.249922143,3.30617622e-05,0.00317009003,0.00146688789,0.00326558808,46790,171.000015,183.625,185.000076,5.24117947,5.62813711,1,0,1,1,0,0
29,"Grass_A_01",3,0.119999997,1,770,0.119900343,5.60617445e-05,0.00317009003,0.00146688789,0.00326558808,46790,171.000015,183.625,185.000076,8.88729572,9.54344749,1,0,1,1,0,0
29,"Grass_A_01",4,0.0599999987,1,385,0.0599501713,8.11544596e-05,0.00317009003,0.00146688789,0.00326558808,46790,171.000015,183.625,185.000076,12.8651676,13.8150063,1,0,1,1,0,0
29,"Grass_A_01",5,0.0299999993,1,192,0.0298972283,0.000110324472,0.00317009003,0.00146688789,0.00326558808,46790,171.000015,183.625,185.000076,17.489399,18.7806454,1,0,1,1,0,0
29,"Grass_A_01",6,0.00999999978,1,64,0.00996574276,0.000149591287,0.00317009003,0.00146688789,0.00326558808,46790,171.000015,183.625,185.000076,23.7142487,25.4650784,1,0,1,1,0,0
30,"Shrub_02",0,1,1,6589,1,0,0.00142797548,0.00207702466,0.00166420266,2919,324.25,347.75,350.000122,0,0,1,0,1,0,0,0
30,"Shrub_02",1,0.5,1,3294,0.499924116,8.66533446e-06,0.00142797548,0.00207702466,0.00166420266,2919,324.25,347.75,350.000122,2.60478687,2.79356861,1,0,1,1,0,0
30,"Shrub_02",2,0.25,1,1645,0.249658522,2.58725686e-05,0.00142797548,0.00207702466,0.00166420266,2919,324.25,347.75,350.000122,7.77725601,8.34091187,1,0,1,1,0,0
30,"Shrub_02",3,0.119999997,1,775,0.117620276,5.77348183e-05,0.00142797548,0.00207702466,0.00166420266,2919,324.25,347.75,350.000122,17.3550014,18.6128025,1,0,1,1,0,0
30,"Shrub_02",4,0.0599999987,1,389,0.0590377903,0.000104521532,0.00142797548,0.00207702466,0.00166420266,2919,324.25,347.75,350.000122,31.4190178,33.6961098,1,0,1,1,0,0
30,"Shrub_02",5,0.0299999993,1,197,0.0298983154,0.000162903045,0.00142797548,0.00207702466,0.00166420266,2919,324.25,347.75,350.000122,48.9684143,52.5173988,1,0,1,1,0,0
30,"Shrub_02",6,0.00999999978,1,65,0.00986492639,0.000237251254,0.00142797548,0.00207702466,0.00166420266,2919,324.25,347.75,350.000122,71.3173752,76.4860992,1,0,1,1,0,0
31,"Shrub_03",0,1,1,6177,1,0,0.00156150898,0.00280449004,0.00168569922,2837,323.000061,347.000031,350.000031,0,0,1,0,1,0,0,0
31,"Shrub_03",1,0.5,1,3087,0.499757164,9.03792352e-06,0.00156150898,0.00280449004,0.00168569922,2837,323.000061,347.000031,350.000031,2.70631385,2.9074018,1,0,1,1,0,0
31,"Shrub_03",2,0.25,1,1538,0.248988182,2.71915851e-05,0.00156150898,0.00280449004,0.00168569922,2837,323.000061,347.000031,350.000031,8.14224243,8.74723721,1,0,1,1,0,0
31,"Shrub_03",3,0.119999997,1,740,0.119799255,6.16952602e-05,0.00156150898,0.00280449004,0.00168569922,2837,323.000061,347.000031,350.000031,18.4740143,19.8466949,1,0,1,1,0,0
31,"Shrub_03",4,0.0599999987,1,365,0.0590901732,0.000110516427,0.00156150898,0.00280449004,0.00168569922,2837,323.000061,347.000031,350.000031,33.0930138,35.5519333,1,0,1,1,0,0
31,"Shrub_03",5,0.0299999993,1,183,0.0296260321,0.000173198627,0.00156150898,0.00280449004,0.00168569922,2837,323.000061,347.000031,350.000031,51.8625603,55.7161179,1,0,1,1,0,0
31,"Shrub_03",6,0.00999999978,1,60,0.00971345313,0.000255415187,0.00156150898,0.00280449004,0.00168569922,2837,323.000061,347.000031,350.000031,76.4814606,82.1642838,1,0,1,1,0,0
32,"Shrub_01",0,1,1,3726,1,0,0.00135865062,0.00195048982,0.00108600047,2679,323.75,347.750031,350.000031,0,0,1,0,1,0,0,0
32,"Shrub_01",1,0.5,1,1862,0.499731616,8.70951862e-06,0.00135865062,0.00195048982,0.00108600047,2679,323.75,347.750031,350.000031,2.61403155,2.80781317,1,0,1,1,0,0
32,"Shrub_01",2,0.25,1,929,0.249329039,2.61091773e-05,0.00135865062,0.00195048982,0.00108600047,2679,323.75,347.750031,350.000031,7.83627796,8.41719246,1,0,1,1,0,0
32,"Shrub_01",3,0.119999997,1,435,0.116747182,5.83645087e-05,0.00135865062,0.00195048982,0.00108600047,2679,323.75,347.750031,350.000031,17.517231,18.8158073,1,0,1,1,0,0
32,"Shrub_01",4,0.0599999987,1,219,0.0587761675,0.000105757106,0.00135865062,0.00195048982,0.00108600047,2679,323.75,347.750031,350.000031,31.7414093,34.0944443,1,0,1,1,0,0
32,"Shrub_01",5,0.0299999993,1,111,0.0297906602,0.000164263212,0.00135865062,0.00195048982,0.00108600047,2679,323.75,347.750031,350.000031,49.3011436,52.9559059,1,0,1,1,0,0
32,"Shrub_01",6,0.00999999978,1,37,0.00993022008,0.000238340072,0.00135865062,0.00195048982,0.00108600047,2679,323.75,347.750031,350.000031,71.5342026,76.8371277,1,0,1,1,0,0
33,"Shrub_04",0,1,1,10835,1,0,0.00217848062,0.00273358077,0.00186920166,2902,324.500031,347.250031,350.000092,0,0,1,0,1,0,0,0
33,"Shrub_04",1,0.5,1,5417,0.499953853,8.44008355e-06,0.00217848062,0.00273358077,0.00186920166,2902,324.500031,347.250031,350.000092,2.53903317,2.71703935,1,0,1,1,0,0
33,"Shrub_04",2,0.25,1,2703,0.249469312,2.57339034e-05,0.00217848062,0.00273358077,0.00186920166,2902,324.500031,347.250031,350.000092,7.74153852,8.28428078,1,0,1,1,0,0
33,"Shrub_04",3,0.119999997,1,1275,0.117674204,5.77248356e-05,0.00217848062,0.00273358077,0.00186920166,2902,324.500031,347.250031,350.000092,17.3653812,18.5828304,1,0,1,1,0,0
33,"Shrub_04",4,0.0599999987,1,635,0.0586063683,0.000104019113,0.00217848062,0.00273358077,0.00186920166,2902,324.500031,347.250031,350.000092,31.2921047,33.4859276,1,0,1,1,0,0
33,"Shrub_04",5,0.0299999993,1,321,0.0296262114,0.000163122502,0.00217848062,0.00273358077,0.00186920166,2902,324.500031,347.250031,350.000092,49.072197,52.5125427,1,0,1,1,0,0
33,"Shrub_04",6,0.00999999978,1,105,0.0096908168,0.000238565612,0.00217848062,0.00273358077,0.00186920166,2902,324.500031,347.250031,350.000092,71.7677689,76.7992554,1,0,1,1,0,0
34,"ShrubSorrel_01_Translucent",0,1,1,414,1,0,0.000725836086,0.000494787062,0.000590166135,90061,744,839.000061,850.000244,0,0,1,0,1,0,0,0
34,"ShrubSorrel_01_Translucent",1,0.5,1,207,0.5,1.40410693e-05,0.000725836086,0.000494787062,0.000590166135,90061,744,839.000061,850.000244,9.68456268,10.9211674,1,0,1,1,0,0
34,"ShrubSorrel_01_Translucent",2,0.25,1,103,0.248792271,3.92954753e-05,0.000725836086,0.000494787062,0.000590166135,90061,744,839.000061,850.000244,27.1033115,30.564085,1,0,1,1,0,0
34,"ShrubSorrel_01_Translucent",3,0.119999997,1,49,0.118357488,7.72679923e-05,0.000725836086,0.000494787062,0.000590166135,90061,744,839.000061,850.000244,53.2941399,60.0991745,1,0,1,1,0,0
34,"ShrubSorrel_01_Translucent",4,0.0599999987,1,24,0.0579710145,0.000131852532,0.000725836086,0.000494787062,0.000590166135,90061,744,839.000061,850.000244,90.9427948,102.555122,1,0,1,1,0,0
34,"ShrubSorrel_01_Translucent",5,0.0299999993,1,12,0.0289855072,0.000198442431,0.000725836086,0.000494787062,0.000590166135,90061,744,839.000061,850.000244,136.871918,154.348862,1,0,1,1,0,0
34,"ShrubSorrel_01_Translucent",6,0.00999999978,1,4,0.00966183575,0.000275367056,0.000725836086,0.000494787062,0.000590166135,90061,744,839.000061,850.000244,189.929214,214.180954,1,0,1,1,0,0
35,"ShrubSorrel_05_Translucent",0,1,1,71,1,0,0.000168946804,0.000364161911,0.000263378053,90282,743.500061,839.5,850.000305,0,0,1,0,1,0,0,0
35,"ShrubSorrel_05_Translucent",1,0.5,1,35,0.492957746,9.88284046e-06,0.000168946804,0.000364161911,0.000263378053,90282,743.500061,839.5,850.000305,6.81192207,7.69147062,1,0,1,1,0,0
35,"ShrubSorrel_05_Translucent",2,0.25,1,17,0.23943662,3.06820075e-05,0.000168946804,0.000364161911,0.000263378053,90282,743.500061,839.5,850.000305,21.1481152,23.8787384,1,0,1,1,0,0
35,"ShrubSorrel_05_Translucent",3,0.119999997,1,8,0.112676056,6.77161661e-05,0.000168946804,0.000364161911,0.000263378053,90282,743.500061,839.5,850.000305,46.6745644,52.7011337,1,0,1,1,0,0
35,"ShrubSorrel_05_Translucent",4,0.0599999987,1,4,0.0563380282,0.00011470732,0.000168946804,0.000364161911,0.000263378053,90282,743.500061,839.5,850.000305,79.0640411,89.2727127,1,0,1,1,0,0
35,"ShrubSorrel_05_Translucent",5,0.0299999993,1,2,0.0281690141,0.000147291037,0.000168946804,0.000364161911,0.000263378053,90282,743.500061,839.5,850.000305,101.522949,114.631477,1,0,1,1,0,0
35,"ShrubSorrel_05_Translucent",6,0.00999999978,1,1,0.014084507,0.000189707818,0.000168946804,0.000364161911,0.000263378053,90282,743.500061,839.5,850.000305,130.75946,147.64299,1,0,1,1,0,0
36,"ShrubSorrel_07_Translucent",0,1,1,67,1,0,0.000237077897,0.000451266009,0.00022498105,90407,743.500061,839.500122,850.000305,0,0,1,0,1,0,0,0
36,"ShrubSorrel_07_Translucent",1,0.5,1,33,0.492537313,9.59774661e-06,0.000237077897,0.000451266009,0.00022498105,90407,743.500061,839.500122,850.000305,6.61541653,7.46959305,1,0,1,1,0,0
36,"ShrubSorrel_07_Translucent",2,0.25,1,15,0.223880597,3.38858663e-05,0.000237077897,0.000451266009,0.00022498105,90407,743.500061,839.500122,850.000305,23.3564281,26.3721905,1,0,1,1,0,0
36,"ShrubSorrel_07_Translucent",3,0.119999997,1,8,0.119402985,8.72561213e-05,0.000237077897,0.000451266009,0.00022498105,90407,743.500061,839.500122,850.000305,60.1428185,67.9084015,1,0,1,1,0,0
36,"ShrubSorrel_07_Translucent",4,0.0599999987,1,4,0.0597014925,0.000148766383,0.000237077897,0.000451266009,0.00022498105,90407,743.500061,839.500122,850.000305,102.539856,115.779709,1,0,1,1,0,0
36,"ShrubSorrel_07_Translucent",5,0.0299999993,1,2,0.0298507463,0.00020907975,0.000237077897,0.000451266009,0.00022498105,90407,743.500061,839.500122,850.000305,144.111923,162.719513,1,0,1,1,0,0
36,"ShrubSorrel_07_Translucent",6,0.00999999978,1,1,0.0149253731,0.0002584506,0.000237077897,0.000451266009,0.00022498105,90407,743.500061,839.500122,850.000305,178.141647,201.143127,1,0,1,1,0,0
37,"ShrubSorrel_03_Translucent",0,1,1,355,1,0,0.000315315207,0.000234041581,0.000450206251,89799,743.999939,839.500061,850.000244,0,0,1,0,1,0,0,0
37,"ShrubSorrel_03_Translucent",1,0.5,1,177,0.498591549,7.606081e-06,0.000315315207,0.000234041581,0.000450206251,89799,743.999939,839.500061,850.000244,5.24615049,5.91954803,1,0,1,1,0,0
37,"ShrubSorrel_03_Translucent",2,0.25,1,88,0.247887324,2.23160914e-05,0.000315315207,0.000234041581,0.000450206251,89799,743.999939,839.500061,850.000244,15.3921013,17.3678379,1,0,1,1,0,0
37,"ShrubSorrel_03_Translucent",3,0.119999997,1,42,0.118309859,4.89937629e-05,0.000315315207,0.000234041581,0.000450206251,89799,743.999939,839.500061,850.000244,33.7925186,38.1301422,1,0,1,1,0,0
37,"ShrubSorrel_03_Translucent",4,0.0599999987,1,21,0.0591549296,8.36819236e-05,0.000315315207,0.000234041581,0.000450206251,89799,743.999939,839.500061,850.000244,57.7180214,65.1267319,1,0,1,1,0,0
37,"ShrubSorrel_03_Translucent",5,0.0299999993,1,10,0.0281690141,0.00012078954,0.000315315207,0.000234041581,0.000450206251,89799,743.999939,839.500061,850.000244,83.312294,94.0062943,1,0,1,1,0,0
37,"ShrubSorrel_03_Translucent",6,0.00999999978,1,3,0.00845070423,0.000159457617,0.000315315207,0.000234041581,0.000450206251,89799,743.999939,839.500061,850.000244,109.982872,124.100311,1,0,1,1,0,0
38,"ShrubSorrel_06_Translucent",0,1,1,63,1,0,0.000265076407,0.000410369044,0.000241439251,90039,742.500122,839.500061,850.000305,0,0,1,0,1,0,0,0
38,"ShrubSorrel_06_Translucent",1,0.5,1,31,0.492063492,1.20113236e-05,0.000265076407,0.000410369044,0.000241439251,90039,742.500122,839.500061,850.000305,8.26788139,9.3479948,1,0,1,1,0,0
38,"ShrubSorrel_06_Translucent",2,0.25,1,15,0.238095238,3.72262039e-05,0.000265076407,0.000410369044,0.000241439251,90039,742.500122,839.500061,850.000305,25.6243114,28.9718609,1,0,1,1,0,0
38,"ShrubSorrel_06_Translucent",3,0.119999997,1,7,0.111111111,9.58297533e-05,0.000265076407,0.000410369044,0.000241439251,90039,742.500122,839.500061,850.000305,65.9635162,74.5809631,1,0,1,1,0,0
38,"ShrubSorrel_06_Translucent",4,0.0599999987,1,3,0.0476190476,0.000160627664,0.000265076407,0.000410369044,0.000241439251,90039,742.500122,839.500061,850.000305,110.566544,125.010918,1,0,1,1,0,0
38,"ShrubSorrel_06_Translucent",5,0.0299999993,1,1,0.0158730159,0.000225425014,0.000265076407,0.000410369044,0.000241439251,90039,742.500122,839.500061,850.000305,155.169205,175.440445,1,0,1,1,0,0
38,"ShrubSorrel_06_Translucent",6,0.00999999978,1,1,0.0158730159,0.000225425014,0.000265076407,0.000410369044,0.000241439251,90039,742.500122,839.500061,850.000305,155.169205,175.440445,1,0,1,0,0,1
39,"ShrubSorrel_02_Translucent",0,1,1,284,1,0,0.000424649857,0.000349014532,0.000393294846,89611,743.500122,839.500122,850.000305,0,0,1,0,1,0,0,0
39,"ShrubSorrel_02_Translucent",1,0.5,1,142,0.5,9.35480875e-06,0.000424649857,0.000349014532,0.000393294846,89611,743.500122,839.500122,850.000305,6.44796753,7.28052282,1,0,1,1,0,0
39,"ShrubSorrel_02_Translucent",2,0.25,1,71,0.25,2.8228169e-05,0.000424649857,0.000349014532,0.000393294846,89611,743.500122,839.500122,850.000305,19.4567642,21.9690018,1,0,1,1,0,0
39,"ShrubSorrel_02_Translucent",3,0.119999997,1,34,0.11971831,6.18442427e-05,0.000424649857,0.000349014532,0.000393294846,89611,743.500122,839.500122,850.000305,42.6272354,48.1312218,1,0,1,1,0,0
39,"ShrubSorrel_02_Translucent",4,0.0599999987,1,17,0.0598591549,0.000103279308,0.000424649857,0.000349014532,0.000393294846,89611,743.500122,839.500122,850.000305,71.187088,80.3786926,1,0,1,1,0,0
39,"ShrubSorrel_02_Translucent",5,0.0299999993,1,8,0.0281690141,0.000146853694,0.000424649857,0.000349014532,0.000393294846,89611,743.500122,839.500122,850.000305,101.221519,114.291138,1,0,1,1,0,0
39,"ShrubSorrel_02_Translucent",6,0.00999999978,1,2,0.00704225352,0.000210072641,0.000424649857,0.000349014532,0.000393294846,89611,743.500122,839.500122,850.000305,144.796295,163.492249,1,0,1,1,0,0
40,"ShrubSorrel_04_Translucent",0,1,1,71,1,0,0.000208203171,0.000370006368,0.000176364396,89977,744,839.000244,850.000244,0,0,1,0,1,0,0,0
40,"ShrubSorrel_04_Translucent",1,0.5,1,35,0.492957746,1.410407e-05,0.000208203171,0.000370006368,0.000176364396,89977,744,839.000244,850.000244,9.7280159,10.9701719,1,0,1,1,0,0
40,"ShrubSorrel_04_Translucent",2,0.25,1,17,0.23943662,3.59468504e-05,0.000208203171,0.000370006368,0.000176364396,89977,744,839.000244,850.000244,24.7936592,27.9595242,1,0,1,1,0,0
40,"ShrubSorrel_04_Translucent",3,0.119999997,1,8,0.112676056,7.90885824e-05,0.000208203171,0.000370006368,0.000176364396,89977,744,839.000244,850.000244,54.5498543,61.5152435,1,0,1,1,0,0
40,"ShrubSorrel_04_Translucent",4,0.0599999987,1,4,0.0563380282,0.000125819628,0.000208203171,0.000370006368,0.000176364396,89977,744,839.000244,850.000244,86.7817154,97.8627396,1,0,1,1,0,0
40,"ShrubSorrel_04_Translucent",5,0.0299999993,1,2,0.0281690141,0.000179800598,0.000208203171,0.000370006368,0.000176364396,89977,744,839.000244,850.000244,124.014069,139.849243,1,0,1,1,0,0
40,"ShrubSorrel_04_Translucent",6,0.00999999978,1,1,0.014084507,0.000191349871,0.000208203171,0.000370006368,0.000176364396,89977,744,839.000244,850.000244,131.979965,148.832291,1,0,1,1,0,0
41,"Nettle_03_Translucent",0,1,1,3592,1,0,0.000641925843,0.000625660294,0.000434579561,62,1468,1500.00012,1500.00012,0,0,1,0,1,0,0,0
41,"Nettle_03_Translucent",1,0.5,1,1796,0.5,1.01521857e-06,0.000641925843,0.000625660294,0.000434579561,62,1468,1500.00012,1500.00012,1.38163233,1.41174972,1,0,1,1,0,0
41,"Nettle_03_Translucent",2,0.25,1,897,0.249721604,3.48030926e-06,0.000641925843,0.000625660294,0.000434579561,62,1468,1500.00012,1500.00012,4.73642635,4.83967304,1,0,1,1,0,0
41,"Nettle_03_Translucent",3,0.119999997,1,431,0.119988864,9.17589387e-06,0.000641925843,0.000625660294,0.000434579561,62,1468,1500.00012,1500.00012,12.4876671,12.7598782,1,0,1,1,0,0
41,"Nettle_03_Translucent",4,0.0599999987,1,215,0.0598552339,2.11569477e-05,0.000641925843,0.000625660294,0.000434579561,62,1468,1500.00012,1500.00012,28.7929363,29.420578,1,0,1,1,0,0
41,"Nettle_03_Translucent",5,0.0299999993,1,107,0.0297884187,4.7224421e-05,0.000641925843,0.000625660294,0.000434579561,62,1468,1500.00012,1500.00012,64.2687073,65.6696701,1,0,1,1,0,0
41,"Nettle_03_Translucent",6,0.00999999978,1,34,0.00946547884,0.000112921982,0.000641925843,0.000625660294,0.000434579561,62,1468,1500.00012,1500.00012,153.677902,157.027832,1,0,1,1,0,0
42,"Nettle_02_Translucent",0,1,1,5664,1,0,0.000654827862,0.00104575069,0.000661648344,46,1411,1500.00012,1500.00012,0,0,1,0,1,0,0,0
42,"Nettle_02_Translucent",1,0.5,1,2831,0.499823446,9.20503282e-07,0.000654827862,0.00104575069,0.000661648344,46,1411,1500.00012,1500.00012,1.20409083,1.28004003,1,0,1,1,0,0
42,"Nettle_02_Translucent",2,0.25,1,1416,0.25,3.21881612e-06,0.000654827862,0.00104575069,0.000661648344,46,1411,1500.00012,1500.00012,4.21046543,4.47604418,1,0,1,1,0,0
42,"Nettle_02_Translucent",3,0.119999997,1,679,0.119879944,9.07988488e-06,0.000654827862,0.00104575069,0.000661648344,46,1411,1500.00012,1500.00012,11.8772049,12.6263704,1,0,1,1,0,0
42,"Nettle_02_Translucent",4,0.0599999987,1,339,0.0598516949,2.19601316e-05,0.000654827862,0.00104575069,0.000661648344,46,1411,1500.00012,1500.00012,28.7255821,30.5374737,1,0,1,1,0,0
42,"Nettle_02_Translucent",5,0.0299999993,1,169,0.0298375706,5.22202099e-05,0.000654827862,0.00104575069,0.000661648344,46,1411,1500.00012,1500.00012,68.3081512,72.616745,1,0,1,1,0,0
42,"Nettle_02_Translucent",6,0.00999999978,1,56,0.00988700565,0.000124393744,0.000654827862,0.00104575069,0.000661648344,46,1411,1500.00012,1500.00012,162.716827,172.980331,1,0,1,1,0,0
43,"Nettle_06_Translucent",0,1,1,8080,1,0,0.000823234208,0.00192728196,0.000946834218,53,1445.00012,1500.00012,1500.00012,0,0,1,0,1,0,0,0
43,"Nettle_06_Translucent",1,0.5,1,4039,0.499876238,1.24407984e-06,0.000823234208,0.00192728196,0.000946834218,53,1445.00012,1500.00012,1500.00012,1.6665678,1.73000121,1,0,1,1,0,0
43,"Nettle_06_Translucent",2,0.25,1,2019,0.249876238,4.14438864e-06,0.000823234208,0.00192728196,0.000946834218,53,1445.00012,1500.00012,1500.00012,5.55181837,5.76313305,1,0,1,1,0,0
43,"Nettle_06_Translucent",3,0.119999997,1,969,0.119925743,1.15035655e-05,0.000823234208,0.00192728196,0.000946834218,53,1445.00012,1500.00012,1500.00012,15.4101639,15.9967098,1,0,1,1,0,0
43,"Nettle_06_Translucent",4,0.0599999987,1,484,0.0599009901,2.85306833e-05,0.000823234208,0.00192728196,0.000946834218,53,1445.00012,1500.00012,1500.00012,38.2196693,39.6743965,1,0,1,1,0,0
43,"Nettle_06_Translucent",5,0.0299999993,1,240,0.0297029703,6.66791821e-05,0.000823234208,0.00192728196,0.000946834218,53,1445.00012,1500.00012,1500.00012,89.3233643,92.7232132,1,0,1,1,0,0
43,"Nettle_06_Translucent",6,0.00999999978,1,80,0.0099009901,0.000166194252,0.000823234208,0.00192728196,0.000946834218,53,1445.00012,1500.00012,1500.00012,222.633636,231.107574,1,0,1,1,0,0
44,"Nettle_01_Translucent",0,1,1,5896,1,0,0.000772866013,0.0013149078,0.000890632975,48,1464,1500.00012,1500.00012,0,0,1,0,1,0,0,0
44,"Nettle_01_Translucent",1,0.5,1,2948,0.5,1.13359295e-06,0.000772866013,0.0013149078,0.000890632975,48,1464,1500.00012,1500.00012,1.53852689,1.57635963,1,0,1,1,0,0
44,"Nettle_01_Translucent",2,0.25,1,1473,0.249830393,3.92263109e-06,0.000772866013,0.0013149078,0.000890632975,48,1464,1500.00012,1500.00012,5.32384539,5.45476007,1,0,1,1,0,0
44,"Nettle_01_Translucent",3,0.119999997,1,707,0.119911805,1.08273998e-05,0.000772866013,0.0013149078,0.000890632975,48,1464,1500.00012,1500.00012,14.6950865,15.0564423,1,0,1,1,0,0
44,"Nettle_01_Translucent",4,0.0599999987,1,353,0.0598710991,2.69762259e-05,0.000772866013,0.0013149078,0.000890632975,48,1464,1500.00012,1500.00012,36.6124802,37.5127907,1,0,1,1,0,0
44,"Nettle_01_Translucent",5,0.0299999993,1,176,0.0298507463,6.31684597e-05,0.000772866013,0.0013149078,0.000890632975,48,1464,1500.00012,1500.00012,85.7330399,87.8412323,1,0,1,1,0,0
44,"Nettle_01_Translucent",6,0.00999999978,1,58,0.00983717775,0.000152465567,0.000772866013,0.0013149078,0.000890632975,48,1464,1500.00012,1500.00012,206.928223,212.016632,1,0,1,1,0,0
45,"Nettle_04_Translucent",0,1,1,1088,1,0,0.000597257691,0.000217218578,0.000385090709,66,1480.99988,1500.00012,1500.00012,0,0,1,0,1,0,0,0
45,"Nettle_04_Translucent",1,0.5,1,544,0.5,8.66634537e-07,0.000597257691,0.000217218578,0.000385090709,66,1480.99988,1500.00012,1500.00012,1.18986559,1.2051307,1,0,1,1,0,0
45,"Nettle_04_Translucent",2,0.25,1,272,0.25,2.85359215e-06,0.000597257691,0.000217218578,0.000385090709,66,1480.99988,1500.00012,1500.00012,3.91790414,3.96816826,1,0,1,1,0,0
45,"Nettle_04_Translucent",3,0.119999997,1,130,0.119485294,7.86552846e-06,0.000597257691,0.000217218578,0.000385090709,66,1480.99988,1500.00012,1500.00012,10.7991571,10.9377031,1,0,1,1,0,0
45,"Nettle_04_Translucent",4,0.0599999987,1,64,0.0588235294,2.07807534e-05,0.000597257691,0.000217218578,0.000385090709,66,1480.99988,1500.00012,1500.00012,28.5314064,28.8974457,1,0,1,1,0,0
45,"Nettle_04_Translucent",5,0.0299999993,1,32,0.0294117647,4.98716108e-05,0.000597257691,0.000217218578,0.000385090709,66,1480.99988,1500.00012,1500.00012,68.4723587,69.3508148,1,0,1,1,0,0
45,"Nettle_04_Translucent",6,0.00999999978,1,10,0.00919117647,0.000127992796,0.000597257691,0.000217218578,0.000385090709,66,1480.99988,1500.00012,1500.00012,175.730621,177.985123,1,0,1,1,0,0
46,"Nettle_05_Translucent",0,1,1,6984,1,0,0.00103591254,0.00216774922,0.000900575076,55,1448.00012,1500.00012,1500.00024,0,0,1,0,1,0,0,0
46,"Nettle_05_Translucent",1,0.5,1,3491,0.499856816,1.47065032e-06,0.00103591254,0.00216774922,0.000900575076,55,1448.00012,1500.00012,1500.00024,1.97417176,2.04506731,1,0,1,1,0,0
46,"Nettle_05_Translucent",2,0.25,1,1745,0.249856816,5.12506676e-06,0.00103591254,0.00216774922,0.000900575076,55,1448.00012,1500.00012,1500.00024,6.87978697,7.12685156,1,0,1,1,0,0
46,"Nettle_05_Translucent",3,0.119999997,1,838,0.119988545,1.47650808e-05,0.00103591254,0.00216774922,0.000900575076,55,1448.00012,1500.00012,1500.00024,19.8203487,20.5321293,1,0,1,1,0,0
46,"Nettle_05_Translucent",4,0.0599999987,1,419,0.0599942726,3.54291078e-05,0.00103591254,0.00216774922,0.000900575076,55,1448.00012,1500.00012,1500.00024,47.55933,49.2672615,1,0,1,1,0,0
46,"Nettle_05_Translucent",5,0.0299999993,1,209,0.0299255441,8.15531312e-05,0.00103591254,0.00216774922,0.000900575076,55,1448.00012,1500.00012,1500.00024,109.475304,113.406731,1,0,1,1,0,0
46,"Nettle_05_Translucent",6,0.00999999978,1,68,0.00973654066,0.000197456553,0.00103591254,0.00216774922,0.000900575076,55,1448.00012,1500.00012,1500.00024,265.061737,274.580536,1,0,1,1,0,0
47,"Anthurium_05_Translucent",0,1,1,7664,1,0,0.00320528774,0.00156489364,0.0030240207,21,400.000092,400.000122,400.000122,0,0,1,0,1,0,0,0
47,"Anthurium_05_Translucent",1,0.5,1,3832,0.5,1.10583778e-06,0.00320528774,0.00156489364,0.0030240207,21,400.000092,400.000122,400.000122,0.41007036,0.41007039,1,0,1,1,0,0
47,"Anthurium_05_Translucent",2,0.25,1,1916,0.25,3.8665703e-06,0.00320528774,0.00156489364,0.0030240207,21,400.000092,400.000122,400.000122,1.43381429,1.43381441,1,0,1,1,0,0
47,"Anthurium_05_Translucent",3,0.119999997,1,918,0.119780793,1.04843339e-05,0.00320528774,0.00156489364,0.0030240207,21,400.000092,400.000122,400.000122,3.88783503,3.88783526,1,0,1,1,0,0
47,"Anthurium_05_Translucent",4,0.0599999987,1,459,0.0598903967,2.54571241e-05,0.00320528774,0.00156489364,0.0030240207,21,400.000092,400.000122,400.000122,9.44009304,9.44009399,1,0,1,1,0,0
47,"Anthurium_05_Translucent",5,0.0299999993,1,229,0.0298799582,6.19147031e-05,0.00320528774,0.00156489364,0.0030240207,21,400.000092,400.000122,400.000122,22.9594135,22.9594154,1,0,1,1,0,0
47,"Anthurium_05_Translucent",6,0.00999999978,1,75,0.00978601253,0.000178402581,0.00320528774,0.00156489364,0.0030240207,21,400.000092,400.000122,400.000122,66.1558304,66.155838,1,0,1,1,0,0
48,"Anthurium_02_Translucent",0,1,1,15544,1,0,0.00750407111,0.00470375502,0.00578955002,21,400,400.000061,400.000092,0,0,1,0,1,0,0,0
48,"Anthurium_02_Translucent",1,0.5,1,7772,0.5,2.58326713e-06,0.00750407111,0.00470375502,0.00578955002,21,400,400.000061,400.000092,0.957935333,0.957935452,1,0,1,1,0,0
48,"Anthurium_02_Translucent",2,0.25,1,3886,0.25,8.37634889e-06,0.00750407111,0.00470375502,0.00578955002,21,400,400.000061,400.000092,3.10614443,3.10614491,1,0,1,1,0,0
48,"Anthurium_02_Translucent",3,0.119999997,1,1865,0.119981987,2.20802103e-05,0.00750407111,0.00470375502,0.00578955002,21,400,400.000061,400.000092,8.18785381,8.18785477,1,0,1,1,0,0
48,"Anthurium_02_Translucent",4,0.0599999987,1,931,0.0598944931,5.40022338e-05,0.00750407111,0.00470375502,0.00578955002,21,400,400.000061,400.000092,20.02528,20.0252838,1,0,1,1,0,0
48,"Anthurium_02_Translucent",5,0.0299999993,1,466,0.0299794133,0.000122366167,0.00750407111,0.00470375502,0.00578955002,21,400,400.000061,400.000092,45.3762131,45.3762169,1,0,1,1,0,0
48,"Anthurium_02_Translucent",6,0.00999999978,1,155,0.00997169326,0.000341024308,0.00750407111,0.00470375502,0.00578955002,21,400,400.000061,400.000092,126.459717,126.45974,1,0,1,1,0,0
49,"Anthurium_04_Translucent",0,1,1,10360,1,0,0.00480601471,0.00297488063,0.00346418051,24,400.000031,400.000092,400.000122,0,0,1,0,1,0,0,0
49,"Anthurium_04_Translucent",1,0.5,1,5179,0.499903475,1.49421101e-06,0.00480601471,0.00297488063,0.00346418051,24,400.000031,400.000092,400.000122,0.554088116,0.554088235,1,0,1,1,0,0
49,"Anthurium_04_Translucent",2,0.25,1,2590,0.25,4.91191258e-06,0.00480601471,0.00297488063,0.00346418051,24,400.000031,400.000092,400.000122,1.82145107,1.82145131,1,0,1,1,0,0
49,"Anthurium_04_Translucent",3,0.119999997,1,1242,0.11988417,1.30364197e-05,0.00480601471,0.00297488063,0.00346418051,24,400.000031,400.000092,400.000122,4.83420706,4.83420801,1,0,1,1,0,0
49,"Anthurium_04_Translucent",4,0.0599999987,1,620,0.0598455598,3.15325415e-05,0.00480601471,0.00297488063,0.00346418051,24,400.000031,400.000092,400.000122,11.6929989,11.6930008,1,0,1,1,0,0
49,"Anthurium_04_Translucent",5,0.0299999993,1,309,0.0298262548,7.08698062e-05,0.00480601471,0.00297488063,0.00346418051,24,400.000031,400.000092,400.000122,26.2801704,26.2801743,1,0,1,1,0,0
49,"Anthurium_04_Translucent",6,0.00999999978,1,102,0.00984555985,0.000208165133,0.00480601471,0.00297488063,0.00346418051,24,400.000031,400.000092,400.000122,77.1924591,77.1924744,1,0,1,1,0,0
50,"Anthurium_03_Translucent",0,1,1,9072,1,0,0.00600318331,0.00347613846,0.00663283188,28,400.000031,400.000031,400.000122,0,0,1,0,1,0,0,0
50,"Anthurium_03_Translucent",1,0.5,1,4536,0.5,2.14203874e-06,0.00600318331,0.00347613846,0.00663283188,28,400.000031,400.000031,400.000122,0.794317663,0.794317663,1,0,1,1,0,0
50,"Anthurium_03_Translucent",2,0.25,1,2267,0.249889771,7.13262352e-06,0.00600318331,0.00347613846,0.00663283188,28,400.000031,400.000031,400.000122,2.64494252,2.64494252,1,0,1,1,0,0
50,"Anthurium_03_Translucent",3,0.119999997,1,1087,0.119819224,1.88090689e-05,0.00600318331,0.00347613846,0.00663283188,28,400.000031,400.000031,400.000122,6.97483921,6.97483921,1,0,1,1,0,0
50,"Anthurium_03_Translucent",4,0.0599999987,1,543,0.0598544974,4.46671183e-05,0.00600318331,0.00347613846,0.00663283188,28,400.000031,400.000031,400.000122,16.5636044,16.5636044,1,0,1,1,0,0
50,"Anthurium_03_Translucent",5,0.0299999993,1,271,0.029872134,0.000103437924,0.00600318331,0.00347613846,0.00663283188,28,400.000031,400.000031,400.000122,38.3571815,38.3571815,1,0,1,1,0,0
50,"Anthurium_03_Translucent",6,0.00999999978,1,89,0.00981040564,0.0003248672,0.00600318331,0.00347613846,0.00663283188,28,400.000031,400.000031,400.000122,120.468292,120.468292,1,0,1,1,0,0
51,"Anthurium_06_Translucent",0,1,1,8704,1,0,0.00316950912,0.00135722803,0.00285525899,26,400,400.000031,400.000092,0,0,1,0,1,0,0,0
51,"Anthurium_06_Translucent",1,0.5,1,4351,0.49988511,1.12764462e-06,0.00316950912,0.00135722803,0.00285525899,26,400,400.000031,400.000092,0.418156743,0.418156803,1,0,1,1,0,0
51,"Anthurium_06_Translucent",2,0.25,1,2176,0.25,3.80527945e-06,0.00316950912,0.00135722803,0.00285525899,26,400,400.000031,400.000092,1.41108584,1.41108596,1,0,1,1,0,0
51,"Anthurium_06_Translucent",3,0.119999997,1,1044,0.119944853,1.05314712e-05,0.00316950912,0.00135722803,0.00285525899,26,400,400.000031,400.000092,3.90531349,3.90531373,1,0,1,1,0,0
51,"Anthurium_06_Translucent",4,0.0599999987,1,521,0.0598575368,2.70776582e-05,0.00316950912,0.00135722803,0.00285525899,26,400,400.000031,400.000092,10.0410242,10.0410242,1,0,1,1,0,0
51,"Anthurium_06_Translucent",5,0.0299999993,1,261,0.0299862132,6.14291348e-05,0.00316950912,0.00135722803,0.00285525899,26,400,400.000031,400.000092,22.7793465,22.7793465,1,0,1,1,0,0
51,"Anthurium_06_Translucent",6,0.00999999978,1,86,0.00988051471,0.000183745055,0.00316950912,0.00135722803,0.00285525899,26,400,400.000031,400.000092,68.1369247,68.1369324,1,0,1,1,0,0
52,"Anthurium_01_Translucent",0,1,1,15808,1,0,0.00891560689,0.00485544559,0.0113102049,18,400.000031,400.000031,400.000031,0,0,1,0,1,0,0,0
52,"Anthurium_01_Translucent",1,0.5,1,7904,0.5,2.82245378e-06,0.00891560689,0.00485544559,0.0113102049,18,400.000031,400.000031,400.000031,1.04663134,1.04663134,1,0,1,1,0,0
52,"Anthurium_01_Translucent",2,0.25,1,3951,0.249936741,9.38297126e-06,0.00891560689,0.00485544559,0.0113102049,18,400.000031,400.000031,400.000031,3.47942352,3.47942352,1,0,1,1,0,0
52,"Anthurium_01_Translucent",3,0.119999997,1,1896,0.119939271,2.37581444e-05,0.00891560689,0.00485544559,0.0113102049,18,400.000031,400.000031,400.000031,8.81007195,8.81007195,1,0,1,1,0,0
52,"Anthurium_01_Translucent",4,0.0599999987,1,947,0.0599063765,5.77241117e-05,0.00891560689,0.00485544559,0.0113102049,18,400.000031,400.000031,400.000031,21.4054394,21.4054394,1,0,1,1,0,0
52,"Anthurium_01_Translucent",5,0.0299999993,1,474,0.0299848178,0.0001283319,0.00891560689,0.00485544559,0.0113102049,18,400.000031,400.000031,400.000031,47.5884476,47.5884476,1,0,1,1,0,0
52,"Anthurium_01_Translucent",6,0.00999999978,1,158,0.00999493927,0.000368166104,0.00891560689,0.00485544559,0.0113102049,18,400.000031,400.000031,400.000031,136.524551,136.524551,1,0,1,1,0,0
53,"M_4x4_03",0,1,1,83232,1,0,0.00499999896,0.00130611123,0.00500000315,1,50000,50000,50000,0,0,0,0,1,0,0,0
53,"M_4x4_03",1,0.5,1,41616,0.5,1.83078396e-06,0.00499999896,0.00130611123,0.00500000315,1,50000,50000,50000,84.8621445,84.8621445,0,0,1,1,0,0
53,"M_4x4_03",2,0.25,1,20808,0.25,5.68860742e-06,0.00499999896,0.00130611123,0.00500000315,1,50000,50000,50000,263.683441,263.683441,0,0,1,1,0,0
53,"M_4x4_03",3,0.119999997,1,9986,0.119977893,1.34060501e-05,0.00499999896,0.00130611123,0.00500000315,1,50000,50000,50000,621.409302,621.409302,0,0,1,1,0,0
53,"M_4x4_03",4,0.0599999987,1,4992,0.0599769319,2.80473214e-05,0.00499999896,0.00130611123,0.00500000315,1,50000,50000,50000,1300.07471,1300.07471,0,0,1,1,0,0
53,"M_4x4_03",5,0.0299999993,1,2496,0.029988466,5.8115409e-05,0.00499999896,0.00130611123,0.00500000315,1,50000,50000,50000,2693.81787,2693.81787,0,0,1,1,0,0
53,"M_4x4_03",6,0.00999999978,1,832,0.00999615532,0.00202254206,0.00499999896,0.00130611123,0.00500000315,1,50000,50000,50000,93750.6953,93750.6953,0,0,1,1,0,0
54,"M_4x4_01",0,1,1,83232,1,0,0.00500000222,0.00205641147,0.00500000222,1,50000,50000,50000,0,0,0,0,1,0,0,0
54,"M_4x4_01",1,0.5,1,41616,0.5,2.99007638e-06,0.00500000222,0.00205641147,0.00500000222,1,50000,50000,50000,138.598709,138.598709,0,0,1,1,0,0
54,"M_4x4_01",2,0.25,1,20808,0.25,1.02987633e-05,0.00500000222,0.00205641147,0.00500000222,1,50000,50000,50000,477.377502,477.377502,0,0,1,1,0,0
54,"M_4x4_01",3,0.119999997,1,9986,0.119977893,2.45150513e-05,0.00500000222,0.00205641147,0.00500000222,1,50000,50000,50000,1136.34375,1136.34375,0,0,1,1,0,0
54,"M_4x4_01",4,0.0599999987,1,4992,0.0599769319,5.21347465e-05,0.00500000222,0.00205641147,0.00500000222,1,50000,50000,50000,2416.59668,2416.59668,0,0,1,1,0,0
54,"M_4x4_01",5,0.0299999993,1,2496,0.029988466,0.000110707435,0.00500000222,0.00205641147,0.00500000222,1,50000,50000,50000,5131.61035,5131.61035,0,0,1,1,0,0
54,"M_4x4_01",6,0.00999999978,1,834,0.0100201845,0.00461965008,0.00500000222,0.00205641147,0.00500000222,1,50000,50000,50000,214134.172,214134.172,0,0,1,1,0,0
55,"M_4x4_02",0,1,1,83232,1,0,0.00500000315,0.00156936049,0.00500000222,1,50000,50000,50000,0,0,0,0,1,0,0,0
55,"M_4x4_02",1,0.5,1,41616,0.5,1.58556315e-06,0.00500000315,0.00156936049,0.00500000222,1,50000,50000,50000,73.4954453,73.4954453,0,0,1,1,0,0
55,"M_4x4_02",2,0.25,1,20808,0.25,5.24105599e-06,0.00500000315,0.00156936049,0.00500000222,1,50000,50000,50000,242.938126,242.938126,0,0,1,1,0,0
55,"M_4x4_02",3,0.119999997,1,9986,0.119977893,1.29574437e-05,0.00500000315,0.00156936049,0.00500000222,1,50000,50000,50000,600.615051,600.615051,0,0,1,1,0,0
55,"M_4x4_02",4,0.0599999987,1,4992,0.0599769319,2.75840139e-05,0.00500000315,0.00156936049,0.00500000222,1,50000,50000,50000,1278.599,1278.599,0,0,1,1,0,0
55,"M_4x4_02",5,0.0299999993,1,2496,0.029988466,5.91909811e-05,0.00500000315,0.00156936049,0.00500000222,1,50000,50000,50000,2743.67358,2743.67358,0,0,1,1,0,0
55,"M_4x4_02",6,0.00999999978,1,832,0.00999615532,0.00226357137,0.00500000315,0.00156936049,0.00500000222,1,50000,50000,50000,104923.094,104923.094,0,0,1,1,0,0
56,"M_4x4_04",0,1,1,83232,1,0,0.00500000268,0.00116282445,0.00500000035,1,50000,50000,50000,0,0,0,0,1,0,0,0
56,"M_4x4_04",1,0.5,1,41616,0.5,2.72913508e-06,0.00500000268,0.00116282445,0.00500000035,1,50000,50000,50000,126.503311,126.503311,0,0,1,1,0,0
56,"M_4x4_04",2,0.25,1,20808,0.25,8.45464547e-06,0.00500000268,0.00116282445,0.00500000035,1,50000,50000,50000,391.897339,391.897339,0,0,1,1,0,0
56,"M_4x4_04",3,0.119999997,1,9986,0.119977893,1.97622012e-05,0.00500000268,0.00116282445,0.00500000035,1,50000,50000,50000,916.035278,916.035278,0,0,1,1,0,0
56,"M_4x4_04",4,0.0599999987,1,4992,0.0599769319,4.15975192e-05,0.00500000268,0.00116282445,0.00500000035,1,50000,50000,50000,1928.16553,1928.16553,0,0,1,1,0,0
56,"M_4x4_04",5,0.0299999993,1,2496,0.029988466,8.71663287e-05,0.00500000268,0.00116282445,0.00500000035,1,50000,50000,50000,4040.41187,4040.41187,0,0,1,1,0,0
56,"M_4x4_04",6,0.00999999978,1,832,0.00999615532,0.00333030405,0.00500000268,0.00116282445,0.00500000035,1,50000,50000,50000,154369.25,154369.25,0,0,1,1,0,0
57,"M_3x4_03",0,1,1,83232,1,0,0.00499999896,0.0017294914,0.00500000035,1,50000,50000,50000,0,0,0,0,1,0,0,0
57,"M_3x4_03",1,0.5,1,41616,0.5,2.47157027e-06,0.00499999896,0.0017294914,0.00500000035,1,50000,50000,50000,114.564445,114.564445,0,0,1,1,0,0
57,"M_3x4_03",2,0.25,1,20808,0.25,7.50457912e-06,0.00499999896,0.0017294914,0.00500000035,1,50000,50000,50000,347.858978,347.858978,0,0,1,1,0,0
57,"M_3x4_03",3,0.119999997,1,9986,0.119977893,1.72581604e-05,0.00499999896,0.0017294914,0.00500000035,1,50000,50000,50000,799.965759,799.965759,0,0,1,1,0,0
57,"M_3x4_03",4,0.0599999987,1,4992,0.0599769319,3.55114971e-05,0.00499999896,0.0017294914,0.00500000035,1,50000,50000,50000,1646.06091,1646.06091,0,0,1,1,0,0
57,"M_3x4_03",5,0.0299999993,1,2496,0.029988466,7.57718153e-05,0.00499999896,0.0017294914,0.00500000035,1,50000,50000,50000,3512.24316,3512.24316,0,0,1,1,0,0
57,"M_3x4_03",6,0.00999999978,1,832,0.00999615532,0.00382123934,0.00499999896,0.0017294914,0.00500000035,1,50000,50000,50000,177125.531,177125.531,0,0,1,1,0,0
58,"M_3x4_01",0,1,1,83232,1,0,0.00500000082,0.00269172736,0.00500000222,1,50000,50000,50000,0,0,0,0,1,0,0,0
58,"M_3x4_01",1,0.5,1,41616,0.5,4.22854828e-06,0.00500000082,0.00269172736,0.00500000222,1,50000,50000,50000,196.005447,196.005447,0,0,1,1,0,0
58,"M_3x4_01",2,0.25,1,20808,0.25,1.30303097e-05,0.00500000082,0.00269172736,0.00500000222,1,50000,50000,50000,603.992615,603.992615,0,0,1,1,0,0
58,"M_3x4_01",3,0.119999997,1,9986,0.119977893,3.06315524e-05,0.00500000082,0.00269172736,0.00500000222,1,50000,50000,50000,1419.86121,1419.86121,0,0,1,1,0,0
58,"M_3x4_01",4,0.0599999987,1,4992,0.0599769319,6.51291193e-05,0.00500000082,0.00269172736,0.00500000222,1,50000,50000,50000,3018.92358,3018.92358,0,0,1,1,0,0
58,"M_3x4_01",5,0.0299999993,1,2496,0.029988466,0.000140768316,0.00500000082,0.00269172736,0.00500000222,1,50000,50000,50000,6525.01953,6525.01953,0,0,1,1,0,0
58,"M_3x4_01",6,0.00999999978,1,840,0.0100922722,0.00478490116,0.00500000082,0.00269172736,0.00500000222,1,50000,50000,50000,221794.031,221794.031,0,0,1,1,0,0
59,"M_3x4_02",0,1,1,83232,1,0,0.00500000222,0.00216201087,0.00500000222,1,50000,50000,50000,0,0,0,0,1,0,0,0
59,"M_3x4_02",1,0.5,1,41616,0.5,3.54458439e-06,0.00500000222,0.00216201087,0.00500000222,1,50000,50000,50000,164.301758,164.301758,0,0,1,1,0,0
59,"M_3x4_02",2,0.25,1,20808,0.25,1.19979813e-05,0.00500000222,0.00216201087,0.00500000222,1,50000,50000,50000,556.141174,556.141174,0,0,1,1,0,0
59,"M_3x4_02",3,0.119999997,1,9986,0.119977893,2.81900884e-05,0.00500000222,0.00216201087,0.00500000222,1,50000,50000,50000,1306.69238,1306.69238,0,0,1,1,0,0
59,"M_3x4_02",4,0.0599999987,1,4992,0.0599769319,6.05027453e-05,0.00500000222,0.00216201087,0.00500000222,1,50000,50000,50000,2804.47754,2804.47754,0,0,1,1,0,0
59,"M_3x4_02",5,0.0299999993,1,2496,0.029988466,0.000132986548,0.00500000222,0.00216201087,0.00500000222,1,50000,50000,50000,6164.31201,6164.31201,0,0,1,1,0,0
59,"M_3x4_02",6,0.00999999978,1,838,0.010068243,0.00440398278,0.00500000222,0.00216201087,0.00500000222,1,50000,50000,50000,204137.375,204137.375,0,0,1,1,0,0
60,"M_3x4_04",0,1,1,83232,1,0,0.00500000222,0.00135371624,0.00500000035,1,50000,50000,50000,0,0,0,0,1,0,0,0
60,"M_3x4_04",1,0.5,1,41616,0.5,2.2836532e-06,0.00500000222,0.00135371624,0.00500000035,1,50000,50000,50000,105.853951,105.853951,0,0,1,1,0,0
60,"M_3x4_04",2,0.25,1,20808,0.25,6.85038231e-06,0.00500000222,0.00135371624,0.00500000035,1,50000,50000,50000,317.535065,317.535065,0,0,1,1,0,0
60,"M_3x4_04",3,0.119999997,1,9986,0.119977893,1.59803458e-05,0.00500000222,0.00135371624,0.00500000035,1,50000,50000,50000,740.735352,740.735352,0,0,1,1,0,0
60,"M_3x4_04",4,0.0599999987,1,4992,0.0599769319,3.28896094e-05,0.00500000222,0.00135371624,0.00500000035,1,50000,50000,50000,1524.52881,1524.52881,0,0,1,1,0,0
60,"M_3x4_04",5,0.0299999993,1,2496,0.029988466,6.65944535e-05,0.00500000222,0.00135371624,0.00500000035,1,50000,50000,50000,3086.84595,3086.84595,0,0,1,1,0,0
60,"M_3x4_04",6,0.00999999978,1,832,0.00999615532,0.00279791513,0.00500000222,0.00135371624,0.00500000035,1,50000,50000,50000,129691.484,129691.484,0,0,1,1,0,0
61,"M_4x3_03",0,1,1,83232,1,0,0.00499999896,0.00193326827,0.00500000175,1,50000,50000,50000,0,0,0,0,1,0,0,0
61,"M_4x3_03",1,0.5,1,41616,0.5,1.64340565e-06,0.00499999896,0.00193326827,0.00500000175,1,50000,50000,50000,76.1766129,76.1766129,0,0,1,1,0,0
61,"M_4x3_03",2,0.25,1,20808,0.25,5.69081112e-06,0.00499999896,0.00193326827,0.00500000175,1,50000,50000,50000,263.785583,263.785583,0,0,1,1,0,0
61,"M_4x3_03",3,0.119999997,1,9986,0.119977893,1.39671192e-05,0.00499999896,0.00193326827,0.00500000175,1,50000,50000,50000,647.416443,647.416443,0,0,1,1,0,0
61,"M_4x3_03",4,0.0599999987,1,4992,0.0599769319,2.9394103e-05,0.00499999896,0.00193326827,0.00500000175,1,50000,50000,50000,1362.50183,1362.50183,0,0,1,1,0,0
61,"M_4x3_03",5,0.0299999993,1,2496,0.029988466,6.44558386e-05,0.00499999896,0.00193326827,0.00500000175,1,50000,50000,50000,2987.71484,2987.71484,0,0,1,1,0,0
61,"M_4x3_03",6,0.00999999978,1,832,0.00999615532,0.00393839879,0.00499999896,0.00193326827,0.00500000175,1,50000,50000,50000,182556.188,182556.188,0,0,1,1,0,0
62,"M_4x3_01",0,1,1,83232,1,0,0.00499999896,0.000957589597,0.00500000315,1,50000,50000,50000,0,0,0,0,1,0,0,0
62,"M_4x3_01",1,0.5,1,41616,0.5,1.77913637e-06,0.00499999896,0.000957589597,0.00500000315,1,50000,50000,50000,82.4681244,82.4681244,0,0,1,1,0,0
62,"M_4x3_01",2,0.25,1,20808,0.25,5.63920366e-06,0.00499999896,0.000957589597,0.00500000315,1,50000,50000,50000,261.393433,261.393433,0,0,1,1,0,0
62,"M_4x3_01",3,0.119999997,1,9986,0.119977893,1.33557642e-05,0.00499999896,0.000957589597,0.00500000315,1,50000,50000,50000,619.078308,619.078308,0,0,1,1,0,0
62,"M_4x3_01",4,0.0599999987,1,4992,0.0599769319,2.81874891e-05,0.00499999896,0.000957589597,0.00500000315,1,50000,50000,50000,1306.57178,1306.57178,0,0,1,1,0,0
62,"M_4x3_01",5,0.0299999993,1,2496,0.029988466,5.96824029e-05,0.00499999896,0.000957589597,0.00500000315,1,50000,50000,50000,2766.45239,2766.45239,0,0,1,1,0,0
62,"M_4x3_01",6,0.00999999978,1,832,0.00999615532,0.00182439224,0.00499999896,0.000957589597,0.00500000315,1,50000,50000,50000,84565.8672,84565.8672,0,0,1,1,0,0
63,"M_4x3_02",0,1,1,83232,1,0,0.00500000175,0.00100360811,0.00500000035,1,50000,50000,50000,0,0,0,0,1,0,0,0
63,"M_4x3_02",1,0.5,1,41616,0.5,2.10824373e-06,0.00500000175,0.00100360811,0.00500000035,1,50000,50000,50000,97.7231979,97.7231979,0,0,1,1,0,0
63,"M_4x3_02",2,0.25,1,20808,0.25,6.58952467e-06,0.00500000175,0.00100360811,0.00500000035,1,50000,50000,50000,305.443573,305.443573,0,0,1,1,0,0
63,"M_4x3_02",3,0.119999997,1,9986,0.119977893,1.55586549e-05,0.00500000175,0.00100360811,0.00500000035,1,50000,50000,50000,721.188721,721.188721,0,0,1,1,0,0
63,"M_4x3_02",4,0.0599999987,1,4992,0.0599769319,3.24707653e-05,0.00500000175,0.00100360811,0.00500000035,1,50000,50000,50000,1505.11401,1505.11401,0,0,1,1,0,0
63,"M_4x3_02",5,0.0299999993,1,2496,0.029988466,6.94878836e-05,0.00500000175,0.00100360811,0.00500000035,1,50000,50000,50000,3220.96509,3220.96509,0,0,1,1,0,0
63,"M_4x3_02",6,0.00999999978,1,832,0.00999615532,0.00276947627,0.00500000175,0.00100360811,0.00500000035,1,50000,50000,50000,128373.25,128373.25,0,0,1,1,0,0
64,"M_3x3_04",0,1,1,83232,1,0,0.00500000222,0.00148053654,0.00499999896,1,50000,50000,50000,0,0,0,0,1,0,0,0
64,"M_3x3_04",1,0.5,1,41616,0.5,1.72613056e-06,0.00500000222,0.00148053654,0.00499999896,1,50000,50000,50000,80.0111542,80.0111542,0,0,1,1,0,0
64,"M_3x3_04",2,0.25,1,20808,0.25,5.28226428e-06,0.00500000222,0.00148053654,0.00499999896,1,50000,50000,50000,244.848267,244.848267,0,0,1,1,0,0
64,"M_3x3_04",3,0.119999997,1,9986,0.119977893,1.23932487e-05,0.00500000222,0.00148053654,0.00499999896,1,50000,50000,50000,574.463013,574.463013,0,0,1,1,0,0
64,"M_3x3_04",4,0.0599999987,1,4992,0.0599769319,2.59849658e-05,0.00500000222,0.00148053654,0.00499999896,1,50000,50000,50000,1204.47852,1204.47852,0,0,1,1,0,0
64,"M_3x3_04",5,0.0299999993,1,2496,0.029988466,5.50852565e-05,0.00500000222,0.00148053654,0.00499999896,1,50000,50000,50000,2553.36133,2553.36133,0,0,1,1,0,0
64,"M_3x3_04",6,0.00999999978,1,832,0.00999615532,0.00223841332,0.00500000222,0.00148053654,0.00499999896,1,50000,50000,50000,103756.953,103756.953,0,0,1,1,0,0
65,"M_3x3_03",0,1,1,83232,1,0,0.00500000035,0.00215125852,0.00499999896,1,50000,50000,50000,0,0,0,0,1,0,0,0
65,"M_3x3_03",1,0.5,1,41616,0.5,2.11414613e-06,0.00500000035,0.00215125852,0.00499999896,1,50000,50000,50000,97.9968033,97.9968033,0,0,1,1,0,0
65,"M_3x3_03",2,0.25,1,20808,0.25,8.09315134e-06,0.00500000035,0.00215125852,0.00499999896,1,50000,50000,50000,375.141022,375.141022,0,0,1,1,0,0
65,"M_3x3_03",3,0.119999997,1,9986,0.119977893,2.00514914e-05,0.00500000035,0.00215125852,0.00499999896,1,50000,50000,50000,929.444763,929.444763,0,0,1,1,0,0
65,"M_3x3_03",4,0.0599999987,1,4992,0.0599769319,4.29332322e-05,0.00500000035,0.00215125852,0.00499999896,1,50000,50000,50000,1990.07971,1990.07971,0,0,1,1,0,0
65,"M_3x3_03",5,0.0299999993,1,2496,0.029988466,9.45534412e-05,0.00500000035,0.00215125852,0.00499999896,1,50000,50000,50000,4382.82617,4382.82617,0,0,1,1,0,0
65,"M_3x3_03",6,0.00999999978,1,832,0.00999615532,0.00387680321,0.00500000035,0.00215125852,0.00499999896,1,50000,50000,50000,179701.062,179701.062,0,0,1,1,0,0
66,"M_3x3_01",0,1,1,83232,1,0,0.00499999989,0.00102264341,0.00500000035,1,50000,50000,50000,0,0,0,0,1,0,0,0
66,"M_3x3_01",1,0.5,1,41616,0.5,2.02426918e-06,0.00499999989,0.00102264341,0.00500000035,1,50000,50000,50000,93.8307419,93.8307419,0,0,1,1,0,0
66,"M_3x3_01",2,0.25,1,20808,0.25,6.25261373e-06,0.00499999989,0.00102264341,0.00500000035,1,50000,50000,50000,289.826752,289.826752,0,0,1,1,0,0
66,"M_3x3_01",3,0.119999997,1,9986,0.119977893,1.46987932e-05,0.00499999989,0.00102264341,0.00500000035,1,50000,50000,50000,681.331665,681.331665,0,0,1,1,0,0
66,"M_3x3_01",4,0.0599999987,1,4992,0.0599769319,3.05081576e-05,0.00499999989,0.00102264341,0.00500000035,1,50000,50000,50000,1414.14148,1414.14148,0,0,1,1,0,0
66,"M_3x3_01",5,0.0299999993,1,2496,0.029988466,6.48517962e-05,0.00499999989,0.00102264341,0.00500000035,1,50000,50000,50000,3006.0686,3006.0686,0,0,1,1,0,0
66,"M_3x3_01",6,0.00999999978,1,832,0.00999615532,0.00238054339,0.00499999989,0.00102264341,0.00500000035,1,50000,50000,50000,110345.086,110345.086,0,0,1,1,0,0
67,"M_3x3_02",0,1,1,83232,1,0,0.00500000222,0.00145008671,0.00500000035,1,50000,50000,50000,0,0,0,0,1,0,0,0
67,"M_3x3_02",1,0.5,1,41616,0.5,2.66040934e-06,0.00500000222,0.00145008671,0.00500000035,1,50000,50000,50000,123.31768,123.31768,0,0,1,1,0,0
67,"M_3x3_02",2,0.25,1,20808,0.25,8.38541564e-06,0.00500000222,0.00145008671,0.00500000035,1,50000,50000,50000,388.688324,388.688324,0,0,1,1,0,0
67,"M_3x3_02",3,0.119999997,1,9986,0.119977893,1.98161088e-05,0.00500000222,0.00145008671,0.00500000035,1,50000,50000,50000,918.533997,918.533997,0,0,1,1,0,0
67,"M_3x3_02",4,0.0599999987,1,4992,0.0599769319,4.16411713e-05,0.00500000222,0.00145008671,0.00500000035,1,50000,50000,50000,1930.18896,1930.18896,0,0,1,1,0,0
67,"M_3x3_02",5,0.0299999993,1,2496,0.029988466,8.65717884e-05,0.00500000222,0.00145008671,0.00500000035,1,50000,50000,50000,4012.85327,4012.85327,0,0,1,1,0,0
67,"M_3x3_02",6,0.00999999978,1,832,0.00999615532,0.0032969946,0.00500000222,0.00145008671,0.00500000035,1,50000,50000,50000,152825.266,152825.266,0,0,1,1,0,0
68,"M_4x3_04",0,1,1,83232,1,0,0.00500000082,0.00211203098,0.00499999896,1,50000,50000,50000,0,0,0,0,1,0,0,0
68,"M_4x3_04",1,0.5,1,41616,0.5,4.31536137e-06,0.00500000082,0.00211203098,0.00499999896,1,50000,50000,50000,200.02951,200.02951,0,0,1,1,0,0
68,"M_4x3_04",2,0.25,1,20808,0.25,1.34495403e-05,0.00500000082,0.00211203098,0.00499999896,1,50000,50000,50000,623.425171,623.425171,0,0,1,1,0,0
68,"M_4x3_04",3,0.119999997,1,9986,0.119977893,3.17159574e-05,0.00500000082,0.00211203098,0.00499999896,1,50000,50000,50000,1470.12659,1470.12659,0,0,1,1,0,0
68,"M_4x3_04",4,0.0599999987,1,4992,0.0599769319,6.73968025e-05,0.00500000082,0.00211203098,0.00499999896,1,50000,50000,50000,3124.03711,3124.03711,0,0,1,1,0,0
68,"M_4x3_04",5,0.0299999993,1,2496,0.029988466,0.000147791317,0.00500000082,0.00211203098,0.00499999896,1,50000,50000,50000,6850.55566,6850.55566,0,0,1,1,0,0
68,"M_4x3_04",6,0.00999999978,1,840,0.0100922722,0.00486267591,0.00500000082,0.00211203098,0.00499999896,1,50000,50000,50000,225399.109,225399.109,0,0,1,1,0,0
69,"E_X2_Y5_43",0,1,1,81608,1,0,0.0200000014,0.00595489563,0.0200000014,1,50000,50000,50000,0,0,0,0,1,0,0,0
69,"E_X2_Y5_43",1,0.5,1,40804,0.5,1.03577131e-05,0.0200000014,0.00595489563,0.0200000014,1,50000,50000,50000,480.110016,480.110016,0,0,1,1,0,0
69,"E_X2_Y5_43",2,0.25,1,20402,0.25,3.1070238e-05,0.0200000014,0.00595489563,0.0200000014,1,50000,50000,50000,1440.19556,1440.19556,0,0,1,1,0,0
69,"E_X2_Y5_43",3,0.119999997,1,9792,0.119988236,7.13164773e-05,0.0200000014,0.00595489563,0.0200000014,1,50000,50000,50000,3305.72534,3305.72534,0,0,1,1,0,0
69,"E_X2_Y5_43",4,0.0599999987,1,4896,0.0599941182,0.000145677361,0.0200000014,0.00595489563,0.0200000014,1,50000,50000,50000,6752.56787,6752.56787,0,0,1,1,0,0
69,"E_X2_Y5_43",5,0.0299999993,1,2448,0.0299970591,0.00029939512,0.0200000014,0.00595489563,0.0200000014,1,50000,50000,50000,13877.8311,13877.8311,0,0,1,1,0,0
69,"E_X2_Y5_43",6,0.00999999978,1,816,0.0099990197,0.0164858121,0.0200000014,0.00595489563,0.0200000014,1,50000,50000,50000,764165.125,764165.125,0,0,1,1,0,0
70,"E_X1_Y5_42",0,1,1,81608,1,0,0.0200000014,0.00351617089,0.0200000014,1,50000,50000,50000,0,0,0,0,1,0,0,0
70,"E_X1_Y5_42",1,0.5,1,40804,0.5,7.90964714e-06,0.0200000014,0.00351617089,0.0200000014,1,50000,50000,50000,366.635071,366.635071,0,0,1,1,0,0
70,"E_X1_Y5_42",2,0.25,1,20402,0.25,2.48204924e-05,0.0200000014,0.00351617089,0.0200000014,1,50000,50000,50000,1150.50183,1150.50183,0,0,1,1,0,0
70,"E_X1_Y5_42",3,0.119999997,1,9792,0.119988236,5.77386636e-05,0.0200000014,0.00351617089,0.0200000014,1,50000,50000,50000,2676.35425,2676.35425,0,0,1,1,0,0
70,"E_X1_Y5_42",4,0.0599999987,1,4896,0.0599941182,0.000119071352,0.0200000014,0.00351617089,0.0200000014,1,50000,50000,50000,5519.30225,5519.30225,0,0,1,1,0,0
70,"E_X1_Y5_42",5,0.0299999993,1,2448,0.0299970591,0.000251132529,0.0200000014,0.00351617089,0.0200000014,1,50000,50000,50000,11640.7197,11640.7197,0,0,1,1,0,0
70,"E_X1_Y5_42",6,0.00999999978,1,816,0.0099990197,0.0162726752,0.0200000014,0.00351617089,0.0200000014,1,50000,50000,50000,754285.688,754285.688,0,0,1,1,0,0
71,"E_X0_Y5_41",0,1,1,81608,1,0,0.0200000014,0.00378010096,0.0200000014,1,50000,50000,50000,0,0,0,0,1,0,0,0
71,"E_X0_Y5_41",1,0.5,1,40804,0.5,7.72007479e-06,0.0200000014,0.00378010096,0.0200000014,1,50000,50000,50000,357.847809,357.847809,0,0,1,1,0,0
71,"E_X0_Y5_41",2,0.25,1,20402,0.25,2.49743625e-05,0.0200000014,0.00378010096,0.0200000014,1,50000,50000,50000,1157.63403,1157.63403,0,0,1,1,0,0
71,"E_X0_Y5_41",3,0.119999997,1,9792,0.119988236,5.88003168e-05,0.0200000014,0.00378010096,0.0200000014,1,50000,50000,50000,2725.56494,2725.56494,0,0,1,1,0,0
71,"E_X0_Y5_41",4,0.0599999987,1,4896,0.0599941182,0.000120508186,0.0200000014,0.00378010096,0.0200000014,1,50000,50000,50000,5585.90381,5585.90381,0,0,1,1,0,0
71,"E_X0_Y5_41",5,0.0299999993,1,2448,0.0299970591,0.000257692707,0.0200000014,0.00378010096,0.0200000014,1,50000,50000,50000,11944.8037,11944.8037,0,0,1,1,0,0
71,"E_X0_Y5_41",6,0.00999999978,1,816,0.0099990197,0.0172155611,0.0200000014,0.00378010096,0.0200000014,1,50000,50000,50000,797991.188,797991.188,0,0,1,1,0,0
72,"E_X0_Y4_33",0,1,1,81608,1,0,0.0200000014,0.00358629436,0.0200000014,1,50000,50000,50000,0,0,0,0,1,0,0,0
72,"E_X0_Y4_33",1,0.5,1,40804,0.5,9.76384217e-06,0.0200000014,0.00358629436,0.0200000014,1,50000,50000,50000,452.582367,452.582367,0,0,1,1,0,0
72,"E_X0_Y4_33",2,0.25,1,20402,0.25,3.6943311e-05,0.0200000014,0.00358629436,0.0200000014,1,50000,50000,50000,1712.42957,1712.42957,0,0,1,1,0,0
72,"E_X0_Y4_33",3,0.119999997,1,9792,0.119988236,8.95000994e-05,0.0200000014,0.00358629436,0.0200000014,1,50000,50000,50000,4148.58887,4148.58887,0,0,1,1,0,0
72,"E_X0_Y4_33",4,0.0599999987,1,4896,0.0599941182,0.000188411912,0.0200000014,0.00358629436,0.0200000014,1,50000,50000,50000,8733.4375,8733.4375,0,0,1,1,0,0
72,"E_X0_Y4_33",5,0.0299999993,1,2448,0.0299970591,0.000408399414,0.0200000014,0.00358629436,0.0200000014,1,50000,50000,50000,18930.498,18930.498,0,0,1,1,0,0
72,"E_X0_Y4_33",6,0.00999999978,1,816,0.0099990197,0.019613985,0.0200000014,0.00358629436,0.0200000014,1,50000,50000,50000,909165.125,909165.125,0,0,1,1,0,0
73,"E_X1_Y4_34",0,1,1,81608,1,0,0.0200000014,0.00298706139,0.0200000014,1,50000,50000,50000,0,0,0,0,1,0,0,0
73,"E_X1_Y4_34",1,0.5,1,40804,0.5,8.62952038e-06,0.0200000014,0.00298706139,0.0200000014,1,50000,50000,50000,400.003265,400.003265,0,0,1,1,0,0
73,"E_X1_Y4_34",2,0.25,1,20402,0.25,3.09274874e-05,0.0200000014,0.00298706139,0.0200000014,1,50000,50000,50000,1433.57874,1433.57874,0,0,1,1,0,0
73,"E_X1_Y4_34",3,0.119999997,1,9792,0.119988236,7.67264428e-05,0.0200000014,0.00298706139,0.0200000014,1,50000,50000,50000,3556.49292,3556.49292,0,0,1,1,0,0
73,"E_X1_Y4_34",4,0.0599999987,1,4896,0.0599941182,0.000161812757,0.0200000014,0.00298706139,0.0200000014,1,50000,50000,50000,7500.49072,7500.49072,0,0,1,1,0,0
73,"E_X1_Y4_34",5,0.0299999993,1,2448,0.0299970591,0.000352960255,0.0200000014,0.00298706139,0.0200000014,1,50000,50000,50000,16360.7295,16360.7295,0,0,1,1,0,0
73,"E_X1_Y4_34",6,0.00999999978,1,818,0.0100235271,0.0176307019,0.0200000014,0.00298706139,0.0200000014,1,50000,50000,50000,817234.125,817234.125,0,0,1,1,0,0
74,"E_X2_Y4_35",0,1,1,81608,1,0,0.0200000014,0.00303979078,0.0200000014,1,50000,50000,50000,0,0,0,0,1,0,0,0
74,"E_X2_Y4_35",1,0.5,1,40804,0.5,7.52361302e-06,0.0200000014,0.00303979078,0.0200000014,1,50000,50000,50000,348.741272,348.741272,0,0,1,1,0,0
74,"E_X2_Y4_35",2,0.25,1,20402,0.25,2.87564581e-05,0.0200000014,0.00303979078,0.0200000014,1,50000,50000,50000,1332.94519,1332.94519,0,0,1,1,0,0
74,"E_X2_Y4_35",3,0.119999997,1,9792,0.119988236,7.35053036e-05,0.0200000014,0.00303979078,0.0200000014,1,50000,50000,50000,3407.18408,3407.18408,0,0,1,1,0,0
74,"E_X2_Y4_35",4,0.0599999987,1,4896,0.0599941182,0.000153929912,0.0200000014,0.00303979078,0.0200000014,1,50000,50000,50000,7135.09766,7135.09766,0,0,1,1,0,0
74,"E_X2_Y4_35",5,0.0299999993,1,2448,0.0299970591,0.000341041654,0.0200000014,0.00303979078,0.0200000014,1,50000,50000,50000,15808.2695,15808.2695,0,0,1,1,0,0
74,"E_X2_Y4_35",6,0.00999999978,1,816,0.0099990197,0.018328093,0.0200000014,0.00303979078,0.0200000014,1,50000,50000,50000,849560.25,849560.25,0,0,1,1,0,0
75,"E_X5_Y4_38",0,1,1,81608,1,0,0.0200000014,0.00330875907,0.0200000014,1,50000,50000,50000,0,0,0,0,1,0,0,0
75,"E_X5_Y4_38",1,0.5,1,40804,0.5,8.96716392e-06,0.0200000014,0.00330875907,0.0200000014,1,50000,50000,50000,415.654022,415.654022,0,0,1,1,0,0
75,"E_X5_Y4_38",2,0.25,1,20402,0.25,3.08029885e-05,0.0200000014,0.00330875907,0.0200000014,1,50000,50000,50000,1427.80774,1427.80774,0,0,1,1,0,0
75,"E_X5_Y4_38",3,0.119999997,1,9792,0.119988236,7.4454998e-05,0.0200000014,0.00330875907,0.0200000014,1,50000,50000,50000,3451.20459,3451.20459,0,0,1,1,0,0
75,"E_X5_Y4_38",4,0.0599999987,1,4896,0.0599941182,0.00015489987,0.0200000014,0.00330875907,0.0200000014,1,50000,50000,50000,7180.05762,7180.05762,0,0,1,1,0,0
75,"E_X5_Y4_38",5,0.0299999993,1,2448,0.0299970591,0.000324373948,0.0200000014,0.00330875907,0.0200000014,1,50000,50000,50000,15035.6729,15035.6729,0,0,1,1,0,0
75,"E_X5_Y4_38",6,0.00999999978,1,824,0.0100970493,0.017513372,0.0200000014,0.00330875907,0.0200000014,1,50000,50000,50000,811795.5,811795.5,0,0,1,1,0,0
76,"E_X6_Y4_39",0,1,1,81608,1,0,0.0200000014,0.00378081365,0.0200000014,1,50000,50000,50000,0,0,0,0,1,0,0,0
76,"E_X6_Y4_39",1,0.5,1,40804,0.5,1.11840573e-05,0.0200000014,0.00378081365,0.0200000014,1,50000,50000,50000,518.413452,518.413452,0,0,1,1,0,0
76,"E_X6_Y4_39",2,0.25,1,20402,0.25,4.28267776e-05,0.0200000014,0.00378081365,0.0200000014,1,50000,50000,50000,1985.14514,1985.14514,0,0,1,1,0,0
76,"E_X6_Y4_39",3,0.119999997,1,9792,0.119988236,0.000102863574,0.0200000014,0.00378081365,0.0200000014,1,50000,50000,50000,4768.0249,4768.0249,0,0,1,1,0,0
76,"E_X6_Y4_39",4,0.0599999987,1,4896,0.0599941182,0.000216202301,0.0200000014,0.00378081365,0.0200000014,1,50000,50000,50000,10021.6035,10021.6035,0,0,1,1,0,0
76,"E_X6_Y4_39",5,0.0299999993,1,2448,0.0299970591,0.000474541273,0.0200000014,0.00378081365,0.0200000014,1,50000,50000,50000,21996.3633,21996.3633,0,0,1,1,0,0
76,"E_X6_Y4_39",6,0.00999999978,1,822,0.0100725419,0.0166721102,0.0200000014,0.00378081365,0.0200000014,1,50000,50000,50000,772800.625,772800.625,0,0,1,1,0,0
77,"E_X7_Y4_40",0,1,1,81608,1,0,0.0200000014,0.00339498487,0.0200000014,1,50000,50000,50000,0,0,0,0,1,0,0,0
77,"E_X7_Y4_40",1,0.5,1,40804,0.5,8.53572419e-06,0.0200000014,0.00339498487,0.0200000014,1,50000,50000,50000,395.655548,395.655548,0,0,1,1,0,0
77,"E_X7_Y4_40",2,0.25,1,20402,0.25,2.77574291e-05,0.0200000014,0.00339498487,0.0200000014,1,50000,50000,50000,1286.63721,1286.63721,0,0,1,1,0,0
77,"E_X7_Y4_40",3,0.119999997,1,9792,0.119988236,6.67754939e-05,0.0200000014,0.00339498487,0.0200000014,1,50000,50000,50000,3095.23755,3095.23755,0,0,1,1,0,0
77,"E_X7_Y4_40",4,0.0599999987,1,4896,0.0599941182,0.000135828202,0.0200000014,0.00339498487,0.0200000014,1,50000,50000,50000,6296.03125,6296.03125,0,0,1,1,0,0
77,"E_X7_Y4_40",5,0.0299999993,1,2448,0.0299970591,0.00028668961,0.0200000014,0.00339498487,0.0200000014,1,50000,50000,50000,13288.8945,13288.8945,0,0,1,1,0,0
77,"E_X7_Y4_40",6,0.00999999978,1,818,0.0100235271,0.0155637646,0.0200000014,0.00339498487,0.0200000014,1,50000,50000,50000,721425.625,721425.625,0,0,1,1,0,0
78,"E_X7_Y3_32",0,1,1,81608,1,0,0.0200000014,0.00293149031,0.0200000014,1,50000,50000,50000,0,0,0,0,1,0,0,0
78,"E_X7_Y3_32",1,0.5,1,40804,0.5,6.89793478e-06,0.0200000014,0.00293149031,0.0200000014,1,50000,50000,50000,319.739258,319.739258,0,0,1,1,0,0
78,"E_X7_Y3_32",2,0.25,1,20402,0.25,2.34469935e-05,0.0200000014,0.00293149031,0.0200000014,1,50000,50000,50000,1086.83618,1086.83618,0,0,1,1,0,0
78,"E_X7_Y3_32",3,0.119999997,1,9792,0.119988236,5.9951155e-05,0.0200000014,0.00293149031,0.0200000014,1,50000,50000,50000,2778.90967,2778.90967,0,0,1,1,0,0
78,"E_X7_Y3_32",4,0.0599999987,1,4896,0.0599941182,0.000124726241,0.0200000014,0.00293149031,0.0200000014,1,50000,50000,50000,5781.42236,5781.42236,0,0,1,1,0,0
78,"E_X7_Y3_32",5,0.0299999993,1,2448,0.0299970591,0.000265135837,0.0200000014,0.00293149031,0.0200000014,1,50000,50000,50000,12289.8145,12289.8145,0,0,1,1,0,0
78,"E_X7_Y3_32",6,0.00999999978,1,816,0.0099990197,0.0177481808,0.0200000014,0.00293149031,0.0200000014,1,50000,50000,50000,822679.625,822679.625,0,0,1,1,0,0
79,"E_X6_Y3_31",0,1,1,81608,1,0,0.0200000014,0.00253785262,0.0200000014,1,50000,50000,50000,0,0,0,0,1,0,0,0
79,"E_X6_Y3_31",1,0.5,1,40804,0.5,1.0064723e-05,0.0200000014,0.00253785262,0.0200000014,1,50000,50000,50000,466.529083,466.529083,0,0,1,1,0,0
79,"E_X6_Y3_31",2,0.25,1,20402,0.25,3.49611437e-05,0.0200000014,0.00253785262,0.0200000014,1,50000,50000,50000,1620.55029,1620.55029,0,0,1,1,0,0
79,"E_X6_Y3_31",3,0.119999997,1,9792,0.119988236,8.47295523e-05,0.0200000014,0.00253785262,0.0200000014,1,50000,50000,50000,3927.46021,3927.46021,0,0,1,1,0,0
79,"E_X6_Y3_31",4,0.0599999987,1,4896,0.0599941182,0.000178373914,0.0200000014,0.00253785262,0.0200000014,1,50000,50000,50000,8268.14746,8268.14746,0,0,1,1,0,0
79,"E_X6_Y3_31",5,0.0299999993,1,2448,0.0299970591,0.000381221646,0.0200000014,0.00253785262,0.0200000014,1,50000,50000,50000,17670.7285,17670.7285,0,0,1,1,0,0
79,"E_X6_Y3_31",6,0.00999999978,1,820,0.0100480345,0.0151495598,0.0200000014,0.00253785262,0.0200000014,1,50000,50000,50000,702226,702226,0,0,1,1,0,0
80,"E_X5_Y3_30",0,1,1,81608,1,0,0.0200000014,0.00322918477,0.0200000014,1,50000,50000,50000,0,0,0,0,1,0,0,0
80,"E_X5_Y3_30",1,0.5,1,40804,0.5,8.6307964e-06,0.0200000014,0.00322918477,0.0200000014,1,50000,50000,50000,400.062408,400.062408,0,0,1,1,0,0
80,"E_X5_Y3_30",2,0.25,1,20402,0.25,3.09711759e-05,0.0200000014,0.00322918477,0.0200000014,1,50000,50000,50000,1435.60376,1435.60376,0,0,1,1,0,0
80,"E_X5_Y3_30",3,0.119999997,1,9792,0.119988236,7.57149392e-05,0.0200000014,0.00322918477,0.0200000014,1,50000,50000,50000,3509.60669,3509.60669,0,0,1,1,0,0
80,"E_X5_Y3_30",4,0.0599999987,1,4896,0.0599941182,0.000160832657,0.0200000014,0.00322918477,0.0200000014,1,50000,50000,50000,7455.06006,7455.06006,0,0,1,1,0,0
80,"E_X5_Y3_30",5,0.0299999993,1,2448,0.0299970591,0.000340590486,0.0200000014,0.00322918477,0.0200000014,1,50000,50000,50000,15787.3555,15787.3555,0,0,1,1,0,0
80,"E_X5_Y3_30",6,0.00999999978,1,816,0.0099990197,0.0191211421,0.0200000014,0.00322918477,0.0200000014,1,50000,50000,50000,886320.375,886320.375,0,0,1,1,0,0
81,"E_X2_Y3_27",0,1,1,81608,1,0,0.0200000014,0.00557374861,0.0200000014,1,50000,50000,50000,0,0,0,0,1,0,0,0
81,"E_X2_Y3_27",1,0.5,1,40804,0.5,1.11876752e-05,0.0200000014,0.00557374861,0.0200000014,1,50000,50000,50000,518.581177,518.581177,0,0,1,1,0,0
81,"E_X2_Y3_27",2,0.25,1,20402,0.25,3.65576925e-05,0.0200000014,0.00557374861,0.0200000014,1,50000,50000,50000,1694.55505,1694.55505,0,0,1,1,0,0
81,"E_X2_Y3_27",3,0.119999997,1,9792,0.119988236,8.43750531e-05,0.0200000014,0.00557374861,0.0200000014,1,50000,50000,50000,3911.02808,3911.02808,0,0,1,1,0,0
81,"E_X2_Y3_27",4,0.0599999987,1,4896,0.0599941182,0.000175123714,0.0200000014,0.00557374861,0.0200000014,1,50000,50000,50000,8117.4917,8117.4917,0,0,1,1,0,0
81,"E_X2_Y3_27",5,0.0299999993,1,2448,0.0299970591,0.000366376014,0.0200000014,0.00557374861,0.0200000014,1,50000,50000,50000,16982.5898,16982.5898,0,0,1,1,0,0
81,"E_X2_Y3_27",6,0.00999999978,1,818,0.0100235271,0.0163381323,0.0200000014,0.00557374861,0.0200000014,1,50000,50000,50000,757319.812,757319.812,0,0,1,1,0,0
82,"E_X1_Y3_26",0,1,1,81608,1,0,0.0200000014,0.00538508873,0.0200000014,1,50000,50000,50000,0,0,0,0,1,0,0,0
82,"E_X1_Y3_26",1,0.5,1,40804,0.5,1.11870786e-05,0.0200000014,0.00538508873,0.0200000014,1,50000,50000,50000,518.553528,518.553528,0,0,1,1,0,0
82,"E_X1_Y3_26",2,0.25,1,20402,0.25,3.83642691e-05,0.0200000014,0.00538508873,0.0200000014,1,50000,50000,50000,1778.29504,1778.29504,0,0,1,1,0,0
82,"E_X1_Y3_26",3,0.119999997,1,9792,0.119988236,9.27140791e-05,0.0200000014,0.00538508873,0.0200000014,1,50000,50000,50000,4297.56641,4297.56641,0,0,1,1,0,0
82,"E_X1_Y3_26",4,0.0599999987,1,4896,0.0599941182,0.000193956017,0.0200000014,0.00538508873,0.0200000014,1,50000,50000,50000,8990.42383,8990.42383,0,0,1,1,0,0
82,"E_X1_Y3_26",5,0.0299999993,1,2448,0.0299970591,0.000414270791,0.0200000014,0.00538508873,0.0200000014,1,50000,50000,50000,19202.6523,19202.6523,0,0,1,1,0,0
82,"E_X1_Y3_26",6,0.00999999978,1,818,0.0100235271,0.0151662715,0.0200000014,0.00538508873,0.0200000014,1,50000,50000,50000,703000.625,703000.625,0,0,1,1,0,0
83,"E_X0_Y3_25",0,1,1,81608,1,0,0.0200000014,0.00315497746,0.0200000014,1,50000,50000,50000,0,0,0,0,1,0,0,0
83,"E_X0_Y3_25",1,0.5,1,40804,0.5,8.03280363e-06,0.0200000014,0.00315497746,0.0200000014,1,50000,50000,50000,372.34375,372.34375,0,0,1,1,0,0
83,"E_X0_Y3_25",2,0.25,1,20402,0.25,2.74605263e-05,0.0200000014,0.00315497746,0.0200000014,1,50000,50000,50000,1272.875,1272.875,0,0,1,1,0,0
83,"E_X0_Y3_25",3,0.119999997,1,9792,0.119988236,6.75967894e-05,0.0200000014,0.00315497746,0.0200000014,1,50000,50000,50000,3133.30713,3133.30713,0,0,1,1,0,0
83,"E_X0_Y3_25",4,0.0599999987,1,4896,0.0599941182,0.000141917,0.0200000014,0.00315497746,0.0200000014,1,50000,50000,50000,6578.26367,6578.26367,0,0,1,1,0,0
83,"E_X0_Y3_25",5,0.0299999993,1,2448,0.0299970591,0.000302361848,0.0200000014,0.00315497746,0.0200000014,1,50000,50000,50000,14015.3486,14015.3486,0,0,1,1,0,0
83,"E_X0_Y3_25",6,0.00999999978,1,816,0.0099990197,0.017112352,0.0200000014,0.00315497746,0.0200000014,1,50000,50000,50000,793207.062,793207.062,0,0,1,1,0,0
84,"E_X0_Y2_17",0,1,1,81608,1,0,0.0200000014,0.00272044539,0.0200000014,1,50000,50000,50000,0,0,0,0,1,0,0,0
84,"E_X0_Y2_17",1,0.5,1,40804,0.5,7.50380696e-06,0.0200000014,0.00272044539,0.0200000014,1,50000,50000,50000,347.823212,347.823212,0,0,1,1,0,0
84,"E_X0_Y2_17",2,0.25,1,20402,0.25,2.29418001e-05,0.0200000014,0.00272044539,0.0200000014,1,50000,50000,50000,1063.41895,1063.41895,0,0,1,1,0,0
84,"E_X0_Y2_17",3,0.119999997,1,9792,0.119988236,5.38008135e-05,0.0200000014,0.00272044539,0.0200000014,1,50000,50000,50000,2493.82349,2493.82349,0,0,1,1,0,0
84,"E_X0_Y2_17",4,0.0599999987,1,4896,0.0599941182,0.000110671775,0.0200000014,0.00272044539,0.0200000014,1,50000,50000,50000,5129.95801,5129.95801,0,0,1,1,0,0
84,"E_X0_Y2_17",5,0.0299999993,1,2448,0.0299970591,0.000233390805,0.0200000014,0.00272044539,0.0200000014,1,50000,50000,50000,10818.3398,10818.3398,0,0,1,1,0,0
84,"E_X0_Y2_17",6,0.00999999978,1,816,0.0099990197,0.0183556285,0.0200000014,0.00272044539,0.0200000014,1,50000,50000,50000,850836.562,850836.562,0,0,1,1,0,0
85,"E_X1_Y2_18",0,1,1,81608,1,0,0.0200000014,0.00393800158,0.0200000014,1,50000,50000,50000,0,0,0,0,1,0,0,0
85,"E_X1_Y2_18",1,0.5,1,40804,0.5,1.09161756e-05,0.0200000014,0.00393800158,0.0200000014,1,50000,50000,50000,505.996368,505.996368,0,0,1,1,0,0
85,"E_X1_Y2_18",2,0.25,1,20402,0.25,3.43286629e-05,0.0200000014,0.00393800158,0.0200000014,1,50000,50000,50000,1591.23303,1591.23303,0,0,1,1,0,0
85,"E_X1_Y2_18",3,0.119999997,1,9792,0.119988236,8.0129721e-05,0.0200000014,0.00393800158,0.0200000014,1,50000,50000,50000,3714.24487,3714.24487,0,0,1,1,0,0
85,"E_X1_Y2_18",4,0.0599999987,1,4896,0.0599941182,0.000165240534,0.0200000014,0.00393800158,0.0200000014,1,50000,50000,50000,7659.37695,7659.37695,0,0,1,1,0,0
85,"E_X1_Y2_18",5,0.0299999993,1,2448,0.0299970591,0.000348286732,0.0200000014,0.00393800158,0.0200000014,1,50000,50000,50000,16144.0986,16144.0986,0,0,1,1,0,0
85,"E_X1_Y2_18",6,0.00999999978,1,822,0.0100725419,0.0194098838,0.0200000014,0.00393800158,0.0200000014,1,50000,50000,50000,899704.375,899704.375,0,0,1,1,0,0
86,"E_X2_Y2_19",0,1,1,81608,1,0,0.0200000014,0.00536820106,0.0200000014,1,50000,50000,50000,0,0,0,0,1,0,0,0
86,"E_X2_Y2_19",1,0.5,1,40804,0.5,1.16050451e-05,0.0200000014,0.00536820106,0.0200000014,1,50000,50000,50000,537.927429,537.927429,0,0,1,1,0,0
86,"E_X2_Y2_19",2,0.25,1,20402,0.25,3.55186785e-05,0.0200000014,0.00536820106,0.0200000014,1,50000,50000,50000,1646.39368,1646.39368,0,0,1,1,0,0
86,"E_X2_Y2_19",3,0.119999997,1,9792,0.119988236,8.13177176e-05,0.0200000014,0.00536820106,0.0200000014,1,50000,50000,50000,3769.31201,3769.31201,0,0,1,1,0,0
86,"E_X2_Y2_19",4,0.0599999987,1,4896,0.0599941182,0.000168512634,0.0200000014,0.00536820106,0.0200000014,1,50000,50000,50000,7811.04883,7811.04883,0,0,1,1,0,0
86,"E_X2_Y2_19",5,0.0299999993,1,2448,0.0299970591,0.000361164712,0.0200000014,0.00536820106,0.0200000014,1,50000,50000,50000,16741.0312,16741.0312,0,0,1,1,0,0
86,"E_X2_Y2_19",6,0.00999999978,1,818,0.0100235271,0.0180126615,0.0200000014,0.00536820106,0.0200000014,1,50000,50000,50000,834939,834939,0,0,1,1,0,0
87,"E_X3_Y2_20",0,1,1,81608,1,0,0.0200000014,0.00614967803,0.0200000014,1,50000,50000,50000,0,0,0,0,1,0,0,0
87,"E_X3_Y2_20",1,0.5,1,40804,0.5,1.14495342e-05,0.0200000014,0.00614967803,0.0200000014,1,50000,50000,50000,530.719116,530.719116,0,0,1,1,0,0
87,"E_X3_Y2_20",2,0.25,1,20402,0.25,3.43506763e-05,0.0200000014,0.00614967803,0.0200000014,1,50000,50000,50000,1592.25354,1592.25354,0,0,1,1,0,0
87,"E_X3_Y2_20",3,0.119999997,1,9792,0.119988236,7.68940954e-05,0.0200000014,0.00614967803,0.0200000014,1,50000,50000,50000,3564.26392,3564.26392,0,0,1,1,0,0
87,"E_X3_Y2_20",4,0.0599999987,1,4896,0.0599941182,0.000152524153,0.0200000014,0.00614967803,0.0200000014,1,50000,50000,50000,7069.93652,7069.93652,0,0,1,1,0,0
87,"E_X3_Y2_20",5,0.0299999993,1,2448,0.0299970591,0.000312404212,0.0200000014,0.00614967803,0.0200000014,1,50000,50000,50000,14480.8408,14480.8408,0,0,1,1,0,0
87,"E_X3_Y2_20",6,0.00999999978,1,822,0.0100725419,0.0156434476,0.0200000014,0.00614967803,0.0200000014,1,50000,50000,50000,725119.125,725119.125,0,0,1,1,0,0
88,"E_X4_Y2_21",0,1,1,81608,1,0,0.0200000014,0.00358337164,0.0200000014,1,50000,50000,50000,0,0,0,0,1,0,0,0
88,"E_X4_Y2_21",1,0.5,1,40804,0.5,7.52059032e-06,0.0200000014,0.00358337164,0.0200000014,1,50000,50000,50000,348.601166,348.601166,0,0,1,1,0,0
88,"E_X4_Y2_21",2,0.25,1,20402,0.25,2.47802745e-05,0.0200000014,0.00358337164,0.0200000014,1,50000,50000,50000,1148.63745,1148.63745,0,0,1,1,0,0
88,"E_X4_Y2_21",3,0.119999997,1,9792,0.119988236,5.78937652e-05,0.0200000014,0.00358337164,0.0200000014,1,50000,50000,50000,2683.5437,2683.5437,0,0,1,1,0,0
88,"E_X4_Y2_21",4,0.0599999987,1,4896,0.0599941182,0.000121178164,0.0200000014,0.00358337164,0.0200000014,1,50000,50000,50000,5616.95898,5616.95898,0,0,1,1,0,0
88,"E_X4_Y2_21",5,0.0299999993,1,2448,0.0299970591,0.000255634834,0.0200000014,0.00358337164,0.0200000014,1,50000,50000,50000,11849.415,11849.415,0,0,1,1,0,0
88,"E_X4_Y2_21",6,0.00999999978,1,816,0.0099990197,0.0164874848,0.0200000014,0.00358337164,0.0200000014,1,50000,50000,50000,764242.625,764242.625,0,0,1,1,0,0
89,"E_X5_Y2_22",0,1,1,81608,1,0,0.0200000014,0.00379585149,0.0200000014,1,50000,50000,50000,0,0,0,0,1,0,0,0
89,"E_X5_Y2_22",1,0.5,1,40804,0.5,8.09252924e-06,0.0200000014,0.00379585149,0.0200000014,1,50000,50000,50000,375.112183,375.112183,0,0,1,1,0,0
89,"E_X5_Y2_22",2,0.25,1,20402,0.25,2.50046578e-05,0.0200000014,0.00379585149,0.0200000014,1,50000,50000,50000,1159.03833,1159.03833,0,0,1,1,0,0
89,"E_X5_Y2_22",3,0.119999997,1,9792,0.119988236,5.73870711e-05,0.0200000014,0.00379585149,0.0200000014,1,50000,50000,50000,2660.05688,2660.05688,0,0,1,1,0,0
89,"E_X5_Y2_22",4,0.0599999987,1,4896,0.0599941182,0.000118937503,0.0200000014,0.00379585149,0.0200000014,1,50000,50000,50000,5513.09814,5513.09814,0,0,1,1,0,0
89,"E_X5_Y2_22",5,0.0299999993,1,2448,0.0299970591,0.000242352602,0.0200000014,0.00379585149,0.0200000014,1,50000,50000,50000,11233.7451,11233.7451,0,0,1,1,0,0
89,"E_X5_Y2_22",6,0.00999999978,1,816,0.0099990197,0.0161823817,0.0200000014,0.00379585149,0.0200000014,1,50000,50000,50000,750100.25,750100.25,0,0,1,1,0,0
90,"E_X6_Y2_23",0,1,1,81608,1,0,0.0200000014,0.00350456708,0.0200000014,1,50000,50000,50000,0,0,0,0,1,0,0,0
90,"E_X6_Y2_23",1,0.5,1,40804,0.5,8.44154783e-06,0.0200000014,0.00350456708,0.0200000014,1,50000,50000,50000,391.290192,391.290192,0,0,1,1,0,0
90,"E_X6_Y2_23",2,0.25,1,20402,0.25,3.02749013e-05,0.0200000014,0.00350456708,0.0200000014,1,50000,50000,50000,1403.32935,1403.32935,0,0,1,1,0,0
90,"E_X6_Y2_23",3,0.119999997,1,9792,0.119988236,7.50010004e-05,0.0200000014,0.00350456708,0.0200000014,1,50000,50000,50000,3476.51343,3476.51343,0,0,1,1,0,0
90,"E_X6_Y2_23",4,0.0599999987,1,4896,0.0599941182,0.000159852323,0.0200000014,0.00350456708,0.0200000014,1,50000,50000,50000,7409.61865,7409.61865,0,0,1,1,0,0
90,"E_X6_Y2_23",5,0.0299999993,1,2448,0.0299970591,0.000342882297,0.0200000014,0.00350456708,0.0200000014,1,50000,50000,50000,15893.5879,15893.5879,0,0,1,1,0,0
90,"E_X6_Y2_23",6,0.00999999978,1,818,0.0100235271,0.0138765424,0.0200000014,0.00350456708,0.0200000014,1,50000,50000,50000,643217.938,643217.938,0,0,1,1,0,0
91,"E_X7_Y2_24",0,1,1,81608,1,0,0.0200000014,0.00300959474,0.0200000014,1,50000,50000,50000,0,0,0,0,1,0,0,0
91,"E_X7_Y2_24",1,0.5,1,40804,0.5,8.09630274e-06,0.0200000014,0.00300959474,0.0200000014,1,50000,50000,50000,375.287109,375.287109,0,0,1,1,0,0
91,"E_X7_Y2_24",2,0.25,1,20402,0.25,2.60107045e-05,0.0200000014,0.00300959474,0.0200000014,1,50000,50000,50000,1205.67163,1205.67163,0,0,1,1,0,0
91,"E_X7_Y2_24",3,0.119999997,1,9792,0.119988236,6.38208658e-05,0.0200000014,0.00300959474,0.0200000014,1,50000,50000,50000,2958.28198,2958.28198,0,0,1,1,0,0
91,"E_X7_Y2_24",4,0.0599999987,1,4896,0.0599941182,0.000134234724,0.0200000014,0.00300959474,0.0200000014,1,50000,50000,50000,6222.16846,6222.16846,0,0,1,1,0,0
91,"E_X7_Y2_24",5,0.0299999993,1,2448,0.0299970591,0.000289812975,0.0200000014,0.00300959474,0.0200000014,1,50000,50000,50000,13433.6709,13433.6709,0,0,1,1,0,0
91,"E_X7_Y2_24",6,0.00999999978,1,818,0.0100235271,0.0161319058,0.0200000014,0.00300959474,0.0200000014,1,50000,50000,50000,747760.562,747760.562,0,0,1,1,0,0
92,"E_X0_Y1_9",0,1,1,81608,1,0,0.0200000014,0.0047246539,0.0200000014,1,50000,50000,50000,0,0,0,0,1,0,0,0
92,"E_X0_Y1_9",1,0.5,1,40804,0.5,1.05424569e-05,0.0200000014,0.0047246539,0.0200000014,1,50000,50000,50000,488.673431,488.673431,0,0,1,1,0,0
92,"E_X0_Y1_9",2,0.25,1,20402,0.25,3.34304059e-05,0.0200000014,0.0047246539,0.0200000014,1,50000,50000,50000,1549.59619,1549.59619,0,0,1,1,0,0
92,"E_X0_Y1_9",3,0.119999997,1,9792,0.119988236,7.91777784e-05,0.0200000014,0.0047246539,0.0200000014,1,50000,50000,50000,3670.11938,3670.11938,0,0,1,1,0,0
92,"E_X0_Y1_9",4,0.0599999987,1,4896,0.0599941182,0.000164280355,0.0200000014,0.0047246539,0.0200000014,1,50000,50000,50000,7614.87061,7614.87061,0,0,1,1,0,0
92,"E_X0_Y1_9",5,0.0299999993,1,2448,0.0299970591,0.000355520082,0.0200000014,0.0047246539,0.0200000014,1,50000,50000,50000,16479.3867,16479.3867,0,0,1,1,0,0
92,"E_X0_Y1_9",6,0.00999999978,1,820,0.0100480345,0.0164154917,0.0200000014,0.0047246539,0.0200000014,1,50000,50000,50000,760905.562,760905.562,0,0,1,1,0,0
93,"E_X1_Y1_10",0,1,1,81608,1,0,0.0200000014,0.00383832026,0.0200000014,1,50000,50000,50000,0,0,0,0,1,0,0,0
93,"E_X1_Y1_10",1,0.5,1,40804,0.5,1.00636189e-05,0.0200000014,0.00383832026,0.0200000014,1,50000,50000,50000,466.477875,466.477875,0,0,1,1,0,0
93,"E_X1_Y1_10",2,0.25,1,20402,0.25,3.18745151e-05,0.0200000014,0.00383832026,0.0200000014,1,50000,50000,50000,1477.47607,1477.47607,0,0,1,1,0,0
93,"E_X1_Y1_10",3,0.119999997,1,9792,0.119988236,7.4325304e-05,0.0200000014,0.00383832026,0.0200000014,1,50000,50000,50000,3445.19312,3445.19312,0,0,1,1,0,0
93,"E_X1_Y1_10",4,0.0599999987,1,4896,0.0599941182,0.000154724461,0.0200000014,0.00383832026,0.0200000014,1,50000,50000,50000,7171.92676,7171.92676,0,0,1,1,0,0
93,"E_X1_Y1_10",5,0.0299999993,1,2448,0.0299970591,0.00032042549,0.0200000014,0.00383832026,0.0200000014,1,50000,50000,50000,14852.6494,14852.6494,0,0,1,1,0,0
93,"E_X1_Y1_10",6,0.00999999978,1,818,0.0100235271,0.0183511861,0.0200000014,0.00383832026,0.0200000014,1,50000,50000,50000,850630.562,850630.562,0,0,1,1,0,0
94,"E_X2_Y1_11",0,1,1,81608,1,0,0.0200000014,0.00417047553,0.0200000014,1,50000,50000,50000,0,0,0,0,1,0,0,0
94,"E_X2_Y1_11",1,0.5,1,40804,0.5,1.26834511e-05,0.0200000014,0.00417047553,0.0200000014,1,50000,50000,50000,587.914673,587.914673,0,0,1,1,0,0
94,"E_X2_Y1_11",2,0.25,1,20402,0.25,3.89771267e-05,0.0200000014,0.00417047553,0.0200000014,1,50000,50000,50000,1806.70288,1806.70288,0,0,1,1,0,0
94,"E_X2_Y1_11",3,0.119999997,1,9792,0.119988236,8.87678325e-05,0.0200000014,0.00417047553,0.0200000014,1,50000,50000,50000,4114.64648,4114.64648,0,0,1,1,0,0
94,"E_X2_Y1_11",4,0.0599999987,1,4896,0.0599941182,0.000184402175,0.0200000014,0.00417047553,0.0200000014,1,50000,50000,50000,8547.57617,8547.57617,0,0,1,1,0,0
94,"E_X2_Y1_11",5,0.0299999993,1,2448,0.0299970591,0.000386303233,0.0200000014,0.00417047553,0.0200000014,1,50000,50000,50000,17906.2734,17906.2734,0,0,1,1,0,0
94,"E_X2_Y1_11",6,0.00999999978,1,820,0.0100480345,0.0162777137,0.0200000014,0.00417047553,0.0200000014,1,50000,50000,50000,754519.188,754519.188,0,0,1,1,0,0
95,"E_X3_Y1_12",0,1,1,81608,1,0,0.0200000014,0.0057826601,0.0200000014,1,50000,50000,50000,0,0,0,0,1,0,0,0
95,"E_X3_Y1_12",1,0.5,1,40804,0.5,1.22068932e-05,0.0200000014,0.0057826601,0.0200000014,1,50000,50000,50000,565.82489,565.82489,0,0,1,1,0,0
95,"E_X3_Y1_12",2,0.25,1,20402,0.25,3.71030037e-05,0.0200000014,0.0057826601,0.0200000014,1,50000,50000,50000,1719.83167,1719.83167,0,0,1,1,0,0
95,"E_X3_Y1_12",3,0.119999997,1,9792,0.119988236,8.4917112e-05,0.0200000014,0.0057826601,0.0200000014,1,50000,50000,50000,3936.1543,3936.1543,0,0,1,1,0,0
95,"E_X3_Y1_12",4,0.0599999987,1,4896,0.0599941182,0.000174387795,0.0200000014,0.0057826601,0.0200000014,1,50000,50000,50000,8083.37939,8083.37939,0,0,1,1,0,0
95,"E_X3_Y1_12",5,0.0299999993,1,2448,0.0299970591,0.000356356148,0.0200000014,0.0057826601,0.0200000014,1,50000,50000,50000,16518.1406,16518.1406,0,0,1,1,0,0
95,"E_X3_Y1_12",6,0.00999999978,1,822,0.0100725419,0.0135208722,0.0200000014,0.0057826601,0.0200000014,1,50000,50000,50000,626731.562,626731.562,0,0,1,1,0,0
96,"E_X4_Y1_13",0,1,1,81608,1,0,0.0200000014,0.0054719965,0.0200000014,1,50000,50000,50000,0,0,0,0,1,0,0,0
96,"E_X4_Y1_13",1,0.5,1,40804,0.5,1.24246208e-05,0.0200000014,0.0054719965,0.0200000014,1,50000,50000,50000,575.917175,575.917175,0,0,1,1,0,0
96,"E_X4_Y1_13",2,0.25,1,20402,0.25,4.1719697e-05,0.0200000014,0.0054719965,0.0200000014,1,50000,50000,50000,1933.82874,1933.82874,0,0,1,1,0,0
96,"E_X4_Y1_13",3,0.119999997,1,9792,0.119988236,9.86520026e-05,0.0200000014,0.0054719965,0.0200000014,1,50000,50000,50000,4572.80615,4572.80615,0,0,1,1,0,0
96,"E_X4_Y1_13",4,0.0599999987,1,4896,0.0599941182,0.000205247808,0.0200000014,0.0054719965,0.0200000014,1,50000,50000,50000,9513.83105,9513.83105,0,0,1,1,0,0
96,"E_X4_Y1_13",5,0.0299999993,1,2448,0.0299970591,0.00044567365,0.0200000014,0.0054719965,0.0200000014,1,50000,50000,50000,20658.2637,20658.2637,0,0,1,1,0,0
96,"E_X4_Y1_13",6,0.00999999978,1,824,0.0100970493,0.0183646455,0.0200000014,0.0054719965,0.0200000014,1,50000,50000,50000,851254.562,851254.562,0,0,1,1,0,0
97,"E_X5_Y1_14",0,1,1,81608,1,0,0.0200000014,0.00393470749,0.0200000014,1,50000,50000,50000,0,0,0,0,1,0,0,0
97,"E_X5_Y1_14",1,0.5,1,40804,0.5,1.20921522e-05,0.0200000014,0.00393470749,0.0200000014,1,50000,50000,50000,560.506287,560.506287,0,0,1,1,0,0
97,"E_X5_Y1_14",2,0.25,1,20402,0.25,3.69870286e-05,0.0200000014,0.00393470749,0.0200000014,1,50000,50000,50000,1714.45605,1714.45605,0,0,1,1,0,0
97,"E_X5_Y1_14",3,0.119999997,1,9792,0.119988236,8.27608455e-05,0.0200000014,0.00393470749,0.0200000014,1,50000,50000,50000,3836.20532,3836.20532,0,0,1,1,0,0
97,"E_X5_Y1_14",4,0.0599999987,1,4896,0.0599941182,0.000169785199,0.0200000014,0.00393470749,0.0200000014,1,50000,50000,50000,7870.03613,7870.03613,0,0,1,1,0,0
97,"E_X5_Y1_14",5,0.0299999993,1,2448,0.0299970591,0.00035075398,0.0200000014,0.00393470749,0.0200000014,1,50000,50000,50000,16258.4629,16258.4629,0,0,1,1,0,0
97,"E_X5_Y1_14",6,0.00999999978,1,820,0.0100480345,0.0179199334,0.0200000014,0.00393470749,0.0200000014,1,50000,50000,50000,830640.875,830640.875,0,0,1,1,0,0
98,"E_X6_Y1_15",0,1,1,81608,1,0,0.0200000014,0.00425853487,0.0200000014,1,50000,50000,50000,0,0,0,0,1,0,0,0
98,"E_X6_Y1_15",1,0.5,1,40804,0.5,8.09688572e-06,0.0200000014,0.00425853487,0.0200000014,1,50000,50000,50000,375.314117,375.314117,0,0,1,1,0,0
98,"E_X6_Y1_15",2,0.25,1,20402,0.25,2.53505241e-05,0.0200000014,0.00425853487,0.0200000014,1,50000,50000,50000,1175.07019,1175.07019,0,0,1,1,0,0
98,"E_X6_Y1_15",3,0.119999997,1,9792,0.119988236,5.84543195e-05,0.0200000014,0.00425853487,0.0200000014,1,50000,50000,50000,2709.52686,2709.52686,0,0,1,1,0,0
98,"E_X6_Y1_15",4,0.0599999987,1,4896,0.0599941182,0.000119599528,0.0200000014,0.00425853487,0.0200000014,1,50000,50000,50000,5543.78467,5543.78467,0,0,1,1,0,0
98,"E_X6_Y1_15",5,0.0299999993,1,2448,0.0299970591,0.000246015348,0.0200000014,0.00425853487,0.0200000014,1,50000,50000,50000,11403.5244,11403.5244,0,0,1,1,0,0
98,"E_X6_Y1_15",6,0.00999999978,1,816,0.0099990197,0.0118761593,0.0200000014,0.00425853487,0.0200000014,1,50000,50000,50000,550494.375,550494.375,0,0,1,1,0,0
99,"E_X7_Y1_16",0,1,1,81608,1,0,0.0200000014,0.00172206643,0.0200000014,1,50000,50000,50000,0,0,0,0,1,0,0,0
99,"E_X7_Y1_16",1,0.5,1,40804,0.5,6.57321516e-06,0.0200000014,0.00172206643,0.0200000014,1,50000,50000,50000,304.687561,304.687561,0,0,1,1,0,0
99,"E_X7_Y1_16",2,0.25,1,20402,0.25,2.01584535e-05,0.0200000014,0.00172206643,0.0200000014,1,50000,50000,50000,934.40271,934.40271,0,0,1,1,0,0
99,"E_X7_Y1_16",3,0.119999997,1,9792,0.119988236,4.64457917e-05,0.0200000014,0.00172206643,0.0200000014,1,50000,50000,50000,2152.89697,2152.89697,0,0,1,1,0,0
99,"E_X7_Y1_16",4,0.0599999987,1,4896,0.0599941182,9.42220358e-05,0.0200000014,0.00172206643,0.0200000014,1,50000,50000,50000,4367.46436,4367.46436,0,0,1,1,0,0
99,"E_X7_Y1_16",5,0.0299999993,1,2448,0.0299970591,0.000193720392,0.0200000014,0.00172206643,0.0200000014,1,50000,50000,50000,8979.50195,8979.50195,0,0,1,1,0,0
99,"E_X7_Y1_16",6,0.00999999978,1,816,0.0099990197,0.0159732644,0.0200000014,0.00172206643,0.0200000014,1,50000,50000,50000,740407.062,740407.062,0,0,1,1,0,0
100,"E_X7_Y0_8",0,1,1,81608,1,0,0.0200000014,0.00261910423,0.0200000014,1,50000,50000,50000,0,0,0,0,1,0,0,0
100,"E_X7_Y0_8",1,0.5,1,40804,0.5,8.5548354e-06,0.0200000014,0.00261910423,0.0200000014,1,50000,50000,50000,396.541412,396.541412,0,0,1,1,0,0
100,"E_X7_Y0_8",2,0.25,1,20402,0.25,2.58142973e-05,0.0200000014,0.00261910423,0.0200000014,1,50000,50000,50000,1196.5675,1196.5675,0,0,1,1,0,0
100,"E_X7_Y0_8",3,0.119999997,1,9792,0.119988236,5.88713337e-05,0.0200000014,0.00261910423,0.0200000014,1,50000,50000,50000,2728.85669,2728.85669,0,0,1,1,0,0
100,"E_X7_Y0_8",4,0.0599999987,1,4896,0.0599941182,0.00012051838,0.0200000014,0.00261910423,0.0200000014,1,50000,50000,50000,5586.37598,5586.37598,0,0,1,1,0,0
100,"E_X7_Y0_8",5,0.0299999993,1,2448,0.0299970591,0.00025267218,0.0200000014,0.00261910423,0.0200000014,1,50000,50000,50000,11712.0879,11712.0879,0,0,1,1,0,0
100,"E_X7_Y0_8",6,0.00999999978,1,816,0.0099990197,0.017750008,0.0200000014,0.00261910423,0.0200000014,1,50000,50000,50000,822764.312,822764.312,0,0,1,1,0,0
101,"E_X6_Y0_7",0,1,1,81608,1,0,0.0200000014,0.00388027844,0.0200000014,1,50000,50000,50000,0,0,0,0,1,0,0,0
101,"E_X6_Y0_7",1,0.5,1,40804,0.5,7.11742541e-06,0.0200000014,0.00388027844,0.0200000014,1,50000,50000,50000,329.9133,329.9133,0,0,1,1,0,0
101,"E_X6_Y0_7",2,0.25,1,20402,0.25,2.25450876e-05,0.0200000014,0.00388027844,0.0200000014,1,50000,50000,50000,1045.03015,1045.03015,0,0,1,1,0,0
101,"E_X6_Y0_7",3,0.119999997,1,9792,0.119988236,5.18417291e-05,0.0200000014,0.00388027844,0.0200000014,1,50000,50000,50000,2403.01416,2403.01416,0,0,1,1,0,0
101,"E_X6_Y0_7",4,0.0599999987,1,4896,0.0599941182,0.000105013838,0.0200000014,0.00388027844,0.0200000014,1,50000,50000,50000,4867.6958,4867.6958,0,0,1,1,0,0
101,"E_X6_Y0_7",5,0.0299999993,1,2448,0.0299970591,0.000212919666,0.0200000014,0.00388027844,0.0200000014,1,50000,50000,50000,9869.44434,9869.44434,0,0,1,1,0,0
101,"E_X6_Y0_7",6,0.00999999978,1,816,0.0099990197,0.0157407094,0.0200000014,0.00388027844,0.0200000014,1,50000,50000,50000,729627.5,729627.5,0,0,1,1,0,0
102,"E_X5_Y0_6",0,1,1,81608,1,0,0.0200000014,0.00372524373,0.0200000014,1,50000,50000,50000,0,0,0,0,1,0,0,0
102,"E_X5_Y0_6",1,0.5,1,40804,0.5,9.75483908e-06,0.0200000014,0.00372524373,0.0200000014,1,50000,50000,50000,452.165039,452.165039,0,0,1,1,0,0
102,"E_X5_Y0_6",2,0.25,1,20402,0.25,3.0989926e-05,0.0200000014,0.00372524373,0.0200000014,1,50000,50000,50000,1436.4729,1436.4729,0,0,1,1,0,0
102,"E_X5_Y0_6",3,0.119999997,1,9792,0.119988236,7.12416659e-05,0.0200000014,0.00372524373,0.0200000014,1,50000,50000,50000,3302.25757,3302.25757,0,0,1,1,0,0
102,"E_X5_Y0_6",4,0.0599999987,1,4896,0.0599941182,0.000146662249,0.0200000014,0.00372524373,0.0200000014,1,50000,50000,50000,6798.22021,6798.22021,0,0,1,1,0,0
102,"E_X5_Y0_6",5,0.0299999993,1,2448,0.0299970591,0.000307316368,0.0200000014,0.00372524373,0.0200000014,1,50000,50000,50000,14245.0039,14245.0039,0,0,1,1,0,0
102,"E_X5_Y0_6",6,0.00999999978,1,820,0.0100480345,0.0175427124,0.0200000014,0.00372524373,0.0200000014,1,50000,50000,50000,813155.562,813155.562,0,0,1,1,0,0
103,"E_X4_Y0_5",0,1,1,81608,1,0,0.0200000014,0.00405070093,0.0200000014,1,50000,50000,50000,0,0,0,0,1,0,0,0
103,"E_X4_Y0_5",1,0.5,1,40804,0.5,1.24484395e-05,0.0200000014,0.00405070093,0.0200000014,1,50000,50000,50000,577.02124,577.02124,0,0,1,1,0,0
103,"E_X4_Y0_5",2,0.25,1,20402,0.25,4.00640274e-05,0.0200000014,0.00405070093,0.0200000014,1,50000,50000,50000,1857.08362,1857.08362,0,0,1,1,0,0
103,"E_X4_Y0_5",3,0.119999997,1,9792,0.119988236,9.35057324e-05,0.0200000014,0.00405070093,0.0200000014,1,50000,50000,50000,4334.26172,4334.26172,0,0,1,1,0,0
103,"E_X4_Y0_5",4,0.0599999987,1,4896,0.0599941182,0.000194104039,0.0200000014,0.00405070093,0.0200000014,1,50000,50000,50000,8997.28418,8997.28418,0,0,1,1,0,0
103,"E_X4_Y0_5",5,0.0299999993,1,2448,0.0299970591,0.000404274208,0.0200000014,0.00405070093,0.0200000014,1,50000,50000,50000,18739.2812,18739.2812,0,0,1,1,0,0
103,"E_X4_Y0_5",6,0.00999999978,1,816,0.0099990197,0.0187033955,0.0200000014,0.00405070093,0.0200000014,1,50000,50000,50000,866956.5,866956.5,0,0,1,1,0,0
104,"E_X3_Y0_4",0,1,1,81608,1,0,0.0200000014,0.00379489665,0.0200000014,1,50000,50000,50000,0,0,0,0,1,0,0,0
104,"E_X3_Y0_4",1,0.5,1,40804,0.5,1.11701474e-05,0.0200000014,0.00379489665,0.0200000014,1,50000,50000,50000,517.768677,517.768677,0,0,1,1,0,0
104,"E_X3_Y0_4",2,0.25,1,20402,0.25,3.6530444e-05,0.0200000014,0.00379489665,0.0200000014,1,50000,50000,50000,1693.29199,1693.29199,0,0,1,1,0,0
104,"E_X3_Y0_4",3,0.119999997,1,9792,0.119988236,8.53557358e-05,0.0200000014,0.00379489665,0.0200000014,1,50000,50000,50000,3956.4856,3956.4856,0,0,1,1,0,0
104,"E_X3_Y0_4",4,0.0599999987,1,4896,0.0599941182,0.000178748131,0.0200000014,0.00379489665,0.0200000014,1,50000,50000,50000,8285.49414,8285.49414,0,0,1,1,0,0
104,"E_X3_Y0_4",5,0.0299999993,1,2448,0.0299970591,0.000377385295,0.0200000014,0.00379489665,0.0200000014,1,50000,50000,50000,17492.9023,17492.9023,0,0,1,1,0,0
104,"E_X3_Y0_4",6,0.00999999978,1,822,0.0100725419,0.0181847773,0.0200000014,0.00379489665,0.0200000014,1,50000,50000,50000,842917.125,842917.125,0,0,1,1,0,0
105,"E_X2_Y0_3",0,1,1,81608,1,0,0.0200000014,0.0073843943,0.0200000014,1,50000,50000,50000,0,0,0,0,1,0,0,0
105,"E_X2_Y0_3",1,0.5,1,40804,0.5,1.42347844e-05,0.0200000014,0.0073843943,0.0200000014,1,50000,50000,50000,659.823486,659.823486,0,0,1,1,0,0
105,"E_X2_Y0_3",2,0.25,1,20402,0.25,4.27031591e-05,0.0200000014,0.0073843943,0.0200000014,1,50000,50000,50000,1979.41516,1979.41516,0,0,1,1,0,0
105,"E_X2_Y0_3",3,0.119999997,1,9792,0.119988236,9.69843022e-05,0.0200000014,0.0073843943,0.0200000014,1,50000,50000,50000,4495.50391,4495.50391,0,0,1,1,0,0
105,"E_X2_Y0_3",4,0.0599999987,1,4896,0.0599941182,0.000198237802,0.0200000014,0.0073843943,0.0200000014,1,50000,50000,50000,9188.89648,9188.89648,0,0,1,1,0,0
105,"E_X2_Y0_3",5,0.0299999993,1,2448,0.0299970591,0.00040802412,0.0200000014,0.0073843943,0.0200000014,1,50000,50000,50000,18913.1016,18913.1016,0,0,1,1,0,0
105,"E_X2_Y0_3",6,0.00999999978,1,824,0.0100970493,0.0161467232,0.0200000014,0.0073843943,0.0200000014,1,50000,50000,50000,748447.438,748447.438,0,0,1,1,0,0
106,"E_X1_Y0_2",0,1,1,81608,1,0,0.0200000014,0.00380205968,0.0200000014,1,50000,50000,50000,0,0,0,0,1,0,0,0
106,"E_X1_Y0_2",1,0.5,1,40804,0.5,1.03566153e-05,0.0200000014,0.00380205968,0.0200000014,1,50000,50000,50000,480.059113,480.059113,0,0,1,1,0,0
106,"E_X1_Y0_2",2,0.25,1,20402,0.25,3.21597399e-05,0.0200000014,0.00380205968,0.0200000014,1,50000,50000,50000,1490.69714,1490.69714,0,0,1,1,0,0
106,"E_X1_Y0_2",3,0.119999997,1,9792,0.119988236,7.35531721e-05,0.0200000014,0.00380205968,0.0200000014,1,50000,50000,50000,3409.40234,3409.40234,0,0,1,1,0,0
106,"E_X1_Y0_2",4,0.0599999987,1,4896,0.0599941182,0.000151628512,0.0200000014,0.00380205968,0.0200000014,1,50000,50000,50000,7028.4209,7028.4209,0,0,1,1,0,0
106,"E_X1_Y0_2",5,0.0299999993,1,2448,0.0299970591,0.000311495736,0.0200000014,0.00380205968,0.0200000014,1,50000,50000,50000,14438.7305,14438.7305,0,0,1,1,0,0
106,"E_X1_Y0_2",6,0.00999999978,1,816,0.0099990197,0.0192641634,0.0200000014,0.00380205968,0.0200000014,1,50000,50000,50000,892949.75,892949.75,0,0,1,1,0,0
107,"E_X0_Y0_1",0,1,1,81608,1,0,0.0200000014,0.00338875758,0.0200000014,1,50000,50000,50000,0,0,0,0,1,0,0,0
107,"E_X0_Y0_1",1,0.5,1,40804,0.5,1.03533976e-05,0.0200000014,0.00338875758,0.0200000014,1,50000,50000,50000,479.909973,479.909973,0,0,1,1,0,0
107,"E_X0_Y0_1",2,0.25,1,20402,0.25,3.21845728e-05,0.0200000014,0.00338875758,0.0200000014,1,50000,50000,50000,1491.84814,1491.84814,0,0,1,1,0,0
107,"E_X0_Y0_1",3,0.119999997,1,9792,0.119988236,7.47382437e-05,0.0200000014,0.00338875758,0.0200000014,1,50000,50000,50000,3464.33398,3464.33398,0,0,1,1,0,0
107,"E_X0_Y0_1",4,0.0599999987,1,4896,0.0599941182,0.000152831009,0.0200000014,0.00338875758,0.0200000014,1,50000,50000,50000,7084.15967,7084.15967,0,0,1,1,0,0
107,"E_X0_Y0_1",5,0.0299999993,1,2448,0.0299970591,0.000330592447,0.0200000014,0.00338875758,0.0200000014,1,50000,50000,50000,15323.9189,15323.9189,0,0,1,1,0,0
107,"E_X0_Y0_1",6,0.00999999978,1,820,0.0100480345,0.0151849343,0.0200000014,0.00338875758,0.0200000014,1,50000,50000,50000,703865.75,703865.75,0,0,1,1,0,0
108,"E_X4_Y4_37",0,1,1,244824,1,0,0.0200000014,0.00343453372,0.0200000014,1,50000,50000,50000,0,0,0,0,1,0,0,0
108,"E_X4_Y4_37",1,0.5,1,122412,0.5,4.22805215e-06,0.0200000014,0.00343453372,0.0200000014,1,50000,50000,50000,195.982468,195.982468,0,0,1,1,0,0
108,"E_X4_Y4_37",2,0.25,1,61206,0.25,1.42677873e-05,0.0200000014,0.00343453372,0.0200000014,1,50000,50000,50000,661.353271,661.353271,0,0,1,1,0,0
108,"E_X4_Y4_37",3,0.119999997,1,29378,0.119996406,3.37972306e-05,0.0200000014,0.00343453372,0.0200000014,1,50000,50000,50000,1566.59973,1566.59973,0,0,1,1,0,0
108,"E_X4_Y4_37",4,0.0599999987,1,14688,0.0599941182,6.8998459e-05,0.0200000014,0.00343453372,0.0200000014,1,50000,50000,50000,3198.27881,3198.27881,0,0,1,1,0,0
108,"E_X4_Y4_37",5,0.0299999993,1,7344,0.0299970591,0.000139396026,0.0200000014,0.00343453372,0.0200000014,1,50000,50000,50000,6461.40967,6461.40967,0,0,1,1,0,0
108,"E_X4_Y4_37",6,0.00999999978,1,2448,0.0099990197,0.000518444111,0.0200000014,0.00343453372,0.0200000014,1,50000,50000,50000,24031.3867,24031.3867,0,0,1,1,0,0
109,"E_X3_Y4_36",0,1,1,244824,1,0,0.0200000014,0.00402629934,0.0200000014,1,50000,50000,50000,0,0,0,0,1,0,0,0
109,"E_X3_Y4_36",1,0.5,1,122412,0.5,5.1020329e-06,0.0200000014,0.00402629934,0.0200000014,1,50000,50000,50000,236.494003,236.494003,0,0,1,1,0,0
109,"E_X3_Y4_36",2,0.25,1,61206,0.25,1.62875713e-05,0.0200000014,0.00402629934,0.0200000014,1,50000,50000,50000,754.976074,754.976074,0,0,1,1,0,0
109,"E_X3_Y4_36",3,0.119999997,1,29378,0.119996406,3.81205537e-05,0.0200000014,0.00402629934,0.0200000014,1,50000,50000,50000,1766.99817,1766.99817,0,0,1,1,0,0
109,"E_X3_Y4_36",4,0.0599999987,1,14688,0.0599941182,7.83729483e-05,0.0200000014,0.00402629934,0.0200000014,1,50000,50000,50000,3632.81323,3632.81323,0,0,1,1,0,0
109,"E_X3_Y4_36",5,0.0299999993,1,7344,0.0299970591,0.000156497001,0.0200000014,0.00402629934,0.0200000014,1,50000,50000,50000,7254.08936,7254.08936,0,0,1,1,0,0
109,"E_X3_Y4_36",6,0.00999999978,1,2448,0.0099990197,0.000575823826,0.0200000014,0.00402629934,0.0200000014,1,50000,50000,50000,26691.1035,26691.1035,0,0,1,1,0,0
110,"E_X4_Y3_29",0,1,1,244824,1,0,0.0200000014,0.00292343507,0.0200000014,1,50000,50000,50000,0,0,0,0,1,0,0,0
110,"E_X4_Y3_29",1,0.5,1,122412,0.5,3.35767027e-06,0.0200000014,0.00292343507,0.0200000014,1,50000,50000,50000,155.637741,155.637741,0,0,1,1,0,0
110,"E_X4_Y3_29",2,0.25,1,61206,0.25,1.08819895e-05,0.0200000014,0.00292343507,0.0200000014,1,50000,50000,50000,504.411743,504.411743,0,0,1,1,0,0
110,"E_X4_Y3_29",3,0.119999997,1,29378,0.119996406,2.63180682e-05,0.0200000014,0.00292343507,0.0200000014,1,50000,50000,50000,1219.9187,1219.9187,0,0,1,1,0,0
110,"E_X4_Y3_29",4,0.0599999987,1,14688,0.0599941182,5.39344037e-05,0.0200000014,0.00292343507,0.0200000014,1,50000,50000,50000,2500.01587,2500.01587,0,0,1,1,0,0
110,"E_X4_Y3_29",5,0.0299999993,1,7344,0.0299970591,0.000107361411,0.0200000014,0.00292343507,0.0200000014,1,50000,50000,50000,4976.5127,4976.5127,0,0,1,1,0,0
110,"E_X4_Y3_29",6,0.00999999978,1,2448,0.0099990197,0.000393928291,0.0200000014,0.00292343507,0.0200000014,1,50000,50000,50000,18259.7168,18259.7168,0,0,1,1,0,0
111,"E_X3_Y3_28",0,1,1,244824,1,0,0.0200000014,0.0028027338,0.0200000014,1,50000,50000,50000,0,0,0,0,1,0,0,0
111,"E_X3_Y3_28",1,0.5,1,122412,0.5,4.31572062e-06,0.0200000014,0.0028027338,0.0200000014,1,50000,50000,50000,200.046158,200.046158,0,0,1,1,0,0
111,"E_X3_Y3_28",2,0.25,1,61206,0.25,1.31174811e-05,0.0200000014,0.0028027338,0.0200000014,1,50000,50000,50000,608.033203,608.033203,0,0,1,1,0,0
111,"E_X3_Y3_28",3,0.119999997,1,29378,0.119996406,3.00299216e-05,0.0200000014,0.0028027338,0.0200000014,1,50000,50000,50000,1391.97388,1391.97388,0,0,1,1,0,0
111,"E_X3_Y3_28",4,0.0599999987,1,14688,0.0599941182,6.08782648e-05,0.0200000014,0.0028027338,0.0200000014,1,50000,50000,50000,2821.88403,2821.88403,0,0,1,1,0,0
111,"E_X3_Y3_28",5,0.0299999993,1,7344,0.0299970591,0.000117797565,0.0200000014,0.0028027338,0.0200000014,1,50000,50000,50000,5460.25879,5460.25879,0,0,1,1,0,0
111,"E_X3_Y3_28",6,0.00999999978,1,2448,0.0099990197,0.000414814858,0.0200000014,0.0028027338,0.0200000014,1,50000,50000,50000,19227.8711,19227.8711,0,0,1,1,0,0
112,"E_X7_Y7_64",0,1,1,81608,1,0,0.0200000014,0.00505029364,0.0200000014,1,50000,50000,50000,0,0,0,0,1,0,0,0
112,"E_X7_Y7_64",1,0.5,1,40804,0.5,1.29185673e-05,0.0200000014,0.00505029364,0.0200000014,1,50000,50000,50000,598.813049,598.813049,0,0,1,1,0,0
112,"E_X7_Y7_64",2,0.25,1,20402,0.25,3.87555956e-05,0.0200000014,0.00505029364,0.0200000014,1,50000,50000,50000,1796.4342,1796.4342,0,0,1,1,0,0
112,"E_X7_Y7_64",3,0.119999997,1,9792,0.119988236,8.85063782e-05,0.0200000014,0.00505029364,0.0200000014,1,50000,50000,50000,4102.52686,4102.52686,0,0,1,1,0,0
112,"E_X7_Y7_64",4,0.0599999987,1,4896,0.0599941182,0.000181862226,0.0200000014,0.00505029364,0.0200000014,1,50000,50000,50000,8429.84082,8429.84082,0,0,1,1,0,0
112,"E_X7_Y7_64",5,0.0299999993,1,2448,0.0299970591,0.000377036049,0.0200000014,0.00505029364,0.0200000014,1,50000,50000,50000,17476.7129,17476.7129,0,0,1,1,0,0
112,"E_X7_Y7_64",6,0.00999999978,1,818,0.0100235271,0.0199280195,0.0200000014,0.00505029364,0.0200000014,1,50000,50000,50000,923721.5,923721.5,0,0,1,1,0,0
113,"E_X6_Y7_63",0,1,1,81608,1,0,0.0200000014,0.00465845782,0.0200000014,1,50000,50000,50000,0,0,0,0,1,0,0,0
113,"E_X6_Y7_63",1,0.5,1,40804,0.5,1.09177499e-05,0.0200000014,0.00465845782,0.0200000014,1,50000,50000,50000,506.069336,506.069336,0,0,1,1,0,0
113,"E_X6_Y7_63",2,0.25,1,20402,0.25,3.48333597e-05,0.0200000014,0.00465845782,0.0200000014,1,50000,50000,50000,1614.62708,1614.62708,0,0,1,1,0,0
113,"E_X6_Y7_63",3,0.119999997,1,9792,0.119988236,8.06066964e-05,0.0200000014,0.00465845782,0.0200000014,1,50000,50000,50000,3736.354,3736.354,0,0,1,1,0,0
113,"E_X6_Y7_63",4,0.0599999987,1,4896,0.0599941182,0.000167823688,0.0200000014,0.00465845782,0.0200000014,1,50000,50000,50000,7779.11377,7779.11377,0,0,1,1,0,0
113,"E_X6_Y7_63",5,0.0299999993,1,2448,0.0299970591,0.000355069438,0.0200000014,0.00465845782,0.0200000014,1,50000,50000,50000,16458.4961,16458.4961,0,0,1,1,0,0
113,"E_X6_Y7_63",6,0.00999999978,1,820,0.0100480345,0.0198164862,0.0200000014,0.00465845782,0.0200000014,1,50000,50000,50000,918551.625,918551.625,0,0,1,1,0,0
114,"E_X5_Y7_62",0,1,1,81608,1,0,0.0200000014,0.00469757384,0.0200000014,1,50000,50000,50000,0,0,0,0,1,0,0,0
114,"E_X5_Y7_62",1,0.5,1,40804,0.5,1.29173568e-05,0.0200000014,0.00469757384,0.0200000014,1,50000,50000,50000,598.756897,598.756897,0,0,1,1,0,0
114,"E_X5_Y7_62",2,0.25,1,20402,0.25,3.96358555e-05,0.0200000014,0.00469757384,0.0200000014,1,50000,50000,50000,1837.23682,1837.23682,0,0,1,1,0,0
114,"E_X5_Y7_62",3,0.119999997,1,9792,0.119988236,9.03607433e-05,0.0200000014,0.00469757384,0.0200000014,1,50000,50000,50000,4188.48242,4188.48242,0,0,1,1,0,0
114,"E_X5_Y7_62",4,0.0599999987,1,4896,0.0599941182,0.000186025311,0.0200000014,0.00469757384,0.0200000014,1,50000,50000,50000,8622.81152,8622.81152,0,0,1,1,0,0
114,"E_X5_Y7_62",5,0.0299999993,1,2448,0.0299970591,0.000388718501,0.0200000014,0.00469757384,0.0200000014,1,50000,50000,50000,18018.2285,18018.2285,0,0,1,1,0,0
114,"E_X5_Y7_62",6,0.00999999978,1,816,0.0099990197,0.0167679321,0.0200000014,0.00469757384,0.0200000014,1,50000,50000,50000,777242.25,777242.25,0,0,1,1,0,0
115,"E_X4_Y7_61",0,1,1,81608,1,0,0.0200000014,0.00578362541,0.0200000014,1,50000,50000,50000,0,0,0,0,1,0,0,0
115,"E_X4_Y7_61",1,0.5,1,40804,0.5,1.33675103e-05,0.0200000014,0.00578362541,0.0200000014,1,50000,50000,50000,619.622803,619.622803,0,0,1,1,0,0
115,"E_X4_Y7_61",2,0.25,1,20402,0.25,4.42418823e-05,0.0200000014,0.00578362541,0.0200000014,1,50000,50000,50000,2050.7395,2050.7395,0,0,1,1,0,0
115,"E_X4_Y7_61",3,0.119999997,1,9792,0.119988236,0.000104433297,0.0200000014,0.00578362541,0.0200000014,1,50000,50000,50000,4840.78613,4840.78613,0,0,1,1,0,0
115,"E_X4_Y7_61",4,0.0599999987,1,4896,0.0599941182,0.000221577808,0.0200000014,0.00578362541,0.0200000014,1,50000,50000,50000,10270.7744,10270.7744,0,0,1,1,0,0
115,"E_X4_Y7_61",5,0.0299999993,1,2448,0.0299970591,0.000474350178,0.0200000014,0.00578362541,0.0200000014,1,50000,50000,50000,21987.5039,21987.5039,0,0,1,1,0,0
115,"E_X4_Y7_61",6,0.00999999978,1,822,0.0100725419,0.0167964343,0.0200000014,0.00578362541,0.0200000014,1,50000,50000,50000,778563.375,778563.375,0,0,1,1,0,0
116,"E_X3_Y7_60",0,1,1,81608,1,0,0.0200000014,0.00544963824,0.0200000014,1,50000,50000,50000,0,0,0,0,1,0,0,0
116,"E_X3_Y7_60",1,0.5,1,40804,0.5,1.12451098e-05,0.0200000014,0.00544963824,0.0200000014,1,50000,50000,50000,521.243408,521.243408,0,0,1,1,0,0
116,"E_X3_Y7_60",2,0.25,1,20402,0.25,3.51567796e-05,0.0200000014,0.00544963824,0.0200000014,1,50000,50000,50000,1629.61853,1629.61853,0,0,1,1,0,0
116,"E_X3_Y7_60",3,0.119999997,1,9792,0.119988236,7.99024419e-05,0.0200000014,0.00544963824,0.0200000014,1,50000,50000,50000,3703.70972,3703.70972,0,0,1,1,0,0
116,"E_X3_Y7_60",4,0.0599999987,1,4896,0.0599941182,0.000162717508,0.0200000014,0.00544963824,0.0200000014,1,50000,50000,50000,7542.42822,7542.42822,0,0,1,1,0,0
116,"E_X3_Y7_60",5,0.0299999993,1,2448,0.0299970591,0.00033708851,0.0200000014,0.00544963824,0.0200000014,1,50000,50000,50000,15625.0283,15625.0283,0,0,1,1,0,0
116,"E_X3_Y7_60",6,0.00999999978,1,820,0.0100480345,0.0127285207,0.0200000014,0.00544963824,0.0200000014,1,50000,50000,50000,590003.75,590003.75,0,0,1,1,0,0
117,"E_X2_Y7_59",0,1,1,81608,1,0,0.0200000014,0.00336665264,0.0200000014,1,50000,50000,50000,0,0,0,0,1,0,0,0
117,"E_X2_Y7_59",1,0.5,1,40804,0.5,1.00655752e-05,0.0200000014,0.00336665264,0.0200000014,1,50000,50000,50000,466.568573,466.568573,0,0,1,1,0,0
117,"E_X2_Y7_59",2,0.25,1,20402,0.25,3.07781738e-05,0.0200000014,0.00336665264,0.0200000014,1,50000,50000,50000,1426.65747,1426.65747,0,0,1,1,0,0
117,"E_X2_Y7_59",3,0.119999997,1,9792,0.119988236,7.10425811e-05,0.0200000014,0.00336665264,0.0200000014,1,50000,50000,50000,3293.02954,3293.02954,0,0,1,1,0,0
117,"E_X2_Y7_59",4,0.0599999987,1,4896,0.0599941182,0.000145038881,0.0200000014,0.00336665264,0.0200000014,1,50000,50000,50000,6722.97266,6722.97266,0,0,1,1,0,0
117,"E_X2_Y7_59",5,0.0299999993,1,2448,0.0299970591,0.000300402404,0.0200000014,0.00336665264,0.0200000014,1,50000,50000,50000,13924.5215,13924.5215,0,0,1,1,0,0
117,"E_X2_Y7_59",6,0.00999999978,1,816,0.0099990197,0.0167142637,0.0200000014,0.00336665264,0.0200000014,1,50000,50000,50000,774754.562,774754.562,0,0,1,1,0,0
118,"E_X1_Y7_58",0,1,1,81608,1,0,0.0200000014,0.00285895471,0.0200000014,1,50000,50000,50000,0,0,0,0,1,0,0,0
118,"E_X1_Y7_58",1,0.5,1,40804,0.5,9.45524243e-06,0.0200000014,0.00285895471,0.0200000014,1,50000,50000,50000,438.277893,438.277893,0,0,1,1,0,0
118,"E_X1_Y7_58",2,0.25,1,20402,0.25,3.07286864e-05,0.0200000014,0.00285895471,0.0200000014,1,50000,50000,50000,1424.36365,1424.36365,0,0,1,1,0,0
118,"E_X1_Y7_58",3,0.119999997,1,9792,0.119988236,7.09829474e-05,0.0200000014,0.00285895471,0.0200000014,1,50000,50000,50000,3290.26514,3290.26514,0,0,1,1,0,0
118,"E_X1_Y7_58",4,0.0599999987,1,4896,0.0599941182,0.000146438993,0.0200000014,0.00285895471,0.0200000014,1,50000,50000,50000,6787.87207,6787.87207,0,0,1,1,0,0
118,"E_X1_Y7_58",5,0.0299999993,1,2448,0.0299970591,0.000307442853,0.0200000014,0.00285895471,0.0200000014,1,50000,50000,50000,14250.8672,14250.8672,0,0,1,1,0,0
118,"E_X1_Y7_58",6,0.00999999978,1,816,0.0099990197,0.0177825261,0.0200000014,0.00285895471,0.0200000014,1,50000,50000,50000,824271.562,824271.562,0,0,1,1,0,0
119,"E_X0_Y7_57",0,1,1,81608,1,0,0.0200000014,0.00255468325,0.0200000014,1,50000,50000,50000,0,0,0,0,1,0,0,0
119,"E_X0_Y7_57",1,0.5,1,40804,0.5,8.45211343e-06,0.0200000014,0.00255468325,0.0200000014,1,50000,50000,50000,391.779938,391.779938,0,0,1,1,0,0
119,"E_X0_Y7_57",2,0.25,1,20402,0.25,2.53637154e-05,0.0200000014,0.00255468325,0.0200000014,1,50000,50000,50000,1175.68164,1175.68164,0,0,1,1,0,0
119,"E_X0_Y7_57",3,0.119999997,1,9792,0.119988236,5.84672562e-05,0.0200000014,0.00255468325,0.0200000014,1,50000,50000,50000,2710.12671,2710.12671,0,0,1,1,0,0
119,"E_X0_Y7_57",4,0.0599999987,1,4896,0.0599941182,0.000120219716,0.0200000014,0.00255468325,0.0200000014,1,50000,50000,50000,5572.53223,5572.53223,0,0,1,1,0,0
119,"E_X0_Y7_57",5,0.0299999993,1,2448,0.0299970591,0.000253352686,0.0200000014,0.00255468325,0.0200000014,1,50000,50000,50000,11743.6309,11743.6309,0,0,1,1,0,0
119,"E_X0_Y7_57",6,0.00999999978,1,816,0.0099990197,0.0199077185,0.0200000014,0.00255468325,0.0200000014,1,50000,50000,50000,922780.438,922780.438,0,0,1,1,0,0
120,"E_X0_Y6_49",0,1,1,81608,1,0,0.0200000014,0.00249270909,0.0200000014,1,50000,50000,50000,0,0,0,0,1,0,0,0
120,"E_X0_Y6_49",1,0.5,1,40804,0.5,8.45537852e-06,0.0200000014,0.00249270909,0.0200000014,1,50000,50000,50000,391.931274,391.931274,0,0,1,1,0,0
120,"E_X0_Y6_49",2,0.25,1,20402,0.25,2.67239047e-05,0.0200000014,0.00249270909,0.0200000014,1,50000,50000,50000,1238.73047,1238.73047,0,0,1,1,0,0
120,"E_X0_Y6_49",3,0.119999997,1,9792,0.119988236,6.31864095e-05,0.0200000014,0.00249270909,0.0200000014,1,50000,50000,50000,2928.87305,2928.87305,0,0,1,1,0,0
120,"E_X0_Y6_49",4,0.0599999987,1,4896,0.0599941182,0.000130796412,0.0200000014,0.00249270909,0.0200000014,1,50000,50000,50000,6062.79248,6062.79248,0,0,1,1,0,0
120,"E_X0_Y6_49",5,0.0299999993,1,2448,0.0299970591,0.000275566941,0.0200000014,0.00249270909,0.0200000014,1,50000,50000,50000,12773.3262,12773.3262,0,0,1,1,0,0
120,"E_X0_Y6_49",6,0.00999999978,1,816,0.0099990197,0.0173986722,0.0200000014,0.00249270909,0.0200000014,1,50000,50000,50000,806478.875,806478.875,0,0,1,1,0,0
121,"E_X1_Y6_50",0,1,1,81608,1,0,0.0200000014,0.00487267831,0.0200000014,1,50000,50000,50000,0,0,0,0,1,0,0,0
121,"E_X1_Y6_50",1,0.5,1,40804,0.5,1.29174314e-05,0.0200000014,0.00487267831,0.0200000014,1,50000,50000,50000,598.760315,598.760315,0,0,1,1,0,0
121,"E_X1_Y6_50",2,0.25,1,20402,0.25,4.13881207e-05,0.0200000014,0.00487267831,0.0200000014,1,50000,50000,50000,1918.45935,1918.45935,0,0,1,1,0,0
121,"E_X1_Y6_50",3,0.119999997,1,9792,0.119988236,9.57605516e-05,0.0200000014,0.00487267831,0.0200000014,1,50000,50000,50000,4438.7793,4438.7793,0,0,1,1,0,0
121,"E_X1_Y6_50",4,0.0599999987,1,4896,0.0599941182,0.000197974732,0.0200000014,0.00487267831,0.0200000014,1,50000,50000,50000,9176.70312,9176.70312,0,0,1,1,0,0
121,"E_X1_Y6_50",5,0.0299999993,1,2448,0.0299970591,0.000415179384,0.0200000014,0.00487267831,0.0200000014,1,50000,50000,50000,19244.7656,19244.7656,0,0,1,1,0,0
121,"E_X1_Y6_50",6,0.00999999978,1,818,0.0100235271,0.0169277508,0.0200000014,0.00487267831,0.0200000014,1,50000,50000,50000,784650.25,784650.25,0,0,1,1,0,0
122,"E_X2_Y6_51",0,1,1,81608,1,0,0.0200000014,0.00655265804,0.0200000014,1,50000,50000,50000,0,0,0,0,1,0,0,0
122,"E_X2_Y6_51",1,0.5,1,40804,0.5,1.61943408e-05,0.0200000014,0.00655265804,0.0200000014,1,50000,50000,50000,750.654602,750.654602,0,0,1,1,0,0
122,"E_X2_Y6_51",2,0.25,1,20402,0.25,4.85807759e-05,0.0200000014,0.00655265804,0.0200000014,1,50000,50000,50000,2251.85986,2251.85986,0,0,1,1,0,0
122,"E_X2_Y6_51",3,0.119999997,1,9792,0.119988236,0.000110283567,0.0200000014,0.00655265804,0.0200000014,1,50000,50000,50000,5111.96289,5111.96289,0,0,1,1,0,0
122,"E_X2_Y6_51",4,0.0599999987,1,4896,0.0599941182,0.000224161922,0.0200000014,0.00655265804,0.0200000014,1,50000,50000,50000,10390.5547,10390.5547,0,0,1,1,0,0
122,"E_X2_Y6_51",5,0.0299999993,1,2448,0.0299970591,0.000463605917,0.0200000014,0.00655265804,0.0200000014,1,50000,50000,50000,21489.4785,21489.4785,0,0,1,1,0,0
122,"E_X2_Y6_51",6,0.00999999978,1,824,0.0100970493,0.0174868517,0.0200000014,0.00655265804,0.0200000014,1,50000,50000,50000,810566.25,810566.25,0,0,1,1,0,0
123,"E_X3_Y6_52",0,1,1,81608,1,0,0.0200000014,0.00750223733,0.0200000014,1,50000,50000,50000,0,0,0,0,1,0,0,0
123,"E_X3_Y6_52",1,0.5,1,40804,0.5,1.58211587e-05,0.0200000014,0.00750223733,0.0200000014,1,50000,50000,50000,733.356567,733.356567,0,0,1,1,0,0
123,"E_X3_Y6_52",2,0.25,1,20402,0.25,4.81226198e-05,0.0200000014,0.00750223733,0.0200000014,1,50000,50000,50000,2230.6228,2230.6228,0,0,1,1,0,0
123,"E_X3_Y6_52",3,0.119999997,1,9792,0.119988236,0.000109864734,0.0200000014,0.00750223733,0.0200000014,1,50000,50000,50000,5092.54834,5092.54834,0,0,1,1,0,0
123,"E_X3_Y6_52",4,0.0599999987,1,4896,0.0599941182,0.00022359041,0.0200000014,0.00750223733,0.0200000014,1,50000,50000,50000,10364.0635,10364.0635,0,0,1,1,0,0
123,"E_X3_Y6_52",5,0.0299999993,1,2448,0.0299970591,0.000462249038,0.0200000014,0.00750223733,0.0200000014,1,50000,50000,50000,21426.582,21426.582,0,0,1,1,0,0
123,"E_X3_Y6_52",6,0.00999999978,1,824,0.0100970493,0.0191585962,0.0200000014,0.00750223733,0.0200000014,1,50000,50000,50000,888056.5,888056.5,0,0,1,1,0,0
124,"E_X4_Y6_53",0,1,1,81608,1,0,0.0200000014,0.00540321087,0.0200000014,1,50000,50000,50000,0,0,0,0,1,0,0,0
124,"E_X4_Y6_53",1,0.5,1,40804,0.5,1.5821608e-05,0.0200000014,0.00540321087,0.0200000014,1,50000,50000,50000,733.377441,733.377441,0,0,1,1,0,0
124,"E_X4_Y6_53",2,0.25,1,20402,0.25,5.03284464e-05,0.0200000014,0.00540321087,0.0200000014,1,50000,50000,50000,2332.86938,2332.86938,0,0,1,1,0,0
124,"E_X4_Y6_53",3,0.119999997,1,9792,0.119988236,0.000116547249,0.0200000014,0.00540321087,0.0200000014,1,50000,50000,50000,5402.30273,5402.30273,0,0,1,1,0,0
124,"E_X4_Y6_53",4,0.0599999987,1,4896,0.0599941182,0.000242981288,0.0200000014,0.00540321087,0.0200000014,1,50000,50000,50000,11262.8877,11262.8877,0,0,1,1,0,0
124,"E_X4_Y6_53",5,0.0299999993,1,2448,0.0299970591,0.000512092782,0.0200000014,0.00540321087,0.0200000014,1,50000,50000,50000,23736.9844,23736.9844,0,0,1,1,0,0
124,"E_X4_Y6_53",6,0.00999999978,1,822,0.0100725419,0.019203661,0.0200000014,0.00540321087,0.0200000014,1,50000,50000,50000,890145.312,890145.312,0,0,1,1,0,0
125,"E_X5_Y6_54",0,1,1,81608,1,0,0.0200000014,0.00433470961,0.0200000014,1,50000,50000,50000,0,0,0,0,1,0,0,0
125,"E_X5_Y6_54",1,0.5,1,40804,0.5,1.14447403e-05,0.0200000014,0.00433470961,0.0200000014,1,50000,50000,50000,530.496887,530.496887,0,0,1,1,0,0
125,"E_X5_Y6_54",2,0.25,1,20402,0.25,3.6334568e-05,0.0200000014,0.00433470961,0.0200000014,1,50000,50000,50000,1684.21252,1684.21252,0,0,1,1,0,0
125,"E_X5_Y6_54",3,0.119999997,1,9792,0.119988236,8.51386794e-05,0.0200000014,0.00433470961,0.0200000014,1,50000,50000,50000,3946.42432,3946.42432,0,0,1,1,0,0
125,"E_X5_Y6_54",4,0.0599999987,1,4896,0.0599941182,0.000176740883,0.0200000014,0.00433470961,0.0200000014,1,50000,50000,50000,8192.45215,8192.45215,0,0,1,1,0,0
125,"E_X5_Y6_54",5,0.0299999993,1,2448,0.0299970591,0.000374912372,0.0200000014,0.00433470961,0.0200000014,1,50000,50000,50000,17378.2754,17378.2754,0,0,1,1,0,0
125,"E_X5_Y6_54",6,0.00999999978,1,822,0.0100725419,0.0152726099,0.0200000014,0.00433470961,0.0200000014,1,50000,50000,50000,707929.688,707929.688,0,0,1,1,0,0
126,"E_X6_Y6_55",0,1,1,81608,1,0,0.0200000014,0.00527031301,0.0200000014,1,50000,50000,50000,0,0,0,0,1,0,0,0
126,"E_X6_Y6_55",1,0.5,1,40804,0.5,1.06408434e-05,0.0200000014,0.00527031301,0.0200000014,1,50000,50000,50000,493.233917,493.233917,0,0,1,1,0,0
126,"E_X6_Y6_55",2,0.25,1,20402,0.25,3.30133589e-05,0.0200000014,0.00527031301,0.0200000014,1,50000,50000,50000,1530.26477,1530.26477,0,0,1,1,0,0
126,"E_X6_Y6_55",3,0.119999997,1,9792,0.119988236,7.65784353e-05,0.0200000014,0.00527031301,0.0200000014,1,50000,50000,50000,3549.63232,3549.63232,0,0,1,1,0,0
126,"E_X6_Y6_55",4,0.0599999987,1,4896,0.0599941182,0.000157059752,0.0200000014,0.00527031301,0.0200000014,1,50000,50000,50000,7280.1748,7280.1748,0,0,1,1,0,0
126,"E_X6_Y6_55",5,0.0299999993,1,2448,0.0299970591,0.000322581007,0.0200000014,0.00527031301,0.0200000014,1,50000,50000,50000,14952.5645,14952.5645,0,0,1,1,0,0
126,"E_X6_Y6_55",6,0.00999999978,1,818,0.0100235271,0.0169175565,0.0200000014,0.00527031301,0.0200000014,1,50000,50000,50000,784177.75,784177.75,0,0,1,1,0,0
127,"E_X7_Y6_56",0,1,1,81608,1,0,0.0200000014,0.00555549143,0.0200000014,1,50000,50000,50000,0,0,0,0,1,0,0,0
127,"E_X7_Y6_56",1,0.5,1,40804,0.5,1.29132513e-05,0.0200000014,0.00555549143,0.0200000014,1,50000,50000,50000,598.566589,598.566589,0,0,1,1,0,0
127,"E_X7_Y6_56",2,0.25,1,20402,0.25,3.87041509e-05,0.0200000014,0.00555549143,0.0200000014,1,50000,50000,50000,1794.04956,1794.04956,0,0,1,1,0,0
127,"E_X7_Y6_56",3,0.119999997,1,9792,0.119988236,8.84273759e-05,0.0200000014,0.00555549143,0.0200000014,1,50000,50000,50000,4098.86523,4098.86523,0,0,1,1,0,0
127,"E_X7_Y6_56",4,0.0599999987,1,4896,0.0599941182,0.00017989456,0.0200000014,0.00555549143,0.0200000014,1,50000,50000,50000,8338.63379,8338.63379,0,0,1,1,0,0
127,"E_X7_Y6_56",5,0.0299999993,1,2448,0.0299970591,0.000374546624,0.0200000014,0.00555549143,0.0200000014,1,50000,50000,50000,17361.3203,17361.3203,0,0,1,1,0,0
127,"E_X7_Y6_56",6,0.00999999978,1,818,0.0100235271,0.0186642334,0.0200000014,0.00555549143,0.0200000014,1,50000,50000,50000,865141.312,865141.312,0,0,1,1,0,0
128,"E_X7_Y5_48",0,1,1,81608,1,0,0.0200000014,0.00736104045,0.0200000014,1,50000,50000,50000,0,0,0,0,1,0,0,0
128,"E_X7_Y5_48",1,0.5,1,40804,0.5,1.33708872e-05,0.0200000014,0.00736104045,0.0200000014,1,50000,50000,50000,619.779358,619.779358,0,0,1,1,0,0
128,"E_X7_Y5_48",2,0.25,1,20402,0.25,4.09787899e-05,0.0200000014,0.00736104045,0.0200000014,1,50000,50000,50000,1899.48572,1899.48572,0,0,1,1,0,0
128,"E_X7_Y5_48",3,0.119999997,1,9792,0.119988236,9.26451758e-05,0.0200000014,0.00736104045,0.0200000014,1,50000,50000,50000,4294.37256,4294.37256,0,0,1,1,0,0
128,"E_X7_Y5_48",4,0.0599999987,1,4896,0.0599941182,0.000188301492,0.0200000014,0.00736104045,0.0200000014,1,50000,50000,50000,8728.32031,8728.32031,0,0,1,1,0,0
128,"E_X7_Y5_48",5,0.0299999993,1,2448,0.0299970591,0.000387318898,0.0200000014,0.00736104045,0.0200000014,1,50000,50000,50000,17953.3535,17953.3535,0,0,1,1,0,0
128,"E_X7_Y5_48",6,0.00999999978,1,820,0.0100480345,0.0148220416,0.0200000014,0.00736104045,0.0200000014,1,50000,50000,50000,687044.5,687044.5,0,0,1,1,0,0
129,"E_X6_Y5_47",0,1,1,81608,1,0,0.0200000014,0.00854310021,0.0200000014,1,50000,50000,50000,0,0,0,0,1,0,0,0
129,"E_X6_Y5_47",1,0.5,1,40804,0.5,1.5047367e-05,0.0200000014,0.00854310021,0.0200000014,1,50000,50000,50000,697.489014,697.489014,0,0,1,1,0,0
129,"E_X6_Y5_47",2,0.25,1,20402,0.25,4.8534188e-05,0.0200000014,0.00854310021,0.0200000014,1,50000,50000,50000,2249.7002,2249.7002,0,0,1,1,0,0
129,"E_X6_Y5_47",3,0.119999997,1,9792,0.119988236,0.000111807851,0.0200000014,0.00854310021,0.0200000014,1,50000,50000,50000,5182.61768,5182.61768,0,0,1,1,0,0
129,"E_X6_Y5_47",4,0.0599999987,1,4896,0.0599941182,0.000232190854,0.0200000014,0.00854310021,0.0200000014,1,50000,50000,50000,10762.7188,10762.7188,0,0,1,1,0,0
129,"E_X6_Y5_47",5,0.0299999993,1,2448,0.0299970591,0.000490973005,0.0200000014,0.00854310021,0.0200000014,1,50000,50000,50000,22758.0195,22758.0195,0,0,1,1,0,0
129,"E_X6_Y5_47",6,0.00999999978,1,822,0.0100725419,0.0184614547,0.0200000014,0.00854310021,0.0200000014,1,50000,50000,50000,855741.875,855741.875,0,0,1,1,0,0
130,"E_X5_Y5_46",0,1,1,81608,1,0,0.0200000014,0.00600573281,0.0200000014,1,50000,50000,50000,0,0,0,0,1,0,0,0
130,"E_X5_Y5_46",1,0.5,1,40804,0.5,9.76545289e-06,0.0200000014,0.00600573281,0.0200000014,1,50000,50000,50000,452.657043,452.657043,0,0,1,1,0,0
130,"E_X5_Y5_46",2,0.25,1,20402,0.25,3.15799443e-05,0.0200000014,0.00600573281,0.0200000014,1,50000,50000,50000,1463.82202,1463.82202,0,0,1,1,0,0
130,"E_X5_Y5_46",3,0.119999997,1,9792,0.119988236,7.2979652e-05,0.0200000014,0.00600573281,0.0200000014,1,50000,50000,50000,3382.81836,3382.81836,0,0,1,1,0,0
130,"E_X5_Y5_46",4,0.0599999987,1,4896,0.0599941182,0.000149622647,0.0200000014,0.00600573281,0.0200000014,1,50000,50000,50000,6935.44287,6935.44287,0,0,1,1,0,0
130,"E_X5_Y5_46",5,0.0299999993,1,2448,0.0299970591,0.00030994293,0.0200000014,0.00600573281,0.0200000014,1,50000,50000,50000,14366.7529,14366.7529,0,0,1,1,0,0
130,"E_X5_Y5_46",6,0.00999999978,1,822,0.0100725419,0.0165936314,0.0200000014,0.00600573281,0.0200000014,1,50000,50000,50000,769162.938,769162.938,0,0,1,1,0,0
131,"E_X4_Y5_45",0,1,1,81608,1,0,0.0200000014,0.00316378521,0.0200000014,1,50000,50000,50000,0,0,0,0,1,0,0,0
131,"E_X4_Y5_45",1,0.5,1,40804,0.5,8.09719404e-06,0.0200000014,0.00316378521,0.0200000014,1,50000,50000,50000,375.32843,375.32843,0,0,1,1,0,0
131,"E_X4_Y5_45",2,0.25,1,20402,0.25,2.60342604e-05,0.0200000014,0.00316378521,0.0200000014,1,50000,50000,50000,1206.76343,1206.76343,0,0,1,1,0,0
131,"E_X4_Y5_45",3,0.119999997,1,9792,0.119988236,6.12360163e-05,0.0200000014,0.00316378521,0.0200000014,1,50000,50000,50000,2838.4668,2838.4668,0,0,1,1,0,0
131,"E_X4_Y5_45",4,0.0599999987,1,4896,0.0599941182,0.000125868479,0.0200000014,0.00316378521,0.0200000014,1,50000,50000,50000,5834.36914,5834.36914,0,0,1,1,0,0
131,"E_X4_Y5_45",5,0.0299999993,1,2448,0.0299970591,0.000266356714,0.0200000014,0.00316378521,0.0200000014,1,50000,50000,50000,12346.4062,12346.4062,0,0,1,1,0,0
131,"E_X4_Y5_45",6,0.00999999978,1,816,0.0099990197,0.0193916671,0.0200000014,0.00316378521,0.0200000014,1,50000,50000,50000,898860,898860,0,0,1,1,0,0
132,"E_X3_Y5_44",0,1,1,81608,1,0,0.0200000014,0.00594728719,0.0200000014,1,50000,50000,50000,0,0,0,0,1,0,0,0
132,"E_X3_Y5_44",1,0.5,1,40804,0.5,9.61144087e-06,0.0200000014,0.00594728719,0.0200000014,1,50000,50000,50000,445.518127,445.518127,0,0,1,1,0,0
132,"E_X3_Y5_44",2,0.25,1,20402,0.25,3.14450481e-05,0.0200000014,0.00594728719,0.0200000014,1,50000,50000,50000,1457.56909,1457.56909,0,0,1,1,0,0
132,"E_X3_Y5_44",3,0.119999997,1,9792,0.119988236,7.39815368e-05,0.0200000014,0.00594728719,0.0200000014,1,50000,50000,50000,3429.25854,3429.25854,0,0,1,1,0,0
132,"E_X3_Y5_44",4,0.0599999987,1,4896,0.0599941182,0.000150252978,0.0200000014,0.00594728719,0.0200000014,1,50000,50000,50000,6964.66113,6964.66113,0,0,1,1,0,0
132,"E_X3_Y5_44",5,0.0299999993,1,2448,0.0299970591,0.000315617363,0.0200000014,0.00594728719,0.0200000014,1,50000,50000,50000,14629.7793,14629.7793,0,0,1,1,0,0
132,"E_X3_Y5_44",6,0.00999999978,1,818,0.0100235271,0.0187075995,0.0200000014,0.00594728719,0.0200000014,1,50000,50000,50000,867151.438,867151.438,0,0,1,1,0,0
133,"River",0,1,1,4686,1,0,80.0474701,1.664976,30.4827309,1,100,100,100,0,0,0,0,1,0,0,0
133,"River",1,0.5,1,2343,0.5,0.00809814129,80.0474701,1.664976,30.4827309,1,100,100,100,750.744629,750.744629,0,0,1,1,0,0
133,"River",2,0.25,1,1171,0.249893299,0.0309333391,80.0474701,1.664976,30.4827309,1,100,100,100,2867.69971,2867.69971,0,0,1,1,0,0
133,"River",3,0.119999997,1,562,0.119931711,0.112593219,80.0474701,1.664976,30.4827309,1,100,100,100,10438.0439,10438.0439,0,0,1,1,0,0
133,"River",4,0.0599999987,1,281,0.0599658557,0.408673704,80.0474701,1.664976,30.4827309,1,100,100,100,37886.418,37886.418,0,0,1,1,0,0
133,"River",5,0.0299999993,1,140,0.0298762271,1.38444567,80.0474701,1.664976,30.4827309,1,100,100,100,128346.141,128346.141,0,0,1,1,0,0
133,"River",6,0.00999999978,1,46,0.00981647461,5.15448952,80.0474701,1.664976,30.4827309,1,100,100,100,477851.031,477851.031,0,0,1,1,0,0
134,"Pyramid_v1a",0,1,19,303580,1,0,0.419771552,0.205443412,0.419771045,1,100,100,100,0,0,0,0,1,0,0,0
134,"Pyramid_v1a",1,0.5,19,151730,0.499802359,0.0244346093,0.419771552,0.205443412,0.419771045,1,100,100,100,2265.22998,2265.22998,0,0,1,17,2,0
134,"Pyramid_v1a",2,0.25,19,75878,0.249944002,0.0710846931,0.419771552,0.205443412,0.419771045,1,100,100,100,6589.96289,6589.96289,0,0,1,17,2,0
134,"Pyramid_v1a",3,0.119999997,19,36384,0.119849792,0.0740754902,0.419771552,0.205443412,0.419771045,1,100,100,100,6867.22705,6867.22705,0,0,1,16,3,0
134,"Pyramid_v1a",4,0.0599999987,19,18138,0.0597470189,0.0740754902,0.419771552,0.205443412,0.419771045,1,100,100,100,6867.22705,6867.22705,0,0,1,15,3,1
134,"Pyramid_v1a",5,0.0299999993,19,9105,0.0299920943,0.0740754902,0.419771552,0.205443412,0.419771045,1,100,100,100,6867.22705,6867.22705,0,0,1,15,4,0
134,"Pyramid_v1a",6,0.00999999978,19,2892,0.00952631926,0.0912688971,0.419771552,0.205443412,0.419771045,1,100,100,100,8461.15527,8461.15527,0,0,1,13,6,0
135,"STT_BanyanForest_ROP_Reduced_001_Translucent",0,1,3,4940777,1,0,0.622268736,0.506146193,0.556387424,1,100,100,100,0,0,1,0,1,0,0,0
135,"STT_BanyanForest_ROP_Reduced_001_Translucent",1,0.5,3,2455122,0.496910101,0.000950049434,0.622268736,0.506146193,0.556387424,1,100,100,100,88.0750885,88.0750885,1,0,1,3,0,0
135,"STT_BanyanForest_ROP_Reduced_001_Translucent",2,0.25,3,1206473,0.244186896,0.00283059222,0.622268736,0.506146193,0.556387424,1,100,100,100,262.412323,262.412323,1,0,1,2,1,0
135,"STT_BanyanForest_ROP_Reduced_001_Translucent",3,0.119999997,3,575425,0.116464475,0.00605948083,0.622268736,0.506146193,0.556387424,1,100,100,100,561.748962,561.748962,1,0,1,2,1,0
135,"STT_BanyanForest_ROP_Reduced_001_Translucent",4,0.0599999987,3,286210,0.0579281356,0.0110142892,0.622268736,0.506146193,0.556387424,1,100,100,100,1021.08838,1021.08838,1,0,1,2,1,0
135,"STT_BanyanForest_ROP_Reduced_001_Translucent",5,0.0299999993,3,144023,0.0291498685,0.0182246678,0.622268736,0.506146193,0.556387424,1,100,100,100,1689.53223,1689.53223,1,0,1,2,1,0
135,"STT_BanyanForest_ROP_Reduced_001_Translucent",6,0.00999999978,3,47058,0.00952441286,0.0289732683,0.622268736,0.506146193,0.556387424,1,100,100,100,2685.98975,2685.98975,1,0,1,2,1,0
136,"Creek",0,1,1,20402,1,0,0.0199999996,0,0.0199999996,1,9332.04004,9332.04004,9332.04004,0,0,0,0,1,0,0,0
136,"Creek",1,0.5,1,10200,0.499950985,1.32002469e-07,0.0199999996,0,0.0199999996,1,9332.04004,9332.04004,9332.04004,1.14199853,1.14199853,0,0,1,1,0,0
136,"Creek",2,0.25,1,5099,0.249926478,2.97453425e-07,0.0199999996,0,0.0199999996,1,9332.04004,9332.04004,9332.04004,2.57337117,2.57337117,0,0,1,1,0,0
136,"Creek",3,0.119999997,1,2448,0.119988236,5.17752483e-07,0.0199999996,0,0.0199999996,1,9332.04004,9332.04004,9332.04004,4.47925377,4.47925377,0,0,1,1,0,0
136,"Creek",4,0.0599999987,1,1224,0.0599941182,8.22472657e-07,0.0199999996,0,0.0199999996,1,9332.04004,9332.04004,9332.04004,7.11549234,7.11549234,0,0,1,1,0,0
136,"Creek",5,0.0299999993,1,611,0.0299480443,1.27780777e-06,0.0199999996,0,0.0199999996,1,9332.04004,9332.04004,9332.04004,11.0547523,11.0547523,0,0,1,1,0,0
136,"Creek",6,0.00999999978,1,203,0.0099500049,2.22955509e-06,0.0199999996,0,0.0199999996,1,9332.04004,9332.04004,9332.04004,19.2886429,19.2886429,0,0,1,1,0,0
