mesh_index,mesh_name,submesh_index,submesh_name,lod_index,target_ratio,original_triangles,target_triangles,result_triangles,actual_ratio,simplify_scale,accumulated_error,relative_error,method,material_index,flags
0,"RiverSeedling_01_Translucent",0,"MI_RiverFamily_Branches",0,1,2920,2920,2920,1,0.0106230024,0,0,source,0,1
0,"RiverSeedling_01_Translucent",1,"MI_RiverFamily_Trunk",0,1,1002,1002,1002,1,0.0101484116,0,0,source,1,1
0,"RiverSeedling_01_Translucent",2,"MI_RiverFamily_Leaves_TwoSided",0,1,2852,2852,2852,1,0.0122270137,0,0,source,2,3
0,"RiverSeedling_01_Translucent",0,"MI_RiverFamily_Branches",1,0.5,2920,1460,1434,0.49109589,0.0106230024,5.36422558e-05,0.0050496324,attributes,0,1
0,"RiverSeedling_01_Translucent",1,"MI_RiverFamily_Trunk",1,0.5,1002,501,500,0.499001996,0.0101484116,3.40033257e-05,0.00335060572,attributes,1,1
0,"RiverSeedling_01_Translucent",2,"MI_RiverFamily_Leaves_TwoSided",1,0.5,2852,1426,1426,0.5,0.0122270137,5.46572337e-05,0.00447020307,attributes,2,3
0,"RiverSeedling_01_Translucent",0,"MI_RiverFamily_Branches",2,0.25,2920,730,716,0.245205479,0.0106230024,0.000132330359,0.0124569638,attributes,0,1
0,"RiverSeedling_01_Translucent",1,"MI_RiverFamily_Trunk",2,0.25,1002,250,250,0.249500998,0.0101484116,0.000135875045,0.0133887995,attributes,1,1
0,"RiverSeedling_01_Translucent",2,"MI_RiverFamily_Leaves_TwoSided",2,0.25,2852,713,703,0.246493689,0.0122270137,0.000195381435,0.0159794893,sloppy,2,3
0,"RiverSeedling_01_Translucent",0,"MI_RiverFamily_Branches",3,0.119999997,2920,350,350,0.119863014,0.0106230024,0.000236711145,0.0222828854,attributes,0,1
0,"RiverSeedling_01_Translucent",1,"MI_RiverFamily_Trunk",3,0.119999997,1002,120,120,0.119760479,0.0101484116,0.000360963691,0.0355684906,attributes,1,1
0,"RiverSeedling_01_Translucent",2,"MI_RiverFamily_Leaves_TwoSided",3,0.119999997,2852,342,335,0.117461431,0.0122270137,0.000463958102,0.0379453339,sloppy,2,3
0,"RiverSeedling_01_Translucent",0,"MI_RiverFamily_Branches",4,0.0599999987,2920,175,168,0.0575342466,0.0106230024,0.00037351856,0.0351612978,attributes,0,1
0,"RiverSeedling_01_Translucent",1,"MI_RiverFamily_Trunk",4,0.0599999987,1002,60,58,0.0578842315,0.0101484116,0.000726523343,0.0715898573,attributes,1,1
0,"RiverSeedling_01_Translucent",2,"MI_RiverFamily_Leaves_TwoSided",4,0.0599999987,2852,171,162,0.056802244,0.0122270137,0.000587770483,0.0480714664,sloppy,2,3
0,"RiverSeedling_01_Translucent",0,"MI_RiverFamily_Branches",5,0.0299999993,2920,87,86,0.0294520548,0.0106230024,0.000521786977,0.0491185971,attributes,0,1
0,"RiverSeedling_01_Translucent",1,"MI_RiverFamily_Trunk",5,0.0299999993,1002,30,28,0.0279441118,0.0101484116,0.00110149093,0.108538255,attributes,1,1
0,"RiverSeedling_01_Translucent",2,"MI_RiverFamily_Leaves_TwoSided",5,0.0299999993,2852,85,85,0.0298036466,0.0122270137,0.000647405512,0.0529487841,sloppy,2,3
0,"RiverSeedling_01_Translucent",0,"MI_RiverFamily_Branches",6,0.00999999978,2920,29,28,0.0095890411,0.0106230024,0.00071825413,0.0676131025,attributes,0,1
0,"RiverSeedling_01_Translucent",1,"MI_RiverFamily_Trunk",6,0.00999999978,1002,10,10,0.00998003992,0.0101484116,0.00154594274,0.152333468,attributes,1,1
0,"RiverSeedling_01_Translucent",2,"MI_RiverFamily_Leaves_TwoSided",6,0.00999999978,2852,28,24,0.00841514727,0.0122270137,0.00109156244,0.0892746598,sloppy,2,3
1,"RiverSeedling_02_Translucent",0,"MI_RiverFamily_Branches",0,1,2920,2920,2920,1,0.00979216211,0,0,source,3,1
1,"RiverSeedling_02_Translucent",1,"MI_RiverFamily_Trunk",0,1,1002,1002,1002,1,0.00996499136,0,0,source,4,1
1,"RiverSeedling_02_Translucent",2,"MI_RiverFamily_Leaves_TwoSided",0,1,2829,2829,2829,1,0.0118228197,0,0,source,5,3
1,"RiverSeedling_02_Translucent",0,"MI_RiverFamily_Branches",1,0.5,2920,1460,1436,0.491780822,0.00979216211,5.12718398e-05,0.0052360082,attributes,3,1
1,"RiverSeedling_02_Translucent",1,"MI_RiverFamily_Trunk",1,0.5,1002,501,500,0.499001996,0.00996499136,3.33864591e-05,0.00335037522,attributes,4,1
1,"RiverSeedling_02_Translucent",2,"MI_RiverFamily_Leaves_TwoSided",1,0.5,2829,1414,1413,0.499469777,0.0118228197,5.28894125e-05,0.00447350228,attributes,5,3
1,"RiverSeedling_02_Translucent",0,"MI_RiverFamily_Branches",2,0.25,2920,730,720,0.246575342,0.00979216211,0.000129947846,0.0132705979,attributes,3,1
1,"RiverSeedling_02_Translucent",1,"MI_RiverFamily_Trunk",2,0.25,1002,250,250,0.249500998,0.00996499136,0.000138370233,0.013885635,attributes,4,1
1,"RiverSeedling_02_Translucent",2,"MI_RiverFamily_Leaves_TwoSided",2,0.25,2829,707,689,0.243548957,0.0118228197,0.000230784834,0.0195202865,sloppy,5,3
1,"RiverSeedling_02_Translucent",0,"MI_RiverFamily_Branches",3,0.119999997,2920,350,342,0.117123288,0.00979216211,0.000232771097,0.0237711649,attributes,3,1
1,"RiverSeedling_02_Translucent",1,"MI_RiverFamily_Trunk",3,0.119999997,1002,120,118,0.117764471,0.00996499136,0.000369401649,0.0370699428,attributes,4,1
1,"RiverSeedling_02_Translucent",2,"MI_RiverFamily_Leaves_TwoSided",3,0.119999997,2829,339,309,0.109225875,0.0118228197,0.000373607734,0.031600561,sloppy,5,3
1,"RiverSeedling_02_Translucent",0,"MI_RiverFamily_Branches",4,0.0599999987,2920,175,166,0.0568493151,0.00979216211,0.000353174721,0.0360670835,attributes,3,1
1,"RiverSeedling_02_Translucent",1,"MI_RiverFamily_Trunk",4,0.0599999987,1002,60,60,0.0598802395,0.00996499136,0.000681516482,0.0683910772,attributes,4,1
1,"RiverSeedling_02_Translucent",2,"MI_RiverFamily_Leaves_TwoSided",4,0.0599999987,2829,169,139,0.0491339696,0.0118228197,0.000480812712,0.0406681933,sloppy,5,3
1,"RiverSeedling_02_Translucent",0,"MI_RiverFamily_Branches",5,0.0299999993,2920,87,86,0.0294520548,0.00979216211,0.000481230381,0.0491444468,attributes,3,1
1,"RiverSeedling_02_Translucent",1,"MI_RiverFamily_Trunk",5,0.0299999993,1002,30,28,0.0279441118,0.00996499136,0.00106709218,0.107084103,attributes,4,1
1,"RiverSeedling_02_Translucent",2,"MI_RiverFamily_Leaves_TwoSided",5,0.0299999993,2829,84,66,0.0233297985,0.0118228197,0.000600328145,0.0507770702,sloppy,5,3
1,"RiverSeedling_02_Translucent",0,"MI_RiverFamily_Branches",6,0.00999999978,2920,29,28,0.0095890411,0.00979216211,0.000662439677,0.0676499903,attributes,3,1
1,"RiverSeedling_02_Translucent",1,"MI_RiverFamily_Trunk",6,0.00999999978,1002,10,10,0.00998003992,0.00996499136,0.00146772573,0.147288203,attributes,4,1
1,"RiverSeedling_02_Translucent",2,"MI_RiverFamily_Leaves_TwoSided",6,0.00999999978,2829,28,27,0.00954400848,0.0118228197,0.000761293573,0.0643918812,sloppy,5,3
2,"RiverSeedling_04_Translucent",0,"MI_RiverFamily_Branches",0,1,2920,2920,2920,1,0.0105630979,0,0,source,6,1
2,"RiverSeedling_04_Translucent",1,"MI_RiverFamily_Trunk",0,1,1002,1002,1002,1,0.0101249749,0,0,source,7,1
2,"RiverSeedling_04_Translucent",2,"MI_RiverFamily_Leaves_TwoSided",0,1,2852,2852,2852,1,0.011997371,0,0,source,8,3
2,"RiverSeedling_04_Translucent",0,"MI_RiverFamily_Branches",1,0.5,2920,1460,1444,0.494520548,0.0105630979,5.23790259e-05,0.00495868037,attributes,6,1
2,"RiverSeedling_04_Translucent",1,"MI_RiverFamily_Trunk",1,0.5,1002,501,500,0.499001996,0.0101249749,3.31974697e-05,0.00327877048,attributes,7,1
2,"RiverSeedling_04_Translucent",2,"MI_RiverFamily_Leaves_TwoSided",1,0.5,2852,1426,1426,0.5,0.011997371,5.36419211e-05,0.00447113952,attributes,8,3
2,"RiverSeedling_04_Translucent",0,"MI_RiverFamily_Branches",2,0.25,2920,730,720,0.246575342,0.0105630979,0.000129318199,0.0122424504,attributes,6,1
2,"RiverSeedling_04_Translucent",1,"MI_RiverFamily_Trunk",2,0.25,1002,250,250,0.249500998,0.0101249749,0.000133197856,0.0131553765,attributes,7,1
2,"RiverSeedling_04_Translucent",2,"MI_RiverFamily_Leaves_TwoSided",2,0.25,2852,713,627,0.219845722,0.011997371,0.00018197138,0.0151676042,sloppy,8,3
2,"RiverSeedling_04_Translucent",0,"MI_RiverFamily_Branches",3,0.119999997,2920,350,340,0.116438356,0.0105630979,0.00023209372,0.0219721254,attributes,6,1
2,"RiverSeedling_04_Translucent",1,"MI_RiverFamily_Trunk",3,0.119999997,1002,120,120,0.119760479,0.0101249749,0.000375358853,0.0370725729,attributes,7,1
2,"RiverSeedling_04_Translucent",2,"MI_RiverFamily_Leaves_TwoSided",3,0.119999997,2852,342,327,0.114656381,0.011997371,0.00032892864,0.0274167266,sloppy,8,3
2,"RiverSeedling_04_Translucent",0,"MI_RiverFamily_Branches",4,0.0599999987,2920,175,172,0.0589041096,0.0105630979,0.000360773935,0.0341541804,attributes,6,1
2,"RiverSeedling_04_Translucent",1,"MI_RiverFamily_Trunk",4,0.0599999987,1002,60,60,0.0598802395,0.0101249749,0.000700015924,0.0691375434,attributes,7,1
2,"RiverSeedling_04_Translucent",2,"MI_RiverFamily_Leaves_TwoSided",4,0.0599999987,2852,171,171,0.0599579243,0.011997371,0.000540426816,0.0450454354,sloppy,8,3
2,"RiverSeedling_04_Translucent",0,"MI_RiverFamily_Branches",5,0.0299999993,2920,87,86,0.0294520548,0.0105630979,0.000494749518,0.0468375385,attributes,6,1
2,"RiverSeedling_04_Translucent",1,"MI_RiverFamily_Trunk",5,0.0299999993,1002,30,30,0.0299401198,0.0101249749,0.00109431031,0.108080298,attributes,7,1
2,"RiverSeedling_04_Translucent",2,"MI_RiverFamily_Leaves_TwoSided",5,0.0299999993,2852,85,81,0.028401122,0.011997371,0.000667217188,0.0556136146,sloppy,8,3
2,"RiverSeedling_04_Translucent",0,"MI_RiverFamily_Branches",6,0.00999999978,2920,29,28,0.0095890411,0.0105630979,0.000685836771,0.0649276152,attributes,6,1
2,"RiverSeedling_04_Translucent",1,"MI_RiverFamily_Trunk",6,0.00999999978,1002,10,10,0.00998003992,0.0101249749,0.00161074148,0.159085974,attributes,7,1
2,"RiverSeedling_04_Translucent",2,"MI_RiverFamily_Leaves_TwoSided",6,0.00999999978,2852,28,28,0.00981767181,0.011997371,0.000887223228,0.0739514679,sloppy,8,3
3,"RiverSeedling_03_Translucent",0,"MI_RiverFamily_Branches",0,1,2920,2920,2920,1,0.0102717066,0,0,source,9,1
3,"RiverSeedling_03_Translucent",1,"MI_RiverFamily_Trunk",0,1,1002,1002,1002,1,0.010021884,0,0,source,10,1
3,"RiverSeedling_03_Translucent",2,"MI_RiverFamily_Leaves_TwoSided",0,1,2852,2852,2852,1,0.0117425267,0,0,source,11,3
3,"RiverSeedling_03_Translucent",0,"MI_RiverFamily_Branches",1,0.5,2920,1460,1442,0.493835616,0.0102717066,5.29791978e-05,0.00515777944,attributes,9,1
3,"RiverSeedling_03_Translucent",1,"MI_RiverFamily_Trunk",1,0.5,1002,501,500,0.499001996,0.010021884,3.47056557e-05,0.00346298725,attributes,10,1
3,"RiverSeedling_03_Translucent",2,"MI_RiverFamily_Leaves_TwoSided",1,0.5,2852,1426,1426,0.5,0.0117425267,5.3683616e-05,0.00457172608,attributes,11,3
3,"RiverSeedling_03_Translucent",0,"MI_RiverFamily_Branches",2,0.25,2920,730,730,0.25,0.0102717066,0.000134015674,0.0130470702,attributes,9,1
3,"RiverSeedling_03_Translucent",1,"MI_RiverFamily_Trunk",2,0.25,1002,250,250,0.249500998,0.010021884,0.000137909141,0.0137607995,attributes,10,1
3,"RiverSeedling_03_Translucent",2,"MI_RiverFamily_Leaves_TwoSided",2,0.25,2852,713,682,0.239130435,0.0117425267,0.000192810316,0.0164198317,sloppy,11,3
3,"RiverSeedling_03_Translucent",0,"MI_RiverFamily_Branches",3,0.119999997,2920,350,336,0.115068493,0.0102717066,0.000239923043,0.0233576614,attributes,9,1
3,"RiverSeedling_03_Translucent",1,"MI_RiverFamily_Trunk",3,0.119999997,1002,120,120,0.119760479,0.010021884,0.000363656727,0.0362862647,attributes,10,1
3,"RiverSeedling_03_Translucent",2,"MI_RiverFamily_Leaves_TwoSided",3,0.119999997,2852,342,321,0.112552595,0.0117425267,0.000380903541,0.0324379541,sloppy,11,3
3,"RiverSeedling_03_Translucent",0,"MI_RiverFamily_Branches",4,0.0599999987,2920,175,168,0.0575342466,0.0102717066,0.000359633239,0.0350120254,attributes,9,1
3,"RiverSeedling_03_Translucent",1,"MI_RiverFamily_Trunk",4,0.0599999987,1002,60,58,0.0578842315,0.010021884,0.000642825442,0.064142175,attributes,10,1
3,"RiverSeedling_03_Translucent",2,"MI_RiverFamily_Leaves_TwoSided",4,0.0599999987,2852,171,170,0.0596072931,0.0117425267,0.00054840045,0.0467020832,sloppy,11,3
3,"RiverSeedling_03_Translucent",0,"MI_RiverFamily_Branches",5,0.0299999993,2920,87,86,0.0294520548,0.0102717066,0.000510553073,0.0497047938,attributes,9,1
3,"RiverSeedling_03_Translucent",1,"MI_RiverFamily_Trunk",5,0.0299999993,1002,30,30,0.0299401198,0.010021884,0.00104856608,0.104627639,attributes,10,1
3,"RiverSeedling_03_Translucent",2,"MI_RiverFamily_Leaves_TwoSided",5,0.0299999993,2852,85,83,0.0291023843,0.0117425267,0.000882610155,0.0751635656,sloppy,11,3
3,"RiverSeedling_03_Translucent",0,"MI_RiverFamily_Branches",6,0.00999999978,2920,29,28,0.0095890411,0.0102717066,0.000684621627,0.0666512027,attributes,9,1
3,"RiverSeedling_03_Translucent",1,"MI_RiverFamily_Trunk",6,0.00999999978,1002,10,10,0.00998003992,0.010021884,0.00153804664,0.153468817,attributes,10,1
3,"RiverSeedling_03_Translucent",2,"MI_RiverFamily_Leaves_TwoSided",6,0.00999999978,2852,28,25,0.0087657784,0.0117425267,0.00105957733,0.0902341828,sloppy,11,3
4,"RiverSeedling_05_Translucent",0,"MI_RiverFamily_Branches",0,1,2920,2920,2920,1,0.0108342776,0,0,source,12,1
4,"RiverSeedling_05_Translucent",1,"MI_RiverFamily_Trunk",0,1,1002,1002,1002,1,0.0102747362,0,0,source,13,1
4,"RiverSeedling_05_Translucent",2,"MI_RiverFamily_Leaves_TwoSided",0,1,2875,2875,2875,1,0.0124003505,0,0,source,14,3
4,"RiverSeedling_05_Translucent",0,"MI_RiverFamily_Branches",1,0.5,2920,1460,1436,0.491780822,0.0108342776,5.48232456e-05,0.00506016612,attributes,12,1
4,"RiverSeedling_05_Translucent",1,"MI_RiverFamily_Trunk",1,0.5,1002,501,500,0.499001996,0.0102747362,3.53874384e-05,0.00344412145,attributes,13,1
4,"RiverSeedling_05_Translucent",2,"MI_RiverFamily_Leaves_TwoSided",1,0.5,2875,1437,1437,0.499826087,0.0124003505,5.39611647e-05,0.00435158378,attributes,14,3
4,"RiverSeedling_05_Translucent",0,"MI_RiverFamily_Branches",2,0.25,2920,730,724,0.247945205,0.0108342776,0.000135354741,0.012493195,attributes,12,1
4,"RiverSeedling_05_Translucent",1,"MI_RiverFamily_Trunk",2,0.25,1002,250,250,0.249500998,0.0102747362,0.000143016819,0.0139192697,attributes,13,1
4,"RiverSeedling_05_Translucent",2,"MI_RiverFamily_Leaves_TwoSided",2,0.25,2875,718,710,0.246956522,0.0124003505,0.000246846816,0.0199064389,sloppy,14,3
4,"RiverSeedling_05_Translucent",0,"MI_RiverFamily_Branches",3,0.119999997,2920,350,348,0.119178082,0.0108342776,0.000244973402,0.0226109587,attributes,12,1
4,"RiverSeedling_05_Translucent",1,"MI_RiverFamily_Trunk",3,0.119999997,1002,120,116,0.115768463,0.0102747362,0.000388510933,0.0378122553,attributes,13,1
4,"RiverSeedling_05_Translucent",2,"MI_RiverFamily_Leaves_TwoSided",3,0.119999997,2875,345,315,0.109565217,0.0124003505,0.000456191541,0.0367886014,sloppy,14,3
4,"RiverSeedling_05_Translucent",0,"MI_RiverFamily_Branches",4,0.0599999987,2920,175,166,0.0568493151,0.0108342776,0.000379820442,0.0350572914,attributes,12,1
4,"RiverSeedling_05_Translucent",1,"MI_RiverFamily_Trunk",4,0.0599999987,1002,60,58,0.0578842315,0.0102747362,0.000708930078,0.068997398,attributes,13,1
4,"RiverSeedling_05_Translucent",2,"MI_RiverFamily_Leaves_TwoSided",4,0.0599999987,2875,172,162,0.0563478261,0.0124003505,0.000744924764,0.0600728802,sloppy,14,3
4,"RiverSeedling_05_Translucent",0,"MI_RiverFamily_Branches",5,0.0299999993,2920,87,84,0.0287671233,0.0108342776,0.000534588646,0.0493423417,attributes,12,1
4,"RiverSeedling_05_Translucent",1,"MI_RiverFamily_Trunk",5,0.0299999993,1002,30,30,0.0299401198,0.0102747362,0.0010872829,0.105821006,attributes,13,1
4,"RiverSeedling_05_Translucent",2,"MI_RiverFamily_Leaves_TwoSided",5,0.0299999993,2875,86,85,0.0295652174,0.0124003505,0.000826608622,0.0666600987,sloppy,14,3
4,"RiverSeedling_05_Translucent",0,"MI_RiverFamily_Branches",6,0.00999999978,2920,29,28,0.0095890411,0.0108342776,0.000723297417,0.066760093,attributes,12,1
4,"RiverSeedling_05_Translucent",1,"MI_RiverFamily_Trunk",6,0.00999999978,1002,10,10,0.00998003992,0.0102747362,0.00148830446,0.144850865,attributes,13,1
4,"RiverSeedling_05_Translucent",2,"MI_RiverFamily_Leaves_TwoSided",6,0.00999999978,2875,28,22,0.00765217391,0.0124003505,0.00103826239,0.0837284699,sloppy,14,3
5,"RiverSapling_02_Translucent",0,"MI_RiverFamily_Trunk",0,1,3988,3988,3988,1,0.0433888808,0,0,source,15,1
5,"RiverSapling_02_Translucent",1,"MI_RiverFamily_Branches",0,1,29986,29986,29986,1,0.0321424343,0,0,source,16,1
5,"RiverSapling_02_Translucent",2,"MI_RiverFamily_Leaves_TwoSided",0,1,67482,67482,67482,1,0.0327835865,0,0,source,17,3
5,"RiverSapling_02_Translucent",0,"MI_RiverFamily_Trunk",1,0.5,3988,1994,1994,0.5,0.0433888808,1.5874868e-05,0.000365874119,attributes,15,1
5,"RiverSapling_02_Translucent",1,"MI_RiverFamily_Branches",1,0.5,29986,14993,14560,0.485559928,0.0321424343,0.000106436964,0.0033114159,attributes,16,1
5,"RiverSapling_02_Translucent",2,"MI_RiverFamily_Leaves_TwoSided",1,0.5,67482,33741,33740,0.499985181,0.0327835865,4.66638703e-05,0.00142339128,attributes,17,3
5,"RiverSapling_02_Translucent",0,"MI_RiverFamily_Trunk",2,0.25,3988,997,996,0.249749248,0.0433888808,6.0442384e-05,0.00139303855,attributes,15,1
5,"RiverSapling_02_Translucent",1,"MI_RiverFamily_Branches",2,0.25,29986,7496,7404,0.246915227,0.0321424343,0.000256737054,0.00798747968,attributes,16,1
5,"RiverSapling_02_Translucent",2,"MI_RiverFamily_Leaves_TwoSided",2,0.25,67482,16870,16705,0.247547494,0.0327835865,0.000293097197,0.00894036423,sloppy,17,3
5,"RiverSapling_02_Translucent",0,"MI_RiverFamily_Trunk",3,0.119999997,3988,478,478,0.119859579,0.0433888808,0.00018400469,0.00424082577,attributes,15,1
5,"RiverSapling_02_Translucent",1,"MI_RiverFamily_Branches",3,0.119999997,29986,3598,3506,0.11692123,0.0321424343,0.000449897721,0.0139970025,attributes,16,1
5,"RiverSapling_02_Translucent",2,"MI_RiverFamily_Leaves_TwoSided",3,0.119999997,67482,8097,7915,0.117290537,0.0327835865,0.000563818729,0.0171982013,sloppy,17,3
5,"RiverSapling_02_Translucent",0,"MI_RiverFamily_Trunk",4,0.0599999987,3988,239,238,0.0596790371,0.0433888808,0.000457416259,0.0105422465,attributes,15,1
5,"RiverSapling_02_Translucent",1,"MI_RiverFamily_Branches",4,0.0599999987,29986,1799,1798,0.0599613153,0.0321424343,0.000680145342,0.0211603548,attributes,16,1
5,"RiverSapling_02_Translucent",2,"MI_RiverFamily_Leaves_TwoSided",4,0.0599999987,67482,4048,4025,0.0596455351,0.0327835865,0.000902633066,0.0275330786,sloppy,17,3
5,"RiverSapling_02_Translucent",0,"MI_RiverFamily_Trunk",5,0.0299999993,3988,119,118,0.0295887663,0.0433888808,0.00094272173,0.0217272658,attributes,15,1
5,"RiverSapling_02_Translucent",1,"MI_RiverFamily_Branches",5,0.0299999993,29986,899,896,0.029880611,0.0321424343,0.000960572506,0.0298848711,attributes,16,1
5,"RiverSapling_02_Translucent",2,"MI_RiverFamily_Leaves_TwoSided",5,0.0299999993,67482,2024,2002,0.0296671705,0.0327835865,0.00127082726,0.0387641303,sloppy,17,3
5,"RiverSapling_02_Translucent",0,"MI_RiverFamily_Trunk",6,0.00999999978,3988,39,38,0.00952858576,0.0433888808,0.00212822016,0.049049899,attributes,15,1
5,"RiverSapling_02_Translucent",1,"MI_RiverFamily_Branches",6,0.00999999978,29986,299,296,0.00987127326,0.0321424343,0.00137657544,0.0428273566,attributes,16,1
5,"RiverSapling_02_Translucent",2,"MI_RiverFamily_Leaves_TwoSided",6,0.00999999978,67482,674,647,0.00958774192,0.0327835865,0.00179142796,0.0546440519,sloppy,17,3
6,"RiverSapling_05_Translucent",0,"MI_RiverFamily_Trunk",0,1,3938,3938,3938,1,0.0423127934,0,0,source,18,1
6,"RiverSapling_05_Translucent",1,"MI_RiverFamily_Branches",0,1,28336,28336,28336,1,0.0310750585,0,0,source,19,1
6,"RiverSapling_05_Translucent",2,"MI_RiverFamily_Leaves_TwoSided",0,1,62330,62330,62330,1,0.03163746,0,0,source,20,3
6,"RiverSapling_05_Translucent",0,"MI_RiverFamily_Trunk",1,0.5,3938,1969,1968,0.499746064,0.0423127934,1.82333897e-05,0.000430919084,attributes,18,1
6,"RiverSapling_05_Translucent",1,"MI_RiverFamily_Branches",1,0.5,28336,14168,13786,0.486518916,0.0310750585,0.000105101994,0.00338219781,attributes,19,1
6,"RiverSapling_05_Translucent",2,"MI_RiverFamily_Leaves_TwoSided",1,0.5,62330,31165,31164,0.499983956,0.03163746,4.50375883e-05,0.00142355263,attributes,20,3
6,"RiverSapling_05_Translucent",0,"MI_RiverFamily_Trunk",2,0.25,3938,984,984,0.249873032,0.0423127934,6.29036513e-05,0.00148663437,attributes,18,1
6,"RiverSapling_05_Translucent",1,"MI_RiverFamily_Branches",2,0.25,28336,7084,7030,0.248094297,0.0310750585,0.00025368674,0.0081636766,attributes,19,1
6,"RiverSapling_05_Translucent",2,"MI_RiverFamily_Leaves_TwoSided",2,0.25,62330,15582,15363,0.246478421,0.03163746,0.000244267605,0.00772083504,sloppy,20,3
6,"RiverSapling_05_Translucent",0,"MI_RiverFamily_Trunk",3,0.119999997,3938,472,472,0.119857796,0.0423127934,0.000183166092,0.00432885857,attributes,18,1
6,"RiverSapling_05_Translucent",1,"MI_RiverFamily_Branches",3,0.119999997,28336,3400,3286,0.115965556,0.0310750585,0.000445257465,0.0143284518,attributes,19,1
6,"RiverSapling_05_Translucent",2,"MI_RiverFamily_Leaves_TwoSided",3,0.119999997,62330,7479,7345,0.117840526,0.03163746,0.000513079169,0.0162174571,sloppy,20,3
6,"RiverSapling_05_Translucent",0,"MI_RiverFamily_Trunk",4,0.0599999987,3938,236,236,0.0599288979,0.0423127934,0.000436694681,0.0103206299,attributes,18,1
6,"RiverSapling_05_Translucent",1,"MI_RiverFamily_Branches",4,0.0599999987,28336,1700,1700,0.0599943535,0.0310750585,0.000668025401,0.0214971565,attributes,19,1
6,"RiverSapling_05_Translucent",2,"MI_RiverFamily_Leaves_TwoSided",4,0.0599999987,62330,3739,3708,0.0594898123,0.03163746,0.000789009908,0.0249391049,sloppy,20,3
6,"RiverSapling_05_Translucent",0,"MI_RiverFamily_Trunk",5,0.0299999993,3938,118,118,0.029964449,0.0423127934,0.00094328972,0.022293251,attributes,18,1
6,"RiverSapling_05_Translucent",1,"MI_RiverFamily_Branches",5,0.0299999993,28336,850,848,0.0299265951,0.0310750585,0.000946132001,0.0304466691,attributes,19,1
6,"RiverSapling_05_Translucent",2,"MI_RiverFamily_Leaves_TwoSided",5,0.0299999993,62330,1869,1849,0.029664688,0.03163746,0.00113196461,0.0357792489,sloppy,20,3
6,"RiverSapling_05_Translucent",0,"MI_RiverFamily_Trunk",6,0.00999999978,3938,39,38,0.00964956831,0.0423127934,0.00221562618,0.0523630343,attributes,18,1
6,"RiverSapling_05_Translucent",1,"MI_RiverFamily_Branches",6,0.00999999978,28336,283,274,0.00966967815,0.0310750585,0.00137511559,0.0442514233,attributes,19,1
6,"RiverSapling_05_Translucent",2,"MI_RiverFamily_Leaves_TwoSided",6,0.00999999978,62330,623,561,0.00900048131,0.03163746,0.00160789397,0.0508224741,sloppy,20,3
7,"RiverSapling_01_Translucent",0,"MI_RiverFamily_Trunk",0,1,4238,4238,4238,1,0.0432287343,0,0,source,21,1
7,"RiverSapling_01_Translucent",1,"MI_RiverFamily_Branches",0,1,29746,29746,29746,1,0.0317035578,0,0,source,22,1
7,"RiverSapling_01_Translucent",2,"MI_RiverFamily_Leaves_TwoSided",0,1,67597,67597,67597,1,0.0323266573,0,0,source,23,3
7,"RiverSapling_01_Translucent",0,"MI_RiverFamily_Trunk",1,0.5,4238,2119,2118,0.49976404,0.0432287343,1.53722849e-05,0.000355603406,attributes,21,1
7,"RiverSapling_01_Translucent",1,"MI_RiverFamily_Branches",1,0.5,29746,14873,14458,0.486048544,0.0317035578,0.000107239983,0.00338258501,attributes,22,1
7,"RiverSapling_01_Translucent",2,"MI_RiverFamily_Leaves_TwoSided",1,0.5,67597,33798,33797,0.49997781,0.0323266573,4.60149276e-05,0.00142343598,attributes,23,3
7,"RiverSapling_01_Translucent",0,"MI_RiverFamily_Trunk",2,0.25,4238,1059,1058,0.249646059,0.0432287343,5.52301644e-05,0.00127762626,attributes,21,1
7,"RiverSapling_01_Translucent",1,"MI_RiverFamily_Branches",2,0.25,29746,7436,7320,0.246083507,0.0317035578,0.000255534862,0.00806013215,attributes,22,1
7,"RiverSapling_01_Translucent",2,"MI_RiverFamily_Leaves_TwoSided",2,0.25,67597,16899,16604,0.245632203,0.0323266573,0.000260696106,0.00806443114,sloppy,23,3
7,"RiverSapling_01_Translucent",0,"MI_RiverFamily_Trunk",3,0.119999997,4238,508,508,0.119867862,0.0432287343,0.000157244402,0.00363749731,attributes,21,1
7,"RiverSapling_01_Translucent",1,"MI_RiverFamily_Branches",3,0.119999997,29746,3569,3480,0.11699052,0.0317035578,0.000446092628,0.0140707437,attributes,22,1
7,"RiverSapling_01_Translucent",2,"MI_RiverFamily_Leaves_TwoSided",3,0.119999997,67597,8111,8053,0.119132506,0.0323266573,0.000519638183,0.0160746034,sloppy,23,3
7,"RiverSapling_01_Translucent",0,"MI_RiverFamily_Trunk",4,0.0599999987,4238,254,254,0.0599339311,0.0432287343,0.000380223006,0.00879560784,attributes,21,1
7,"RiverSapling_01_Translucent",1,"MI_RiverFamily_Branches",4,0.0599999987,29746,1784,1782,0.0599072144,0.0317035578,0.000673537201,0.0212448463,attributes,22,1
7,"RiverSapling_01_Translucent",2,"MI_RiverFamily_Leaves_TwoSided",4,0.0599999987,67597,4055,3991,0.0590410817,0.0323266573,0.000856866187,0.0265064891,sloppy,23,3
7,"RiverSapling_01_Translucent",0,"MI_RiverFamily_Trunk",5,0.0299999993,4238,127,126,0.0297310052,0.0432287343,0.00079802057,0.018460419,attributes,21,1
7,"RiverSapling_01_Translucent",1,"MI_RiverFamily_Branches",5,0.0299999993,29746,892,892,0.0299872252,0.0317035578,0.000950449612,0.0299792737,attributes,22,1
7,"RiverSapling_01_Translucent",2,"MI_RiverFamily_Leaves_TwoSided",5,0.0299999993,67597,2027,1954,0.0289066083,0.0323266573,0.00113068707,0.0349769257,sloppy,23,3
7,"RiverSapling_01_Translucent",0,"MI_RiverFamily_Trunk",6,0.00999999978,4238,42,42,0.00991033506,0.0432287343,0.00200944999,0.0464841276,attributes,21,1
7,"RiverSapling_01_Translucent",1,"MI_RiverFamily_Branches",6,0.00999999978,29746,297,296,0.00995091777,0.0317035578,0.00138620473,0.0437239483,attributes,22,1
7,"RiverSapling_01_Translucent",2,"MI_RiverFamily_Leaves_TwoSided",6,0.00999999978,67597,675,666,0.00985250825,0.0323266573,0.00157998269,0.0488755368,sloppy,23,3
8,"RiverSapling_04_Translucent",0,"MI_RiverFamily_Trunk",0,1,4038,4038,4038,1,0.0456468388,0,0,source,24,1
8,"RiverSapling_04_Translucent",1,"MI_RiverFamily_Branches",0,1,32102,32102,32102,1,0.0338036269,0,0,source,25,1
8,"RiverSapling_04_Translucent",2,"MI_RiverFamily_Leaves_TwoSided",0,1,75762,75762,75762,1,0.0345175751,0,0,source,26,3
8,"RiverSapling_04_Translucent",0,"MI_RiverFamily_Trunk",1,0.5,4038,2019,2018,0.499752353,0.0456468388,1.80529605e-05,0.00039549201,attributes,24,1
8,"RiverSapling_04_Translucent",1,"MI_RiverFamily_Branches",1,0.5,32102,16051,15638,0.487134758,0.0338036269,0.000114336159,0.00338236359,attributes,25,1
8,"RiverSapling_04_Translucent",2,"MI_RiverFamily_Leaves_TwoSided",1,0.5,75762,37881,37880,0.499986801,0.0345175751,4.61508171e-05,0.00133702368,attributes,26,3
8,"RiverSapling_04_Translucent",0,"MI_RiverFamily_Trunk",2,0.25,4038,1009,1008,0.249628529,0.0456468388,6.44920874e-05,0.00141284894,attributes,24,1
8,"RiverSapling_04_Translucent",1,"MI_RiverFamily_Branches",2,0.25,32102,8025,7900,0.246090586,0.0338036269,0.000269170618,0.00796277355,attributes,25,1
8,"RiverSapling_04_Translucent",2,"MI_RiverFamily_Leaves_TwoSided",2,0.25,75762,18940,18826,0.248488688,0.0345175751,0.000251494639,0.00728598796,sloppy,26,3
8,"RiverSapling_04_Translucent",0,"MI_RiverFamily_Trunk",3,0.119999997,4038,484,484,0.119861317,0.0456468388,0.000180977251,0.00396472681,attributes,24,1
8,"RiverSapling_04_Translucent",1,"MI_RiverFamily_Branches",3,0.119999997,32102,3852,3748,0.11675285,0.0338036269,0.000472368265,0.0139738927,attributes,25,1
8,"RiverSapling_04_Translucent",2,"MI_RiverFamily_Leaves_TwoSided",3,0.119999997,75762,9091,8991,0.118674269,0.0345175751,0.000510455284,0.0147882719,sloppy,26,3
8,"RiverSapling_04_Translucent",0,"MI_RiverFamily_Trunk",4,0.0599999987,4038,242,242,0.0599306587,0.0456468388,0.000474333676,0.0103913806,attributes,24,1
8,"RiverSapling_04_Translucent",1,"MI_RiverFamily_Branches",4,0.0599999987,32102,1926,1924,0.0599339605,0.0338036269,0.000708198233,0.0209503621,attributes,25,1
8,"RiverSapling_04_Translucent",2,"MI_RiverFamily_Leaves_TwoSided",4,0.0599999987,75762,4545,4487,0.0592249413,0.0345175751,0.000795279571,0.0230398439,sloppy,26,3
8,"RiverSapling_04_Translucent",0,"MI_RiverFamily_Trunk",5,0.0299999993,4038,121,120,0.029717682,0.0456468388,0.00101438176,0.0222223885,attributes,24,1
8,"RiverSapling_04_Translucent",1,"MI_RiverFamily_Branches",5,0.0299999993,32102,963,962,0.0299669803,0.0338036269,0.00100227678,0.0296499785,attributes,25,1
8,"RiverSapling_04_Translucent",2,"MI_RiverFamily_Leaves_TwoSided",5,0.0299999993,75762,2272,2144,0.0282991473,0.0345175751,0.00102999341,0.0298396796,sloppy,26,3
8,"RiverSapling_04_Translucent",0,"MI_RiverFamily_Trunk",6,0.00999999978,4038,40,40,0.00990589401,0.0456468388,0.00238665845,0.052285295,attributes,24,1
8,"RiverSapling_04_Translucent",1,"MI_RiverFamily_Branches",6,0.00999999978,32102,321,320,0.00996822628,0.0338036269,0.00143439812,0.0424332619,attributes,25,1
8,"RiverSapling_04_Translucent",2,"MI_RiverFamily_Leaves_TwoSided",6,0.00999999978,75762,757,741,0.00978062881,0.0345175751,0.00148437032,0.0430033207,sloppy,26,3
9,"RiverSapling_03_Translucent",0,"MI_RiverFamily_Trunk",0,1,4088,4088,4088,1,0.0438224226,0,0,source,27,1
9,"RiverSapling_03_Translucent",1,"MI_RiverFamily_Branches",0,1,29928,29928,29928,1,0.0324815214,0,0,source,28,1
9,"RiverSapling_03_Translucent",2,"MI_RiverFamily_Leaves_TwoSided",0,1,68241,68241,68241,1,0.0330887921,0,0,source,29,3
9,"RiverSapling_03_Translucent",0,"MI_RiverFamily_Trunk",1,0.5,4088,2044,2044,0.5,0.0438224226,1.46867324e-05,0.000335141958,attributes,27,1
9,"RiverSapling_03_Translucent",1,"MI_RiverFamily_Branches",1,0.5,29928,14964,14526,0.485364876,0.0324815214,0.000107524749,0.00331033603,attributes,28,1
9,"RiverSapling_03_Translucent",2,"MI_RiverFamily_Leaves_TwoSided",1,0.5,68241,34120,34119,0.499978019,0.0330887921,4.56945818e-05,0.00138096861,attributes,29,3
9,"RiverSapling_03_Translucent",0,"MI_RiverFamily_Trunk",2,0.25,4088,1022,1022,0.25,0.0438224226,5.61198067e-05,0.00128061848,attributes,27,1
9,"RiverSapling_03_Translucent",1,"MI_RiverFamily_Branches",2,0.25,29928,7482,7362,0.245990377,0.0324815214,0.000256277883,0.00788995903,attributes,28,1
9,"RiverSapling_03_Translucent",2,"MI_RiverFamily_Leaves_TwoSided",2,0.25,68241,17060,16950,0.248384402,0.0330887921,0.000277799089,0.00839556474,sloppy,29,3
9,"RiverSapling_03_Translucent",0,"MI_RiverFamily_Trunk",3,0.119999997,4088,490,490,0.119863014,0.0438224226,0.00016580474,0.00378355943,attributes,27,1
9,"RiverSapling_03_Translucent",1,"MI_RiverFamily_Branches",3,0.119999997,29928,3591,3478,0.116212243,0.0324815214,0.000446573889,0.0137485517,attributes,28,1
9,"RiverSapling_03_Translucent",2,"MI_RiverFamily_Leaves_TwoSided",3,0.119999997,68241,8188,7919,0.116044607,0.0330887921,0.000496649067,0.0150095858,sloppy,29,3
9,"RiverSapling_03_Translucent",0,"MI_RiverFamily_Trunk",4,0.0599999987,4088,245,244,0.0596868885,0.0438224226,0.000414447743,0.00945743546,attributes,27,1
9,"RiverSapling_03_Translucent",1,"MI_RiverFamily_Branches",4,0.0599999987,29928,1795,1794,0.0599438653,0.0324815214,0.0006741666,0.0207553878,attributes,28,1
9,"RiverSapling_03_Translucent",2,"MI_RiverFamily_Leaves_TwoSided",4,0.0599999987,68241,4094,3969,0.0581615158,0.0330887921,0.000741179683,0.0223997198,sloppy,29,3
9,"RiverSapling_03_Translucent",0,"MI_RiverFamily_Trunk",5,0.0299999993,4088,122,122,0.0298434442,0.0438224226,0.000888401584,0.0202727634,attributes,27,1
9,"RiverSapling_03_Translucent",1,"MI_RiverFamily_Branches",5,0.0299999993,29928,897,890,0.029738038,0.0324815214,0.000950675341,0.0292681903,attributes,28,1
9,"RiverSapling_03_Translucent",2,"MI_RiverFamily_Leaves_TwoSided",5,0.0299999993,68241,2047,1982,0.029044123,0.0330887921,0.00101148605,0.0305688418,sloppy,29,3
9,"RiverSapling_03_Translucent",0,"MI_RiverFamily_Trunk",6,0.00999999978,4088,40,40,0.00978473581,0.0438224226,0.00220934604,0.050415881,attributes,27,1
9,"RiverSapling_03_Translucent",1,"MI_RiverFamily_Branches",6,0.00999999978,29928,299,290,0.00968992248,0.0324815214,0.0013800303,0.0424866267,attributes,28,1
9,"RiverSapling_03_Translucent",2,"MI_RiverFamily_Leaves_TwoSided",6,0.00999999978,68241,682,641,0.00939318005,0.0330887921,0.00139311946,0.0421024561,sloppy,29,3
10,"RiverForest_03_Animated_Translucent",0,"MI_RiverFamily_Trunk",0,1,13648,13648,13648,1,0.0931377634,0,0,source,30,1
10,"RiverForest_03_Animated_Translucent",1,"MI_RiverFamily_Branches",0,1,136282,136282,136282,1,0.0700565949,0,0,source,31,1
10,"RiverForest_03_Animated_Translucent",2,"MI_RiverFamily_Leaves_TwoSided",0,1,180159,180159,180159,1,0.069868356,0,0,source,32,3
10,"RiverForest_03_Animated_Translucent",0,"MI_RiverFamily_Trunk",1,0.5,13648,6824,6820,0.499706917,0.0931377634,0.000178759248,0.00191929936,attributes,30,1
10,"RiverForest_03_Animated_Translucent",1,"MI_RiverFamily_Branches",1,0.5,136282,68141,66020,0.484436683,0.0700565949,9.97262468e-05,0.00142350979,attributes,31,1
10,"RiverForest_03_Animated_Translucent",2,"MI_RiverFamily_Leaves_TwoSided",1,0.5,180159,90079,90079,0.499997225,0.069868356,6.82284954e-05,0.000976529263,attributes,32,3
10,"RiverForest_03_Animated_Translucent",0,"MI_RiverFamily_Trunk",2,0.25,13648,3412,3410,0.249853458,0.0931377634,0.000536784413,0.00576333795,attributes,30,1
10,"RiverForest_03_Animated_Translucent",1,"MI_RiverFamily_Branches",2,0.25,136282,34070,32646,0.239547409,0.0700565949,0.000252637925,0.00360619766,attributes,31,1
10,"RiverForest_03_Animated_Translucent",2,"MI_RiverFamily_Leaves_TwoSided",2,0.25,180159,45039,43858,0.243440516,0.069868356,0.000438934454,0.00628230674,sloppy,32,3
10,"RiverForest_03_Animated_Translucent",0,"MI_RiverFamily_Trunk",3,0.119999997,13648,1637,1626,0.119138335,0.0931377634,0.00117983331,0.012667615,attributes,30,1
10,"RiverForest_03_Animated_Translucent",1,"MI_RiverFamily_Branches",3,0.119999997,136282,16353,15834,0.116185556,0.0700565949,0.000463497563,0.00661604479,attributes,31,1
10,"RiverForest_03_Animated_Translucent",2,"MI_RiverFamily_Leaves_TwoSided",3,0.119999997,180159,21619,20738,0.115109431,0.069868356,0.000818847562,0.0117198629,sloppy,32,3
10,"RiverForest_03_Animated_Translucent",0,"MI_RiverFamily_Trunk",4,0.0599999987,13648,818,812,0.0594958968,0.0931377634,0.00212348858,0.0227994379,attributes,30,1
10,"RiverForest_03_Animated_Translucent",1,"MI_RiverFamily_Branches",4,0.0599999987,136282,8176,8036,0.0589659676,0.0700565949,0.000737149152,0.0105221951,attributes,31,1
10,"RiverForest_03_Animated_Translucent",2,"MI_RiverFamily_Leaves_TwoSided",4,0.0599999987,180159,10809,10193,0.0565778007,0.069868356,0.00129932223,0.01859672,sloppy,32,3
10,"RiverForest_03_Animated_Translucent",0,"MI_RiverFamily_Trunk",5,0.0299999993,13648,409,404,0.0296014068,0.0931377634,0.00330671412,0.0355034731,attributes,30,1
10,"RiverForest_03_Animated_Translucent",1,"MI_RiverFamily_Branches",5,0.0299999993,136282,4088,4056,0.0297618174,0.0700565949,0.00108587707,0.0154999979,attributes,31,1
10,"RiverForest_03_Animated_Translucent",2,"MI_RiverFamily_Leaves_TwoSided",5,0.0299999993,180159,5404,5029,0.0279142313,0.069868356,0.00174806605,0.025019424,sloppy,32,3
10,"RiverForest_03_Animated_Translucent",0,"MI_RiverFamily_Trunk",6,0.00999999978,13648,136,134,0.00981828839,0.0931377634,0.00519034546,0.055727616,attributes,30,1
10,"RiverForest_03_Animated_Translucent",1,"MI_RiverFamily_Branches",6,0.00999999978,136282,1362,1336,0.00980320218,0.0700565949,0.00162400375,0.0231813118,attributes,31,1
10,"RiverForest_03_Animated_Translucent",2,"MI_RiverFamily_Leaves_TwoSided",6,0.00999999978,180159,1801,1569,0.00870897374,0.069868356,0.0026947055,0.0385683253,sloppy,32,3
11,"RiverForest_01_Animated_Translucent",0,"MI_RiverFamily_Trunk",0,1,13648,13648,13648,1,0.0947107151,0,0,source,33,1
11,"RiverForest_01_Animated_Translucent",1,"MI_RiverFamily_Branches",0,1,138066,138066,138066,1,0.0714618191,0,0,source,34,1
11,"RiverForest_01_Animated_Translucent",2,"MI_RiverFamily_Leaves_TwoSided",0,1,182873,182873,182873,1,0.0713634416,0,0,source,35,3
11,"RiverForest_01_Animated_Translucent",0,"MI_RiverFamily_Trunk",1,0.5,13648,6824,6820,0.499706917,0.0947107151,0.000184418168,0.00194717327,attributes,33,1
11,"RiverForest_01_Animated_Translucent",1,"MI_RiverFamily_Branches",1,0.5,138066,69033,66814,0.483927976,0.0714618191,9.39525999e-05,0.00131472445,attributes,34,1
11,"RiverForest_01_Animated_Translucent",2,"MI_RiverFamily_Leaves_TwoSided",1,0.5,182873,91436,91435,0.499991798,0.0713634416,6.85907435e-05,0.000961146783,attributes,35,3
11,"RiverForest_01_Animated_Translucent",0,"MI_RiverFamily_Trunk",2,0.25,13648,3412,3408,0.249706917,0.0947107151,0.000554326689,0.00585284038,attributes,33,1
11,"RiverForest_01_Animated_Translucent",1,"MI_RiverFamily_Branches",2,0.25,138066,34516,33328,0.241391798,0.0714618191,0.000241990376,0.00338628911,attributes,34,1
11,"RiverForest_01_Animated_Translucent",2,"MI_RiverFamily_Leaves_TwoSided",2,0.25,182873,45718,44994,0.246039601,0.0713634416,0.000385990512,0.00540879881,sloppy,35,3
11,"RiverForest_01_Animated_Translucent",0,"MI_RiverFamily_Trunk",3,0.119999997,13648,1637,1632,0.11957796,0.0947107151,0.00120822922,0.0127570489,attributes,33,1
11,"RiverForest_01_Animated_Translucent",1,"MI_RiverFamily_Branches",3,0.119999997,138066,16567,16010,0.115959034,0.0714618191,0.000451336149,0.00631576637,attributes,34,1
11,"RiverForest_01_Animated_Translucent",2,"MI_RiverFamily_Leaves_TwoSided",3,0.119999997,182873,21944,20926,0.114429139,0.0713634416,0.000792042003,0.011098708,sloppy,35,3
11,"RiverForest_01_Animated_Translucent",0,"MI_RiverFamily_Trunk",4,0.0599999987,13648,818,814,0.0596424385,0.0947107151,0.00218000798,0.0230175424,attributes,33,1
11,"RiverForest_01_Animated_Translucent",1,"MI_RiverFamily_Branches",4,0.0599999987,138066,8283,8132,0.058899367,0.0714618191,0.000721595134,0.0100976322,attributes,34,1
11,"RiverForest_01_Animated_Translucent",2,"MI_RiverFamily_Leaves_TwoSided",4,0.0599999987,182873,10972,10406,0.056902878,0.0713634416,0.00122280139,0.0171348434,sloppy,35,3
11,"RiverForest_01_Animated_Translucent",0,"MI_RiverFamily_Trunk",5,0.0299999993,13648,409,404,0.0296014068,0.0947107151,0.00340572558,0.0359592438,attributes,33,1
11,"RiverForest_01_Animated_Translucent",1,"MI_RiverFamily_Branches",5,0.0299999993,138066,4141,4114,0.0297973433,0.0714618191,0.00107721379,0.0150739765,attributes,34,1
11,"RiverForest_01_Animated_Translucent",2,"MI_RiverFamily_Leaves_TwoSided",5,0.0299999993,182873,5486,5099,0.0278827383,0.0713634416,0.00169518858,0.0237543005,sloppy,35,3
11,"RiverForest_01_Animated_Translucent",0,"MI_RiverFamily_Trunk",6,0.00999999978,13648,136,136,0.00996483001,0.0947107151,0.00517191365,0.0546074808,attributes,33,1
11,"RiverForest_01_Animated_Translucent",1,"MI_RiverFamily_Branches",6,0.00999999978,138066,1380,1348,0.00976344647,0.0714618191,0.00163533655,0.0228840597,attributes,34,1
11,"RiverForest_01_Animated_Translucent",2,"MI_RiverFamily_Leaves_TwoSided",6,0.00999999978,182873,1828,1669,0.00912655231,0.0713634416,0.00222908729,0.0312357042,sloppy,35,3
12,"RiverForest_05_Animated_Translucent",0,"MI_RiverFamily_Trunk",0,1,13624,13624,13624,1,0.0951299965,0,0,source,36,1
12,"RiverForest_05_Animated_Translucent",1,"MI_RiverFamily_Branches",0,1,137808,137808,137808,1,0.0717517734,0,0,source,37,1
12,"RiverForest_05_Animated_Translucent",2,"MI_RiverFamily_Leaves_TwoSided",0,1,182873,182873,182873,1,0.0714782029,0,0,source,38,3
12,"RiverForest_05_Animated_Translucent",0,"MI_RiverFamily_Trunk",1,0.5,13624,6812,6808,0.4997064,0.0951299965,0.000182772215,0.00192128902,attributes,36,1
12,"RiverForest_05_Animated_Translucent",1,"MI_RiverFamily_Branches",1,0.5,137808,68904,66688,0.483919656,0.0717517734,0.000102141625,0.00142354146,attributes,37,1
12,"RiverForest_05_Animated_Translucent",2,"MI_RiverFamily_Leaves_TwoSided",1,0.5,182873,91436,91435,0.499991798,0.0714782029,6.86981512e-05,0.000961106329,attributes,38,3
12,"RiverForest_05_Animated_Translucent",0,"MI_RiverFamily_Trunk",2,0.25,13624,3406,3404,0.2498532,0.0951299965,0.000552769925,0.0058106794,attributes,36,1
12,"RiverForest_05_Animated_Translucent",1,"MI_RiverFamily_Branches",2,0.25,137808,34452,33088,0.240102171,0.0717517734,0.000258758111,0.00360629568,attributes,37,1
12,"RiverForest_05_Animated_Translucent",2,"MI_RiverFamily_Leaves_TwoSided",2,0.25,182873,45718,44571,0.243726521,0.0714782029,0.000383205421,0.00536115095,sloppy,38,3
12,"RiverForest_05_Animated_Translucent",0,"MI_RiverFamily_Trunk",3,0.119999997,13624,1634,1628,0.119495009,0.0951299965,0.00119616173,0.0125739705,attributes,36,1
12,"RiverForest_05_Animated_Translucent",1,"MI_RiverFamily_Branches",3,0.119999997,137808,16536,16064,0.116567979,0.0717517734,0.000474638917,0.00661501288,attributes,37,1
12,"RiverForest_05_Animated_Translucent",2,"MI_RiverFamily_Leaves_TwoSided",3,0.119999997,182873,21944,20919,0.114390861,0.0714782029,0.000765581732,0.0107107023,sloppy,38,3
12,"RiverForest_05_Animated_Translucent",0,"MI_RiverFamily_Trunk",4,0.0599999987,13624,817,812,0.0596007046,0.0951299965,0.00219618622,0.0230861586,attributes,36,1
12,"RiverForest_05_Animated_Translucent",1,"MI_RiverFamily_Branches",4,0.0599999987,137808,8268,8114,0.0588790201,0.0717517734,0.000750466948,0.0104592107,attributes,37,1
12,"RiverForest_05_Animated_Translucent",2,"MI_RiverFamily_Leaves_TwoSided",4,0.0599999987,182873,10972,10486,0.05734034,0.0714782029,0.0012551645,0.017560102,sloppy,38,3
12,"RiverForest_05_Animated_Translucent",0,"MI_RiverFamily_Trunk",5,0.0299999993,13624,408,406,0.0298003523,0.0951299965,0.00339348009,0.0356720313,attributes,36,1
12,"RiverForest_05_Animated_Translucent",1,"MI_RiverFamily_Branches",5,0.0299999993,137808,4134,4108,0.0298095902,0.0717517734,0.00110069802,0.0153403599,attributes,37,1
12,"RiverForest_05_Animated_Translucent",2,"MI_RiverFamily_Leaves_TwoSided",5,0.0299999993,182873,5486,5162,0.0282272397,0.0714782029,0.00182324718,0.025507737,sloppy,38,3
12,"RiverForest_05_Animated_Translucent",0,"MI_RiverFamily_Trunk",6,0.00999999978,13624,136,136,0.00998238403,0.0951299965,0.00540661858,0.0568340048,attributes,36,1
12,"RiverForest_05_Animated_Translucent",1,"MI_RiverFamily_Branches",6,0.00999999978,137808,1378,1346,0.00976721235,0.0717517734,0.00166102115,0.0231495481,attributes,37,1
12,"RiverForest_05_Animated_Translucent",2,"MI_RiverFamily_Leaves_TwoSided",6,0.00999999978,182873,1828,1630,0.00891328955,0.0714782029,0.00259531918,0.0363092385,sloppy,38,3
13,"QueenForest_02_Animated_Translucent",0,"MI_QueenPalm_Trunk",0,1,2500,2500,2500,1,0.0787753165,0,0,source,39,1
13,"QueenForest_02_Animated_Translucent",1,"MI_QueenPalm_Leaves_TwoSided",0,1,207400,207400,207400,1,0.062393114,0,0,source,40,3
13,"QueenForest_02_Animated_Translucent",2,"MI_QueenPalm_FruitBranches",0,1,38736,38736,38736,1,0.0244820062,0,0,source,41,1
13,"QueenForest_02_Animated_Translucent",3,"MI_QueenPalm_DriedBranches",0,1,8160,8160,8160,1,0.0248840973,0,0,source,42,1
13,"QueenForest_02_Animated_Translucent",4,"MI_QueenPalm_Branches",0,1,11136,11136,11136,1,0.0589916557,0,0,source,43,1
13,"QueenForest_02_Animated_Translucent",5,"MI_QueenPalm_OldBranches",0,1,9216,9216,9216,1,0.0296113454,0,0,source,44,1
13,"QueenForest_02_Animated_Translucent",6,"MI_QueenPalm_DeadLeaves_TwoSided",0,1,40256,40256,40256,1,0.0303190537,0,0,source,45,3
13,"QueenForest_02_Animated_Translucent",7,"MI_QueenPalm_Berries",0,1,110400,110400,110400,1,0.0249708965,0,0,source,46,1
13,"QueenForest_02_Animated_Translucent",0,"MI_QueenPalm_Trunk",1,0.5,2500,1250,1250,0.5,0.0787753165,6.371981e-05,0.000808880432,attributes,39,1
13,"QueenForest_02_Animated_Translucent",1,"MI_QueenPalm_Leaves_TwoSided",1,0.5,207400,103700,103699,0.499995178,0.062393114,2.52603731e-05,0.000404858351,attributes,40,3
13,"QueenForest_02_Animated_Translucent",2,"MI_QueenPalm_FruitBranches",1,0.5,38736,19368,19368,0.5,0.0244820062,3.48468566e-05,0.00142336602,attributes,41,1
13,"QueenForest_02_Animated_Translucent",3,"MI_QueenPalm_DriedBranches",1,0.5,8160,4080,4080,0.5,0.0248840973,3.02952049e-05,0.00121745246,attributes,42,1
13,"QueenForest_02_Animated_Translucent",4,"MI_QueenPalm_Branches",1,0.5,11136,5568,5568,0.5,0.0589916557,0.000107763299,0.00182675489,attributes,43,1
13,"QueenForest_02_Animated_Translucent",5,"MI_QueenPalm_OldBranches",1,0.5,9216,4608,4608,0.5,0.0296113454,9.58581732e-05,0.00323721091,attributes,44,1
13,"QueenForest_02_Animated_Translucent",6,"MI_QueenPalm_DeadLeaves_TwoSided",1,0.5,40256,20128,20128,0.5,0.0303190537,7.85109569e-06,0.000258949236,attributes,45,3
13,"QueenForest_02_Animated_Translucent",7,"MI_QueenPalm_Berries",1,0.5,110400,55200,55200,0.5,0.0249708965,1.55426824e-05,0.000622431864,attributes,46,1
13,"QueenForest_02_Animated_Translucent",0,"MI_QueenPalm_Trunk",2,0.25,2500,625,624,0.2496,0.0787753165,0.000194693086,0.00247149868,attributes,39,1
13,"QueenForest_02_Animated_Translucent",1,"MI_QueenPalm_Leaves_TwoSided",2,0.25,207400,51850,51850,0.25,0.062393114,0.00010578589,0.00169547379,attributes,40,3
13,"QueenForest_02_Animated_Translucent",2,"MI_QueenPalm_FruitBranches",2,0.25,38736,9684,9678,0.249845105,0.0244820062,0.000125757622,0.00513673667,attributes,41,1
13,"QueenForest_02_Animated_Translucent",3,"MI_QueenPalm_DriedBranches",2,0.25,8160,2040,2040,0.25,0.0248840973,0.000135903276,0.00546145113,attributes,42,1
13,"QueenForest_02_Animated_Translucent",4,"MI_QueenPalm_Branches",2,0.25,11136,2784,2784,0.25,0.0589916557,0.000364726089,0.00618267246,attributes,43,1
13,"QueenForest_02_Animated_Translucent",5,"MI_QueenPalm_OldBranches",2,0.25,9216,2304,2304,0.25,0.0296113454,0.000312251417,0.010544993,attributes,44,1
13,"QueenForest_02_Animated_Translucent",6,"MI_QueenPalm_DeadLeaves_TwoSided",2,0.25,40256,10064,10063,0.249975159,0.0303190537,3.83626066e-05,0.00126529695,attributes,45,3
13,"QueenForest_02_Animated_Translucent",7,"MI_QueenPalm_Berries",2,0.25,110400,27600,27600,0.25,0.0249708965,4.0677478e-05,0.00162899552,attributes,46,1
13,"QueenForest_02_Animated_Translucent",0,"MI_QueenPalm_Trunk",3,0.119999997,2500,300,300,0.12,0.0787753165,0.000551524747,0.00700123794,attributes,39,1
13,"QueenForest_02_Animated_Translucent",1,"MI_QueenPalm_Leaves_TwoSided",3,0.119999997,207400,24888,24812,0.119633558,0.062393114,0.000554506201,0.00888729841,sloppy,40,3
13,"QueenForest_02_Animated_Translucent",2,"MI_QueenPalm_FruitBranches",3,0.119999997,38736,4648,4592,0.118546055,0.0244820062,0.000280507113,0.0114576844,attributes,41,1
13,"QueenForest_02_Animated_Translucent",3,"MI_QueenPalm_DriedBranches",3,0.119999997,8160,979,978,0.119852941,0.0248840973,0.000373932533,0.015026968,attributes,42,1
13,"QueenForest_02_Animated_Translucent",4,"MI_QueenPalm_Branches",3,0.119999997,11136,1336,1336,0.119971264,0.0589916557,0.000951037509,0.0161215607,attributes,43,1
13,"QueenForest_02_Animated_Translucent",5,"MI_QueenPalm_OldBranches",3,0.119999997,9216,1105,1104,0.119791667,0.0296113454,0.000752656139,0.0254178289,attributes,44,1
13,"QueenForest_02_Animated_Translucent",6,"MI_QueenPalm_DeadLeaves_TwoSided",3,0.119999997,40256,4830,4750,0.117994833,0.0303190537,0.000105101193,0.00346650649,sloppy,45,3
13,"QueenForest_02_Animated_Translucent",7,"MI_QueenPalm_Berries",3,0.119999997,110400,13248,13248,0.12,0.0249708965,9.50182293e-05,0.00380515889,attributes,46,1
13,"QueenForest_02_Animated_Translucent",0,"MI_QueenPalm_Trunk",4,0.0599999987,2500,150,150,0.06,0.0787753165,0.001395331,0.0177127942,attributes,39,1
13,"QueenForest_02_Animated_Translucent",1,"MI_QueenPalm_Leaves_TwoSided",4,0.0599999987,207400,12444,12285,0.0592333655,0.062393114,0.00122372643,0.0196131654,sloppy,40,3
13,"QueenForest_02_Animated_Translucent",2,"MI_QueenPalm_FruitBranches",4,0.0599999987,38736,2324,2296,0.0592730277,0.0244820062,0.000488873338,0.0199686792,attributes,41,1
13,"QueenForest_02_Animated_Translucent",3,"MI_QueenPalm_DriedBranches",4,0.0599999987,8160,489,488,0.0598039216,0.0248840973,0.000896980288,0.0360463262,attributes,42,1
13,"QueenForest_02_Animated_Translucent",4,"MI_QueenPalm_Branches",4,0.0599999987,11136,668,666,0.0598060345,0.0589916557,0.00210160553,0.0356254727,attributes,43,1
13,"QueenForest_02_Animated_Translucent",5,"MI_QueenPalm_OldBranches",4,0.0599999987,9216,552,552,0.0598958333,0.0296113454,0.00160950795,0.0543544367,attributes,44,1
13,"QueenForest_02_Animated_Translucent",6,"MI_QueenPalm_DeadLeaves_TwoSided",4,0.0599999987,40256,2415,2318,0.0575814785,0.0303190537,0.000411211106,0.0135627948,sloppy,45,3
13,"QueenForest_02_Animated_Translucent",7,"MI_QueenPalm_Berries",4,0.0599999987,110400,6624,6624,0.06,0.0249708965,0.000191021274,0.0076497565,attributes,46,1
13,"QueenForest_02_Animated_Translucent",0,"MI_QueenPalm_Trunk",5,0.0299999993,2500,75,74,0.0296,0.0787753165,0.00310763298,0.039449323,attributes,39,1
13,"QueenForest_02_Animated_Translucent",1,"MI_QueenPalm_Leaves_TwoSided",5,0.0299999993,207400,6222,6026,0.0290549662,0.062393114,0.00194538524,0.0311794858,sloppy,40,3
13,"QueenForest_02_Animated_Translucent",2,"MI_QueenPalm_FruitBranches",5,0.0299999993,38736,1162,1140,0.0294299876,0.0244820062,0.000741651165,0.0302937254,attributes,41,1
13,"QueenForest_02_Animated_Translucent",3,"MI_QueenPalm_DriedBranches",5,0.0299999993,8160,244,244,0.0299019608,0.0248840973,0.00188644719,0.0758093446,attributes,42,1
13,"QueenForest_02_Animated_Translucent",4,"MI_QueenPalm_Branches",5,0.0299999993,11136,334,328,0.029454023,0.0589916557,0.00385591993,0.0653638169,attributes,43,1
13,"QueenForest_02_Animated_Translucent",5,"MI_QueenPalm_OldBranches",5,0.0299999993,9216,276,276,0.0299479167,0.0296113454,0.00309273554,0.104444273,attributes,44,1
13,"QueenForest_02_Animated_Translucent",6,"MI_QueenPalm_DeadLeaves_TwoSided",5,0.0299999993,40256,1207,1195,0.0296850159,0.0303190537,0.000665996806,0.0219662786,sloppy,45,3
13,"QueenForest_02_Animated_Translucent",7,"MI_QueenPalm_Berries",5,0.0299999993,110400,3312,3312,0.03,0.0249708965,0.000345128909,0.0138212461,attributes,46,1
13,"QueenForest_02_Animated_Translucent",0,"MI_QueenPalm_Trunk",6,0.00999999978,2500,25,24,0.0096,0.0787753165,0.00883769989,0.112188697,attributes,39,1
13,"QueenForest_02_Animated_Translucent",1,"MI_QueenPalm_Leaves_TwoSided",6,0.00999999978,207400,2074,1916,0.00923818708,0.062393114,0.0030863164,0.0494656563,sloppy,40,3
13,"QueenForest_02_Animated_Translucent",2,"MI_QueenPalm_FruitBranches",6,0.00999999978,38736,387,384,0.00991325898,0.0244820062,0.00114479335,0.0467606038,attributes,41,1
13,"QueenForest_02_Animated_Translucent",3,"MI_QueenPalm_DriedBranches",6,0.00999999978,8160,81,80,0.00980392157,0.0248840973,0.00415106583,0.166816011,attributes,42,1
13,"QueenForest_02_Animated_Translucent",4,"MI_QueenPalm_Branches",6,0.00999999978,11136,111,110,0.00987787356,0.0589916557,0.00631325599,0.107019477,attributes,43,1
13,"QueenForest_02_Animated_Translucent",5,"MI_QueenPalm_OldBranches",6,0.00999999978,9216,92,92,0.00998263889,0.0296113454,0.00568215735,0.191891223,attributes,44,1
13,"QueenForest_02_Animated_Translucent",6,"MI_QueenPalm_DeadLeaves_TwoSided",6,0.00999999978,40256,402,381,0.00946442766,0.0303190537,0.00122307462,0.040340133,sloppy,45,3
13,"QueenForest_02_Animated_Translucent",7,"MI_QueenPalm_Berries",6,0.00999999978,110400,1104,1104,0.01,0.0249708965,0.000573426252,0.0229637828,attributes,46,1
14,"QueenForest_05_Animated_Translucent",0,"MI_QueenPalm_Trunk",0,1,2450,2450,2450,1,0.0795360804,0,0,source,47,1
14,"QueenForest_05_Animated_Translucent",1,"MI_QueenPalm_Leaves_TwoSided",0,1,208620,208620,208620,1,0.0650072619,0,0,source,48,3
14,"QueenForest_05_Animated_Translucent",2,"MI_QueenPalm_FruitBranches",0,1,39096,39096,39096,1,0.0227550641,0,0,source,49,1
14,"QueenForest_05_Animated_Translucent",3,"MI_QueenPalm_DriedBranches",0,1,8256,8256,8256,1,0.0263891891,0,0,source,50,1
14,"QueenForest_05_Animated_Translucent",4,"MI_QueenPalm_Branches",0,1,11136,11136,11136,1,0.0608069003,0,0,source,51,1
14,"QueenForest_05_Animated_Translucent",5,"MI_QueenPalm_OldBranches",0,1,9216,9216,9216,1,0.0291191861,0,0,source,52,1
14,"QueenForest_05_Animated_Translucent",6,"MI_QueenPalm_DeadLeaves_TwoSided",0,1,40800,40800,40800,1,0.0307687111,0,0,source,53,3
14,"QueenForest_05_Animated_Translucent",7,"MI_QueenPalm_Berries",0,1,113280,113280,113280,1,0.0232691355,0,0,source,54,1
14,"QueenForest_05_Animated_Translucent",0,"MI_QueenPalm_Trunk",1,0.5,2450,1225,1224,0.499591837,0.0795360804,7.99540358e-05,0.00100525492,attributes,47,1
14,"QueenForest_05_Animated_Translucent",1,"MI_QueenPalm_Leaves_TwoSided",1,0.5,208620,104310,104309,0.499995207,0.0650072619,2.50935427e-05,0.000386011379,attributes,48,3
14,"QueenForest_05_Animated_Translucent",2,"MI_QueenPalm_FruitBranches",1,0.5,39096,19548,19548,0.5,0.0227550641,3.4225508e-05,0.00150408316,attributes,49,1
14,"QueenForest_05_Animated_Translucent",3,"MI_QueenPalm_DriedBranches",1,0.5,8256,4128,4128,0.5,0.0263891891,3.0854826e-05,0.00116922217,attributes,50,1
14,"QueenForest_05_Animated_Translucent",4,"MI_QueenPalm_Branches",1,0.5,11136,5568,5568,0.5,0.0608069003,0.000109043976,0.00179328292,attributes,51,1
14,"QueenForest_05_Animated_Translucent",5,"MI_QueenPalm_OldBranches",1,0.5,9216,4608,4608,0.5,0.0291191861,0.000100147023,0.00343921082,attributes,52,1
14,"QueenForest_05_Animated_Translucent",6,"MI_QueenPalm_DeadLeaves_TwoSided",1,0.5,40800,20400,20400,0.5,0.0307687111,7.966466e-06,0.000258914515,attributes,53,3
14,"QueenForest_05_Animated_Translucent",7,"MI_QueenPalm_Berries",1,0.5,113280,56640,56640,0.5,0.0232691355,1.55556663e-05,0.000668510736,attributes,54,1
14,"QueenForest_05_Animated_Translucent",0,"MI_QueenPalm_Trunk",2,0.25,2450,612,612,0.249795918,0.0795360804,0.000244442024,0.00307334773,attributes,47,1
14,"QueenForest_05_Animated_Translucent",1,"MI_QueenPalm_Leaves_TwoSided",2,0.25,208620,52155,52154,0.249995207,0.0650072619,0.000105969659,0.00163012033,attributes,48,3
14,"QueenForest_05_Animated_Translucent",2,"MI_QueenPalm_FruitBranches",2,0.25,39096,9774,9752,0.249437283,0.0227550641,0.000123092963,0.00540947542,attributes,49,1
14,"QueenForest_05_Animated_Translucent",3,"MI_QueenPalm_DriedBranches",2,0.25,8256,2064,2064,0.25,0.0263891891,0.000136792209,0.00518364599,attributes,50,1
14,"QueenForest_05_Animated_Translucent",4,"MI_QueenPalm_Branches",2,0.25,11136,2784,2784,0.25,0.0608069003,0.00037289958,0.00613252074,attributes,51,1
14,"QueenForest_05_Animated_Translucent",5,"MI_QueenPalm_OldBranches",2,0.25,9216,2304,2304,0.25,0.0291191861,0.0003240199,0.0111273676,attributes,52,1
14,"QueenForest_05_Animated_Translucent",6,"MI_QueenPalm_DeadLeaves_TwoSided",2,0.25,40800,10200,10200,0.25,0.0307687111,3.80089114e-05,0.00123531045,attributes,53,3
14,"QueenForest_05_Animated_Translucent",7,"MI_QueenPalm_Berries",2,0.25,113280,28320,28320,0.25,0.0232691355,4.09612585e-05,0.00176032574,attributes,54,1
14,"QueenForest_05_Animated_Translucent",0,"MI_QueenPalm_Trunk",3,0.119999997,2450,294,294,0.12,0.0795360804,0.000676928146,0.00851095654,attributes,47,1
14,"QueenForest_05_Animated_Translucent",1,"MI_QueenPalm_Leaves_TwoSided",3,0.119999997,208620,25034,24724,0.118512127,0.0650072619,0.000577047002,0.00887665432,sloppy,48,3
14,"QueenForest_05_Animated_Translucent",2,"MI_QueenPalm_FruitBranches",3,0.119999997,39096,4691,4612,0.117966032,0.0227550641,0.000279990345,0.0123045286,attributes,49,1
14,"QueenForest_05_Animated_Translucent",3,"MI_QueenPalm_DriedBranches",3,0.119999997,8256,990,990,0.119912791,0.0263891891,0.000377229182,0.0142948376,attributes,50,1
14,"QueenForest_05_Animated_Translucent",4,"MI_QueenPalm_Branches",3,0.119999997,11136,1336,1336,0.119971264,0.0608069003,0.000936544384,0.0154019427,attributes,51,1
14,"QueenForest_05_Animated_Translucent",5,"MI_QueenPalm_OldBranches",3,0.119999997,9216,1105,1104,0.119791667,0.0291191861,0.000791454688,0.0271798354,attributes,52,1
14,"QueenForest_05_Animated_Translucent",6,"MI_QueenPalm_DeadLeaves_TwoSided",3,0.119999997,40800,4896,4888,0.119803922,0.0307687111,0.000113979731,0.00370440376,sloppy,53,3
14,"QueenForest_05_Animated_Translucent",7,"MI_QueenPalm_Berries",3,0.119999997,113280,13593,13592,0.119985876,0.0232691355,9.42194965e-05,0.00404911907,attributes,54,1
14,"QueenForest_05_Animated_Translucent",0,"MI_QueenPalm_Trunk",4,0.0599999987,2450,147,146,0.0595918367,0.0795360804,0.00164765178,0.0207157787,attributes,47,1
14,"QueenForest_05_Animated_Translucent",1,"MI_QueenPalm_Leaves_TwoSided",4,0.0599999987,208620,12517,11929,0.0571805196,0.0650072619,0.00122871192,0.0189011488,sloppy,48,3
14,"QueenForest_05_Animated_Translucent",2,"MI_QueenPalm_FruitBranches",4,0.0599999987,39096,2345,2320,0.0593411091,0.0227550641,0.000488970254,0.0214884151,attributes,49,1
14,"QueenForest_05_Animated_Translucent",3,"MI_QueenPalm_DriedBranches",4,0.0599999987,8256,495,494,0.0598352713,0.0263891891,0.000901917636,0.0341775417,attributes,50,1
14,"QueenForest_05_Animated_Translucent",4,"MI_QueenPalm_Branches",4,0.0599999987,11136,668,668,0.0599856322,0.0608069003,0.00209867395,0.0345137455,attributes,51,1
14,"QueenForest_05_Animated_Translucent",5,"MI_QueenPalm_OldBranches",4,0.0599999987,9216,552,552,0.0598958333,0.0291191861,0.00165402971,0.0568020567,attributes,52,1
14,"QueenForest_05_Animated_Translucent",6,"MI_QueenPalm_DeadLeaves_TwoSided",4,0.0599999987,40800,2448,2413,0.0591421569,0.0307687111,0.000298285711,0.0096944496,sloppy,53,3
14,"QueenForest_05_Animated_Translucent",7,"MI_QueenPalm_Berries",4,0.0599999987,113280,6796,6796,0.0599929379,0.0232691355,0.000190598541,0.00819104537,attributes,54,1
14,"QueenForest_05_Animated_Translucent",0,"MI_QueenPalm_Trunk",5,0.0299999993,2450,73,72,0.0293877551,0.0795360804,0.0037654913,0.0473431833,attributes,47,1
14,"QueenForest_05_Animated_Translucent",1,"MI_QueenPalm_Leaves_TwoSided",5,0.0299999993,208620,6258,6145,0.0294554693,0.0650072619,0.00201345957,0.0309728403,sloppy,48,3
14,"QueenForest_05_Animated_Translucent",2,"MI_QueenPalm_FruitBranches",5,0.0299999993,39096,1172,1168,0.029875179,0.0227550641,0.000746462028,0.0328042172,attributes,49,1
14,"QueenForest_05_Animated_Translucent",3,"MI_QueenPalm_DriedBranches",5,0.0299999993,8256,247,246,0.0297965116,0.0263891891,0.00186201395,0.0705597252,attributes,50,1
14,"QueenForest_05_Animated_Translucent",4,"MI_QueenPalm_Branches",5,0.0299999993,11136,334,326,0.0292744253,0.0608069003,0.00392663572,0.0645754933,attributes,51,1
14,"QueenForest_05_Animated_Translucent",5,"MI_QueenPalm_OldBranches",5,0.0299999993,9216,276,276,0.0299479167,0.0291191861,0.00314453896,0.107988559,attributes,52,1
14,"QueenForest_05_Animated_Translucent",6,"MI_QueenPalm_DeadLeaves_TwoSided",5,0.0299999993,40800,1224,1212,0.0297058824,0.0307687111,0.000510578742,0.0165940896,sloppy,53,3
14,"QueenForest_05_Animated_Translucent",7,"MI_QueenPalm_Berries",5,0.0299999993,113280,3398,3398,0.0299964689,0.0232691355,0.000341153354,0.0146611957,attributes,54,1
14,"QueenForest_05_Animated_Translucent",0,"MI_QueenPalm_Trunk",6,0.00999999978,2450,24,24,0.00979591837,0.0795360804,0.00928821042,0.116779834,attributes,47,1
14,"QueenForest_05_Animated_Translucent",1,"MI_QueenPalm_Leaves_TwoSided",6,0.00999999978,208620,2086,1931,0.00925606366,0.0650072619,0.00311533175,0.0479228273,sloppy,48,3
14,"QueenForest_05_Animated_Translucent",2,"MI_QueenPalm_FruitBranches",6,0.00999999978,39096,390,384,0.00982197667,0.0227550641,0.00117756869,0.0517497435,attributes,49,1
14,"QueenForest_05_Animated_Translucent",3,"MI_QueenPalm_DriedBranches",6,0.00999999978,8256,82,82,0.00993217054,0.0263891891,0.00429086247,0.162599251,attributes,50,1
14,"QueenForest_05_Animated_Translucent",4,"MI_QueenPalm_Branches",6,0.00999999978,11136,111,110,0.00987787356,0.0608069003,0.00664501823,0.109280661,attributes,51,1
14,"QueenForest_05_Animated_Translucent",5,"MI_QueenPalm_OldBranches",6,0.00999999978,9216,92,92,0.00998263889,0.0291191861,0.00577700138,0.198391587,attributes,52,1
14,"QueenForest_05_Animated_Translucent",6,"MI_QueenPalm_DeadLeaves_TwoSided",6,0.00999999978,40800,408,374,0.00916666667,0.0307687111,0.000993711525,0.0322961695,sloppy,53,3
14,"QueenForest_05_Animated_Translucent",7,"MI_QueenPalm_Berries",6,0.00999999978,113280,1132,1132,0.00999293785,0.0232691355,0.000568169227,0.0244172905,attributes,54,1
15,"QueenForest_06_Animated_Translucent",0,"MI_QueenPalm_Trunk",0,1,2450,2450,2450,1,0.083822079,0,0,source,55,1
15,"QueenForest_06_Animated_Translucent",1,"MI_QueenPalm_Leaves_TwoSided",0,1,236192,236192,236192,1,0.0751062781,0,0,source,56,3
15,"QueenForest_06_Animated_Translucent",2,"MI_QueenPalm_FruitBranches",0,1,47232,47232,47232,1,0.02648177,0,0,source,57,1
15,"QueenForest_06_Animated_Translucent",3,"MI_QueenPalm_DriedBranches",0,1,9192,9192,9192,1,0.0342712998,0,0,source,58,1
15,"QueenForest_06_Animated_Translucent",4,"MI_QueenPalm_Branches",0,1,11136,11136,11136,1,0.0725467652,0,0,source,59,1
15,"QueenForest_06_Animated_Translucent",5,"MI_QueenPalm_OldBranches",0,1,9216,9216,9216,1,0.0267958678,0,0,source,60,1
15,"QueenForest_06_Animated_Translucent",6,"MI_QueenPalm_DeadLeaves_TwoSided",0,1,46104,46104,46104,1,0.0398602635,0,0,source,61,3
15,"QueenForest_06_Animated_Translucent",7,"MI_QueenPalm_Berries",0,1,153920,153920,153920,1,0.023393238,0,0,source,62,1
15,"QueenForest_06_Animated_Translucent",0,"MI_QueenPalm_Trunk",1,0.5,2450,1225,1224,0.499591837,0.083822079,9.81132107e-05,0.00117049366,attributes,55,1
15,"QueenForest_06_Animated_Translucent",1,"MI_QueenPalm_Leaves_TwoSided",1,0.5,236192,118096,118096,0.5,0.0751062781,2.67276773e-05,0.000355864759,attributes,56,3
15,"QueenForest_06_Animated_Translucent",2,"MI_QueenPalm_FruitBranches",1,0.5,47232,23616,23616,0.5,0.02648177,3.6491223e-05,0.00137797522,attributes,57,1
15,"QueenForest_06_Animated_Translucent",3,"MI_QueenPalm_DriedBranches",1,0.5,9192,4596,4596,0.5,0.0342712998,2.68231997e-05,0.000782672374,attributes,58,1
15,"QueenForest_06_Animated_Translucent",4,"MI_QueenPalm_Branches",1,0.5,11136,5568,5568,0.5,0.0725467652,0.000123763981,0.00170598901,attributes,59,1
15,"QueenForest_06_Animated_Translucent",5,"MI_QueenPalm_OldBranches",1,0.5,9216,4608,4608,0.5,0.0267958678,0.000111020512,0.00414319523,attributes,60,1
15,"QueenForest_06_Animated_Translucent",6,"MI_QueenPalm_DeadLeaves_TwoSided",1,0.5,46104,23052,23051,0.49997831,0.0398602635,8.77181719e-06,0.000220064205,attributes,61,3
15,"QueenForest_06_Animated_Translucent",7,"MI_QueenPalm_Berries",1,0.5,153920,76960,76960,0.5,0.023393238,1.56397928e-05,0.000668560388,attributes,62,1
15,"QueenForest_06_Animated_Translucent",0,"MI_QueenPalm_Trunk",2,0.25,2450,612,612,0.249795918,0.083822079,0.00030661968,0.00365798222,attributes,55,1
15,"QueenForest_06_Animated_Translucent",1,"MI_QueenPalm_Leaves_TwoSided",2,0.25,236192,59048,59048,0.25,0.0751062781,0.000106651969,0.00142001407,attributes,56,3
15,"QueenForest_06_Animated_Translucent",2,"MI_QueenPalm_FruitBranches",2,0.25,47232,11808,11798,0.249788279,0.02648177,0.000131475361,0.00496474979,attributes,57,1
15,"QueenForest_06_Animated_Translucent",3,"MI_QueenPalm_DriedBranches",2,0.25,9192,2298,2298,0.25,0.0342712998,0.000134761634,0.00393220084,attributes,58,1
15,"QueenForest_06_Animated_Translucent",4,"MI_QueenPalm_Branches",2,0.25,11136,2784,2784,0.25,0.0725467652,0.000415733171,0.005730554,attributes,59,1
15,"QueenForest_06_Animated_Translucent",5,"MI_QueenPalm_OldBranches",2,0.25,9216,2304,2304,0.25,0.0267958678,0.000361666811,0.0134971114,attributes,60,1
15,"QueenForest_06_Animated_Translucent",6,"MI_QueenPalm_DeadLeaves_TwoSided",2,0.25,46104,11526,11526,0.25,0.0398602635,4.29404063e-05,0.00107727351,attributes,61,3
15,"QueenForest_06_Animated_Translucent",7,"MI_QueenPalm_Berries",2,0.25,153920,38480,38480,0.25,0.023393238,4.18117706e-05,0.00178734434,attributes,62,1
15,"QueenForest_06_Animated_Translucent",0,"MI_QueenPalm_Trunk",3,0.119999997,2450,294,294,0.12,0.083822079,0.000844364055,0.0100732893,attributes,55,1
15,"QueenForest_06_Animated_Translucent",1,"MI_QueenPalm_Leaves_TwoSided",3,0.119999997,236192,28343,28299,0.119813542,0.0751062781,0.000622230349,0.00828466471,sloppy,56,3
15,"QueenForest_06_Animated_Translucent",2,"MI_QueenPalm_FruitBranches",3,0.119999997,47232,5667,5606,0.118690718,0.02648177,0.000298815197,0.0112838075,attributes,57,1
15,"QueenForest_06_Animated_Translucent",3,"MI_QueenPalm_DriedBranches",3,0.119999997,9192,1103,1102,0.119886858,0.0342712998,0.000385036343,0.0112349503,attributes,58,1
15,"QueenForest_06_Animated_Translucent",4,"MI_QueenPalm_Branches",3,0.119999997,11136,1336,1336,0.119971264,0.0725467652,0.00109458482,0.0150879892,attributes,59,1
15,"QueenForest_06_Animated_Translucent",5,"MI_QueenPalm_OldBranches",3,0.119999997,9216,1105,1104,0.119791667,0.0267958678,0.000863369671,0.0322202556,attributes,60,1
15,"QueenForest_06_Animated_Translucent",6,"MI_QueenPalm_DeadLeaves_TwoSided",3,0.119999997,46104,5532,5481,0.118883394,0.0398602635,0.000134227143,0.0033674424,sloppy,61,3
15,"QueenForest_06_Animated_Translucent",7,"MI_QueenPalm_Berries",3,0.119999997,153920,18470,18470,0.119997401,0.023393238,9.53863928e-05,0.00407751976,attributes,62,1
15,"QueenForest_06_Animated_Translucent",0,"MI_QueenPalm_Trunk",4,0.0599999987,2450,147,146,0.0595918367,0.083822079,0.00210220227,0.0250793379,attributes,55,1
15,"QueenForest_06_Animated_Translucent",1,"MI_QueenPalm_Leaves_TwoSided",4,0.0599999987,236192,14171,13752,0.0582238179,0.0751062781,0.0012974547,0.0172749162,sloppy,56,3
15,"QueenForest_06_Animated_Translucent",2,"MI_QueenPalm_FruitBranches",4,0.0599999987,47232,2833,2800,0.0592818428,0.02648177,0.000526420772,0.0198786091,attributes,57,1
15,"QueenForest_06_Animated_Translucent",3,"MI_QueenPalm_DriedBranches",4,0.0599999987,9192,551,550,0.0598346388,0.0342712998,0.000920049497,0.0268460643,attributes,58,1
15,"QueenForest_06_Animated_Translucent",4,"MI_QueenPalm_Branches",4,0.0599999987,11136,668,668,0.0599856322,0.0725467652,0.00239855982,0.0330622569,attributes,59,1
15,"QueenForest_06_Animated_Translucent",5,"MI_QueenPalm_OldBranches",4,0.0599999987,9216,552,552,0.0598958333,0.0267958678,0.00188127998,0.0702078417,attributes,60,1
15,"QueenForest_06_Animated_Translucent",6,"MI_QueenPalm_DeadLeaves_TwoSided",4,0.0599999987,46104,2766,2760,0.0598646538,0.0398602635,0.000446512015,0.011201933,sloppy,61,3
15,"QueenForest_06_Animated_Translucent",7,"MI_QueenPalm_Berries",4,0.0599999987,153920,9235,9234,0.0599922037,0.023393238,0.000194916996,0.00833219383,attributes,62,1
15,"QueenForest_06_Animated_Translucent",0,"MI_QueenPalm_Trunk",5,0.0299999993,2450,73,72,0.0293877551,0.083822079,0.00474297162,0.0565837994,attributes,55,1
15,"QueenForest_06_Animated_Translucent",1,"MI_QueenPalm_Leaves_TwoSided",5,0.0299999993,236192,7085,6895,0.029192352,0.0751062781,0.00230877334,0.0307400841,sloppy,56,3
15,"QueenForest_06_Animated_Translucent",2,"MI_QueenPalm_FruitBranches",5,0.0299999993,47232,1416,1408,0.0298102981,0.02648177,0.000809592893,0.0305717066,attributes,57,1
15,"QueenForest_06_Animated_Translucent",3,"MI_QueenPalm_DriedBranches",5,0.0299999993,9192,275,274,0.0298085292,0.0342712998,0.00197320152,0.0575759187,attributes,58,1
15,"QueenForest_06_Animated_Translucent",4,"MI_QueenPalm_Branches",5,0.0299999993,11136,334,328,0.029454023,0.0725467652,0.00433810754,0.059797395,attributes,59,1
15,"QueenForest_06_Animated_Translucent",5,"MI_QueenPalm_OldBranches",5,0.0299999993,9216,276,276,0.0299479167,0.0267958678,0.00358900754,0.133938849,attributes,60,1
15,"QueenForest_06_Animated_Translucent",6,"MI_QueenPalm_DeadLeaves_TwoSided",5,0.0299999993,46104,1383,1282,0.0278066979,0.0398602635,0.000755851448,0.0189625304,sloppy,61,3
15,"QueenForest_06_Animated_Translucent",7,"MI_QueenPalm_Berries",5,0.0299999993,153920,4617,4616,0.029989605,0.023393238,0.000352789735,0.0150808422,attributes,62,1
15,"QueenForest_06_Animated_Translucent",0,"MI_QueenPalm_Trunk",6,0.00999999978,2450,24,22,0.00897959184,0.083822079,0.0122939814,0.146667585,attributes,55,1
15,"QueenForest_06_Animated_Translucent",1,"MI_QueenPalm_Leaves_TwoSided",6,0.00999999978,236192,2361,2172,0.00919590841,0.0751062781,0.00348469988,0.0463969186,sloppy,56,3
15,"QueenForest_06_Animated_Translucent",2,"MI_QueenPalm_FruitBranches",6,0.00999999978,47232,472,472,0.00999322493,0.02648177,0.00124729425,0.0471001081,attributes,57,1
15,"QueenForest_06_Animated_Translucent",3,"MI_QueenPalm_DriedBranches",6,0.00999999978,9192,91,90,0.00979112272,0.0342712998,0.00432756217,0.126273647,attributes,58,1
15,"QueenForest_06_Animated_Translucent",4,"MI_QueenPalm_Branches",6,0.00999999978,11136,111,104,0.00933908046,0.0725467652,0.00758246332,0.104518279,attributes,59,1
15,"QueenForest_06_Animated_Translucent",5,"MI_QueenPalm_OldBranches",6,0.00999999978,9216,92,90,0.009765625,0.0267958678,0.00639028428,0.23848021,attributes,60,1
15,"QueenForest_06_Animated_Translucent",6,"MI_QueenPalm_DeadLeaves_TwoSided",6,0.00999999978,46104,461,445,0.00965209092,0.0398602635,0.00134420337,0.0337228924,sloppy,61,3
15,"QueenForest_06_Animated_Translucent",7,"MI_QueenPalm_Berries",6,0.00999999978,153920,1539,1538,0.00999220374,0.023393238,0.000585668779,0.0250358153,attributes,62,1
16,"Moss_01",0,"MI_Moss_01_TwoSided",0,1,239,239,239,1,0.000245489762,0,0,source,63,3
16,"Moss_01",0,"MI_Moss_01_TwoSided",1,0.5,239,119,119,0.49790795,0.000245489762,3.9442416e-06,0.0160668269,attributes,63,3
16,"Moss_01",0,"MI_Moss_01_TwoSided",2,0.25,239,59,58,0.242677824,0.000245489762,1.11586232e-05,0.0454545356,attributes,63,3
16,"Moss_01",0,"MI_Moss_01_TwoSided",3,0.119999997,239,28,28,0.117154812,0.000245489762,2.35613661e-05,0.0959769785,attributes,63,3
16,"Moss_01",0,"MI_Moss_01_TwoSided",4,0.0599999987,239,14,14,0.0585774059,0.000245489762,3.85952626e-05,0.157217398,attributes,63,3
16,"Moss_01",0,"MI_Moss_01_TwoSided",5,0.0299999993,239,7,7,0.0292887029,0.000245489762,5.90273994e-05,0.240447506,attributes,63,3
16,"Moss_01",0,"MI_Moss_01_TwoSided",6,0.00999999978,239,2,2,0.00836820084,0.000245489762,9.56859803e-05,0.389775842,attributes,63,3
17,"Moss_03",0,"MI_Moss_01_TwoSided",0,1,229,229,229,1,0.000314536999,0,0,source,64,3
17,"Moss_03",0,"MI_Moss_01_TwoSided",1,0.5,229,114,113,0.493449782,0.000314536999,3.50769938e-06,0.0111519452,attributes,64,3
17,"Moss_03",0,"MI_Moss_01_TwoSided",2,0.25,229,57,57,0.248908297,0.000314536999,1.01369496e-05,0.0322281644,attributes,64,3
17,"Moss_03",0,"MI_Moss_01_TwoSided",3,0.119999997,229,27,26,0.113537118,0.000314536999,2.26827178e-05,0.0721146241,attributes,64,3
17,"Moss_03",0,"MI_Moss_01_TwoSided",4,0.0599999987,229,13,13,0.056768559,0.000314536999,3.72412069e-05,0.118400082,attributes,64,3
17,"Moss_03",0,"MI_Moss_01_TwoSided",5,0.0299999993,229,6,6,0.0262008734,0.000314536999,7.00363162e-05,0.222664788,attributes,64,3
17,"Moss_03",0,"MI_Moss_01_TwoSided",6,0.00999999978,229,2,2,0.00873362445,0.000314536999,0.000104263396,0.331482142,attributes,64,3
18,"Moss_02",0,"MI_Moss_01_TwoSided",0,1,233,233,233,1,0.000249274686,0,0,source,65,3
18,"Moss_02",0,"MI_Moss_01_TwoSided",1,0.5,233,116,116,0.497854077,0.000249274686,3.83354109e-06,0.0153787825,attributes,65,3
18,"Moss_02",0,"MI_Moss_01_TwoSided",2,0.25,233,58,58,0.248927039,0.000249274686,1.12383887e-05,0.0450843573,attributes,65,3
18,"Moss_02",0,"MI_Moss_01_TwoSided",3,0.119999997,233,27,26,0.111587983,0.000249274686,2.38855173e-05,0.0958200693,attributes,65,3
18,"Moss_02",0,"MI_Moss_01_TwoSided",4,0.0599999987,233,13,13,0.0557939914,0.000249274686,4.05681058e-05,0.162744582,attributes,65,3
18,"Moss_02",0,"MI_Moss_01_TwoSided",5,0.0299999993,233,6,6,0.025751073,0.000249274686,6.47255511e-05,0.259655535,attributes,65,3
18,"Moss_02",0,"MI_Moss_01_TwoSided",6,0.00999999978,233,2,2,0.00858369099,0.000249274686,8.77702987e-05,0.352102727,attributes,65,3
19,"Grass_B_02",0,"MI_Grass_02_TwoSided",0,1,1760,1760,1760,1,0.00199268362,0,0,source,66,3
19,"Grass_B_02",0,"MI_Grass_02_TwoSided",1,0.5,1760,880,880,0.5,0.00199268362,1.52141365e-05,0.0076349983,attributes,66,3
19,"Grass_B_02",0,"MI_Grass_02_TwoSided",2,0.25,1760,440,440,0.25,0.00199268362,4.32099005e-05,0.0216842759,attributes,66,3
19,"Grass_B_02",0,"MI_Grass_02_TwoSided",3,0.119999997,1760,211,211,0.119886364,0.00199268362,8.12135986e-05,0.0407558903,attributes,66,3
19,"Grass_B_02",0,"MI_Grass_02_TwoSided",4,0.0599999987,1760,105,105,0.0596590909,0.00199268362,0.00011618781,0.0583072044,attributes,66,3
19,"Grass_B_02",0,"MI_Grass_02_TwoSided",5,0.0299999993,1760,52,52,0.0295454545,0.00199268362,0.000158268595,0.0794248506,attributes,66,3
19,"Grass_B_02",0,"MI_Grass_02_TwoSided",6,0.00999999978,1760,17,16,0.00909090909,0.00199268362,0.000215952721,0.108372808,attributes,66,3
20,"Grass_B_03",0,"MI_Grass_02_TwoSided",0,1,1215,1215,1215,1,0.00261677126,0,0,source,67,3
20,"Grass_B_03",0,"MI_Grass_02_TwoSided",1,0.5,1215,607,606,0.498765432,0.00261677126,1.52871417e-05,0.00584198628,attributes,67,3
20,"Grass_B_03",0,"MI_Grass_02_TwoSided",2,0.25,1215,303,303,0.249382716,0.00261677126,4.03625017e-05,0.0154245431,attributes,67,3
20,"Grass_B_03",0,"MI_Grass_02_TwoSided",3,0.119999997,1215,145,145,0.119341564,0.00261677126,7.78038229e-05,0.0297327563,attributes,67,3
20,"Grass_B_03",0,"MI_Grass_02_TwoSided",4,0.0599999987,1215,72,72,0.0592592593,0.00261677126,0.00010828732,0.0413820334,attributes,67,3
20,"Grass_B_03",0,"MI_Grass_02_TwoSided",5,0.0299999993,1215,36,36,0.0296296296,0.00261677126,0.000145780738,0.0557101555,attributes,67,3
20,"Grass_B_03",0,"MI_Grass_02_TwoSided",6,0.00999999978,1215,12,12,0.00987654321,0.00261677126,0.000194111868,0.0741799176,attributes,67,3
21,"Grass_B_05",0,"MI_Grass_02_TwoSided",0,1,1664,1664,1664,1,0.00433246559,0,0,source,68,3
21,"Grass_B_05",0,"MI_Grass_02_TwoSided",1,0.5,1664,832,832,0.5,0.00433246559,2.1554466e-05,0.00497510377,attributes,68,3
21,"Grass_B_05",0,"MI_Grass_02_TwoSided",2,0.25,1664,416,416,0.25,0.00433246559,6.03213193e-05,0.0139230927,attributes,68,3
21,"Grass_B_05",0,"MI_Grass_02_TwoSided",3,0.119999997,1664,199,199,0.119591346,0.00433246559,0.000111043511,0.0256305579,attributes,68,3
21,"Grass_B_05",0,"MI_Grass_02_TwoSided",4,0.0599999987,1664,99,99,0.0594951923,0.00433246559,0.000162700133,0.0375537053,attributes,68,3
21,"Grass_B_05",0,"MI_Grass_02_TwoSided",5,0.0299999993,1664,49,49,0.0294471154,0.00433246559,0.000217213645,0.0501362644,attributes,68,3
21,"Grass_B_05",0,"MI_Grass_02_TwoSided",6,0.00999999978,1664,16,15,0.00901442308,0.00433246559,0.00027980149,0.0645825043,attributes,68,3
22,"Grass_B_01",0,"MI_Grass_02_TwoSided",0,1,714,714,714,1,0.00156930368,0,0,source,69,3
22,"Grass_B_01",0,"MI_Grass_02_TwoSided",1,0.5,714,357,356,0.49859944,0.00156930368,1.1258895e-05,0.00717445277,attributes,69,3
22,"Grass_B_01",0,"MI_Grass_02_TwoSided",2,0.25,714,178,178,0.24929972,0.00156930368,3.36592057e-05,0.0214484967,attributes,69,3
22,"Grass_B_01",0,"MI_Grass_02_TwoSided",3,0.119999997,714,85,84,0.117647059,0.00156930368,6.41420702e-05,0.0408729501,attributes,69,3
22,"Grass_B_01",0,"MI_Grass_02_TwoSided",4,0.0599999987,714,42,42,0.0588235294,0.00156930368,9.32990515e-05,0.0594525151,attributes,69,3
22,"Grass_B_01",0,"MI_Grass_02_TwoSided",5,0.0299999993,714,21,21,0.0294117647,0.00156930368,0.000120328987,0.0766766742,attributes,69,3
22,"Grass_B_01",0,"MI_Grass_02_TwoSided",6,0.00999999978,714,7,7,0.00980392157,0.00156930368,0.000159084011,0.101372354,attributes,69,3
23,"Grass_B_04",0,"MI_Grass_02_TwoSided",0,1,2489,2489,2489,1,0.00361925736,0,0,source,70,3
23,"Grass_B_04",0,"MI_Grass_02_TwoSided",1,0.5,2489,1244,1244,0.499799116,0.00361925736,1.58040784e-05,0.00436666328,attributes,70,3
23,"Grass_B_04",0,"MI_Grass_02_TwoSided",2,0.25,2489,622,622,0.249899558,0.00361925736,4.39499563e-05,0.0121433632,attributes,70,3
23,"Grass_B_04",0,"MI_Grass_02_TwoSided",3,0.119999997,2489,298,298,0.119726798,0.00361925736,8.13293736e-05,0.0224712882,attributes,70,3
23,"Grass_B_04",0,"MI_Grass_02_TwoSided",4,0.0599999987,2489,149,149,0.059863399,0.00361925736,0.000114468763,0.0316276923,attributes,70,3
23,"Grass_B_04",0,"MI_Grass_02_TwoSided",5,0.0299999993,2489,74,74,0.0297308156,0.00361925736,0.000151184955,0.0417723693,attributes,70,3
23,"Grass_B_04",0,"MI_Grass_02_TwoSided",6,0.00999999978,2489,24,24,0.00964242668,0.00361925736,0.000200060866,0.0552767739,attributes,70,3
24,"Grass_A_06",0,"MI_Grass_01_TwoSided",0,1,1466,1466,1466,1,0.00202855468,0,0,source,71,3
24,"Grass_A_06",0,"MI_Grass_01_TwoSided",1,0.5,1466,733,733,0.5,0.00202855468,1.18500093e-05,0.00584160211,attributes,71,3
24,"Grass_A_06",0,"MI_Grass_01_TwoSided",2,0.25,1466,366,366,0.249658936,0.00202855468,3.4913337e-05,0.0172109418,attributes,71,3
24,"Grass_A_06",0,"MI_Grass_01_TwoSided",3,0.119999997,1466,175,175,0.119372442,0.00202855468,6.08389673e-05,0.0299912877,attributes,71,3
24,"Grass_A_06",0,"MI_Grass_01_TwoSided",4,0.0599999987,1466,87,87,0.0593451569,0.00202855468,8.54195678e-05,0.0421085842,attributes,71,3
24,"Grass_A_06",0,"MI_Grass_01_TwoSided",5,0.0299999993,1466,43,43,0.0293315143,0.00202855468,0.000114180191,0.0562864728,attributes,71,3
24,"Grass_A_06",0,"MI_Grass_01_TwoSided",6,0.00999999978,1466,14,14,0.00954979536,0.00202855468,0.000149299565,0.0735989884,attributes,71,3
25,"Grass_A_04",0,"MI_Grass_01_TwoSided",0,1,2287,2287,2287,1,0.00221377891,0,0,source,72,3
25,"Grass_A_04",0,"MI_Grass_01_TwoSided",1,0.5,2287,1143,1143,0.499781373,0.00221377891,1.78156806e-05,0.00804763287,attributes,72,3
25,"Grass_A_04",0,"MI_Grass_01_TwoSided",2,0.25,2287,571,571,0.249672059,0.00221377891,4.68211365e-05,0.02114987,attributes,72,3
25,"Grass_A_04",0,"MI_Grass_01_TwoSided",3,0.119999997,2287,274,274,0.119807608,0.00221377891,7.60614057e-05,0.0343581773,attributes,72,3
25,"Grass_A_04",0,"MI_Grass_01_TwoSided",4,0.0599999987,2287,137,137,0.0599038041,0.00221377891,0.000109531349,0.0494770966,attributes,72,3
25,"Grass_A_04",0,"MI_Grass_01_TwoSided",5,0.0299999993,2287,68,68,0.029733275,0.00221377891,0.000148920284,0.0672697201,attributes,72,3
25,"Grass_A_04",0,"MI_Grass_01_TwoSided",6,0.00999999978,2287,22,22,0.00961958898,0.00221377891,0.000196623514,0.0888180435,attributes,72,3
26,"Grass_A_02",0,"MI_Grass_01_TwoSided",0,1,4626,4626,4626,1,0.00284097437,0,0,source,73,3
26,"Grass_A_02",0,"MI_Grass_01_TwoSided",1,0.5,4626,2313,2313,0.5,0.00284097437,1.69661689e-05,0.0059719542,attributes,73,3
26,"Grass_A_02",0,"MI_Grass_01_TwoSided",2,0.25,4626,1156,1156,0.249891915,0.00284097437,4.63101096e-05,0.0163007844,attributes,73,3
26,"Grass_A_02",0,"MI_Grass_01_TwoSided",3,0.119999997,4626,555,555,0.11997406,0.00284097437,8.04723895e-05,0.0283256304,attributes,73,3
26,"Grass_A_02",0,"MI_Grass_01_TwoSided",4,0.0599999987,4626,277,277,0.0598789451,0.00284097437,0.000116339928,0.0409507155,attributes,73,3
26,"Grass_A_02",0,"MI_Grass_01_TwoSided",5,0.0299999993,4626,138,138,0.0298313878,0.00284097437,0.000154761627,0.0544748418,attributes,73,3
26,"Grass_A_02",0,"MI_Grass_01_TwoSided",6,0.00999999978,4626,46,46,0.00994379594,0.00284097437,0.000199785572,0.0703229085,attributes,73,3
27,"Grass_A_03",0,"MI_Grass_01_TwoSided",0,1,5945,5945,5945,1,0.00278791063,0,0,source,74,3
27,"Grass_A_03",0,"MI_Grass_01_TwoSided",1,0.5,5945,2972,2972,0.499915896,0.00278791063,1.06982507e-05,0.00383737218,attributes,74,3
27,"Grass_A_03",0,"MI_Grass_01_TwoSided",2,0.25,5945,1486,1486,0.249957948,0.00278791063,3.14248173e-05,0.0112718167,attributes,74,3
27,"Grass_A_03",0,"MI_Grass_01_TwoSided",3,0.119999997,5945,713,713,0.119932717,0.00278791063,5.55827901e-05,0.0199370775,attributes,74,3
27,"Grass_A_03",0,"MI_Grass_01_TwoSided",4,0.0599999987,5945,356,356,0.059882254,0.00278791063,7.99046102e-05,0.0286611095,attributes,74,3
27,"Grass_A_03",0,"MI_Grass_01_TwoSided",5,0.0299999993,5945,178,178,0.029941127,0.00278791063,0.000106317981,0.0381353609,attributes,74,3
27,"Grass_A_03",0,"MI_Grass_01_TwoSided",6,0.00999999978,5945,59,59,0.00992430614,0.00278791063,0.000141518307,0.0507614203,attributes,74,3
28,"Grass_A_05",0,"MI_Grass_01_TwoSided",0,1,1257,1257,1257,1,0.00201028585,0,0,source,75,3
28,"Grass_A_05",0,"MI_Grass_01_TwoSided",1,0.5,1257,628,628,0.499602228,0.00201028585,1.26325413e-05,0.00628395285,attributes,75,3
28,"Grass_A_05",0,"MI_Grass_01_TwoSided",2,0.25,1257,314,314,0.249801114,0.00201028585,3.37108359e-05,0.0167691745,attributes,75,3
28,"Grass_A_05",0,"MI_Grass_01_TwoSided",3,0.119999997,1257,150,150,0.119331742,0.00201028585,5.64832735e-05,0.0280971359,attributes,75,3
28,"Grass_A_05",0,"MI_Grass_01_TwoSided",4,0.0599999987,1257,75,75,0.0596658711,0.00201028585,8.43141679e-05,0.041941382,attributes,75,3
28,"Grass_A_05",0,"MI_Grass_01_TwoSided",5,0.0299999993,1257,37,37,0.0294351631,0.00201028585,0.000114031369,0.056723956,attributes,75,3
28,"Grass_A_05",0,"MI_Grass_01_TwoSided",6,0.00999999978,1257,12,12,0.00954653938,0.00201028585,0.000157936622,0.0785642639,attributes,75,3
29,"Grass_A_01",0,"MI_Grass_01_TwoSided",0,1,6422,6422,6422,1,0.00326558808,0,0,source,76,3
29,"Grass_A_01",0,"MI_Grass_01_TwoSided",1,0.5,6422,3211,3211,0.5,0.00326558808,1.21351986e-05,0.00371608371,attributes,76,3
29,"Grass_A_01",0,"MI_Grass_01_TwoSided",2,0.25,6422,1605,1605,0.249922143,0.00326558808,3.30617622e-05,0.0101242904,attributes,76,3
29,"Grass_A_01",0,"MI_Grass_01_TwoSided",3,0.119999997,6422,770,770,0.119900343,0.00326558808,5.60617445e-05,0.0171674266,attributes,76,3
29,"Grass_A_01",0,"MI_Grass_01_TwoSided",4,0.0599999987,6422,385,385,0.0599501713,0.00326558808,8.11544596e-05,0.0248514079,attributes,76,3
29,"Grass_A_01",0,"MI_Grass_01_TwoSided",5,0.0299999993,6422,192,192,0.0298972283,0.00326558808,0.000110324472,0.0337839536,attributes,76,3
29,"Grass_A_01",0,"MI_Grass_01_TwoSided",6,0.00999999978,6422,64,64,0.00996574276,0.00326558808,0.000149591287,0.0458083749,attributes,76,3
30,"Shrub_02",0,"MI_Shrub_04_TwoSided",0,1,6589,6589,6589,1,0.00207702466,0,0,source,77,3
30,"Shrub_02",0,"MI_Shrub_04_TwoSided",1,0.5,6589,3294,3294,0.499924116,0.00207702466,8.66533446e-06,0.00417199405,attributes,77,3
30,"Shrub_02",0,"MI_Shrub_04_TwoSided",2,0.25,6589,1647,1645,0.249658522,0.00207702466,2.58725686e-05,0.0124565531,attributes,77,3
30,"Shrub_02",0,"MI_Shrub_04_TwoSided",3,0.119999997,6589,790,775,0.117620276,0.00207702466,5.77348183e-05,0.0277968869,attributes,77,3
30,"Shrub_02",0,"MI_Shrub_04_TwoSided",4,0.0599999987,6589,395,389,0.0590377903,0.00207702466,0.000104521532,0.0503227226,attributes,77,3
30,"Shrub_02",0,"MI_Shrub_04_TwoSided",5,0.0299999993,6589,197,197,0.0298983154,0.00207702466,0.000162903045,0.0784309655,attributes,77,3
30,"Shrub_02",0,"MI_Shrub_04_TwoSided",6,0.00999999978,6589,65,65,0.00986492639,0.00207702466,0.000237251254,0.114226498,attributes,77,3
31,"Shrub_03",0,"MI_Shrub_04_TwoSided",0,1,6177,6177,6177,1,0.00280449004,0,0,source,78,3
31,"Shrub_03",0,"MI_Shrub_04_TwoSided",1,0.5,6177,3088,3087,0.499757164,0.00280449004,9.03792352e-06,0.00322266202,attributes,78,3
31,"Shrub_03",0,"MI_Shrub_04_TwoSided",2,0.25,6177,1544,1538,0.248988182,0.00280449004,2.71915851e-05,0.00969573203,attributes,78,3
31,"Shrub_03",0,"MI_Shrub_04_TwoSided",3,0.119999997,6177,741,740,0.119799255,0.00280449004,6.16952602e-05,0.0219987445,attributes,78,3
31,"Shrub_03",0,"MI_Shrub_04_TwoSided",4,0.0599999987,6177,370,365,0.0590901732,0.00280449004,0.000110516427,0.039406959,attributes,78,3
31,"Shrub_03",0,"MI_Shrub_04_TwoSided",5,0.0299999993,6177,185,183,0.0296260321,0.00280449004,0.000173198627,0.0617576204,attributes,78,3
31,"Shrub_03",0,"MI_Shrub_04_TwoSided",6,0.00999999978,6177,61,60,0.00971345313,0.00280449004,0.000255415187,0.091073662,attributes,78,3
32,"Shrub_01",0,"MI_Shrub_04_TwoSided",0,1,3726,3726,3726,1,0.00195048982,0,0,source,79,3
32,"Shrub_01",0,"MI_Shrub_04_TwoSided",1,0.5,3726,1863,1862,0.499731616,0.00195048982,8.70951862e-06,0.00446529826,attributes,79,3
32,"Shrub_01",0,"MI_Shrub_04_TwoSided",2,0.25,3726,931,929,0.249329039,0.00195048982,2.61091773e-05,0.013385959,attributes,79,3
32,"Shrub_01",0,"MI_Shrub_04_TwoSided",3,0.119999997,3726,447,435,0.116747182,0.00195048982,5.83645087e-05,0.0299230013,attributes,79,3
32,"Shrub_01",0,"MI_Shrub_04_TwoSided",4,0.0599999987,3726,223,219,0.0587761675,0.00195048982,0.000105757106,0.0542207919,attributes,79,3
32,"Shrub_01",0,"MI_Shrub_04_TwoSided",5,0.0299999993,3726,111,111,0.0297906602,0.00195048982,0.000164263212,0.0842163935,attributes,79,3
32,"Shrub_01",0,"MI_Shrub_04_TwoSided",6,0.00999999978,3726,37,37,0.00993022008,0.00195048982,0.000238340072,0.122194983,attributes,79,3
33,"Shrub_04",0,"MI_Shrub_04_TwoSided",0,1,10835,10835,10835,1,0.00273358077,0,0,source,80,3
33,"Shrub_04",0,"MI_Shrub_04_TwoSided",1,0.5,10835,5417,5417,0.499953853,0.00273358077,8.44008355e-06,0.00308755599,attributes,80,3
33,"Shrub_04",0,"MI_Shrub_04_TwoSided",2,0.25,10835,2708,2703,0.249469312,0.00273358077,2.57339034e-05,0.00941399019,attributes,80,3
33,"Shrub_04",0,"MI_Shrub_04_TwoSided",3,0.119999997,10835,1300,1275,0.117674204,0.00273358077,5.77248356e-05,0.021116931,attributes,80,3
33,"Shrub_04",0,"MI_Shrub_04_TwoSided",4,0.0599999987,10835,650,635,0.0586063683,0.00273358077,0.000104019113,0.0380523279,attributes,80,3
33,"Shrub_04",0,"MI_Shrub_04_TwoSided",5,0.0299999993,10835,325,321,0.0296262114,0.00273358077,0.000163122502,0.0596735626,attributes,80,3
33,"Shrub_04",0,"MI_Shrub_04_TwoSided",6,0.00999999978,10835,108,105,0.0096908168,0.00273358077,0.000238565612,0.0872722045,attributes,80,3
34,"ShrubSorrel_01_Translucent",0,"MI_Shrub_Sorrel_01_TwoSided",0,1,414,414,414,1,0.000725836086,0,0,source,81,3
34,"ShrubSorrel_01_Translucent",0,"MI_Shrub_Sorrel_01_TwoSided",1,0.5,414,207,207,0.5,0.000725836086,1.40410693e-05,0.0193446837,attributes,81,3
34,"ShrubSorrel_01_Translucent",0,"MI_Shrub_Sorrel_01_TwoSided",2,0.25,414,103,103,0.248792271,0.000725836086,3.92954753e-05,0.0541382208,attributes,81,3
34,"ShrubSorrel_01_Translucent",0,"MI_Shrub_Sorrel_01_TwoSided",3,0.119999997,414,49,49,0.118357488,0.000725836086,7.72679923e-05,0.106453776,attributes,81,3
34,"ShrubSorrel_01_Translucent",0,"MI_Shrub_Sorrel_01_TwoSided",4,0.0599999987,414,24,24,0.0579710145,0.000725836086,0.000131852532,0.181656078,attributes,81,3
34,"ShrubSorrel_01_Translucent",0,"MI_Shrub_Sorrel_01_TwoSided",5,0.0299999993,414,12,12,0.0289855072,0.000725836086,0.000198442431,0.273398399,attributes,81,3
34,"ShrubSorrel_01_Translucent",0,"MI_Shrub_Sorrel_01_TwoSided",6,0.00999999978,414,4,4,0.00966183575,0.000725836086,0.000275367056,0.379379123,attributes,81,3
35,"ShrubSorrel_05_Translucent",0,"MI_Shrub_Sorrel_01_TwoSided",0,1,71,71,71,1,0.000364161911,0,0,source,82,3
35,"ShrubSorrel_05_Translucent",0,"MI_Shrub_Sorrel_01_TwoSided",1,0.5,71,35,35,0.492957746,0.000364161911,9.88284046e-06,0.027138589,attributes,82,3
35,"ShrubSorrel_05_Translucent",0,"MI_Shrub_Sorrel_01_TwoSided",2,0.25,71,17,17,0.23943662,0.000364161911,3.06820075e-05,0.0842537507,attributes,82,3
35,"ShrubSorrel_05_Translucent",0,"MI_Shrub_Sorrel_01_TwoSided",3,0.119999997,71,8,8,0.112676056,0.000364161911,6.77161661e-05,0.185950711,attributes,82,3
35,"ShrubSorrel_05_Translucent",0,"MI_Shrub_Sorrel_01_TwoSided",4,0.0599999987,71,4,4,0.0563380282,0.000364161911,0.00011470732,0.314989895,attributes,82,3
35,"ShrubSorrel_05_Translucent",0,"MI_Shrub_Sorrel_01_TwoSided",5,0.0299999993,71,2,2,0.0281690141,0.000364161911,0.000147291037,0.404465795,attributes,82,3
35,"ShrubSorrel_05_Translucent",0,"MI_Shrub_Sorrel_01_TwoSided",6,0.00999999978,71,1,1,0.014084507,0.000364161911,0.000189707818,0.520943582,attributes,82,3
36,"ShrubSorrel_07_Translucent",0,"MI_Shrub_Sorrel_01_TwoSided",0,1,67,67,67,1,0.000451266009,0,0,source,83,3
36,"ShrubSorrel_07_Translucent",0,"MI_Shrub_Sorrel_01_TwoSided",1,0.5,67,33,33,0.492537313,0.000451266009,9.59774661e-06,0.0212684907,attributes,83,3
36,"ShrubSorrel_07_Translucent",0,"MI_Shrub_Sorrel_01_TwoSided",2,0.25,67,16,15,0.223880597,0.000451266009,3.38858663e-05,0.0750906691,attributes,83,3
36,"ShrubSorrel_07_Translucent",0,"MI_Shrub_Sorrel_01_TwoSided",3,0.119999997,67,8,8,0.119402985,0.000451266009,8.72561213e-05,0.193358511,attributes,83,3
36,"ShrubSorrel_07_Translucent",0,"MI_Shrub_Sorrel_01_TwoSided",4,0.0599999987,67,4,4,0.0597014925,0.000451266009,0.000148766383,0.329664499,attributes,83,3
36,"ShrubSorrel_07_Translucent",0,"MI_Shrub_Sorrel_01_TwoSided",5,0.0299999993,67,2,2,0.0298507463,0.000451266009,0.00020907975,0.463318199,attributes,83,3
36,"ShrubSorrel_07_Translucent",0,"MI_Shrub_Sorrel_01_TwoSided",6,0.00999999978,67,1,1,0.0149253731,0.000451266009,0.0002584506,0.572723389,attributes,83,3
37,"ShrubSorrel_03_Translucent",0,"MI_Shrub_Sorrel_01_TwoSided",0,1,355,355,355,1,0.000450206251,0,0,source,84,3
37,"ShrubSorrel_03_Translucent",0,"MI_Shrub_Sorrel_01_TwoSided",1,0.5,355,177,177,0.498591549,0.000450206251,7.606081e-06,0.016894659,attributes,84,3
37,"ShrubSorrel_03_Translucent",0,"MI_Shrub_Sorrel_01_TwoSided",2,0.25,355,88,88,0.247887324,0.000450206251,2.23160914e-05,0.0495685935,attributes,84,3
37,"ShrubSorrel_03_Translucent",0,"MI_Shrub_Sorrel_01_TwoSided",3,0.119999997,355,42,42,0.118309859,0.000450206251,4.89937629e-05,0.108825147,attributes,84,3
37,"ShrubSorrel_03_Translucent",0,"MI_Shrub_Sorrel_01_TwoSided",4,0.0599999987,355,21,21,0.0591549296,0.000450206251,8.36819236e-05,0.185874641,attributes,84,3
37,"ShrubSorrel_03_Translucent",0,"MI_Shrub_Sorrel_01_TwoSided",5,0.0299999993,355,10,10,0.0281690141,0.000450206251,0.00012078954,0.268298239,attributes,84,3
37,"ShrubSorrel_03_Translucent",0,"MI_Shrub_Sorrel_01_TwoSided",6,0.00999999978,355,3,3,0.00845070423,0.000450206251,0.000159457617,0.354187936,attributes,84,3
38,"ShrubSorrel_06_Translucent",0,"MI_Shrub_Sorrel_01_TwoSided",0,1,63,63,63,1,0.000410369044,0,0,source,85,3
38,"ShrubSorrel_06_Translucent",0,"MI_Shrub_Sorrel_01_TwoSided",1,0.5,63,31,31,0.492063492,0.000410369044,1.20113236e-05,0.0292695649,attributes,85,3
38,"ShrubSorrel_06_Translucent",0,"MI_Shrub_Sorrel_01_TwoSided",2,0.25,63,15,15,0.238095238,0.000410369044,3.72262039e-05,0.0907139704,attributes,85,3
38,"ShrubSorrel_06_Translucent",0,"MI_Shrub_Sorrel_01_TwoSided",3,0.119999997,63,7,7,0.111111111,0.000410369044,9.58297533e-05,0.23352091,attributes,85,3
38,"ShrubSorrel_06_Translucent",0,"MI_Shrub_Sorrel_01_TwoSided",4,0.0599999987,63,3,3,0.0476190476,0.000410369044,0.000160627664,0.39142248,attributes,85,3
38,"ShrubSorrel_06_Translucent",0,"MI_Shrub_Sorrel_01_TwoSided",5,0.0299999993,63,1,1,0.0158730159,0.000410369044,0.000225425014,0.549322665,attributes,85,3
38,"ShrubSorrel_06_Translucent",0,"MI_Shrub_Sorrel_01_TwoSided",6,0.00999999978,63,1,1,0.0158730159,0.000410369044,0.000225425014,0.549322665,reused,85,3
39,"ShrubSorrel_02_Translucent",0,"MI_Shrub_Sorrel_01_TwoSided",0,1,284,284,284,1,0.000424649857,0,0,source,86,3
39,"ShrubSorrel_02_Translucent",0,"MI_Shrub_Sorrel_01_TwoSided",1,0.5,284,142,142,0.5,0.000424649857,9.35480875e-06,0.0220294632,attributes,86,3
39,"ShrubSorrel_02_Translucent",0,"MI_Shrub_Sorrel_01_TwoSided",2,0.25,284,71,71,0.25,0.000424649857,2.8228169e-05,0.0664739832,attributes,86,3
39,"ShrubSorrel_02_Translucent",0,"MI_Shrub_Sorrel_01_TwoSided",3,0.119999997,284,34,34,0.11971831,0.000424649857,6.18442427e-05,0.145635843,attributes,86,3
39,"ShrubSorrel_02_Translucent",0,"MI_Shrub_Sorrel_01_TwoSided",4,0.0599999987,284,17,17,0.0598591549,0.000424649857,0.000103279308,0.243210509,attributes,86,3
39,"ShrubSorrel_02_Translucent",0,"MI_Shrub_Sorrel_01_TwoSided",5,0.0299999993,284,8,8,0.0281690141,0.000424649857,0.000146853694,0.34582302,attributes,86,3
39,"ShrubSorrel_02_Translucent",0,"MI_Shrub_Sorrel_01_TwoSided",6,0.00999999978,284,2,2,0.00704225352,0.000424649857,0.000210072641,0.49469614,attributes,86,3
40,"ShrubSorrel_04_Translucent",0,"MI_Shrub_Sorrel_01_TwoSided",0,1,71,71,71,1,0.000370006368,0,0,source,87,3
40,"ShrubSorrel_04_Translucent",0,"MI_Shrub_Sorrel_01_TwoSided",1,0.5,71,35,35,0.492957746,0.000370006368,1.410407e-05,0.0381184518,attributes,87,3
40,"ShrubSorrel_04_Translucent",0,"MI_Shrub_Sorrel_01_TwoSided",2,0.25,71,17,17,0.23943662,0.000370006368,3.59468504e-05,0.0971519798,attributes,87,3
40,"ShrubSorrel_04_Translucent",0,"MI_Shrub_Sorrel_01_TwoSided",3,0.119999997,71,8,8,0.112676056,0.000370006368,7.90885824e-05,0.213749245,attributes,87,3
40,"ShrubSorrel_04_Translucent",0,"MI_Shrub_Sorrel_01_TwoSided",4,0.0599999987,71,4,4,0.0563380282,0.000370006368,0.000125819628,0.34004721,attributes,87,3
40,"ShrubSorrel_04_Translucent",0,"MI_Shrub_Sorrel_01_TwoSided",5,0.0299999993,71,2,2,0.0281690141,0.000370006368,0.000179800598,0.485939205,attributes,87,3
40,"ShrubSorrel_04_Translucent",0,"MI_Shrub_Sorrel_01_TwoSided",6,0.00999999978,71,1,1,0.014084507,0.000370006368,0.000191349871,0.517152905,attributes,87,3
41,"Nettle_03_Translucent",0,"MI_Nettle_01_TwoSided",0,1,3592,3592,3592,1,0.000641925843,0,0,source,88,3
41,"Nettle_03_Translucent",0,"MI_Nettle_01_TwoSided",1,0.5,3592,1796,1796,0.5,0.000641925843,1.01521857e-06,0.00158152007,attributes,88,3
41,"Nettle_03_Translucent",0,"MI_Nettle_01_TwoSided",2,0.25,3592,898,897,0.249721604,0.000641925843,3.48030926e-06,0.00542166876,attributes,88,3
41,"Nettle_03_Translucent",0,"MI_Nettle_01_TwoSided",3,0.119999997,3592,431,431,0.119988864,0.000641925843,9.17589387e-06,0.0142943207,attributes,88,3
41,"Nettle_03_Translucent",0,"MI_Nettle_01_TwoSided",4,0.0599999987,3592,215,215,0.0598552339,0.000641925843,2.11569477e-05,0.032958556,attributes,88,3
41,"Nettle_03_Translucent",0,"MI_Nettle_01_TwoSided",5,0.0299999993,3592,107,107,0.0297884187,0.000641925843,4.7224421e-05,0.0735667869,attributes,88,3
41,"Nettle_03_Translucent",0,"MI_Nettle_01_TwoSided",6,0.00999999978,3592,35,34,0.00946547884,0.000641925843,0.000112921982,0.175911263,attributes,88,3
42,"Nettle_02_Translucent",0,"MI_Nettle_01_TwoSided",0,1,5664,5664,5664,1,0.00104575069,0,0,source,89,3
42,"Nettle_02_Translucent",0,"MI_Nettle_01_TwoSided",1,0.5,5664,2832,2831,0.499823446,0.00104575069,9.20503282e-07,0.000880232081,attributes,89,3
42,"Nettle_02_Translucent",0,"MI_Nettle_01_TwoSided",2,0.25,5664,1416,1416,0.25,0.00104575069,3.21881612e-06,0.00307799573,attributes,89,3
42,"Nettle_02_Translucent",0,"MI_Nettle_01_TwoSided",3,0.119999997,5664,679,679,0.119879944,0.00104575069,9.07988488e-06,0.00868264772,attributes,89,3
42,"Nettle_02_Translucent",0,"MI_Nettle_01_TwoSided",4,0.0599999987,5664,339,339,0.0598516949,0.00104575069,2.19601316e-05,0.0209993944,attributes,89,3
42,"Nettle_02_Translucent",0,"MI_Nettle_01_TwoSided",5,0.0299999993,5664,169,169,0.0298375706,0.00104575069,5.22202099e-05,0.0499356203,attributes,89,3
42,"Nettle_02_Translucent",0,"MI_Nettle_01_TwoSided",6,0.00999999978,5664,56,56,0.00988700565,0.00104575069,0.000124393744,0.118951626,attributes,89,3
43,"Nettle_06_Translucent",0,"MI_Nettle_01_TwoSided",0,1,8080,8080,8080,1,0.00192728196,0,0,source,90,3
43,"Nettle_06_Translucent",0,"MI_Nettle_01_TwoSided",1,0.5,8080,4040,4039,0.499876238,0.00192728196,1.24407984e-06,0.000645510037,attributes,90,3
43,"Nettle_06_Translucent",0,"MI_Nettle_01_TwoSided",2,0.25,8080,2020,2019,0.249876238,0.00192728196,4.14438864e-06,0.00215038005,attributes,90,3
43,"Nettle_06_Translucent",0,"MI_Nettle_01_TwoSided",3,0.119999997,8080,969,969,0.119925743,0.00192728196,1.15035655e-05,0.00596880261,attributes,90,3
43,"Nettle_06_Translucent",0,"MI_Nettle_01_TwoSided",4,0.0599999987,8080,484,484,0.0599009901,0.00192728196,2.85306833e-05,0.0148035856,attributes,90,3
43,"Nettle_06_Translucent",0,"MI_Nettle_01_TwoSided",5,0.0299999993,8080,242,240,0.0297029703,0.00192728196,6.66791821e-05,0.0345975235,attributes,90,3
43,"Nettle_06_Translucent",0,"MI_Nettle_01_TwoSided",6,0.00999999978,8080,80,80,0.0099009901,0.00192728196,0.000166194252,0.0862324536,attributes,90,3
44,"Nettle_01_Translucent",0,"MI_Nettle_01_TwoSided",0,1,5896,5896,5896,1,0.0013149078,0,0,source,91,3
44,"Nettle_01_Translucent",0,"MI_Nettle_01_TwoSided",1,0.5,5896,2948,2948,0.5,0.0013149078,1.13359295e-06,0.000862108311,attributes,91,3
44,"Nettle_01_Translucent",0,"MI_Nettle_01_TwoSided",2,0.25,5896,1474,1473,0.249830393,0.0013149078,3.92263109e-06,0.0029831985,attributes,91,3
44,"Nettle_01_Translucent",0,"MI_Nettle_01_TwoSided",3,0.119999997,5896,707,707,0.119911805,0.0013149078,1.08273998e-05,0.00823434163,attributes,91,3
44,"Nettle_01_Translucent",0,"MI_Nettle_01_TwoSided",4,0.0599999987,5896,353,353,0.0598710991,0.0013149078,2.69762259e-05,0.0205156785,attributes,91,3
44,"Nettle_01_Translucent",0,"MI_Nettle_01_TwoSided",5,0.0299999993,5896,176,176,0.0298507463,0.0013149078,6.31684597e-05,0.0480402187,attributes,91,3
44,"Nettle_01_Translucent",0,"MI_Nettle_01_TwoSided",6,0.00999999978,5896,58,58,0.00983717775,0.0013149078,0.000152465567,0.115951531,attributes,91,3
45,"Nettle_04_Translucent",0,"MI_Nettle_01_TwoSided",0,1,1088,1088,1088,1,0.000597257691,0,0,source,92,3
45,"Nettle_04_Translucent",0,"MI_Nettle_01_TwoSided",1,0.5,1088,544,544,0.5,0.000597257691,8.66634537e-07,0.00145102281,attributes,92,3
45,"Nettle_04_Translucent",0,"MI_Nettle_01_TwoSided",2,0.25,1088,272,272,0.25,0.000597257691,2.85359215e-06,0.00477782404,attributes,92,3
45,"Nettle_04_Translucent",0,"MI_Nettle_01_TwoSided",3,0.119999997,1088,130,130,0.119485294,0.000597257691,7.86552846e-06,0.0131694051,attributes,92,3
45,"Nettle_04_Translucent",0,"MI_Nettle_01_TwoSided",4,0.0599999987,1088,65,64,0.0588235294,0.000597257691,2.07807534e-05,0.0347936153,attributes,92,3
45,"Nettle_04_Translucent",0,"MI_Nettle_01_TwoSided",5,0.0299999993,1088,32,32,0.0294117647,0.000597257691,4.98716108e-05,0.0835009962,attributes,92,3
45,"Nettle_04_Translucent",0,"MI_Nettle_01_TwoSided",6,0.00999999978,1088,10,10,0.00919117647,0.000597257691,0.000127992796,0.214300796,attributes,92,3
46,"Nettle_05_Translucent",0,"MI_Nettle_01_TwoSided",0,1,6984,6984,6984,1,0.00216774922,0,0,source,93,3
46,"Nettle_05_Translucent",0,"MI_Nettle_01_TwoSided",1,0.5,6984,3492,3491,0.499856816,0.00216774922,1.47065032e-06,0.000678422744,attributes,93,3
46,"Nettle_05_Translucent",0,"MI_Nettle_01_TwoSided",2,0.25,6984,1746,1745,0.249856816,0.00216774922,5.12506676e-06,0.00236423407,attributes,93,3
46,"Nettle_05_Translucent",0,"MI_Nettle_01_TwoSided",3,0.119999997,6984,838,838,0.119988545,0.00216774922,1.47650808e-05,0.00681124954,attributes,93,3
46,"Nettle_05_Translucent",0,"MI_Nettle_01_TwoSided",4,0.0599999987,6984,419,419,0.0599942726,0.00216774922,3.54291078e-05,0.0163437296,attributes,93,3
46,"Nettle_05_Translucent",0,"MI_Nettle_01_TwoSided",5,0.0299999993,6984,209,209,0.0299255441,0.00216774922,8.15531312e-05,0.0376211107,attributes,93,3
46,"Nettle_05_Translucent",0,"MI_Nettle_01_TwoSided",6,0.00999999978,6984,69,68,0.00973654066,0.00216774922,0.000197456553,0.0910882801,attributes,93,3
47,"Anthurium_05_Translucent",0,"MI_Anthurium_01_TwoSided",0,1,7664,7664,7664,1,0.00320528774,0,0,source,94,3
47,"Anthurium_05_Translucent",0,"MI_Anthurium_01_TwoSided",1,0.5,7664,3832,3832,0.5,0.00320528774,1.10583778e-06,0.000345004228,attributes,94,3
47,"Anthurium_05_Translucent",0,"MI_Anthurium_01_TwoSided",2,0.25,7664,1916,1916,0.25,0.00320528774,3.8665703e-06,0.00120630988,attributes,94,3
47,"Anthurium_05_Translucent",0,"MI_Anthurium_01_TwoSided",3,0.119999997,7664,919,918,0.119780793,0.00320528774,1.04843339e-05,0.00327094947,attributes,94,3
47,"Anthurium_05_Translucent",0,"MI_Anthurium_01_TwoSided",4,0.0599999987,7664,459,459,0.0598903967,0.00320528774,2.54571241e-05,0.00794222765,attributes,94,3
47,"Anthurium_05_Translucent",0,"MI_Anthurium_01_TwoSided",5,0.0299999993,7664,229,229,0.0298799582,0.00320528774,6.19147031e-05,0.0193164255,attributes,94,3
47,"Anthurium_05_Translucent",0,"MI_Anthurium_01_TwoSided",6,0.00999999978,7664,76,75,0.00978601253,0.00320528774,0.000178402581,0.0556588359,attributes,94,3
48,"Anthurium_02_Translucent",0,"MI_Anthurium_01_TwoSided",0,1,15544,15544,15544,1,0.00750407111,0,0,source,95,3
48,"Anthurium_02_Translucent",0,"MI_Anthurium_01_TwoSided",1,0.5,15544,7772,7772,0.5,0.00750407111,2.58326713e-06,0.00034424875,attributes,95,3
48,"Anthurium_02_Translucent",0,"MI_Anthurium_01_TwoSided",2,0.25,15544,3886,3886,0.25,0.00750407111,8.37634889e-06,0.00111624063,attributes,95,3
48,"Anthurium_02_Translucent",0,"MI_Anthurium_01_TwoSided",3,0.119999997,15544,1865,1865,0.119981987,0.00750407111,2.20802103e-05,0.00294243079,attributes,95,3
48,"Anthurium_02_Translucent",0,"MI_Anthurium_01_TwoSided",4,0.0599999987,15544,932,931,0.0598944931,0.00750407111,5.40022338e-05,0.00719639147,attributes,95,3
48,"Anthurium_02_Translucent",0,"MI_Anthurium_01_TwoSided",5,0.0299999993,15544,466,466,0.0299794133,0.00750407111,0.000122366167,0.0163066369,attributes,95,3
48,"Anthurium_02_Translucent",0,"MI_Anthurium_01_TwoSided",6,0.00999999978,15544,155,155,0.00997169326,0.00750407111,0.000341024308,0.045445241,attributes,95,3
49,"Anthurium_04_Translucent",0,"MI_Anthurium_01_TwoSided",0,1,10360,10360,10360,1,0.00480601471,0,0,source,96,3
49,"Anthurium_04_Translucent",0,"MI_Anthurium_01_TwoSided",1,0.5,10360,5180,5179,0.499903475,0.00480601471,1.49421101e-06,0.000310904376,attributes,96,3
49,"Anthurium_04_Translucent",0,"MI_Anthurium_01_TwoSided",2,0.25,10360,2590,2590,0.25,0.00480601471,4.91191258e-06,0.00102203444,attributes,96,3
49,"Anthurium_04_Translucent",0,"MI_Anthurium_01_TwoSided",3,0.119999997,10360,1243,1242,0.11988417,0.00480601471,1.30364197e-05,0.0027125217,attributes,96,3
49,"Anthurium_04_Translucent",0,"MI_Anthurium_01_TwoSided",4,0.0599999987,10360,621,620,0.0598455598,0.00480601471,3.15325415e-05,0.00656105811,attributes,96,3
49,"Anthurium_04_Translucent",0,"MI_Anthurium_01_TwoSided",5,0.0299999993,10360,310,309,0.0298262548,0.00480601471,7.08698062e-05,0.0147460653,attributes,96,3
49,"Anthurium_04_Translucent",0,"MI_Anthurium_01_TwoSided",6,0.00999999978,10360,103,102,0.00984555985,0.00480601471,0.000208165133,0.0433134623,attributes,96,3
50,"Anthurium_03_Translucent",0,"MI_Anthurium_01_TwoSided",0,1,9072,9072,9072,1,0.00663283188,0,0,source,97,3
50,"Anthurium_03_Translucent",0,"MI_Anthurium_01_TwoSided",1,0.5,9072,4536,4536,0.5,0.00663283188,2.14203874e-06,0.000322944834,attributes,97,3
50,"Anthurium_03_Translucent",0,"MI_Anthurium_01_TwoSided",2,0.25,9072,2268,2267,0.249889771,0.00663283188,7.13262352e-06,0.00107535115,attributes,97,3
50,"Anthurium_03_Translucent",0,"MI_Anthurium_01_TwoSided",3,0.119999997,9072,1088,1087,0.119819224,0.00663283188,1.88090689e-05,0.00283575244,attributes,97,3
50,"Anthurium_03_Translucent",0,"MI_Anthurium_01_TwoSided",4,0.0599999987,9072,544,543,0.0598544974,0.00663283188,4.46671183e-05,0.00673424546,attributes,97,3
50,"Anthurium_03_Translucent",0,"MI_Anthurium_01_TwoSided",5,0.0299999993,9072,272,271,0.029872134,0.00663283188,0.000103437924,0.0155948354,attributes,97,3
50,"Anthurium_03_Translucent",0,"MI_Anthurium_01_TwoSided",6,0.00999999978,9072,90,89,0.00981040564,0.00663283188,0.0003248672,0.0489786565,attributes,97,3
51,"Anthurium_06_Translucent",0,"MI_Anthurium_01_TwoSided",0,1,8704,8704,8704,1,0.00316950912,0,0,source,98,3
51,"Anthurium_06_Translucent",0,"MI_Anthurium_01_TwoSided",1,0.5,8704,4352,4351,0.49988511,0.00316950912,1.12764462e-06,0.000355778961,attributes,98,3
51,"Anthurium_06_Translucent",0,"MI_Anthurium_01_TwoSided",2,0.25,8704,2176,2176,0.25,0.00316950912,3.80527945e-06,0.00120058958,attributes,98,3
51,"Anthurium_06_Translucent",0,"MI_Anthurium_01_TwoSided",3,0.119999997,8704,1044,1044,0.119944853,0.00316950912,1.05314712e-05,0.00332274521,attributes,98,3
51,"Anthurium_06_Translucent",0,"MI_Anthurium_01_TwoSided",4,0.0599999987,8704,522,521,0.0598575368,0.00316950912,2.70776582e-05,0.00854317099,attributes,98,3
51,"Anthurium_06_Translucent",0,"MI_Anthurium_01_TwoSided",5,0.0299999993,8704,261,261,0.0299862132,0.00316950912,6.14291348e-05,0.0193812773,attributes,98,3
51,"Anthurium_06_Translucent",0,"MI_Anthurium_01_TwoSided",6,0.00999999978,8704,87,86,0.00988051471,0.00316950912,0.000183745055,0.057972718,attributes,98,3
52,"Anthurium_01_Translucent",0,"MI_Anthurium_01_TwoSided",0,1,15808,15808,15808,1,0.0113102049,0,0,source,99,3
52,"Anthurium_01_Translucent",0,"MI_Anthurium_01_TwoSided",1,0.5,15808,7904,7904,0.5,0.0113102049,2.82245378e-06,0.00024954931,attributes,99,3
52,"Anthurium_01_Translucent",0,"MI_Anthurium_01_TwoSided",2,0.25,15808,3952,3951,0.249936741,0.0113102049,9.38297126e-06,0.000829602242,attributes,99,3
52,"Anthurium_01_Translucent",0,"MI_Anthurium_01_TwoSided",3,0.119999997,15808,1896,1896,0.119939271,0.0113102049,2.37581444e-05,0.00210059364,attributes,99,3
52,"Anthurium_01_Translucent",0,"MI_Anthurium_01_TwoSided",4,0.0599999987,15808,948,947,0.0599063765,0.0113102049,5.77241117e-05,0.00510371942,attributes,99,3
52,"Anthurium_01_Translucent",0,"MI_Anthurium_01_TwoSided",5,0.0299999993,15808,474,474,0.0299848178,0.0113102049,0.0001283319,0.0113465581,attributes,99,3
52,"Anthurium_01_Translucent",0,"MI_Anthurium_01_TwoSided",6,0.00999999978,15808,158,158,0.00999493927,0.0113102049,0.000368166104,0.032551676,attributes,99,3
53,"M_4x4_03",0,"MI_Terrain_X4_Y4",0,1,83232,83232,83232,1,0.00500000315,0,0,source,100,1
53,"M_4x4_03",0,"MI_Terrain_X4_Y4",1,0.5,83232,41616,41616,0.5,0.00500000315,1.83078396e-06,0.000366156572,attributes,100,1
53,"M_4x4_03",0,"MI_Terrain_X4_Y4",2,0.25,83232,20808,20808,0.25,0.00500000315,5.68860742e-06,0.00113772077,attributes,100,1
53,"M_4x4_03",0,"MI_Terrain_X4_Y4",3,0.119999997,83232,9987,9986,0.119977893,0.00500000315,1.34060501e-05,0.00268120831,attributes,100,1
53,"M_4x4_03",0,"MI_Terrain_X4_Y4",4,0.0599999987,83232,4993,4992,0.0599769319,0.00500000315,2.80473214e-05,0.00560946064,attributes,100,1
53,"M_4x4_03",0,"MI_Terrain_X4_Y4",5,0.0299999993,83232,2496,2496,0.029988466,0.00500000315,5.8115409e-05,0.0116230743,attributes,100,1
53,"M_4x4_03",0,"MI_Terrain_X4_Y4",6,0.00999999978,83232,832,832,0.00999615532,0.00500000315,0.00202254206,0.404508144,attributes,100,1
54,"M_4x4_01",0,"MI_Terrain_X4_Y4",0,1,83232,83232,83232,1,0.00500000222,0,0,source,100,1
54,"M_4x4_01",0,"MI_Terrain_X4_Y4",1,0.5,83232,41616,41616,0.5,0.00500000222,2.99007638e-06,0.000598015031,attributes,100,1
54,"M_4x4_01",0,"MI_Terrain_X4_Y4",2,0.25,83232,20808,20808,0.25,0.00500000222,1.02987633e-05,0.00205975166,attributes,100,1
54,"M_4x4_01",0,"MI_Terrain_X4_Y4",3,0.119999997,83232,9987,9986,0.119977893,0.00500000222,2.45150513e-05,0.00490300823,attributes,100,1
54,"M_4x4_01",0,"MI_Terrain_X4_Y4",4,0.0599999987,83232,4993,4992,0.0599769319,0.00500000222,5.21347465e-05,0.0104269451,attributes,100,1
54,"M_4x4_01",0,"MI_Terrain_X4_Y4",5,0.0299999993,83232,2496,2496,0.029988466,0.00500000222,0.000110707435,0.0221414771,attributes,100,1
54,"M_4x4_01",0,"MI_Terrain_X4_Y4",6,0.00999999978,83232,832,834,0.0100201845,0.00500000222,0.00461965008,0.923929632,attributes,100,1
55,"M_4x4_02",0,"MI_Terrain_X4_Y4",0,1,83232,83232,83232,1,0.00500000315,0,0,source,100,1
55,"M_4x4_02",0,"MI_Terrain_X4_Y4",1,0.5,83232,41616,41616,0.5,0.00500000315,1.58556315e-06,0.000317112426,attributes,100,1
55,"M_4x4_02",0,"MI_Terrain_X4_Y4",2,0.25,83232,20808,20808,0.25,0.00500000315,5.24105599e-06,0.00104821054,attributes,100,1
55,"M_4x4_02",0,"MI_Terrain_X4_Y4",3,0.119999997,83232,9987,9986,0.119977893,0.00500000315,1.29574437e-05,0.00259148702,attributes,100,1
55,"M_4x4_02",0,"MI_Terrain_X4_Y4",4,0.0599999987,83232,4993,4992,0.0599769319,0.00500000315,2.75840139e-05,0.00551679917,attributes,100,1
55,"M_4x4_02",0,"MI_Terrain_X4_Y4",5,0.0299999993,83232,2496,2496,0.029988466,0.00500000315,5.91909811e-05,0.0118381884,attributes,100,1
55,"M_4x4_02",0,"MI_Terrain_X4_Y4",6,0.00999999978,83232,832,832,0.00999615532,0.00500000315,0.00226357137,0.452713996,attributes,100,1
56,"M_4x4_04",0,"MI_Terrain_X4_Y4",0,1,83232,83232,83232,1,0.00500000268,0,0,source,100,1
56,"M_4x4_04",0,"MI_Terrain_X4_Y4",1,0.5,83232,41616,41616,0.5,0.00500000268,2.72913508e-06,0.000545826741,attributes,100,1
56,"M_4x4_04",0,"MI_Terrain_X4_Y4",2,0.25,83232,20808,20808,0.25,0.00500000268,8.45464547e-06,0.00169092824,attributes,100,1
56,"M_4x4_04",0,"MI_Terrain_X4_Y4",3,0.119999997,83232,9987,9986,0.119977893,0.00500000268,1.97622012e-05,0.00395243801,attributes,100,1
56,"M_4x4_04",0,"MI_Terrain_X4_Y4",4,0.0599999987,83232,4993,4992,0.0599769319,0.00500000268,4.15975192e-05,0.00831949897,attributes,100,1
56,"M_4x4_04",0,"MI_Terrain_X4_Y4",5,0.0299999993,83232,2496,2496,0.029988466,0.00500000268,8.71663287e-05,0.0174332559,attributes,100,1
56,"M_4x4_04",0,"MI_Terrain_X4_Y4",6,0.00999999978,83232,832,832,0.00999615532,0.00500000268,0.00333030405,0.666060448,attributes,100,1
57,"M_3x4_03",0,"MI_Terrain_X3_Y4",0,1,83232,83232,83232,1,0.00500000035,0,0,source,101,1
57,"M_3x4_03",0,"MI_Terrain_X3_Y4",1,0.5,83232,41616,41616,0.5,0.00500000035,2.47157027e-06,0.000494314008,attributes,101,1
57,"M_3x4_03",0,"MI_Terrain_X3_Y4",2,0.25,83232,20808,20808,0.25,0.00500000035,7.50457912e-06,0.00150091574,attributes,101,1
57,"M_3x4_03",0,"MI_Terrain_X3_Y4",3,0.119999997,83232,9987,9986,0.119977893,0.00500000035,1.72581604e-05,0.00345163187,attributes,101,1
57,"M_3x4_03",0,"MI_Terrain_X3_Y4",4,0.0599999987,83232,4993,4992,0.0599769319,0.00500000035,3.55114971e-05,0.00710229902,attributes,101,1
57,"M_3x4_03",0,"MI_Terrain_X3_Y4",5,0.0299999993,83232,2496,2496,0.029988466,0.00500000035,7.57718153e-05,0.0151543617,attributes,101,1
57,"M_3x4_03",0,"MI_Terrain_X3_Y4",6,0.00999999978,83232,832,832,0.00999615532,0.00500000035,0.00382123934,0.764247835,attributes,101,1
58,"M_3x4_01",0,"MI_Terrain_X3_Y4",0,1,83232,83232,83232,1,0.00500000222,0,0,source,101,1
58,"M_3x4_01",0,"MI_Terrain_X3_Y4",1,0.5,83232,41616,41616,0.5,0.00500000222,4.22854828e-06,0.000845709292,attributes,101,1
58,"M_3x4_01",0,"MI_Terrain_X3_Y4",2,0.25,83232,20808,20808,0.25,0.00500000222,1.30303097e-05,0.00260606082,attributes,101,1
58,"M_3x4_01",0,"MI_Terrain_X3_Y4",3,0.119999997,83232,9987,9986,0.119977893,0.00500000222,3.06315524e-05,0.00612630788,attributes,101,1
58,"M_3x4_01",0,"MI_Terrain_X3_Y4",4,0.0599999987,83232,4993,4992,0.0599769319,0.00500000222,6.51291193e-05,0.0130258184,attributes,101,1
58,"M_3x4_01",0,"MI_Terrain_X3_Y4",5,0.0299999993,83232,2496,2496,0.029988466,0.00500000222,0.000140768316,0.0281536505,attributes,101,1
58,"M_3x4_01",0,"MI_Terrain_X3_Y4",6,0.00999999978,83232,832,840,0.0100922722,0.00500000222,0.00478490116,0.956979811,attributes,101,1
59,"M_3x4_02",0,"MI_Terrain_X3_Y4",0,1,83232,83232,83232,1,0.00500000222,0,0,source,101,1
59,"M_3x4_02",0,"MI_Terrain_X3_Y4",1,0.5,83232,41616,41616,0.5,0.00500000222,3.54458439e-06,0.000708916574,attributes,101,1
59,"M_3x4_02",0,"MI_Terrain_X3_Y4",2,0.25,83232,20808,20808,0.25,0.00500000222,1.19979813e-05,0.00239959522,attributes,101,1
59,"M_3x4_02",0,"MI_Terrain_X3_Y4",3,0.119999997,83232,9987,9986,0.119977893,0.00500000222,2.81900884e-05,0.00563801499,attributes,101,1
59,"M_3x4_02",0,"MI_Terrain_X3_Y4",4,0.0599999987,83232,4993,4992,0.0599769319,0.00500000222,6.05027453e-05,0.0121005438,attributes,101,1
59,"M_3x4_02",0,"MI_Terrain_X3_Y4",5,0.0299999993,83232,2496,2496,0.029988466,0.00500000222,0.000132986548,0.0265972987,attributes,101,1
59,"M_3x4_02",0,"MI_Terrain_X3_Y4",6,0.00999999978,83232,832,838,0.010068243,0.00500000222,0.00440398278,0.880796194,attributes,101,1
60,"M_3x4_04",0,"MI_Terrain_X3_Y4",0,1,83232,83232,83232,1,0.00500000222,0,0,source,101,1
60,"M_3x4_04",0,"MI_Terrain_X3_Y4",1,0.5,83232,41616,41616,0.5,0.00500000222,2.2836532e-06,0.000456730428,attributes,101,1
60,"M_3x4_04",0,"MI_Terrain_X3_Y4",2,0.25,83232,20808,20808,0.25,0.00500000222,6.85038231e-06,0.00137007586,attributes,101,1
60,"M_3x4_04",0,"MI_Terrain_X3_Y4",3,0.119999997,83232,9987,9986,0.119977893,0.00500000222,1.59803458e-05,0.00319606764,attributes,101,1
60,"M_3x4_04",0,"MI_Terrain_X3_Y4",4,0.0599999987,83232,4993,4992,0.0599769319,0.00500000222,3.28896094e-05,0.00657791877,attributes,101,1
60,"M_3x4_04",0,"MI_Terrain_X3_Y4",5,0.0299999993,83232,2496,2496,0.029988466,0.00500000222,6.65944535e-05,0.0133188851,attributes,101,1
60,"M_3x4_04",0,"MI_Terrain_X3_Y4",6,0.00999999978,83232,832,832,0.00999615532,0.00500000222,0.00279791513,0.55958277,attributes,101,1
61,"M_4x3_03",0,"MI_Terrain_X4_Y3",0,1,83232,83232,83232,1,0.00500000175,0,0,source,102,1
61,"M_4x3_03",0,"MI_Terrain_X4_Y3",1,0.5,83232,41616,41616,0.5,0.00500000175,1.64340565e-06,0.000328681024,attributes,102,1
61,"M_4x3_03",0,"MI_Terrain_X4_Y3",2,0.25,83232,20808,20808,0.25,0.00500000175,5.69081112e-06,0.00113816187,attributes,102,1
61,"M_4x3_03",0,"MI_Terrain_X4_Y3",3,0.119999997,83232,9987,9986,0.119977893,0.00500000175,1.39671192e-05,0.0027934229,attributes,102,1
61,"M_4x3_03",0,"MI_Terrain_X4_Y3",4,0.0599999987,83232,4993,4992,0.0599769319,0.00500000175,2.9394103e-05,0.00587881869,attributes,102,1
61,"M_4x3_03",0,"MI_Terrain_X4_Y3",5,0.0299999993,83232,2496,2496,0.029988466,0.00500000175,6.44558386e-05,0.0128911631,attributes,102,1
61,"M_4x3_03",0,"MI_Terrain_X4_Y3",6,0.00999999978,83232,832,832,0.00999615532,0.00500000175,0.00393839879,0.787679493,attributes,102,1
62,"M_4x3_01",0,"MI_Terrain_X4_Y3",0,1,83232,83232,83232,1,0.00500000315,0,0,source,102,1
62,"M_4x3_01",0,"MI_Terrain_X4_Y3",1,0.5,83232,41616,41616,0.5,0.00500000315,1.77913637e-06,0.00035582704,attributes,102,1
62,"M_4x3_01",0,"MI_Terrain_X4_Y3",2,0.25,83232,20808,20808,0.25,0.00500000315,5.63920366e-06,0.00112784002,attributes,102,1
62,"M_4x3_01",0,"MI_Terrain_X4_Y3",3,0.119999997,83232,9987,9986,0.119977893,0.00500000315,1.33557642e-05,0.00267115119,attributes,102,1
62,"M_4x3_01",0,"MI_Terrain_X4_Y3",4,0.0599999987,83232,4993,4992,0.0599769319,0.00500000315,2.81874891e-05,0.00563749438,attributes,102,1
62,"M_4x3_01",0,"MI_Terrain_X4_Y3",5,0.0299999993,83232,2496,2496,0.029988466,0.00500000315,5.96824029e-05,0.0119364727,attributes,102,1
62,"M_4x3_01",0,"MI_Terrain_X4_Y3",6,0.00999999978,83232,832,832,0.00999615532,0.00500000315,0.00182439224,0.364878207,attributes,102,1
63,"M_4x3_02",0,"MI_Terrain_X4_Y3",0,1,83232,83232,83232,1,0.00500000175,0,0,source,102,1
63,"M_4x3_02",0,"MI_Terrain_X4_Y3",1,0.5,83232,41616,41616,0.5,0.00500000175,2.10824373e-06,0.000421648612,attributes,102,1
63,"M_4x3_02",0,"MI_Terrain_X4_Y3",2,0.25,83232,20808,20808,0.25,0.00500000175,6.58952467e-06,0.00131790445,attributes,102,1
63,"M_4x3_02",0,"MI_Terrain_X4_Y3",3,0.119999997,83232,9987,9986,0.119977893,0.00500000175,1.55586549e-05,0.00311172986,attributes,102,1
63,"M_4x3_02",0,"MI_Terrain_X4_Y3",4,0.0599999987,83232,4993,4992,0.0599769319,0.00500000175,3.24707653e-05,0.00649415096,attributes,102,1
63,"M_4x3_02",0,"MI_Terrain_X4_Y3",5,0.0299999993,83232,2496,2496,0.029988466,0.00500000175,6.94878836e-05,0.0138975717,attributes,102,1
63,"M_4x3_02",0,"MI_Terrain_X4_Y3",6,0.00999999978,83232,832,832,0.00999615532,0.00500000175,0.00276947627,0.553895056,attributes,102,1
64,"M_3x3_04",0,"MI_Terrain_X3_Y3",0,1,83232,83232,83232,1,0.00500000222,0,0,source,103,1
64,"M_3x3_04",0,"MI_Terrain_X3_Y3",1,0.5,83232,41616,41616,0.5,0.00500000222,1.72613056e-06,0.00034522597,attributes,103,1
64,"M_3x3_04",0,"MI_Terrain_X3_Y3",2,0.25,83232,20808,20808,0.25,0.00500000222,5.28226428e-06,0.0010564524,attributes,103,1
64,"M_3x3_04",0,"MI_Terrain_X3_Y3",3,0.119999997,83232,9987,9986,0.119977893,0.00500000222,1.23932487e-05,0.00247864868,attributes,103,1
64,"M_3x3_04",0,"MI_Terrain_X3_Y3",4,0.0599999987,83232,4993,4992,0.0599769319,0.00500000222,2.59849658e-05,0.00519699091,attributes,103,1
64,"M_3x3_04",0,"MI_Terrain_X3_Y3",5,0.0299999993,83232,2496,2496,0.029988466,0.00500000222,5.50852565e-05,0.0110170469,attributes,103,1
64,"M_3x3_04",0,"MI_Terrain_X3_Y3",6,0.00999999978,83232,832,832,0.00999615532,0.00500000222,0.00223841332,0.44768247,attributes,103,1
65,"M_3x3_03",0,"MI_Terrain_X3_Y3",0,1,83232,83232,83232,1,0.00500000035,0,0,source,103,1
65,"M_3x3_03",0,"MI_Terrain_X3_Y3",1,0.5,83232,41616,41616,0.5,0.00500000035,2.11414613e-06,0.000422829209,attributes,103,1
65,"M_3x3_03",0,"MI_Terrain_X3_Y3",2,0.25,83232,20808,20808,0.25,0.00500000035,8.09315134e-06,0.00161863014,attributes,103,1
65,"M_3x3_03",0,"MI_Terrain_X3_Y3",3,0.119999997,83232,9987,9986,0.119977893,0.00500000035,2.00514914e-05,0.00401029782,attributes,103,1
65,"M_3x3_03",0,"MI_Terrain_X3_Y3",4,0.0599999987,83232,4993,4992,0.0599769319,0.00500000035,4.29332322e-05,0.00858664606,attributes,103,1
65,"M_3x3_03",0,"MI_Terrain_X3_Y3",5,0.0299999993,83232,2496,2496,0.029988466,0.00500000035,9.45534412e-05,0.0189106874,attributes,103,1
65,"M_3x3_03",0,"MI_Terrain_X3_Y3",6,0.00999999978,83232,832,832,0.00999615532,0.00500000035,0.00387680321,0.775360584,attributes,103,1
66,"M_3x3_01",0,"MI_Terrain_X3_Y3",0,1,83232,83232,83232,1,0.00500000035,0,0,source,103,1
66,"M_3x3_01",0,"MI_Terrain_X3_Y3",1,0.5,83232,41616,41616,0.5,0.00500000035,2.02426918e-06,0.00040485381,attributes,103,1
66,"M_3x3_01",0,"MI_Terrain_X3_Y3",2,0.25,83232,20808,20808,0.25,0.00500000035,6.25261373e-06,0.00125052268,attributes,103,1
66,"M_3x3_01",0,"MI_Terrain_X3_Y3",3,0.119999997,83232,9987,9986,0.119977893,0.00500000035,1.46987932e-05,0.00293975836,attributes,103,1
66,"M_3x3_01",0,"MI_Terrain_X3_Y3",4,0.0599999987,83232,4993,4992,0.0599769319,0.00500000035,3.05081576e-05,0.00610163109,attributes,103,1
66,"M_3x3_01",0,"MI_Terrain_X3_Y3",5,0.0299999993,83232,2496,2496,0.029988466,0.00500000035,6.48517962e-05,0.0129703581,attributes,103,1
66,"M_3x3_01",0,"MI_Terrain_X3_Y3",6,0.00999999978,83232,832,832,0.00999615532,0.00500000035,0.00238054339,0.47610864,attributes,103,1
67,"M_3x3_02",0,"MI_Terrain_X3_Y3",0,1,83232,83232,83232,1,0.00500000222,0,0,source,103,1
67,"M_3x3_02",0,"MI_Terrain_X3_Y3",1,0.5,83232,41616,41616,0.5,0.00500000222,2.66040934e-06,0.000532081642,attributes,103,1
67,"M_3x3_02",0,"MI_Terrain_X3_Y3",2,0.25,83232,20808,20808,0.25,0.00500000222,8.38541564e-06,0.00167708239,attributes,103,1
67,"M_3x3_02",0,"MI_Terrain_X3_Y3",3,0.119999997,83232,9987,9986,0.119977893,0.00500000222,1.98161088e-05,0.00396321993,attributes,103,1
67,"M_3x3_02",0,"MI_Terrain_X3_Y3",4,0.0599999987,83232,4993,4992,0.0599769319,0.00500000222,4.16411713e-05,0.00832823012,attributes,103,1
67,"M_3x3_02",0,"MI_Terrain_X3_Y3",5,0.0299999993,83232,2496,2496,0.029988466,0.00500000222,8.65717884e-05,0.0173143502,attributes,103,1
67,"M_3x3_02",0,"MI_Terrain_X3_Y3",6,0.00999999978,83232,832,832,0.00999615532,0.00500000222,0.0032969946,0.659398615,attributes,103,1
68,"M_4x3_04",0,"MI_Terrain_X4_Y3",0,1,83232,83232,83232,1,0.00500000082,0,0,source,102,1
68,"M_4x3_04",0,"MI_Terrain_X4_Y3",1,0.5,83232,41616,41616,0.5,0.00500000082,4.31536137e-06,0.000863072113,attributes,102,1
68,"M_4x3_04",0,"MI_Terrain_X4_Y3",2,0.25,83232,20808,20808,0.25,0.00500000082,1.34495403e-05,0.00268990756,attributes,102,1
68,"M_4x3_04",0,"MI_Terrain_X4_Y3",3,0.119999997,83232,9987,9986,0.119977893,0.00500000082,3.17159574e-05,0.00634319056,attributes,102,1
68,"M_4x3_04",0,"MI_Terrain_X4_Y3",4,0.0599999987,83232,4993,4992,0.0599769319,0.00500000082,6.73968025e-05,0.0134793585,attributes,102,1
68,"M_4x3_04",0,"MI_Terrain_X4_Y3",5,0.0299999993,83232,2496,2496,0.029988466,0.00500000082,0.000147791317,0.0295582581,attributes,102,1
68,"M_4x3_04",0,"MI_Terrain_X4_Y3",6,0.00999999978,83232,832,840,0.0100922722,0.00500000082,0.00486267591,0.972535014,attributes,102,1
69,"E_X2_Y5_43",0,"MI_Terrain_X2_Y5",0,1,81608,81608,81608,1,0.0200000014,0,0,source,104,1
69,"E_X2_Y5_43",0,"MI_Terrain_X2_Y5",1,0.5,81608,40804,40804,0.5,0.0200000014,1.03577131e-05,0.000517885608,attributes,104,1
69,"E_X2_Y5_43",0,"MI_Terrain_X2_Y5",2,0.25,81608,20402,20402,0.25,0.0200000014,3.1070238e-05,0.00155351183,attributes,104,1
69,"E_X2_Y5_43",0,"MI_Terrain_X2_Y5",3,0.119999997,81608,9792,9792,0.119988236,0.0200000014,7.13164773e-05,0.00356582366,attributes,104,1
69,"E_X2_Y5_43",0,"MI_Terrain_X2_Y5",4,0.0599999987,81608,4896,4896,0.0599941182,0.0200000014,0.000145677361,0.00728386734,attributes,104,1
69,"E_X2_Y5_43",0,"MI_Terrain_X2_Y5",5,0.0299999993,81608,2448,2448,0.0299970591,0.0200000014,0.00029939512,0.014969755,attributes,104,1
69,"E_X2_Y5_43",0,"MI_Terrain_X2_Y5",6,0.00999999978,81608,816,816,0.0099990197,0.0200000014,0.0164858121,0.824290574,attributes,104,1
70,"E_X1_Y5_42",0,"MI_Terrain_X1_Y5",0,1,81608,81608,81608,1,0.0200000014,0,0,source,105,1
70,"E_X1_Y5_42",0,"MI_Terrain_X1_Y5",1,0.5,81608,40804,40804,0.5,0.0200000014,7.90964714e-06,0.000395482319,attributes,105,1
70,"E_X1_Y5_42",0,"MI_Terrain_X1_Y5",2,0.25,81608,20402,20402,0.25,0.0200000014,2.48204924e-05,0.00124102458,attributes,105,1
70,"E_X1_Y5_42",0,"MI_Terrain_X1_Y5",3,0.119999997,81608,9792,9792,0.119988236,0.0200000014,5.77386636e-05,0.00288693304,attributes,105,1
70,"E_X1_Y5_42",0,"MI_Terrain_X1_Y5",4,0.0599999987,81608,4896,4896,0.0599941182,0.0200000014,0.000119071352,0.0059535671,attributes,105,1
70,"E_X1_Y5_42",0,"MI_Terrain_X1_Y5",5,0.0299999993,81608,2448,2448,0.0299970591,0.0200000014,0.000251132529,0.0125566255,attributes,105,1
70,"E_X1_Y5_42",0,"MI_Terrain_X1_Y5",6,0.00999999978,81608,816,816,0.0099990197,0.0200000014,0.0162726752,0.81363368,attributes,105,1
71,"E_X0_Y5_41",0,"MI_Terrain_X0_Y5",0,1,81608,81608,81608,1,0.0200000014,0,0,source,106,1
71,"E_X0_Y5_41",0,"MI_Terrain_X0_Y5",1,0.5,81608,40804,40804,0.5,0.0200000014,7.72007479e-06,0.000386003725,attributes,106,1
71,"E_X0_Y5_41",0,"MI_Terrain_X0_Y5",2,0.25,81608,20402,20402,0.25,0.0200000014,2.49743625e-05,0.00124871801,attributes,106,1
71,"E_X0_Y5_41",0,"MI_Terrain_X0_Y5",3,0.119999997,81608,9792,9792,0.119988236,0.0200000014,5.88003168e-05,0.00294001563,attributes,106,1
71,"E_X0_Y5_41",0,"MI_Terrain_X0_Y5",4,0.0599999987,81608,4896,4896,0.0599941182,0.0200000014,0.000120508186,0.00602540886,attributes,106,1
71,"E_X0_Y5_41",0,"MI_Terrain_X0_Y5",5,0.0299999993,81608,2448,2448,0.0299970591,0.0200000014,0.000257692707,0.0128846345,attributes,106,1
71,"E_X0_Y5_41",0,"MI_Terrain_X0_Y5",6,0.00999999978,81608,816,816,0.0099990197,0.0200000014,0.0172155611,0.860777974,attributes,106,1
72,"E_X0_Y4_33",0,"MI_Terrain_X0_Y4",0,1,81608,81608,81608,1,0.0200000014,0,0,source,107,1
72,"E_X0_Y4_33",0,"MI_Terrain_X0_Y4",1,0.5,81608,40804,40804,0.5,0.0200000014,9.76384217e-06,0.000488192076,attributes,107,1
72,"E_X0_Y4_33",0,"MI_Terrain_X0_Y4",2,0.25,81608,20402,20402,0.25,0.0200000014,3.6943311e-05,0.0018471654,attributes,107,1
72,"E_X0_Y4_33",0,"MI_Terrain_X0_Y4",3,0.119999997,81608,9792,9792,0.119988236,0.0200000014,8.95000994e-05,0.00447500451,attributes,107,1
72,"E_X0_Y4_33",0,"MI_Terrain_X0_Y4",4,0.0599999987,81608,4896,4896,0.0599941182,0.0200000014,0.000188411912,0.00942059513,attributes,107,1
72,"E_X0_Y4_33",0,"MI_Terrain_X0_Y4",5,0.0299999993,81608,2448,2448,0.0299970591,0.0200000014,0.000408399414,0.0204199702,attributes,107,1
72,"E_X0_Y4_33",0,"MI_Terrain_X0_Y4",6,0.00999999978,81608,816,816,0.0099990197,0.0200000014,0.019613985,0.980699182,attributes,107,1
73,"E_X1_Y4_34",0,"MI_Terrain_X1_Y4",0,1,81608,81608,81608,1,0.0200000014,0,0,source,108,1
73,"E_X1_Y4_34",0,"MI_Terrain_X1_Y4",1,0.5,81608,40804,40804,0.5,0.0200000014,8.62952038e-06,0.000431475986,attributes,108,1
73,"E_X1_Y4_34",0,"MI_Terrain_X1_Y4",2,0.25,81608,20402,20402,0.25,0.0200000014,3.09274874e-05,0.00154637429,attributes,108,1
73,"E_X1_Y4_34",0,"MI_Terrain_X1_Y4",3,0.119999997,81608,9792,9792,0.119988236,0.0200000014,7.67264428e-05,0.00383632188,attributes,108,1
73,"E_X1_Y4_34",0,"MI_Terrain_X1_Y4",4,0.0599999987,81608,4896,4896,0.0599941182,0.0200000014,0.000161812757,0.00809063762,attributes,108,1
73,"E_X1_Y4_34",0,"MI_Terrain_X1_Y4",5,0.0299999993,81608,2448,2448,0.0299970591,0.0200000014,0.000352960255,0.0176480114,attributes,108,1
73,"E_X1_Y4_34",0,"MI_Terrain_X1_Y4",6,0.00999999978,81608,816,818,0.0100235271,0.0200000014,0.0176307019,0.881535053,attributes,108,1
74,"E_X2_Y4_35",0,"MI_Terrain_X2_Y4",0,1,81608,81608,81608,1,0.0200000014,0,0,source,109,1
74,"E_X2_Y4_35",0,"MI_Terrain_X2_Y4",1,0.5,81608,40804,40804,0.5,0.0200000014,7.52361302e-06,0.000376180629,attributes,109,1
74,"E_X2_Y4_35",0,"MI_Terrain_X2_Y4",2,0.25,81608,20402,20402,0.25,0.0200000014,2.87564581e-05,0.00143782282,attributes,109,1
74,"E_X2_Y4_35",0,"MI_Terrain_X2_Y4",3,0.119999997,81608,9792,9792,0.119988236,0.0200000014,7.35053036e-05,0.003675265,attributes,109,1
74,"E_X2_Y4_35",0,"MI_Terrain_X2_Y4",4,0.0599999987,81608,4896,4896,0.0599941182,0.0200000014,0.000153929912,0.00769649493,attributes,109,1
74,"E_X2_Y4_35",0,"MI_Terrain_X2_Y4",5,0.0299999993,81608,2448,2448,0.0299970591,0.0200000014,0.000341041654,0.0170520823,attributes,109,1
74,"E_X2_Y4_35",0,"MI_Terrain_X2_Y4",6,0.00999999978,81608,816,816,0.0099990197,0.0200000014,0.018328093,0.916404605,attributes,109,1
75,"E_X5_Y4_38",0,"MI_Terrain_X5_Y4",0,1,81608,81608,81608,1,0.0200000014,0,0,source,110,1
75,"E_X5_Y4_38",0,"MI_Terrain_X5_Y4",1,0.5,81608,40804,40804,0.5,0.0200000014,8.96716392e-06,0.000448358158,attributes,110,1
75,"E_X5_Y4_38",0,"MI_Terrain_X5_Y4",2,0.25,81608,20402,20402,0.25,0.0200000014,3.08029885e-05,0.00154014933,attributes,110,1
75,"E_X5_Y4_38",0,"MI_Terrain_X5_Y4",3,0.119999997,81608,9792,9792,0.119988236,0.0200000014,7.4454998e-05,0.00372274965,attributes,110,1
75,"E_X5_Y4_38",0,"MI_Terrain_X5_Y4",4,0.0599999987,81608,4896,4896,0.0599941182,0.0200000014,0.00015489987,0.00774499308,attributes,110,1
75,"E_X5_Y4_38",0,"MI_Terrain_X5_Y4",5,0.0299999993,81608,2448,2448,0.0299970591,0.0200000014,0.000324373948,0.0162186958,attributes,110,1
75,"E_X5_Y4_38",0,"MI_Terrain_X5_Y4",6,0.00999999978,81608,816,824,0.0100970493,0.0200000014,0.017513372,0.875668526,attributes,110,1
76,"E_X6_Y4_39",0,"MI_Terrain_X6_Y4",0,1,81608,81608,81608,1,0.0200000014,0,0,source,111,1
76,"E_X6_Y4_39",0,"MI_Terrain_X6_Y4",1,0.5,81608,40804,40804,0.5,0.0200000014,1.11840573e-05,0.000559202803,attributes,111,1
76,"E_X6_Y4_39",0,"MI_Terrain_X6_Y4",2,0.25,81608,20402,20402,0.25,0.0200000014,4.28267776e-05,0.00214133877,attributes,111,1
76,"E_X6_Y4_39",0,"MI_Terrain_X6_Y4",3,0.119999997,81608,9792,9792,0.119988236,0.0200000014,0.000102863574,0.00514317816,attributes,111,1
76,"E_X6_Y4_39",0,"MI_Terrain_X6_Y4",4,0.0599999987,81608,4896,4896,0.0599941182,0.0200000014,0.000216202301,0.0108101144,attributes,111,1
76,"E_X6_Y4_39",0,"MI_Terrain_X6_Y4",5,0.0299999993,81608,2448,2448,0.0299970591,0.0200000014,0.000474541273,0.0237270612,attributes,111,1
76,"E_X6_Y4_39",0,"MI_Terrain_X6_Y4",6,0.00999999978,81608,816,822,0.0100725419,0.0200000014,0.0166721102,0.833605468,attributes,111,1
77,"E_X7_Y4_40",0,"MI_Terrain_X7_Y4",0,1,81608,81608,81608,1,0.0200000014,0,0,source,112,1
77,"E_X7_Y4_40",0,"MI_Terrain_X7_Y4",1,0.5,81608,40804,40804,0.5,0.0200000014,8.53572419e-06,0.000426786166,attributes,112,1
77,"E_X7_Y4_40",0,"MI_Terrain_X7_Y4",2,0.25,81608,20402,20402,0.25,0.0200000014,2.77574291e-05,0.00138787134,attributes,112,1
77,"E_X7_Y4_40",0,"MI_Terrain_X7_Y4",3,0.119999997,81608,9792,9792,0.119988236,0.0200000014,6.67754939e-05,0.00333877443,attributes,112,1
77,"E_X7_Y4_40",0,"MI_Terrain_X7_Y4",4,0.0599999987,81608,4896,4896,0.0599941182,0.0200000014,0.000135828202,0.00679140957,attributes,112,1
77,"E_X7_Y4_40",0,"MI_Terrain_X7_Y4",5,0.0299999993,81608,2448,2448,0.0299970591,0.0200000014,0.00028668961,0.0143344793,attributes,112,1
77,"E_X7_Y4_40",0,"MI_Terrain_X7_Y4",6,0.00999999978,81608,816,818,0.0100235271,0.0200000014,0.0155637646,0.778188169,attributes,112,1
78,"E_X7_Y3_32",0,"MI_Terrain_X7_Y3",0,1,81608,81608,81608,1,0.0200000014,0,0,source,113,1
78,"E_X7_Y3_32",0,"MI_Terrain_X7_Y3",1,0.5,81608,40804,40804,0.5,0.0200000014,6.89793478e-06,0.000344896718,attributes,113,1
78,"E_X7_Y3_32",0,"MI_Terrain_X7_Y3",2,0.25,81608,20402,20402,0.25,0.0200000014,2.34469935e-05,0.00117234956,attributes,113,1
78,"E_X7_Y3_32",0,"MI_Terrain_X7_Y3",3,0.119999997,81608,9792,9792,0.119988236,0.0200000014,5.9951155e-05,0.00299755763,attributes,113,1
78,"E_X7_Y3_32",0,"MI_Terrain_X7_Y3",4,0.0599999987,81608,4896,4896,0.0599941182,0.0200000014,0.000124726241,0.00623631151,attributes,113,1
78,"E_X7_Y3_32",0,"MI_Terrain_X7_Y3",5,0.0299999993,81608,2448,2448,0.0299970591,0.0200000014,0.000265135837,0.013256791,attributes,113,1
78,"E_X7_Y3_32",0,"MI_Terrain_X7_Y3",6,0.00999999978,81608,816,816,0.0099990197,0.0200000014,0.0177481808,0.887408972,attributes,113,1
79,"E_X6_Y3_31",0,"MI_Terrain_X6_Y3",0,1,81608,81608,81608,1,0.0200000014,0,0,source,114,1
79,"E_X6_Y3_31",0,"MI_Terrain_X6_Y3",1,0.5,81608,40804,40804,0.5,0.0200000014,1.0064723e-05,0.000503236137,attributes,114,1
79,"E_X6_Y3_31",0,"MI_Terrain_X6_Y3",2,0.25,81608,20402,20402,0.25,0.0200000014,3.49611437e-05,0.00174805708,attributes,114,1
79,"E_X6_Y3_31",0,"MI_Terrain_X6_Y3",3,0.119999997,81608,9792,9792,0.119988236,0.0200000014,8.47295523e-05,0.00423647743,attributes,114,1
79,"E_X6_Y3_31",0,"MI_Terrain_X6_Y3",4,0.0599999987,81608,4896,4896,0.0599941182,0.0200000014,0.000178373914,0.00891869515,attributes,114,1
79,"E_X6_Y3_31",0,"MI_Terrain_X6_Y3",5,0.0299999993,81608,2448,2448,0.0299970591,0.0200000014,0.000381221646,0.0190610811,attributes,114,1
79,"E_X6_Y3_31",0,"MI_Terrain_X6_Y3",6,0.00999999978,81608,816,820,0.0100480345,0.0200000014,0.0151495598,0.757477939,attributes,114,1
80,"E_X5_Y3_30",0,"MI_Terrain_X5_Y3",0,1,81608,81608,81608,1,0.0200000014,0,0,source,115,1
80,"E_X5_Y3_30",0,"MI_Terrain_X5_Y3",1,0.5,81608,40804,40804,0.5,0.0200000014,8.6307964e-06,0.000431539782,attributes,115,1
80,"E_X5_Y3_30",0,"MI_Terrain_X5_Y3",2,0.25,81608,20402,20402,0.25,0.0200000014,3.09711759e-05,0.00154855871,attributes,115,1
80,"E_X5_Y3_30",0,"MI_Terrain_X5_Y3",3,0.119999997,81608,9792,9792,0.119988236,0.0200000014,7.57149392e-05,0.00378574664,attributes,115,1
80,"E_X5_Y3_30",0,"MI_Terrain_X5_Y3",4,0.0599999987,81608,4896,4896,0.0599941182,0.0200000014,0.000160832657,0.00804163236,attributes,115,1
80,"E_X5_Y3_30",0,"MI_Terrain_X5_Y3",5,0.0299999993,81608,2448,2448,0.0299970591,0.0200000014,0.000340590486,0.0170295238,attributes,115,1
80,"E_X5_Y3_30",0,"MI_Terrain_X5_Y3",6,0.00999999978,81608,816,816,0.0099990197,0.0200000014,0.0191211421,0.956057012,attributes,115,1
81,"E_X2_Y3_27",0,"MI_Terrain_X2_Y3",0,1,81608,81608,81608,1,0.0200000014,0,0,source,116,1
81,"E_X2_Y3_27",0,"MI_Terrain_X2_Y3",1,0.5,81608,40804,40804,0.5,0.0200000014,1.11876752e-05,0.000559383712,attributes,116,1
81,"E_X2_Y3_27",0,"MI_Terrain_X2_Y3",2,0.25,81608,20402,20402,0.25,0.0200000014,3.65576925e-05,0.00182788447,attributes,116,1
81,"E_X2_Y3_27",0,"MI_Terrain_X2_Y3",3,0.119999997,81608,9792,9792,0.119988236,0.0200000014,8.43750531e-05,0.0042187525,attributes,116,1
81,"E_X2_Y3_27",0,"MI_Terrain_X2_Y3",4,0.0599999987,81608,4896,4896,0.0599941182,0.0200000014,0.000175123714,0.00875618495,attributes,116,1
81,"E_X2_Y3_27",0,"MI_Terrain_X2_Y3",5,0.0299999993,81608,2448,2448,0.0299970591,0.0200000014,0.000366376014,0.0183188003,attributes,116,1
81,"E_X2_Y3_27",0,"MI_Terrain_X2_Y3",6,0.00999999978,81608,816,818,0.0100235271,0.0200000014,0.0163381323,0.816906571,attributes,116,1
82,"E_X1_Y3_26",0,"MI_Terrain_X1_Y3",0,1,81608,81608,81608,1,0.0200000014,0,0,source,117,1
82,"E_X1_Y3_26",0,"MI_Terrain_X1_Y3",1,0.5,81608,40804,40804,0.5,0.0200000014,1.11870786e-05,0.00055935391,attributes,117,1
82,"E_X1_Y3_26",0,"MI_Terrain_X1_Y3",2,0.25,81608,20402,20402,0.25,0.0200000014,3.83642691e-05,0.00191821333,attributes,117,1
82,"E_X1_Y3_26",0,"MI_Terrain_X1_Y3",3,0.119999997,81608,9792,9792,0.119988236,0.0200000014,9.27140791e-05,0.00463570375,attributes,117,1
82,"E_X1_Y3_26",0,"MI_Terrain_X1_Y3",4,0.0599999987,81608,4896,4896,0.0599941182,0.0200000014,0.000193956017,0.0096978005,attributes,117,1
82,"E_X1_Y3_26",0,"MI_Terrain_X1_Y3",5,0.0299999993,81608,2448,2448,0.0299970591,0.0200000014,0.000414270791,0.0207135379,attributes,117,1
82,"E_X1_Y3_26",0,"MI_Terrain_X1_Y3",6,0.00999999978,81608,816,818,0.0100235271,0.0200000014,0.0151662715,0.758313537,attributes,117,1
83,"E_X0_Y3_25",0,"MI_Terrain_X0_Y3",0,1,81608,81608,81608,1,0.0200000014,0,0,source,118,1
83,"E_X0_Y3_25",0,"MI_Terrain_X0_Y3",1,0.5,81608,40804,40804,0.5,0.0200000014,8.03280363e-06,0.000401640165,attributes,118,1
83,"E_X0_Y3_25",0,"MI_Terrain_X0_Y3",2,0.25,81608,20402,20402,0.25,0.0200000014,2.74605263e-05,0.00137302617,attributes,118,1
83,"E_X0_Y3_25",0,"MI_Terrain_X0_Y3",3,0.119999997,81608,9792,9792,0.119988236,0.0200000014,6.75967894e-05,0.00337983924,attributes,118,1
83,"E_X0_Y3_25",0,"MI_Terrain_X0_Y3",4,0.0599999987,81608,4896,4896,0.0599941182,0.0200000014,0.000141917,0.00709584961,attributes,118,1
83,"E_X0_Y3_25",0,"MI_Terrain_X0_Y3",5,0.0299999993,81608,2448,2448,0.0299970591,0.0200000014,0.000302361848,0.0151180914,attributes,118,1
83,"E_X0_Y3_25",0,"MI_Terrain_X0_Y3",6,0.00999999978,81608,816,816,0.0099990197,0.0200000014,0.017112352,0.855617523,attributes,118,1
84,"E_X0_Y2_17",0,"MI_Terrain_X0_Y2",0,1,81608,81608,81608,1,0.0200000014,0,0,source,119,1
84,"E_X0_Y2_17",0,"MI_Terrain_X0_Y2",1,0.5,81608,40804,40804,0.5,0.0200000014,7.50380696e-06,0.000375190313,attributes,119,1
84,"E_X0_Y2_17",0,"MI_Terrain_X0_Y2",2,0.25,81608,20402,20402,0.25,0.0200000014,2.29418001e-05,0.00114708988,attributes,119,1
84,"E_X0_Y2_17",0,"MI_Terrain_X0_Y2",3,0.119999997,81608,9792,9792,0.119988236,0.0200000014,5.38008135e-05,0.00269004051,attributes,119,1
84,"E_X0_Y2_17",0,"MI_Terrain_X0_Y2",4,0.0599999987,81608,4896,4896,0.0599941182,0.0200000014,0.000110671775,0.00553358858,attributes,119,1
84,"E_X0_Y2_17",0,"MI_Terrain_X0_Y2",5,0.0299999993,81608,2448,2448,0.0299970591,0.0200000014,0.000233390805,0.0116695398,attributes,119,1
84,"E_X0_Y2_17",0,"MI_Terrain_X0_Y2",6,0.00999999978,81608,816,816,0.0099990197,0.0200000014,0.0183556285,0.917781353,attributes,119,1
85,"E_X1_Y2_18",0,"MI_Terrain_X1_Y2",0,1,81608,81608,81608,1,0.0200000014,0,0,source,120,1
85,"E_X1_Y2_18",0,"MI_Terrain_X1_Y2",1,0.5,81608,40804,40804,0.5,0.0200000014,1.09161756e-05,0.000545808754,attributes,120,1
85,"E_X1_Y2_18",0,"MI_Terrain_X1_Y2",2,0.25,81608,20402,20402,0.25,0.0200000014,3.43286629e-05,0.00171643298,attributes,120,1
85,"E_X1_Y2_18",0,"MI_Terrain_X1_Y2",3,0.119999997,81608,9792,9792,0.119988236,0.0200000014,8.0129721e-05,0.00400648592,attributes,120,1
85,"E_X1_Y2_18",0,"MI_Terrain_X1_Y2",4,0.0599999987,81608,4896,4896,0.0599941182,0.0200000014,0.000165240534,0.00826202612,attributes,120,1
85,"E_X1_Y2_18",0,"MI_Terrain_X1_Y2",5,0.0299999993,81608,2448,2448,0.0299970591,0.0200000014,0.000348286732,0.0174143352,attributes,120,1
85,"E_X1_Y2_18",0,"MI_Terrain_X1_Y2",6,0.00999999978,81608,816,822,0.0100725419,0.0200000014,0.0194098838,0.970494092,attributes,120,1
86,"E_X2_Y2_19",0,"MI_Terrain_X2_Y2",0,1,81608,81608,81608,1,0.0200000014,0,0,source,121,1
86,"E_X2_Y2_19",0,"MI_Terrain_X2_Y2",1,0.5,81608,40804,40804,0.5,0.0200000014,1.16050451e-05,0.000580252206,attributes,121,1
86,"E_X2_Y2_19",0,"MI_Terrain_X2_Y2",2,0.25,81608,20402,20402,0.25,0.0200000014,3.55186785e-05,0.00177593378,attributes,121,1
86,"E_X2_Y2_19",0,"MI_Terrain_X2_Y2",3,0.119999997,81608,9792,9792,0.119988236,0.0200000014,8.13177176e-05,0.00406588567,attributes,121,1
86,"E_X2_Y2_19",0,"MI_Terrain_X2_Y2",4,0.0599999987,81608,4896,4896,0.0599941182,0.0200000014,0.000168512634,0.00842563063,attributes,121,1
86,"E_X2_Y2_19",0,"MI_Terrain_X2_Y2",5,0.0299999993,81608,2448,2448,0.0299970591,0.0200000014,0.000361164712,0.0180582348,attributes,121,1
86,"E_X2_Y2_19",0,"MI_Terrain_X2_Y2",6,0.00999999978,81608,816,818,0.0100235271,0.0200000014,0.0180126615,0.900633037,attributes,121,1
87,"E_X3_Y2_20",0,"MI_Terrain_X3_Y2",0,1,81608,81608,81608,1,0.0200000014,0,0,source,122,1
87,"E_X3_Y2_20",0,"MI_Terrain_X3_Y2",1,0.5,81608,40804,40804,0.5,0.0200000014,1.14495342e-05,0.000572476652,attributes,122,1
87,"E_X3_Y2_20",0,"MI_Terrain_X3_Y2",2,0.25,81608,20402,20402,0.25,0.0200000014,3.43506763e-05,0.00171753368,attributes,122,1
87,"E_X3_Y2_20",0,"MI_Terrain_X3_Y2",3,0.119999997,81608,9792,9792,0.119988236,0.0200000014,7.68940954e-05,0.00384470448,attributes,122,1
87,"E_X3_Y2_20",0,"MI_Terrain_X3_Y2",4,0.0599999987,81608,4896,4896,0.0599941182,0.0200000014,0.000152524153,0.00762620708,attributes,122,1
87,"E_X3_Y2_20",0,"MI_Terrain_X3_Y2",5,0.0299999993,81608,2448,2448,0.0299970591,0.0200000014,0.000312404212,0.0156202093,attributes,122,1
87,"E_X3_Y2_20",0,"MI_Terrain_X3_Y2",6,0.00999999978,81608,816,822,0.0100725419,0.0200000014,0.0156434476,0.782172322,attributes,122,1
88,"E_X4_Y2_21",0,"MI_Terrain_X4_Y2",0,1,81608,81608,81608,1,0.0200000014,0,0,source,123,1
88,"E_X4_Y2_21",0,"MI_Terrain_X4_Y2",1,0.5,81608,40804,40804,0.5,0.0200000014,7.52059032e-06,0.000376029493,attributes,123,1
88,"E_X4_Y2_21",0,"MI_Terrain_X4_Y2",2,0.25,81608,20402,20402,0.25,0.0200000014,2.47802745e-05,0.00123901363,attributes,123,1
88,"E_X4_Y2_21",0,"MI_Terrain_X4_Y2",3,0.119999997,81608,9792,9792,0.119988236,0.0200000014,5.78937652e-05,0.00289468816,attributes,123,1
88,"E_X4_Y2_21",0,"MI_Terrain_X4_Y2",4,0.0599999987,81608,4896,4896,0.0599941182,0.0200000014,0.000121178164,0.0060589076,attributes,123,1
88,"E_X4_Y2_21",0,"MI_Terrain_X4_Y2",5,0.0299999993,81608,2448,2448,0.0299970591,0.0200000014,0.000255634834,0.0127817411,attributes,123,1
88,"E_X4_Y2_21",0,"MI_Terrain_X4_Y2",6,0.00999999978,81608,816,816,0.0099990197,0.0200000014,0.0164874848,0.824374199,attributes,123,1
89,"E_X5_Y2_22",0,"MI_Terrain_X5_Y2",0,1,81608,81608,81608,1,0.0200000014,0,0,source,124,1
89,"E_X5_Y2_22",0,"MI_Terrain_X5_Y2",1,0.5,81608,40804,40804,0.5,0.0200000014,8.09252924e-06,0.000404626422,attributes,124,1
89,"E_X5_Y2_22",0,"MI_Terrain_X5_Y2",2,0.25,81608,20402,20402,0.25,0.0200000014,2.50046578e-05,0.0012502328,attributes,124,1
89,"E_X5_Y2_22",0,"MI_Terrain_X5_Y2",3,0.119999997,81608,9792,9792,0.119988236,0.0200000014,5.73870711e-05,0.0028693534,attributes,124,1
89,"E_X5_Y2_22",0,"MI_Terrain_X5_Y2",4,0.0599999987,81608,4896,4896,0.0599941182,0.0200000014,0.000118937503,0.00594687462,attributes,124,1
89,"E_X5_Y2_22",0,"MI_Terrain_X5_Y2",5,0.0299999993,81608,2448,2448,0.0299970591,0.0200000014,0.000242352602,0.0121176289,attributes,124,1
89,"E_X5_Y2_22",0,"MI_Terrain_X5_Y2",6,0.00999999978,81608,816,816,0.0099990197,0.0200000014,0.0161823817,0.809119046,attributes,124,1
90,"E_X6_Y2_23",0,"MI_Terrain_X6_Y2",0,1,81608,81608,81608,1,0.0200000014,0,0,source,125,1
90,"E_X6_Y2_23",0,"MI_Terrain_X6_Y2",1,0.5,81608,40804,40804,0.5,0.0200000014,8.44154783e-06,0.00042207737,attributes,125,1
90,"E_X6_Y2_23",0,"MI_Terrain_X6_Y2",2,0.25,81608,20402,20402,0.25,0.0200000014,3.02749013e-05,0.00151374494,attributes,125,1
90,"E_X6_Y2_23",0,"MI_Terrain_X6_Y2",3,0.119999997,81608,9792,9792,0.119988236,0.0200000014,7.50010004e-05,0.00375004974,attributes,125,1
90,"E_X6_Y2_23",0,"MI_Terrain_X6_Y2",4,0.0599999987,81608,4896,4896,0.0599941182,0.0200000014,0.000159852323,0.00799261592,attributes,125,1
90,"E_X6_Y2_23",0,"MI_Terrain_X6_Y2",5,0.0299999993,81608,2448,2448,0.0299970591,0.0200000014,0.000342882297,0.0171441138,attributes,125,1
90,"E_X6_Y2_23",0,"MI_Terrain_X6_Y2",6,0.00999999978,81608,816,818,0.0100235271,0.0200000014,0.0138765424,0.693827093,attributes,125,1
91,"E_X7_Y2_24",0,"MI_Terrain_X7_Y2",0,1,81608,81608,81608,1,0.0200000014,0,0,source,126,1
91,"E_X7_Y2_24",0,"MI_Terrain_X7_Y2",1,0.5,81608,40804,40804,0.5,0.0200000014,8.09630274e-06,0.000404815102,attributes,126,1
91,"E_X7_Y2_24",0,"MI_Terrain_X7_Y2",2,0.25,81608,20402,20402,0.25,0.0200000014,2.60107045e-05,0.00130053516,attributes,126,1
91,"E_X7_Y2_24",0,"MI_Terrain_X7_Y2",3,0.119999997,81608,9792,9792,0.119988236,0.0200000014,6.38208658e-05,0.00319104316,attributes,126,1
91,"E_X7_Y2_24",0,"MI_Terrain_X7_Y2",4,0.0599999987,81608,4896,4896,0.0599941182,0.0200000014,0.000134234724,0.00671173586,attributes,126,1
91,"E_X7_Y2_24",0,"MI_Terrain_X7_Y2",5,0.0299999993,81608,2448,2448,0.0299970591,0.0200000014,0.000289812975,0.0144906482,attributes,126,1
91,"E_X7_Y2_24",0,"MI_Terrain_X7_Y2",6,0.00999999978,81608,816,818,0.0100235271,0.0200000014,0.0161319058,0.806595206,attributes,126,1
92,"E_X0_Y1_9",0,"MI_Terrain_X0_Y1",0,1,81608,81608,81608,1,0.0200000014,0,0,source,127,1
92,"E_X0_Y1_9",0,"MI_Terrain_X0_Y1",1,0.5,81608,40804,40804,0.5,0.0200000014,1.05424569e-05,0.000527122815,attributes,127,1
92,"E_X0_Y1_9",0,"MI_Terrain_X0_Y1",2,0.25,81608,20402,20402,0.25,0.0200000014,3.34304059e-05,0.00167152018,attributes,127,1
92,"E_X0_Y1_9",0,"MI_Terrain_X0_Y1",3,0.119999997,81608,9792,9792,0.119988236,0.0200000014,7.91777784e-05,0.00395888882,attributes,127,1
92,"E_X0_Y1_9",0,"MI_Terrain_X0_Y1",4,0.0599999987,81608,4896,4896,0.0599941182,0.0200000014,0.000164280355,0.00821401738,attributes,127,1
92,"E_X0_Y1_9",0,"MI_Terrain_X0_Y1",5,0.0299999993,81608,2448,2448,0.0299970591,0.0200000014,0.000355520082,0.0177760031,attributes,127,1
92,"E_X0_Y1_9",0,"MI_Terrain_X0_Y1",6,0.00999999978,81608,816,820,0.0100480345,0.0200000014,0.0164154917,0.820774555,attributes,127,1
93,"E_X1_Y1_10",0,"MI_Terrain_X1_Y1",0,1,81608,81608,81608,1,0.0200000014,0,0,source,128,1
93,"E_X1_Y1_10",0,"MI_Terrain_X1_Y1",1,0.5,81608,40804,40804,0.5,0.0200000014,1.00636189e-05,0.000503180898,attributes,128,1
93,"E_X1_Y1_10",0,"MI_Terrain_X1_Y1",2,0.25,81608,20402,20402,0.25,0.0200000014,3.18745151e-05,0.00159372564,attributes,128,1
93,"E_X1_Y1_10",0,"MI_Terrain_X1_Y1",3,0.119999997,81608,9792,9792,0.119988236,0.0200000014,7.4325304e-05,0.00371626485,attributes,128,1
93,"E_X1_Y1_10",0,"MI_Terrain_X1_Y1",4,0.0599999987,81608,4896,4896,0.0599941182,0.0200000014,0.000154724461,0.00773622235,attributes,128,1
93,"E_X1_Y1_10",0,"MI_Terrain_X1_Y1",5,0.0299999993,81608,2448,2448,0.0299970591,0.0200000014,0.00032042549,0.016021274,attributes,128,1
93,"E_X1_Y1_10",0,"MI_Terrain_X1_Y1",6,0.00999999978,81608,816,818,0.0100235271,0.0200000014,0.0183511861,0.917559266,attributes,128,1
94,"E_X2_Y1_11",0,"MI_Terrain_X2_Y1",0,1,81608,81608,81608,1,0.0200000014,0,0,source,129,1
94,"E_X2_Y1_11",0,"MI_Terrain_X2_Y1",1,0.5,81608,40804,40804,0.5,0.0200000014,1.26834511e-05,0.000634172524,attributes,129,1
94,"E_X2_Y1_11",0,"MI_Terrain_X2_Y1",2,0.25,81608,20402,20402,0.25,0.0200000014,3.89771267e-05,0.00194885617,attributes,129,1
94,"E_X2_Y1_11",0,"MI_Terrain_X2_Y1",3,0.119999997,81608,9792,9792,0.119988236,0.0200000014,8.87678325e-05,0.00443839142,attributes,129,1
94,"E_X2_Y1_11",0,"MI_Terrain_X2_Y1",4,0.0599999987,81608,4896,4896,0.0599941182,0.0200000014,0.000184402175,0.00922010839,attributes,129,1
94,"E_X2_Y1_11",0,"MI_Terrain_X2_Y1",5,0.0299999993,81608,2448,2448,0.0299970591,0.0200000014,0.000386303233,0.0193151608,attributes,129,1
94,"E_X2_Y1_11",0,"MI_Terrain_X2_Y1",6,0.00999999978,81608,816,820,0.0100480345,0.0200000014,0.0162777137,0.813885629,attributes,129,1
95,"E_X3_Y1_12",0,"MI_Terrain_X3_Y1",0,1,81608,81608,81608,1,0.0200000014,0,0,source,130,1
95,"E_X3_Y1_12",0,"MI_Terrain_X3_Y1",1,0.5,81608,40804,40804,0.5,0.0200000014,1.22068932e-05,0.000610344636,attributes,130,1
95,"E_X3_Y1_12",0,"MI_Terrain_X3_Y1",2,0.25,81608,20402,20402,0.25,0.0200000014,3.71030037e-05,0.0018551501,attributes,130,1
95,"E_X3_Y1_12",0,"MI_Terrain_X3_Y1",3,0.119999997,81608,9792,9792,0.119988236,0.0200000014,8.4917112e-05,0.00424585538,attributes,130,1
95,"E_X3_Y1_12",0,"MI_Terrain_X3_Y1",4,0.0599999987,81608,4896,4896,0.0599941182,0.0200000014,0.000174387795,0.00871938933,attributes,130,1
95,"E_X3_Y1_12",0,"MI_Terrain_X3_Y1",5,0.0299999993,81608,2448,2448,0.0299970591,0.0200000014,0.000356356148,0.0178178065,attributes,130,1
95,"E_X3_Y1_12",0,"MI_Terrain_X3_Y1",6,0.00999999978,81608,816,822,0.0100725419,0.0200000014,0.0135208722,0.67604357,attributes,130,1
96,"E_X4_Y1_13",0,"MI_Terrain_X4_Y1",0,1,81608,81608,81608,1,0.0200000014,0,0,source,131,1
96,"E_X4_Y1_13",0,"MI_Terrain_X4_Y1",1,0.5,81608,40804,40804,0.5,0.0200000014,1.24246208e-05,0.000621230982,attributes,131,1
96,"E_X4_Y1_13",0,"MI_Terrain_X4_Y1",2,0.25,81608,20402,20402,0.25,0.0200000014,4.1719697e-05,0.00208598468,attributes,131,1
96,"E_X4_Y1_13",0,"MI_Terrain_X4_Y1",3,0.119999997,81608,9792,9792,0.119988236,0.0200000014,9.86520026e-05,0.00493259961,attributes,131,1
96,"E_X4_Y1_13",0,"MI_Terrain_X4_Y1",4,0.0599999987,81608,4896,4896,0.0599941182,0.0200000014,0.000205247808,0.0102623897,attributes,131,1
96,"E_X4_Y1_13",0,"MI_Terrain_X4_Y1",5,0.0299999993,81608,2448,2448,0.0299970591,0.0200000014,0.00044567365,0.0222836807,attributes,131,1
96,"E_X4_Y1_13",0,"MI_Terrain_X4_Y1",6,0.00999999978,81608,816,824,0.0100970493,0.0200000014,0.0183646455,0.918232203,attributes,131,1
97,"E_X5_Y1_14",0,"MI_Terrain_X5_Y1",0,1,81608,81608,81608,1,0.0200000014,0,0,source,132,1
97,"E_X5_Y1_14",0,"MI_Terrain_X5_Y1",1,0.5,81608,40804,40804,0.5,0.0200000014,1.20921522e-05,0.000604607572,attributes,132,1
97,"E_X5_Y1_14",0,"MI_Terrain_X5_Y1",2,0.25,81608,20402,20402,0.25,0.0200000014,3.69870286e-05,0.00184935133,attributes,132,1
97,"E_X5_Y1_14",0,"MI_Terrain_X5_Y1",3,0.119999997,81608,9792,9792,0.119988236,0.0200000014,8.27608455e-05,0.00413804175,attributes,132,1
97,"E_X5_Y1_14",0,"MI_Terrain_X5_Y1",4,0.0599999987,81608,4896,4896,0.0599941182,0.0200000014,0.000169785199,0.00848925952,attributes,132,1
97,"E_X5_Y1_14",0,"MI_Terrain_X5_Y1",5,0.0299999993,81608,2448,2448,0.0299970591,0.0200000014,0.00035075398,0.0175376981,attributes,132,1
97,"E_X5_Y1_14",0,"MI_Terrain_X5_Y1",6,0.00999999978,81608,816,820,0.0100480345,0.0200000014,0.0179199334,0.89599663,attributes,132,1
98,"E_X6_Y1_15",0,"MI_Terrain_X6_Y1",0,1,81608,81608,81608,1,0.0200000014,0,0,source,133,1
98,"E_X6_Y1_15",0,"MI_Terrain_X6_Y1",1,0.5,81608,40804,40804,0.5,0.0200000014,8.09688572e-06,0.000404844264,attributes,133,1
98,"E_X6_Y1_15",0,"MI_Terrain_X6_Y1",2,0.25,81608,20402,20402,0.25,0.0200000014,2.53505241e-05,0.00126752607,attributes,133,1
98,"E_X6_Y1_15",0,"MI_Terrain_X6_Y1",3,0.119999997,81608,9792,9792,0.119988236,0.0200000014,5.84543195e-05,0.00292271585,attributes,133,1
98,"E_X6_Y1_15",0,"MI_Terrain_X6_Y1",4,0.0599999987,81608,4896,4896,0.0599941182,0.0200000014,0.000119599528,0.00597997615,attributes,133,1
98,"E_X6_Y1_15",0,"MI_Terrain_X6_Y1",5,0.0299999993,81608,2448,2448,0.0299970591,0.0200000014,0.000246015348,0.012300767,attributes,133,1
98,"E_X6_Y1_15",0,"MI_Terrain_X6_Y1",6,0.00999999978,81608,816,816,0.0099990197,0.0200000014,0.0118761593,0.593807936,attributes,133,1
99,"E_X7_Y1_16",0,"MI_Terrain_X7_Y1",0,1,81608,81608,81608,1,0.0200000014,0,0,source,134,1
99,"E_X7_Y1_16",0,"MI_Terrain_X7_Y1",1,0.5,81608,40804,40804,0.5,0.0200000014,6.57321516e-06,0.000328660739,attributes,134,1
99,"E_X7_Y1_16",0,"MI_Terrain_X7_Y1",2,0.25,81608,20402,20402,0.25,0.0200000014,2.01584535e-05,0.00100792258,attributes,134,1
99,"E_X7_Y1_16",0,"MI_Terrain_X7_Y1",3,0.119999997,81608,9792,9792,0.119988236,0.0200000014,4.64457917e-05,0.00232228939,attributes,134,1
99,"E_X7_Y1_16",0,"MI_Terrain_X7_Y1",4,0.0599999987,81608,4896,4896,0.0599941182,0.0200000014,9.42220358e-05,0.0047111013,attributes,134,1
99,"E_X7_Y1_16",0,"MI_Terrain_X7_Y1",5,0.0299999993,81608,2448,2448,0.0299970591,0.0200000014,0.000193720392,0.00968601927,attributes,134,1
99,"E_X7_Y1_16",0,"MI_Terrain_X7_Y1",6,0.00999999978,81608,816,816,0.0099990197,0.0200000014,0.0159732644,0.798663139,attributes,134,1
100,"E_X7_Y0_8",0,"MI_Terrain_X7_Y0",0,1,81608,81608,81608,1,0.0200000014,0,0,source,135,1
100,"E_X7_Y0_8",0,"MI_Terrain_X7_Y0",1,0.5,81608,40804,40804,0.5,0.0200000014,8.5548354e-06,0.000427741732,attributes,135,1
100,"E_X7_Y0_8",0,"MI_Terrain_X7_Y0",2,0.25,81608,20402,20402,0.25,0.0200000014,2.58142973e-05,0.00129071472,attributes,135,1
100,"E_X7_Y0_8",0,"MI_Terrain_X7_Y0",3,0.119999997,81608,9792,9792,0.119988236,0.0200000014,5.88713337e-05,0.00294356653,attributes,135,1
100,"E_X7_Y0_8",0,"MI_Terrain_X7_Y0",4,0.0599999987,81608,4896,4896,0.0599941182,0.0200000014,0.00012051838,0.00602591876,attributes,135,1
100,"E_X7_Y0_8",0,"MI_Terrain_X7_Y0",5,0.0299999993,81608,2448,2448,0.0299970591,0.0200000014,0.00025267218,0.0126336077,attributes,135,1
100,"E_X7_Y0_8",0,"MI_Terrain_X7_Y0",6,0.00999999978,81608,816,816,0.0099990197,0.0200000014,0.017750008,0.887500346,attributes,135,1
101,"E_X6_Y0_7",0,"MI_Terrain_X6_Y0",0,1,81608,81608,81608,1,0.0200000014,0,0,source,136,1
101,"E_X6_Y0_7",0,"MI_Terrain_X6_Y0",1,0.5,81608,40804,40804,0.5,0.0200000014,7.11742541e-06,0.000355871249,attributes,136,1
101,"E_X6_Y0_7",0,"MI_Terrain_X6_Y0",2,0.25,81608,20402,20402,0.25,0.0200000014,2.25450876e-05,0.00112725433,attributes,136,1
101,"E_X6_Y0_7",0,"MI_Terrain_X6_Y0",3,0.119999997,81608,9792,9792,0.119988236,0.0200000014,5.18417291e-05,0.00259208633,attributes,136,1
101,"E_X6_Y0_7",0,"MI_Terrain_X6_Y0",4,0.0599999987,81608,4896,4896,0.0599941182,0.0200000014,0.000105013838,0.00525069144,attributes,136,1
101,"E_X6_Y0_7",0,"MI_Terrain_X6_Y0",5,0.0299999993,81608,2448,2448,0.0299970591,0.0200000014,0.000212919666,0.0106459828,attributes,136,1
101,"E_X6_Y0_7",0,"MI_Terrain_X6_Y0",6,0.00999999978,81608,816,816,0.0099990197,0.0200000014,0.0157407094,0.787035406,attributes,136,1
102,"E_X5_Y0_6",0,"MI_Terrain_X5_Y0",0,1,81608,81608,81608,1,0.0200000014,0,0,source,137,1
102,"E_X5_Y0_6",0,"MI_Terrain_X5_Y0",1,0.5,81608,40804,40804,0.5,0.0200000014,9.75483908e-06,0.000487741927,attributes,137,1
102,"E_X5_Y0_6",0,"MI_Terrain_X5_Y0",2,0.25,81608,20402,20402,0.25,0.0200000014,3.0989926e-05,0.0015494962,attributes,137,1
102,"E_X5_Y0_6",0,"MI_Terrain_X5_Y0",3,0.119999997,81608,9792,9792,0.119988236,0.0200000014,7.12416659e-05,0.003562083,attributes,137,1
102,"E_X5_Y0_6",0,"MI_Terrain_X5_Y0",4,0.0599999987,81608,4896,4896,0.0599941182,0.0200000014,0.000146662249,0.00733311195,attributes,137,1
102,"E_X5_Y0_6",0,"MI_Terrain_X5_Y0",5,0.0299999993,81608,2448,2448,0.0299970591,0.0200000014,0.000307316368,0.0153658176,attributes,137,1
102,"E_X5_Y0_6",0,"MI_Terrain_X5_Y0",6,0.00999999978,81608,816,820,0.0100480345,0.0200000014,0.0175427124,0.877135575,attributes,137,1
103,"E_X4_Y0_5",0,"MI_Terrain_X4_Y0",0,1,81608,81608,81608,1,0.0200000014,0,0,source,138,1
103,"E_X4_Y0_5",0,"MI_Terrain_X4_Y0",1,0.5,81608,40804,40804,0.5,0.0200000014,1.24484395e-05,0.000622421911,attributes,138,1
103,"E_X4_Y0_5",0,"MI_Terrain_X4_Y0",2,0.25,81608,20402,20402,0.25,0.0200000014,4.00640274e-05,0.00200320128,attributes,138,1
103,"E_X4_Y0_5",0,"MI_Terrain_X4_Y0",3,0.119999997,81608,9792,9792,0.119988236,0.0200000014,9.35057324e-05,0.00467528636,attributes,138,1
103,"E_X4_Y0_5",0,"MI_Terrain_X4_Y0",4,0.0599999987,81608,4896,4896,0.0599941182,0.0200000014,0.000194104039,0.00970520172,attributes,138,1
103,"E_X4_Y0_5",0,"MI_Terrain_X4_Y0",5,0.0299999993,81608,2448,2448,0.0299970591,0.0200000014,0.000404274208,0.0202137083,attributes,138,1
103,"E_X4_Y0_5",0,"MI_Terrain_X4_Y0",6,0.00999999978,81608,816,816,0.0099990197,0.0200000014,0.0187033955,0.935169697,attributes,138,1
104,"E_X3_Y0_4",0,"MI_Terrain_X3_Y0",0,1,81608,81608,81608,1,0.0200000014,0,0,source,139,1
104,"E_X3_Y0_4",0,"MI_Terrain_X3_Y0",1,0.5,81608,40804,40804,0.5,0.0200000014,1.11701474e-05,0.000558507338,attributes,139,1
104,"E_X3_Y0_4",0,"MI_Terrain_X3_Y0",2,0.25,81608,20402,20402,0.25,0.0200000014,3.6530444e-05,0.00182652206,attributes,139,1
104,"E_X3_Y0_4",0,"MI_Terrain_X3_Y0",3,0.119999997,81608,9792,9792,0.119988236,0.0200000014,8.53557358e-05,0.00426778663,attributes,139,1
104,"E_X3_Y0_4",0,"MI_Terrain_X3_Y0",4,0.0599999987,81608,4896,4896,0.0599941182,0.0200000014,0.000178748131,0.00893740635,attributes,139,1
104,"E_X3_Y0_4",0,"MI_Terrain_X3_Y0",5,0.0299999993,81608,2448,2448,0.0299970591,0.0200000014,0.000377385295,0.0188692641,attributes,139,1
104,"E_X3_Y0_4",0,"MI_Terrain_X3_Y0",6,0.00999999978,81608,816,822,0.0100725419,0.0200000014,0.0181847773,0.909238815,attributes,139,1
105,"E_X2_Y0_3",0,"MI_Terrain_X2_Y0",0,1,81608,81608,81608,1,0.0200000014,0,0,source,140,1
105,"E_X2_Y0_3",0,"MI_Terrain_X2_Y0",1,0.5,81608,40804,40804,0.5,0.0200000014,1.42347844e-05,0.00071173918,attributes,140,1
105,"E_X2_Y0_3",0,"MI_Terrain_X2_Y0",2,0.25,81608,20402,20402,0.25,0.0200000014,4.27031591e-05,0.00213515782,attributes,140,1
105,"E_X2_Y0_3",0,"MI_Terrain_X2_Y0",3,0.119999997,81608,9792,9792,0.119988236,0.0200000014,9.69843022e-05,0.00484921457,attributes,140,1
105,"E_X2_Y0_3",0,"MI_Terrain_X2_Y0",4,0.0599999987,81608,4896,4896,0.0599941182,0.0200000014,0.000198237802,0.00991188921,attributes,140,1
105,"E_X2_Y0_3",0,"MI_Terrain_X2_Y0",5,0.0299999993,81608,2448,2448,0.0299970591,0.0200000014,0.00040802412,0.020401204,attributes,140,1
105,"E_X2_Y0_3",0,"MI_Terrain_X2_Y0",6,0.00999999978,81608,816,824,0.0100970493,0.0200000014,0.0161467232,0.807336092,attributes,140,1
106,"E_X1_Y0_2",0,"MI_Terrain_X1_Y0",0,1,81608,81608,81608,1,0.0200000014,0,0,source,141,1
106,"E_X1_Y0_2",0,"MI_Terrain_X1_Y0",1,0.5,81608,40804,40804,0.5,0.0200000014,1.03566153e-05,0.000517830718,attributes,141,1
106,"E_X1_Y0_2",0,"MI_Terrain_X1_Y0",2,0.25,81608,20402,20402,0.25,0.0200000014,3.21597399e-05,0.00160798687,attributes,141,1
106,"E_X1_Y0_2",0,"MI_Terrain_X1_Y0",3,0.119999997,81608,9792,9792,0.119988236,0.0200000014,7.35531721e-05,0.00367765827,attributes,141,1
106,"E_X1_Y0_2",0,"MI_Terrain_X1_Y0",4,0.0599999987,81608,4896,4896,0.0599941182,0.0200000014,0.000151628512,0.0075814249,attributes,141,1
106,"E_X1_Y0_2",0,"MI_Terrain_X1_Y0",5,0.0299999993,81608,2448,2448,0.0299970591,0.0200000014,0.000311495736,0.0155747859,attributes,141,1
106,"E_X1_Y0_2",0,"MI_Terrain_X1_Y0",6,0.00999999978,81608,816,816,0.0099990197,0.0200000014,0.0192641634,0.963208079,attributes,141,1
107,"E_X0_Y0_1",0,"MI_Terrain_X0_Y0",0,1,81608,81608,81608,1,0.0200000014,0,0,source,142,1
107,"E_X0_Y0_1",0,"MI_Terrain_X0_Y0",1,0.5,81608,40804,40804,0.5,0.0200000014,1.03533976e-05,0.000517669832,attributes,142,1
107,"E_X0_Y0_1",0,"MI_Terrain_X0_Y0",2,0.25,81608,20402,20402,0.25,0.0200000014,3.21845728e-05,0.00160922855,attributes,142,1
107,"E_X0_Y0_1",0,"MI_Terrain_X0_Y0",3,0.119999997,81608,9792,9792,0.119988236,0.0200000014,7.47382437e-05,0.00373691181,attributes,142,1
107,"E_X0_Y0_1",0,"MI_Terrain_X0_Y0",4,0.0599999987,81608,4896,4896,0.0599941182,0.0200000014,0.000152831009,0.00764155015,attributes,142,1
107,"E_X0_Y0_1",0,"MI_Terrain_X0_Y0",5,0.0299999993,81608,2448,2448,0.0299970591,0.0200000014,0.000330592447,0.0165296216,attributes,142,1
107,"E_X0_Y0_1",0,"MI_Terrain_X0_Y0",6,0.00999999978,81608,816,820,0.0100480345,0.0200000014,0.0151849343,0.759246647,attributes,142,1
108,"E_X4_Y4_37",0,"MI_Terrain_X4_Y4",0,1,244824,244824,244824,1,0.0200000014,0,0,source,100,1
108,"E_X4_Y4_37",0,"MI_Terrain_X4_Y4",1,0.5,244824,122412,122412,0.5,0.0200000014,4.22805215e-06,0.000211402599,attributes,100,1
108,"E_X4_Y4_37",0,"MI_Terrain_X4_Y4",2,0.25,244824,61206,61206,0.25,0.0200000014,1.42677873e-05,0.000713389309,attributes,100,1
108,"E_X4_Y4_37",0,"MI_Terrain_X4_Y4",3,0.119999997,244824,29378,29378,0.119996406,0.0200000014,3.37972306e-05,0.00168986141,attributes,100,1
108,"E_X4_Y4_37",0,"MI_Terrain_X4_Y4",4,0.0599999987,244824,14689,14688,0.0599941182,0.0200000014,6.8998459e-05,0.00344992266,attributes,100,1
108,"E_X4_Y4_37",0,"MI_Terrain_X4_Y4",5,0.0299999993,244824,7344,7344,0.0299970591,0.0200000014,0.000139396026,0.00696980068,attributes,100,1
108,"E_X4_Y4_37",0,"MI_Terrain_X4_Y4",6,0.00999999978,244824,2448,2448,0.0099990197,0.0200000014,0.000518444111,0.0259222034,attributes,100,1
109,"E_X3_Y4_36",0,"MI_Terrain_X3_Y4",0,1,244824,244824,244824,1,0.0200000014,0,0,source,101,1
109,"E_X3_Y4_36",0,"MI_Terrain_X3_Y4",1,0.5,244824,122412,122412,0.5,0.0200000014,5.1020329e-06,0.000255101622,attributes,101,1
109,"E_X3_Y4_36",0,"MI_Terrain_X3_Y4",2,0.25,244824,61206,61206,0.25,0.0200000014,1.62875713e-05,0.000814378494,attributes,101,1
109,"E_X3_Y4_36",0,"MI_Terrain_X3_Y4",3,0.119999997,244824,29378,29378,0.119996406,0.0200000014,3.81205537e-05,0.00190602755,attributes,101,1
109,"E_X3_Y4_36",0,"MI_Terrain_X3_Y4",4,0.0599999987,244824,14689,14688,0.0599941182,0.0200000014,7.83729483e-05,0.0039186473,attributes,101,1
109,"E_X3_Y4_36",0,"MI_Terrain_X3_Y4",5,0.0299999993,244824,7344,7344,0.0299970591,0.0200000014,0.000156497001,0.00782484934,attributes,101,1
109,"E_X3_Y4_36",0,"MI_Terrain_X3_Y4",6,0.00999999978,244824,2448,2448,0.0099990197,0.0200000014,0.000575823826,0.0287911892,attributes,101,1
110,"E_X4_Y3_29",0,"MI_Terrain_X4_Y3",0,1,244824,244824,244824,1,0.0200000014,0,0,source,102,1
110,"E_X4_Y3_29",0,"MI_Terrain_X4_Y3",1,0.5,244824,122412,122412,0.5,0.0200000014,3.35767027e-06,0.000167883496,attributes,102,1
110,"E_X4_Y3_29",0,"MI_Terrain_X4_Y3",2,0.25,244824,61206,61206,0.25,0.0200000014,1.08819895e-05,0.000544099428,attributes,102,1
110,"E_X4_Y3_29",0,"MI_Terrain_X4_Y3",3,0.119999997,244824,29378,29378,0.119996406,0.0200000014,2.63180682e-05,0.00131590327,attributes,102,1
110,"E_X4_Y3_29",0,"MI_Terrain_X4_Y3",4,0.0599999987,244824,14689,14688,0.0599941182,0.0200000014,5.39344037e-05,0.00269671995,attributes,102,1
110,"E_X4_Y3_29",0,"MI_Terrain_X4_Y3",5,0.0299999993,244824,7344,7344,0.0299970591,0.0200000014,0.000107361411,0.00536807021,attributes,102,1
110,"E_X4_Y3_29",0,"MI_Terrain_X4_Y3",6,0.00999999978,244824,2448,2448,0.0099990197,0.0200000014,0.000393928291,0.0196964126,attributes,102,1
111,"E_X3_Y3_28",0,"MI_Terrain_X3_Y3",0,1,244824,244824,244824,1,0.0200000014,0,0,source,103,1
111,"E_X3_Y3_28",0,"MI_Terrain_X3_Y3",1,0.5,244824,122412,122412,0.5,0.0200000014,4.31572062e-06,0.000215786014,attributes,103,1
111,"E_X3_Y3_28",0,"MI_Terrain_X3_Y3",2,0.25,244824,61206,61206,0.25,0.0200000014,1.31174811e-05,0.000655874028,attributes,103,1
111,"E_X3_Y3_28",0,"MI_Terrain_X3_Y3",3,0.119999997,244824,29378,29378,0.119996406,0.0200000014,3.00299216e-05,0.00150149595,attributes,103,1
111,"E_X3_Y3_28",0,"MI_Terrain_X3_Y3",4,0.0599999987,244824,14689,14688,0.0599941182,0.0200000014,6.08782648e-05,0.00304391305,attributes,103,1
111,"E_X3_Y3_28",0,"MI_Terrain_X3_Y3",5,0.0299999993,244824,7344,7344,0.0299970591,0.0200000014,0.000117797565,0.00588987768,attributes,103,1
111,"E_X3_Y3_28",0,"MI_Terrain_X3_Y3",6,0.00999999978,244824,2448,2448,0.0099990197,0.0200000014,0.000414814858,0.0207407419,attributes,103,1
112,"E_X7_Y7_64",0,"MI_Terrain_X7_Y7",0,1,81608,81608,81608,1,0.0200000014,0,0,source,143,1
112,"E_X7_Y7_64",0,"MI_Terrain_X7_Y7",1,0.5,81608,40804,40804,0.5,0.0200000014,1.29185673e-05,0.000645928318,attributes,143,1
112,"E_X7_Y7_64",0,"MI_Terrain_X7_Y7",2,0.25,81608,20402,20402,0.25,0.0200000014,3.87555956e-05,0.0019377796,attributes,143,1
112,"E_X7_Y7_64",0,"MI_Terrain_X7_Y7",3,0.119999997,81608,9792,9792,0.119988236,0.0200000014,8.85063782e-05,0.00442531845,attributes,143,1
112,"E_X7_Y7_64",0,"MI_Terrain_X7_Y7",4,0.0599999987,81608,4896,4896,0.0599941182,0.0200000014,0.000181862226,0.00909311045,attributes,143,1
112,"E_X7_Y7_64",0,"MI_Terrain_X7_Y7",5,0.0299999993,81608,2448,2448,0.0299970591,0.0200000014,0.000377036049,0.0188518018,attributes,143,1
112,"E_X7_Y7_64",0,"MI_Terrain_X7_Y7",6,0.00999999978,81608,816,818,0.0100235271,0.0200000014,0.0199280195,0.996400893,attributes,143,1
113,"E_X6_Y7_63",0,"MI_Terrain_X6_Y7",0,1,81608,81608,81608,1,0.0200000014,0,0,source,144,1
113,"E_X6_Y7_63",0,"MI_Terrain_X6_Y7",1,0.5,81608,40804,40804,0.5,0.0200000014,1.09177499e-05,0.000545887451,attributes,144,1
113,"E_X6_Y7_63",0,"MI_Terrain_X6_Y7",2,0.25,81608,20402,20402,0.25,0.0200000014,3.48333597e-05,0.00174166786,attributes,144,1
113,"E_X6_Y7_63",0,"MI_Terrain_X6_Y7",3,0.119999997,81608,9792,9792,0.119988236,0.0200000014,8.06066964e-05,0.00403033476,attributes,144,1
113,"E_X6_Y7_63",0,"MI_Terrain_X6_Y7",4,0.0599999987,81608,4896,4896,0.0599941182,0.0200000014,0.000167823688,0.0083911838,attributes,144,1
113,"E_X6_Y7_63",0,"MI_Terrain_X6_Y7",5,0.0299999993,81608,2448,2448,0.0299970591,0.0200000014,0.000355069438,0.0177534707,attributes,144,1
113,"E_X6_Y7_63",0,"MI_Terrain_X6_Y7",6,0.00999999978,81608,816,820,0.0100480345,0.0200000014,0.0198164862,0.990824223,attributes,144,1
114,"E_X5_Y7_62",0,"MI_Terrain_X5_Y7",0,1,81608,81608,81608,1,0.0200000014,0,0,source,145,1
114,"E_X5_Y7_62",0,"MI_Terrain_X5_Y7",1,0.5,81608,40804,40804,0.5,0.0200000014,1.29173568e-05,0.000645867782,attributes,145,1
114,"E_X5_Y7_62",0,"MI_Terrain_X5_Y7",2,0.25,81608,20402,20402,0.25,0.0200000014,3.96358555e-05,0.00198179274,attributes,145,1
114,"E_X5_Y7_62",0,"MI_Terrain_X5_Y7",3,0.119999997,81608,9792,9792,0.119988236,0.0200000014,9.03607433e-05,0.00451803673,attributes,145,1
114,"E_X5_Y7_62",0,"MI_Terrain_X5_Y7",4,0.0599999987,81608,4896,4896,0.0599941182,0.0200000014,0.000186025311,0.00930126477,attributes,145,1
114,"E_X5_Y7_62",0,"MI_Terrain_X5_Y7",5,0.0299999993,81608,2448,2448,0.0299970591,0.0200000014,0.000388718501,0.0194359235,attributes,145,1
114,"E_X5_Y7_62",0,"MI_Terrain_X5_Y7",6,0.00999999978,81608,816,816,0.0099990197,0.0200000014,0.0167679321,0.838396549,attributes,145,1
115,"E_X4_Y7_61",0,"MI_Terrain_X4_Y7",0,1,81608,81608,81608,1,0.0200000014,0,0,source,146,1
115,"E_X4_Y7_61",0,"MI_Terrain_X4_Y7",1,0.5,81608,40804,40804,0.5,0.0200000014,1.33675103e-05,0.000668375462,attributes,146,1
115,"E_X4_Y7_61",0,"MI_Terrain_X4_Y7",2,0.25,81608,20402,20402,0.25,0.0200000014,4.42418823e-05,0.00221209391,attributes,146,1
115,"E_X4_Y7_61",0,"MI_Terrain_X4_Y7",3,0.119999997,81608,9792,9792,0.119988236,0.0200000014,0.000104433297,0.00522166444,attributes,146,1
115,"E_X4_Y7_61",0,"MI_Terrain_X4_Y7",4,0.0599999987,81608,4896,4896,0.0599941182,0.0200000014,0.000221577808,0.0110788895,attributes,146,1
115,"E_X4_Y7_61",0,"MI_Terrain_X4_Y7",5,0.0299999993,81608,2448,2448,0.0299970591,0.0200000014,0.000474350178,0.0237175077,attributes,146,1
115,"E_X4_Y7_61",0,"MI_Terrain_X4_Y7",6,0.00999999978,81608,816,822,0.0100725419,0.0200000014,0.0167964343,0.839821637,attributes,146,1
116,"E_X3_Y7_60",0,"MI_Terrain_X3_Y7",0,1,81608,81608,81608,1,0.0200000014,0,0,source,147,1
116,"E_X3_Y7_60",0,"MI_Terrain_X3_Y7",1,0.5,81608,40804,40804,0.5,0.0200000014,1.12451098e-05,0.000562255445,attributes,147,1
116,"E_X3_Y7_60",0,"MI_Terrain_X3_Y7",2,0.25,81608,20402,20402,0.25,0.0200000014,3.51567796e-05,0.00175783888,attributes,147,1
116,"E_X3_Y7_60",0,"MI_Terrain_X3_Y7",3,0.119999997,81608,9792,9792,0.119988236,0.0200000014,7.99024419e-05,0.00399512192,attributes,147,1
116,"E_X3_Y7_60",0,"MI_Terrain_X3_Y7",4,0.0599999987,81608,4896,4896,0.0599941182,0.0200000014,0.000162717508,0.00813587476,attributes,147,1
116,"E_X3_Y7_60",0,"MI_Terrain_X3_Y7",5,0.0299999993,81608,2448,2448,0.0299970591,0.0200000014,0.00033708851,0.016854424,attributes,147,1
116,"E_X3_Y7_60",0,"MI_Terrain_X3_Y7",6,0.00999999978,81608,816,820,0.0100480345,0.0200000014,0.0127285207,0.636425972,attributes,147,1
117,"E_X2_Y7_59",0,"MI_Terrain_X2_Y7",0,1,81608,81608,81608,1,0.0200000014,0,0,source,148,1
117,"E_X2_Y7_59",0,"MI_Terrain_X2_Y7",1,0.5,81608,40804,40804,0.5,0.0200000014,1.00655752e-05,0.000503278745,attributes,148,1
117,"E_X2_Y7_59",0,"MI_Terrain_X2_Y7",2,0.25,81608,20402,20402,0.25,0.0200000014,3.07781738e-05,0.00153890857,attributes,148,1
117,"E_X2_Y7_59",0,"MI_Terrain_X2_Y7",3,0.119999997,81608,9792,9792,0.119988236,0.0200000014,7.10425811e-05,0.00355212879,attributes,148,1
117,"E_X2_Y7_59",0,"MI_Terrain_X2_Y7",4,0.0599999987,81608,4896,4896,0.0599941182,0.0200000014,0.000145038881,0.00725194346,attributes,148,1
117,"E_X2_Y7_59",0,"MI_Terrain_X2_Y7",5,0.0299999993,81608,2448,2448,0.0299970591,0.0200000014,0.000300402404,0.015020119,attributes,148,1
117,"E_X2_Y7_59",0,"MI_Terrain_X2_Y7",6,0.00999999978,81608,816,816,0.0099990197,0.0200000014,0.0167142637,0.835713148,attributes,148,1
118,"E_X1_Y7_58",0,"MI_Terrain_X1_Y7",0,1,81608,81608,81608,1,0.0200000014,0,0,source,149,1
118,"E_X1_Y7_58",0,"MI_Terrain_X1_Y7",1,0.5,81608,40804,40804,0.5,0.0200000014,9.45524243e-06,0.000472762098,attributes,149,1
118,"E_X1_Y7_58",0,"MI_Terrain_X1_Y7",2,0.25,81608,20402,20402,0.25,0.0200000014,3.07286864e-05,0.00153643417,attributes,149,1
118,"E_X1_Y7_58",0,"MI_Terrain_X1_Y7",3,0.119999997,81608,9792,9792,0.119988236,0.0200000014,7.09829474e-05,0.00354914716,attributes,149,1
118,"E_X1_Y7_58",0,"MI_Terrain_X1_Y7",4,0.0599999987,81608,4896,4896,0.0599941182,0.0200000014,0.000146438993,0.00732194912,attributes,149,1
118,"E_X1_Y7_58",0,"MI_Terrain_X1_Y7",5,0.0299999993,81608,2448,2448,0.0299970591,0.0200000014,0.000307442853,0.0153721413,attributes,149,1
118,"E_X1_Y7_58",0,"MI_Terrain_X1_Y7",6,0.00999999978,81608,816,816,0.0099990197,0.0200000014,0.0177825261,0.889126241,attributes,149,1
119,"E_X0_Y7_57",0,"MI_Terrain_X0_Y7",0,1,81608,81608,81608,1,0.0200000014,0,0,source,150,1
119,"E_X0_Y7_57",0,"MI_Terrain_X0_Y7",1,0.5,81608,40804,40804,0.5,0.0200000014,8.45211343e-06,0.000422605634,attributes,150,1
119,"E_X0_Y7_57",0,"MI_Terrain_X0_Y7",2,0.25,81608,20402,20402,0.25,0.0200000014,2.53637154e-05,0.00126818568,attributes,150,1
119,"E_X0_Y7_57",0,"MI_Terrain_X0_Y7",3,0.119999997,81608,9792,9792,0.119988236,0.0200000014,5.84672562e-05,0.00292336266,attributes,150,1
119,"E_X0_Y7_57",0,"MI_Terrain_X0_Y7",4,0.0599999987,81608,4896,4896,0.0599941182,0.0200000014,0.000120219716,0.00601098547,attributes,150,1
119,"E_X0_Y7_57",0,"MI_Terrain_X0_Y7",5,0.0299999993,81608,2448,2448,0.0299970591,0.0200000014,0.000253352686,0.0126676336,attributes,150,1
119,"E_X0_Y7_57",0,"MI_Terrain_X0_Y7",6,0.00999999978,81608,816,816,0.0099990197,0.0200000014,0.0199077185,0.995385885,attributes,150,1
120,"E_X0_Y6_49",0,"MI_Terrain_X0_Y6",0,1,81608,81608,81608,1,0.0200000014,0,0,source,151,1
120,"E_X0_Y6_49",0,"MI_Terrain_X0_Y6",1,0.5,81608,40804,40804,0.5,0.0200000014,8.45537852e-06,0.000422768906,attributes,151,1
120,"E_X0_Y6_49",0,"MI_Terrain_X0_Y6",2,0.25,81608,20402,20402,0.25,0.0200000014,2.67239047e-05,0.00133619516,attributes,151,1
120,"E_X0_Y6_49",0,"MI_Terrain_X0_Y6",3,0.119999997,81608,9792,9792,0.119988236,0.0200000014,6.31864095e-05,0.00315932021,attributes,151,1
120,"E_X0_Y6_49",0,"MI_Terrain_X0_Y6",4,0.0599999987,81608,4896,4896,0.0599941182,0.0200000014,0.000130796412,0.00653982023,attributes,151,1
120,"E_X0_Y6_49",0,"MI_Terrain_X0_Y6",5,0.0299999993,81608,2448,2448,0.0299970591,0.0200000014,0.000275566941,0.0137783457,attributes,151,1
120,"E_X0_Y6_49",0,"MI_Terrain_X0_Y6",6,0.00999999978,81608,816,816,0.0099990197,0.0200000014,0.0173986722,0.869933546,attributes,151,1
121,"E_X1_Y6_50",0,"MI_Terrain_X1_Y6",0,1,81608,81608,81608,1,0.0200000014,0,0,source,152,1
121,"E_X1_Y6_50",0,"MI_Terrain_X1_Y6",1,0.5,81608,40804,40804,0.5,0.0200000014,1.29174314e-05,0.000645871507,attributes,152,1
121,"E_X1_Y6_50",0,"MI_Terrain_X1_Y6",2,0.25,81608,20402,20402,0.25,0.0200000014,4.13881207e-05,0.00206940598,attributes,152,1
121,"E_X1_Y6_50",0,"MI_Terrain_X1_Y6",3,0.119999997,81608,9792,9792,0.119988236,0.0200000014,9.57605516e-05,0.00478802714,attributes,152,1
121,"E_X1_Y6_50",0,"MI_Terrain_X1_Y6",4,0.0599999987,81608,4896,4896,0.0599941182,0.0200000014,0.000197974732,0.00989873614,attributes,152,1
121,"E_X1_Y6_50",0,"MI_Terrain_X1_Y6",5,0.0299999993,81608,2448,2448,0.0299970591,0.0200000014,0.000415179384,0.0207589678,attributes,152,1
121,"E_X1_Y6_50",0,"MI_Terrain_X1_Y6",6,0.00999999978,81608,816,818,0.0100235271,0.0200000014,0.0169277508,0.846387506,attributes,152,1
122,"E_X2_Y6_51",0,"MI_Terrain_X2_Y6",0,1,81608,81608,81608,1,0.0200000014,0,0,source,153,1
122,"E_X2_Y6_51",0,"MI_Terrain_X2_Y6",1,0.5,81608,40804,40804,0.5,0.0200000014,1.61943408e-05,0.000809716992,attributes,153,1
122,"E_X2_Y6_51",0,"MI_Terrain_X2_Y6",2,0.25,81608,20402,20402,0.25,0.0200000014,4.85807759e-05,0.00242903852,attributes,153,1
122,"E_X2_Y6_51",0,"MI_Terrain_X2_Y6",3,0.119999997,81608,9792,9792,0.119988236,0.0200000014,0.000110283567,0.00551417796,attributes,153,1
122,"E_X2_Y6_51",0,"MI_Terrain_X2_Y6",4,0.0599999987,81608,4896,4896,0.0599941182,0.0200000014,0.000224161922,0.0112080956,attributes,153,1
122,"E_X2_Y6_51",0,"MI_Terrain_X2_Y6",5,0.0299999993,81608,2448,2448,0.0299970591,0.0200000014,0.000463605917,0.0231802948,attributes,153,1
122,"E_X2_Y6_51",0,"MI_Terrain_X2_Y6",6,0.00999999978,81608,816,824,0.0100970493,0.0200000014,0.0174868517,0.874342501,attributes,153,1
123,"E_X3_Y6_52",0,"MI_Terrain_X3_Y6",0,1,81608,81608,81608,1,0.0200000014,0,0,source,154,1
123,"E_X3_Y6_52",0,"MI_Terrain_X3_Y6",1,0.5,81608,40804,40804,0.5,0.0200000014,1.58211587e-05,0.000791057886,attributes,154,1
123,"E_X3_Y6_52",0,"MI_Terrain_X3_Y6",2,0.25,81608,20402,20402,0.25,0.0200000014,4.81226198e-05,0.00240613078,attributes,154,1
123,"E_X3_Y6_52",0,"MI_Terrain_X3_Y6",3,0.119999997,81608,9792,9792,0.119988236,0.0200000014,0.000109864734,0.00549323624,attributes,154,1
123,"E_X3_Y6_52",0,"MI_Terrain_X3_Y6",4,0.0599999987,81608,4896,4896,0.0599941182,0.0200000014,0.00022359041,0.0111795198,attributes,154,1
123,"E_X3_Y6_52",0,"MI_Terrain_X3_Y6",5,0.0299999993,81608,2448,2448,0.0299970591,0.0200000014,0.000462249038,0.0231124498,attributes,154,1
123,"E_X3_Y6_52",0,"MI_Terrain_X3_Y6",6,0.00999999978,81608,816,824,0.0100970493,0.0200000014,0.0191585962,0.95792973,attributes,154,1
124,"E_X4_Y6_53",0,"MI_Terrain_X4_Y6",0,1,81608,81608,81608,1,0.0200000014,0,0,source,155,1
124,"E_X4_Y6_53",0,"MI_Terrain_X4_Y6",1,0.5,81608,40804,40804,0.5,0.0200000014,1.5821608e-05,0.000791080354,attributes,155,1
124,"E_X4_Y6_53",0,"MI_Terrain_X4_Y6",2,0.25,81608,20402,20402,0.25,0.0200000014,5.03284464e-05,0.00251642219,attributes,155,1
124,"E_X4_Y6_53",0,"MI_Terrain_X4_Y6",3,0.119999997,81608,9792,9792,0.119988236,0.0200000014,0.000116547249,0.00582736218,attributes,155,1
124,"E_X4_Y6_53",0,"MI_Terrain_X4_Y6",4,0.0599999987,81608,4896,4896,0.0599941182,0.0200000014,0.000242981288,0.0121490639,attributes,155,1
124,"E_X4_Y6_53",0,"MI_Terrain_X4_Y6",5,0.0299999993,81608,2448,2448,0.0299970591,0.0200000014,0.000512092782,0.0256046373,attributes,155,1
124,"E_X4_Y6_53",0,"MI_Terrain_X4_Y6",6,0.00999999978,81608,816,822,0.0100725419,0.0200000014,0.019203661,0.960182965,attributes,155,1
125,"E_X5_Y6_54",0,"MI_Terrain_X5_Y6",0,1,81608,81608,81608,1,0.0200000014,0,0,source,156,1
125,"E_X5_Y6_54",0,"MI_Terrain_X5_Y6",1,0.5,81608,40804,40804,0.5,0.0200000014,1.14447403e-05,0.000572236953,attributes,156,1
125,"E_X5_Y6_54",0,"MI_Terrain_X5_Y6",2,0.25,81608,20402,20402,0.25,0.0200000014,3.6334568e-05,0.00181672827,attributes,156,1
125,"E_X5_Y6_54",0,"MI_Terrain_X5_Y6",3,0.119999997,81608,9792,9792,0.119988236,0.0200000014,8.51386794e-05,0.00425693346,attributes,156,1
125,"E_X5_Y6_54",0,"MI_Terrain_X5_Y6",4,0.0599999987,81608,4896,4896,0.0599941182,0.0200000014,0.000176740883,0.00883704331,attributes,156,1
125,"E_X5_Y6_54",0,"MI_Terrain_X5_Y6",5,0.0299999993,81608,2448,2448,0.0299970591,0.0200000014,0.000374912372,0.0187456179,attributes,156,1
125,"E_X5_Y6_54",0,"MI_Terrain_X5_Y6",6,0.00999999978,81608,816,822,0.0100725419,0.0200000014,0.0152726099,0.76363045,attributes,156,1
126,"E_X6_Y6_55",0,"MI_Terrain_X6_Y6",0,1,81608,81608,81608,1,0.0200000014,0,0,source,157,1
126,"E_X6_Y6_55",0,"MI_Terrain_X6_Y6",1,0.5,81608,40804,40804,0.5,0.0200000014,1.06408434e-05,0.000532042119,attributes,157,1
126,"E_X6_Y6_55",0,"MI_Terrain_X6_Y6",2,0.25,81608,20402,20402,0.25,0.0200000014,3.30133589e-05,0.00165066787,attributes,157,1
126,"E_X6_Y6_55",0,"MI_Terrain_X6_Y6",3,0.119999997,81608,9792,9792,0.119988236,0.0200000014,7.65784353e-05,0.00382892159,attributes,157,1
126,"E_X6_Y6_55",0,"MI_Terrain_X6_Y6",4,0.0599999987,81608,4896,4896,0.0599941182,0.0200000014,0.000157059752,0.00785298739,attributes,157,1
126,"E_X6_Y6_55",0,"MI_Terrain_X6_Y6",5,0.0299999993,81608,2448,2448,0.0299970591,0.0200000014,0.000322581007,0.0161290485,attributes,157,1
126,"E_X6_Y6_55",0,"MI_Terrain_X6_Y6",6,0.00999999978,81608,816,818,0.0100235271,0.0200000014,0.0169175565,0.845877767,attributes,157,1
127,"E_X7_Y6_56",0,"MI_Terrain_X7_Y6",0,1,81608,81608,81608,1,0.0200000014,0,0,source,158,1
127,"E_X7_Y6_56",0,"MI_Terrain_X7_Y6",1,0.5,81608,40804,40804,0.5,0.0200000014,1.29132513e-05,0.000645662542,attributes,158,1
127,"E_X7_Y6_56",0,"MI_Terrain_X7_Y6",2,0.25,81608,20402,20402,0.25,0.0200000014,3.87041509e-05,0.0019352074,attributes,158,1
127,"E_X7_Y6_56",0,"MI_Terrain_X7_Y6",3,0.119999997,81608,9792,9792,0.119988236,0.0200000014,8.84273759e-05,0.00442136871,attributes,158,1
127,"E_X7_Y6_56",0,"MI_Terrain_X7_Y6",4,0.0599999987,81608,4896,4896,0.0599941182,0.0200000014,0.00017989456,0.0089947274,attributes,158,1
127,"E_X7_Y6_56",0,"MI_Terrain_X7_Y6",5,0.0299999993,81608,2448,2448,0.0299970591,0.0200000014,0.000374546624,0.0187273305,attributes,158,1
127,"E_X7_Y6_56",0,"MI_Terrain_X7_Y6",6,0.00999999978,81608,816,818,0.0100235271,0.0200000014,0.0186642334,0.933211625,attributes,158,1
128,"E_X7_Y5_48",0,"MI_Terrain_X7_Y5",0,1,81608,81608,81608,1,0.0200000014,0,0,source,159,1
128,"E_X7_Y5_48",0,"MI_Terrain_X7_Y5",1,0.5,81608,40804,40804,0.5,0.0200000014,1.33708872e-05,0.000668544322,attributes,159,1
128,"E_X7_Y5_48",0,"MI_Terrain_X7_Y5",2,0.25,81608,20402,20402,0.25,0.0200000014,4.09787899e-05,0.00204893947,attributes,159,1
128,"E_X7_Y5_48",0,"MI_Terrain_X7_Y5",3,0.119999997,81608,9792,9792,0.119988236,0.0200000014,9.26451758e-05,0.00463225832,attributes,159,1
128,"E_X7_Y5_48",0,"MI_Terrain_X7_Y5",4,0.0599999987,81608,4896,4896,0.0599941182,0.0200000014,0.000188301492,0.00941507425,attributes,159,1
128,"E_X7_Y5_48",0,"MI_Terrain_X7_Y5",5,0.0299999993,81608,2448,2448,0.0299970591,0.0200000014,0.000387318898,0.019365944,attributes,159,1
128,"E_X7_Y5_48",0,"MI_Terrain_X7_Y5",6,0.00999999978,81608,816,820,0.0100480345,0.0200000014,0.0148220416,0.74110204,attributes,159,1
129,"E_X6_Y5_47",0,"MI_Terrain_X6_Y5",0,1,81608,81608,81608,1,0.0200000014,0,0,source,160,1
129,"E_X6_Y5_47",0,"MI_Terrain_X6_Y5",1,0.5,81608,40804,40804,0.5,0.0200000014,1.5047367e-05,0.000752368302,attributes,160,1
129,"E_X6_Y5_47",0,"MI_Terrain_X6_Y5",2,0.25,81608,20402,20402,0.25,0.0200000014,4.8534188e-05,0.00242670928,attributes,160,1
129,"E_X6_Y5_47",0,"MI_Terrain_X6_Y5",3,0.119999997,81608,9792,9792,0.119988236,0.0200000014,0.000111807851,0.00559039228,attributes,160,1
129,"E_X6_Y5_47",0,"MI_Terrain_X6_Y5",4,0.0599999987,81608,4896,4896,0.0599941182,0.0200000014,0.000232190854,0.0116095422,attributes,160,1
129,"E_X6_Y5_47",0,"MI_Terrain_X6_Y5",5,0.0299999993,81608,2448,2448,0.0299970591,0.0200000014,0.000490973005,0.0245486479,attributes,160,1
129,"E_X6_Y5_47",0,"MI_Terrain_X6_Y5",6,0.00999999978,81608,816,822,0.0100725419,0.0200000014,0.0184614547,0.923072696,attributes,160,1
130,"E_X5_Y5_46",0,"MI_Terrain_X5_Y5",0,1,81608,81608,81608,1,0.0200000014,0,0,source,161,1
130,"E_X5_Y5_46",0,"MI_Terrain_X5_Y5",1,0.5,81608,40804,40804,0.5,0.0200000014,9.76545289e-06,0.000488272606,attributes,161,1
130,"E_X5_Y5_46",0,"MI_Terrain_X5_Y5",2,0.25,81608,20402,20402,0.25,0.0200000014,3.15799443e-05,0.00157899712,attributes,161,1
130,"E_X5_Y5_46",0,"MI_Terrain_X5_Y5",3,0.119999997,81608,9792,9792,0.119988236,0.0200000014,7.2979652e-05,0.00364898238,attributes,161,1
130,"E_X5_Y5_46",0,"MI_Terrain_X5_Y5",4,0.0599999987,81608,4896,4896,0.0599941182,0.0200000014,0.000149622647,0.0074811317,attributes,161,1
130,"E_X5_Y5_46",0,"MI_Terrain_X5_Y5",5,0.0299999993,81608,2448,2448,0.0299970591,0.0200000014,0.00030994293,0.0154971452,attributes,161,1
130,"E_X5_Y5_46",0,"MI_Terrain_X5_Y5",6,0.00999999978,81608,816,822,0.0100725419,0.0200000014,0.0165936314,0.829681516,attributes,161,1
131,"E_X4_Y5_45",0,"MI_Terrain_X4_Y5",0,1,81608,81608,81608,1,0.0200000014,0,0,source,162,1
131,"E_X4_Y5_45",0,"MI_Terrain_X4_Y5",1,0.5,81608,40804,40804,0.5,0.0200000014,8.09719404e-06,0.00040485966,attributes,162,1
131,"E_X4_Y5_45",0,"MI_Terrain_X4_Y5",2,0.25,81608,20402,20402,0.25,0.0200000014,2.60342604e-05,0.00130171294,attributes,162,1
131,"E_X4_Y5_45",0,"MI_Terrain_X4_Y5",3,0.119999997,81608,9792,9792,0.119988236,0.0200000014,6.12360163e-05,0.0030618005,attributes,162,1
131,"E_X4_Y5_45",0,"MI_Terrain_X4_Y5",4,0.0599999987,81608,4896,4896,0.0599941182,0.0200000014,0.000125868479,0.00629342347,attributes,162,1
131,"E_X4_Y5_45",0,"MI_Terrain_X4_Y5",5,0.0299999993,81608,2448,2448,0.0299970591,0.0200000014,0.000266356714,0.0133178346,attributes,162,1
131,"E_X4_Y5_45",0,"MI_Terrain_X4_Y5",6,0.00999999978,81608,816,816,0.0099990197,0.0200000014,0.0193916671,0.969583273,attributes,162,1
132,"E_X3_Y5_44",0,"MI_Terrain_X3_Y5",0,1,81608,81608,81608,1,0.0200000014,0,0,source,163,1
132,"E_X3_Y5_44",0,"MI_Terrain_X3_Y5",1,0.5,81608,40804,40804,0.5,0.0200000014,9.61144087e-06,0.000480572024,attributes,163,1
132,"E_X3_Y5_44",0,"MI_Terrain_X3_Y5",2,0.25,81608,20402,20402,0.25,0.0200000014,3.14450481e-05,0.00157225225,attributes,163,1
132,"E_X3_Y5_44",0,"MI_Terrain_X3_Y5",3,0.119999997,81608,9792,9792,0.119988236,0.0200000014,7.39815368e-05,0.00369907659,attributes,163,1
132,"E_X3_Y5_44",0,"MI_Terrain_X3_Y5",4,0.0599999987,81608,4896,4896,0.0599941182,0.0200000014,0.000150252978,0.00751264812,attributes,163,1
132,"E_X3_Y5_44",0,"MI_Terrain_X3_Y5",5,0.0299999993,81608,2448,2448,0.0299970591,0.0200000014,0.000315617363,0.0157808661,attributes,163,1
132,"E_X3_Y5_44",0,"MI_Terrain_X3_Y5",6,0.00999999978,81608,816,818,0.0100235271,0.0200000014,0.0187075995,0.935379922,attributes,163,1
133,"River",0,"River",0,1,4686,4686,4686,1,80.0474701,0,0,source,164,1
133,"River",0,"River",1,0.5,4686,2343,2343,0.5,80.0474701,0.00809814129,0.000101166734,attributes,164,1
133,"River",0,"River",2,0.25,4686,1171,1171,0.249893299,80.0474701,0.0309333391,0.00038643743,attributes,164,1
133,"River",0,"River",3,0.119999997,4686,562,562,0.119931711,80.0474701,0.112593219,0.00140658056,attributes,164,1
133,"River",0,"River",4,0.0599999987,4686,281,281,0.0599658557,80.0474701,0.408673704,0.00510539208,attributes,164,1
133,"River",0,"River",5,0.0299999993,4686,140,140,0.0298762271,80.0474701,1.38444567,0.0172953084,attributes,164,1
133,"River",0,"River",6,0.00999999978,4686,46,46,0.00981647461,80.0474701,5.15448952,0.0643929094,attributes,164,1
134,"Pyramid_v1a",0,"MI_Pyramid_TableStand",0,1,2136,2136,2136,1,0.0135127194,0,0,source,165,1
134,"Pyramid_v1a",1,"MI_Pyramid_TableTop",0,1,690,690,690,1,0.0150002427,0,0,source,166,1
134,"Pyramid_v1a",2,"MI_Pyramid_Ceiling",0,1,384,384,384,1,0.068346709,0,0,source,167,1
134,"Pyramid_v1a",3,"MI_Pyramid_StairsStraight",0,1,1728,1728,1728,1,0.065402016,0,0,source,168,1
134,"Pyramid_v1a",4,"MI_Pyramid_StairsCorner",0,1,2264,2264,2264,1,0.0653639585,0,0,source,169,1
134,"Pyramid_v1a",5,"MI_Pyramid_WallTop_L",0,1,44460,44460,44460,1,0.0754794031,0,0,source,170,1
134,"Pyramid_v1a",6,"MI_Pyramid_WallTop_R",0,1,37620,37620,37620,1,0.0754794031,0,0,source,171,1
134,"Pyramid_v1a",7,"MI_Pyramid_Corner",0,1,9576,9576,9576,1,0.0756055415,0,0,source,172,1
134,"Pyramid_v1a",8,"MI_Pyramid_Column",0,1,50016,50016,50016,1,0.0660241917,0,0,source,173,1
134,"Pyramid_v1a",9,"MI_Pyramid_StairRail",0,1,6048,6048,6048,1,0.419771552,0,0,source,174,1
134,"Pyramid_v1a",10,"MI_Pyramid_StairsBottom",0,1,2296,2296,2296,1,0.413084984,0,0,source,175,1
134,"Pyramid_v1a",11,"MI_Pyramid_StairsTop",0,1,2080,2080,2080,1,0.251671433,0,0,source,176,1
134,"Pyramid_v1a",12,"MI_Pyramid_RailCorner",0,1,1304,1304,1304,1,0.379189789,0,0,source,177,1
134,"Pyramid_v1a",13,"MI_Pyramid_RailStraight",0,1,5088,5088,5088,1,0.379189789,0,0,source,178,1
134,"Pyramid_v1a",14,"MI_Pyramid_BottomWallCorner",0,1,38952,38952,38952,1,0.35587889,0,0,source,179,1
134,"Pyramid_v1a",15,"MI_Pyramid_BottomWallSide",0,1,91008,91008,91008,1,0.355878949,0,0,source,180,1
134,"Pyramid_v1a",16,"MI_Pyramid_Topper",0,1,4940,4940,4940,1,0.0435403511,0,0,source,181,1
134,"Pyramid_v1a",17,"MI_Pyramid_BottomFlat",0,1,2912,2912,2912,1,0.37185213,0,0,source,182,1
134,"Pyramid_v1a",18,"MI_Pyramid_Ground",0,1,78,78,78,1,0.106343612,0,0,source,183,1
134,"Pyramid_v1a",0,"MI_Pyramid_TableStand",1,0.5,2136,1068,1068,0.5,0.0135127194,1.32740151e-05,0.000982334837,attributes,165,1
134,"Pyramid_v1a",1,"MI_Pyramid_TableTop",1,0.5,690,345,344,0.498550725,0.0150002427,4.54021319e-05,0.00302675972,attributes,166,1
134,"Pyramid_v1a",2,"MI_Pyramid_Ceiling",1,0.5,384,192,192,0.5,0.068346709,0.000483432901,0.00707324315,attributes,167,1
134,"Pyramid_v1a",3,"MI_Pyramid_StairsStraight",1,0.5,1728,864,864,0.5,0.065402016,0.0016980978,0.0259639975,attributes,168,1
134,"Pyramid_v1a",4,"MI_Pyramid_StairsCorner",1,0.5,2264,1132,1132,0.5,0.0653639585,0.000474295404,0.00725622196,attributes,169,1
134,"Pyramid_v1a",5,"MI_Pyramid_WallTop_L",1,0.5,44460,22230,22230,0.5,0.0754794031,2.60568795e-05,0.000345218403,attributes,170,1
134,"Pyramid_v1a",6,"MI_Pyramid_WallTop_R",1,0.5,37620,18810,18810,0.5,0.0754794031,2.47987336e-05,0.000328549679,attributes,171,1
134,"Pyramid_v1a",7,"MI_Pyramid_Corner",1,0.5,9576,4788,4788,0.5,0.0756055415,0.000104305793,0.00137960515,attributes,172,1
134,"Pyramid_v1a",8,"MI_Pyramid_Column",1,0.5,50016,25008,25008,0.5,0.0660241917,4.96773318e-05,0.000752411084,attributes,173,1
134,"Pyramid_v1a",9,"MI_Pyramid_StairRail",1,0.5,6048,3024,3024,0.5,0.419771552,0.000222696937,0.000530519348,attributes,174,1
134,"Pyramid_v1a",10,"MI_Pyramid_StairsBottom",1,0.5,2296,1148,1136,0.494773519,0.413084984,0.000197814006,0.000478870003,sloppy,175,1
134,"Pyramid_v1a",11,"MI_Pyramid_StairsTop",1,0.5,2080,1040,1016,0.488461538,0.251671433,0.000162222612,0.000644580927,sloppy,176,1
134,"Pyramid_v1a",12,"MI_Pyramid_RailCorner",1,0.5,1304,652,652,0.5,0.379189789,0.00033155852,0.000874386751,attributes,177,1
134,"Pyramid_v1a",13,"MI_Pyramid_RailStraight",1,0.5,5088,2544,2524,0.496069182,0.379189789,0.000666755193,0.00175836799,attributes,178,1
134,"Pyramid_v1a",14,"MI_Pyramid_BottomWallCorner",1,0.5,38952,19476,19476,0.5,0.35587889,0.00018915179,0.000531506084,attributes,179,1
134,"Pyramid_v1a",15,"MI_Pyramid_BottomWallSide",1,0.5,91008,45504,45502,0.499978024,0.355878949,0.000225368538,0.000633273041,attributes,180,1
134,"Pyramid_v1a",16,"MI_Pyramid_Topper",1,0.5,4940,2470,2470,0.5,0.0435403511,0.000358219579,0.00822730083,attributes,181,1
134,"Pyramid_v1a",17,"MI_Pyramid_BottomFlat",1,0.5,2912,1456,1456,0.5,0.37185213,0.00284648361,0.00765488064,attributes,182,1
134,"Pyramid_v1a",18,"MI_Pyramid_Ground",1,0.5,78,39,38,0.487179487,0.106343612,0.0244346093,0.229770347,attributes,183,1
134,"Pyramid_v1a",0,"MI_Pyramid_TableStand",2,0.25,2136,534,534,0.25,0.0135127194,0.000104434665,0.0077286195,attributes,165,1
134,"Pyramid_v1a",1,"MI_Pyramid_TableTop",2,0.25,690,172,172,0.249275362,0.0150002427,0.000298716477,0.0199141093,attributes,166,1
134,"Pyramid_v1a",2,"MI_Pyramid_Ceiling",2,0.25,384,96,96,0.25,0.068346709,0.00322277937,0.0471533947,attributes,167,1
134,"Pyramid_v1a",3,"MI_Pyramid_StairsStraight",2,0.25,1728,432,432,0.25,0.065402016,0.00435152417,0.0665350184,attributes,168,1
134,"Pyramid_v1a",4,"MI_Pyramid_StairsCorner",2,0.25,2264,566,566,0.25,0.0653639585,0.00249645975,0.0381932147,attributes,169,1
134,"Pyramid_v1a",5,"MI_Pyramid_WallTop_L",2,0.25,44460,11115,11114,0.249977508,0.0754794031,0.000142480741,0.00188767712,attributes,170,1
134,"Pyramid_v1a",6,"MI_Pyramid_WallTop_R",2,0.25,37620,9405,9404,0.249973418,0.0754794031,0.000138264062,0.00183181185,attributes,171,1
134,"Pyramid_v1a",7,"MI_Pyramid_Corner",2,0.25,9576,2394,2394,0.25,0.0756055415,0.000442636956,0.00585455727,attributes,172,1
134,"Pyramid_v1a",8,"MI_Pyramid_Column",2,0.25,50016,12504,12504,0.25,0.0660241917,0.000248284661,0.00376051036,attributes,173,1
134,"Pyramid_v1a",9,"MI_Pyramid_StairRail",2,0.25,6048,1512,1512,0.25,0.419771552,0.000993340858,0.00236638449,attributes,174,1
134,"Pyramid_v1a",10,"MI_Pyramid_StairsBottom",2,0.25,2296,574,571,0.24869338,0.413084984,0.00123509218,0.00298992265,sloppy,175,1
134,"Pyramid_v1a",11,"MI_Pyramid_StairsTop",2,0.25,2080,520,511,0.245673077,0.251671433,0.00116856105,0.0046432009,sloppy,176,1
134,"Pyramid_v1a",12,"MI_Pyramid_RailCorner",2,0.25,1304,326,326,0.25,0.379189789,0.00165231677,0.00435749302,attributes,177,1
134,"Pyramid_v1a",13,"MI_Pyramid_RailStraight",2,0.25,5088,1272,1272,0.25,0.379189789,0.00311987661,0.00822774414,attributes,178,1
134,"Pyramid_v1a",14,"MI_Pyramid_BottomWallCorner",2,0.25,38952,9738,9738,0.25,0.35587889,0.000965680869,0.00271350984,attributes,179,1
134,"Pyramid_v1a",15,"MI_Pyramid_BottomWallSide",2,0.25,91008,22752,22752,0.25,0.355878949,0.00103712187,0.00291425455,attributes,180,1
134,"Pyramid_v1a",16,"MI_Pyramid_Topper",2,0.25,4940,1235,1234,0.249797571,0.0435403511,0.00201189937,0.0462076962,attributes,181,1
134,"Pyramid_v1a",17,"MI_Pyramid_BottomFlat",2,0.25,2912,728,728,0.25,0.37185213,0.0206937157,0.0556503907,attributes,182,1
134,"Pyramid_v1a",18,"MI_Pyramid_Ground",2,0.25,78,19,18,0.230769231,0.106343612,0.0710846931,0.668443441,attributes,183,1
134,"Pyramid_v1a",0,"MI_Pyramid_TableStand",3,0.119999997,2136,256,256,0.119850187,0.0135127194,0.000405456929,0.0300055761,attributes,165,1
134,"Pyramid_v1a",1,"MI_Pyramid_TableTop",3,0.119999997,690,82,82,0.11884058,0.0150002427,0.000952328788,0.0634875596,attributes,166,1
134,"Pyramid_v1a",2,"MI_Pyramid_Ceiling",3,0.119999997,384,46,46,0.119791667,0.068346709,0.00879767165,0.128721222,attributes,167,1
134,"Pyramid_v1a",3,"MI_Pyramid_StairsStraight",3,0.119999997,1728,207,206,0.119212963,0.065402016,0.00831449032,0.127128959,attributes,168,1
134,"Pyramid_v1a",4,"MI_Pyramid_StairsCorner",3,0.119999997,2264,271,270,0.119257951,0.0653639585,0.00597843481,0.0914637819,attributes,169,1
134,"Pyramid_v1a",5,"MI_Pyramid_WallTop_L",3,0.119999997,44460,5335,5334,0.119973009,0.0754794031,0.000559414853,0.00741149019,attributes,170,1
134,"Pyramid_v1a",6,"MI_Pyramid_WallTop_R",3,0.119999997,37620,4514,4514,0.119989367,0.0754794031,0.000534529914,0.00708179828,attributes,171,1
134,"Pyramid_v1a",7,"MI_Pyramid_Corner",3,0.119999997,9576,1149,1144,0.11946533,0.0756055415,0.00150458328,0.0199004374,attributes,172,1
134,"Pyramid_v1a",8,"MI_Pyramid_Column",3,0.119999997,50016,6001,6000,0.119961612,0.0660241917,0.000712513109,0.0107916975,attributes,173,1
134,"Pyramid_v1a",9,"MI_Pyramid_StairRail",3,0.119999997,6048,725,724,0.119708995,0.419771552,0.00500361808,0.0119198598,attributes,174,1
134,"Pyramid_v1a",10,"MI_Pyramid_StairsBottom",3,0.119999997,2296,275,268,0.116724739,0.413084984,0.0026683514,0.00645957002,sloppy,175,1
134,"Pyramid_v1a",11,"MI_Pyramid_StairsTop",3,0.119999997,2080,249,248,0.119230769,0.251671433,0.00233906833,0.0092941355,sloppy,176,1
134,"Pyramid_v1a",12,"MI_Pyramid_RailCorner",3,0.119999997,1304,156,156,0.119631902,0.379189789,0.00519184675,0.0136919478,attributes,177,1
134,"Pyramid_v1a",13,"MI_Pyramid_RailStraight",3,0.119999997,5088,610,610,0.119889937,0.379189789,0.00837866869,0.0220962409,attributes,178,1
134,"Pyramid_v1a",14,"MI_Pyramid_BottomWallCorner",3,0.119999997,38952,4674,4674,0.119993839,0.35587889,0.00347105414,0.00975347031,attributes,179,1
134,"Pyramid_v1a",15,"MI_Pyramid_BottomWallSide",3,0.119999997,91008,10920,10920,0.119989451,0.355878949,0.00377304386,0.010602043,attributes,180,1
134,"Pyramid_v1a",16,"MI_Pyramid_Topper",3,0.119999997,4940,592,592,0.119838057,0.0435403511,0.00720762648,0.165539011,attributes,181,1
134,"Pyramid_v1a",17,"MI_Pyramid_BottomFlat",3,0.119999997,2912,349,336,0.115384615,0.37185213,0.0518230647,0.139364704,attributes,182,1
134,"Pyramid_v1a",18,"MI_Pyramid_Ground",3,0.119999997,78,9,4,0.0512820513,0.106343612,0.0740754902,0.696567357,sloppy,183,1
134,"Pyramid_v1a",0,"MI_Pyramid_TableStand",4,0.0599999987,2136,128,128,0.0599250936,0.0135127194,0.00175628765,0.12997292,attributes,165,1
134,"Pyramid_v1a",1,"MI_Pyramid_TableTop",4,0.0599999987,690,41,40,0.0579710145,0.0150002427,0.00270672189,0.180445209,attributes,166,1
134,"Pyramid_v1a",2,"MI_Pyramid_Ceiling",4,0.0599999987,384,23,22,0.0572916667,0.068346709,0.0521686077,0.763293624,attributes,167,1
134,"Pyramid_v1a",3,"MI_Pyramid_StairsStraight",4,0.0599999987,1728,103,102,0.0590277778,0.065402016,0.0155727314,0.238107815,attributes,168,1
134,"Pyramid_v1a",4,"MI_Pyramid_StairsCorner",4,0.0599999987,2264,135,134,0.0591872792,0.0653639585,0.0110919653,0.169695437,attributes,169,1
134,"Pyramid_v1a",5,"MI_Pyramid_WallTop_L",4,0.0599999987,44460,2667,2664,0.0599190283,0.0754794031,0.00184281671,0.024414828,attributes,170,1
134,"Pyramid_v1a",6,"MI_Pyramid_WallTop_R",4,0.0599999987,37620,2257,2256,0.0599681021,0.0754794031,0.0018036851,0.0238963887,attributes,171,1
134,"Pyramid_v1a",7,"MI_Pyramid_Corner",4,0.0599999987,9576,574,574,0.0599415205,0.0756055415,0.00405782182,0.0536709577,attributes,172,1
134,"Pyramid_v1a",8,"MI_Pyramid_Column",4,0.0599999987,50016,3000,3000,0.0599808061,0.0660241917,0.001694298,0.0256617758,attributes,173,1
134,"Pyramid_v1a",9,"MI_Pyramid_StairRail",4,0.0599999987,6048,362,362,0.0598544974,0.419771552,0.0223156922,0.0531615168,attributes,174,1
134,"Pyramid_v1a",10,"MI_Pyramid_StairsBottom",4,0.0599999987,2296,137,135,0.0587979094,0.413084984,0.0037569697,0.0090949079,sloppy,175,1
134,"Pyramid_v1a",11,"MI_Pyramid_StairsTop",4,0.0599999987,2080,124,99,0.0475961538,0.251671433,0.00357406843,0.0142013272,sloppy,176,1
134,"Pyramid_v1a",12,"MI_Pyramid_RailCorner",4,0.0599999987,1304,78,78,0.0598159509,0.379189789,0.010481894,0.0276428703,attributes,177,1
134,"Pyramid_v1a",13,"MI_Pyramid_RailStraight",4,0.0599999987,5088,305,304,0.0597484277,0.379189789,0.0163836852,0.0432070829,attributes,178,1
134,"Pyramid_v1a",14,"MI_Pyramid_BottomWallCorner",4,0.0599999987,38952,2337,2336,0.0599712467,0.35587889,0.00828325003,0.0232754741,attributes,179,1
134,"Pyramid_v1a",15,"MI_Pyramid_BottomWallSide",4,0.0599999987,91008,5460,5460,0.0599947257,0.355878949,0.010291161,0.0289175883,attributes,180,1
134,"Pyramid_v1a",16,"MI_Pyramid_Topper",4,0.0599999987,4940,296,292,0.0591093117,0.0435403511,0.0385987014,0.886504114,attributes,181,1
134,"Pyramid_v1a",17,"MI_Pyramid_BottomFlat",4,0.0599999987,2912,174,148,0.0508241758,0.37185213,0.0544022657,0.146300808,sloppy,182,1
134,"Pyramid_v1a",18,"MI_Pyramid_Ground",4,0.0599999987,78,4,4,0.0512820513,0.106343612,0.0740754902,0.696567357,reused,183,1
134,"Pyramid_v1a",0,"MI_Pyramid_TableStand",5,0.0299999993,2136,64,64,0.0299625468,0.0135127194,0.0040985262,0.303308755,attributes,165,1
134,"Pyramid_v1a",1,"MI_Pyramid_TableTop",5,0.0299999993,690,20,20,0.0289855072,0.0150002427,0.0051673064,0.344481528,attributes,166,1
134,"Pyramid_v1a",2,"MI_Pyramid_Ceiling",5,0.0299999993,384,11,16,0.0416666667,0.068346709,0.0525434352,0.768777847,sloppy,167,1
134,"Pyramid_v1a",3,"MI_Pyramid_StairsStraight",5,0.0299999993,1728,51,50,0.0289351852,0.065402016,0.022551097,0.344807357,attributes,168,1
134,"Pyramid_v1a",4,"MI_Pyramid_StairsCorner",5,0.0299999993,2264,67,66,0.0291519435,0.0653639585,0.0186835043,0.285838008,attributes,169,1
134,"Pyramid_v1a",5,"MI_Pyramid_WallTop_L",5,0.0299999993,44460,1333,1332,0.0299595142,0.0754794031,0.00517640915,0.0685804188,attributes,170,1
134,"Pyramid_v1a",6,"MI_Pyramid_WallTop_R",5,0.0299999993,37620,1128,1128,0.029984051,0.0754794031,0.00524058845,0.0694307089,attributes,171,1
134,"Pyramid_v1a",7,"MI_Pyramid_Corner",5,0.0299999993,9576,287,286,0.0298663325,0.0756055415,0.00868448801,0.114865758,attributes,172,1
134,"Pyramid_v1a",8,"MI_Pyramid_Column",5,0.0299999993,50016,1500,1494,0.0298704415,0.0660241917,0.0065126149,0.0986398309,attributes,173,1
134,"Pyramid_v1a",9,"MI_Pyramid_StairRail",5,0.0299999993,6048,181,180,0.0297619048,0.419771552,0.0489802025,0.116682999,attributes,174,1
134,"Pyramid_v1a",10,"MI_Pyramid_StairsBottom",5,0.0299999993,2296,68,67,0.0291811847,0.413084984,0.00487600267,0.0118038729,sloppy,175,1
134,"Pyramid_v1a",11,"MI_Pyramid_StairsTop",5,0.0299999993,2080,62,56,0.0269230769,0.251671433,0.00426805764,0.0169588476,sloppy,176,1
134,"Pyramid_v1a",12,"MI_Pyramid_RailCorner",5,0.0299999993,1304,39,38,0.0291411043,0.379189789,0.0173290856,0.0457002968,attributes,177,1
134,"Pyramid_v1a",13,"MI_Pyramid_RailStraight",5,0.0299999993,5088,152,150,0.0294811321,0.379189789,0.0249959994,0.0659194961,attributes,178,1
134,"Pyramid_v1a",14,"MI_Pyramid_BottomWallCorner",5,0.0299999993,38952,1168,1168,0.0299856233,0.35587889,0.0163660347,0.0459876545,attributes,179,1
134,"Pyramid_v1a",15,"MI_Pyramid_BottomWallSide",5,0.0299999993,91008,2730,2726,0.0299534107,0.355878949,0.0259946603,0.0730435476,attributes,180,1
134,"Pyramid_v1a",16,"MI_Pyramid_Topper",5,0.0299999993,4940,148,174,0.0352226721,0.0435403511,0.0393084027,0.902804017,sloppy,181,1
134,"Pyramid_v1a",17,"MI_Pyramid_BottomFlat",5,0.0299999993,2912,87,86,0.029532967,0.37185213,0.0544616468,0.146460488,attributes,182,1
134,"Pyramid_v1a",18,"MI_Pyramid_Ground",5,0.0299999993,78,2,4,0.0512820513,0.106343612,0.0740754902,0.696567357,attributes,183,1
134,"Pyramid_v1a",0,"MI_Pyramid_TableStand",6,0.00999999978,2136,21,20,0.00936329588,0.0135127194,0.00794640742,0.588068724,attributes,165,1
134,"Pyramid_v1a",1,"MI_Pyramid_TableTop",6,0.00999999978,690,6,4,0.00579710145,0.0150002427,0.00617338438,0.41155231,sloppy,166,1
134,"Pyramid_v1a",2,"MI_Pyramid_Ceiling",6,0.00999999978,384,3,16,0.0416666667,0.068346709,0.0525434352,0.768777847,attributes,167,1
134,"Pyramid_v1a",3,"MI_Pyramid_StairsStraight",6,0.00999999978,1728,17,16,0.00925925926,0.065402016,0.0341867171,0.522716582,attributes,168,1
134,"Pyramid_v1a",4,"MI_Pyramid_StairsCorner",6,0.00999999978,2264,22,22,0.00971731449,0.0653639585,0.0311865136,0.477120936,attributes,169,1
134,"Pyramid_v1a",5,"MI_Pyramid_WallTop_L",6,0.00999999978,44460,444,444,0.00998650472,0.0754794031,0.0137149934,0.181705117,attributes,170,1
134,"Pyramid_v1a",6,"MI_Pyramid_WallTop_R",6,0.00999999978,37620,376,376,0.00999468368,0.0754794031,0.0127980839,0.169557303,attributes,171,1
134,"Pyramid_v1a",7,"MI_Pyramid_Corner",6,0.00999999978,9576,95,94,0.00981620718,0.0756055415,0.0194106735,0.25673613,attributes,172,1
134,"Pyramid_v1a",8,"MI_Pyramid_Column",6,0.00999999978,50016,500,450,0.00899712092,0.0660241917,0.00673870323,0.102064155,sloppy,173,1
134,"Pyramid_v1a",9,"MI_Pyramid_StairRail",6,0.00999999978,6048,60,60,0.00992063492,0.419771552,0.0912688971,0.217425168,attributes,174,1
134,"Pyramid_v1a",10,"MI_Pyramid_StairsBottom",6,0.00999999978,2296,22,18,0.00783972125,0.413084984,0.00581666827,0.0140810451,sloppy,175,1
134,"Pyramid_v1a",11,"MI_Pyramid_StairsTop",6,0.00999999978,2080,20,20,0.00961538462,0.251671433,0.00512757199,0.0203740727,sloppy,176,1
134,"Pyramid_v1a",12,"MI_Pyramid_RailCorner",6,0.00999999978,1304,13,12,0.00920245399,0.379189789,0.0269098654,0.0709667429,attributes,177,1
134,"Pyramid_v1a",13,"MI_Pyramid_RailStraight",6,0.00999999978,5088,50,50,0.00982704403,0.379189789,0.035022147,0.0923604667,attributes,178,1
134,"Pyramid_v1a",14,"MI_Pyramid_BottomWallCorner",6,0.00999999978,38952,389,388,0.00996097761,0.35587889,0.0348878875,0.0980330333,attributes,179,1
134,"Pyramid_v1a",15,"MI_Pyramid_BottomWallSide",6,0.00999999978,91008,910,702,0.00771360759,0.355878949,0.0304182917,0.0854737014,sloppy,180,1
134,"Pyramid_v1a",16,"MI_Pyramid_Topper",6,0.00999999978,4940,49,168,0.0340080972,0.0435403511,0.0395243354,0.907763362,sloppy,181,1
134,"Pyramid_v1a",17,"MI_Pyramid_BottomFlat",6,0.00999999978,2912,29,28,0.00961538462,0.37185213,0.0547410287,0.14721182,attributes,182,1
134,"Pyramid_v1a",18,"MI_Pyramid_Ground",6,0.00999999978,78,1,4,0.0512820513,0.106343612,0.0740754902,0.696567357,attributes,183,1
135,"STT_BanyanForest_ROP_Reduced_001_Translucent",0,"MI_Banyan_Bark",0,1,1586162,1586162,1586162,1,0.615285873,0,0,source,184,1
135,"STT_BanyanForest_ROP_Reduced_001_Translucent",1,"MI_Banyan_Vines",0,1,64890,64890,64890,1,0.438630939,0,0,source,185,1
135,"STT_BanyanForest_ROP_Reduced_001_Translucent",2,"MI_Banyan_Leaves_TwoSided",0,1,3289725,3289725,3289725,1,0.622268736,0,0,source,186,3
135,"STT_BanyanForest_ROP_Reduced_001_Translucent",0,"MI_Banyan_Bark",1,0.5,1586162,793081,778828,0.491014159,0.615285873,0.000950049434,0.00154407811,attributes,184,1
135,"STT_BanyanForest_ROP_Reduced_001_Translucent",1,"MI_Banyan_Vines",1,0.5,64890,32445,31432,0.484388966,0.438630939,0.000815254345,0.00185863394,attributes,185,1
135,"STT_BanyanForest_ROP_Reduced_001_Translucent",2,"MI_Banyan_Leaves_TwoSided",1,0.5,3289725,1644862,1644862,0.499999848,0.622268736,0.000294193393,0.000472775457,attributes,186,3
135,"STT_BanyanForest_ROP_Reduced_001_Translucent",0,"MI_Banyan_Bark",2,0.25,1586162,396540,389218,0.245383511,0.615285873,0.00283059222,0.0046004504,attributes,184,1
135,"STT_BanyanForest_ROP_Reduced_001_Translucent",1,"MI_Banyan_Vines",2,0.25,64890,16222,15638,0.240992449,0.438630939,0.00223551667,0.00509657757,attributes,185,1
135,"STT_BanyanForest_ROP_Reduced_001_Translucent",2,"MI_Banyan_Leaves_TwoSided",2,0.25,3289725,822431,801617,0.243672951,0.622268736,0.00177749444,0.0028564739,sloppy,186,3
135,"STT_BanyanForest_ROP_Reduced_001_Translucent",0,"MI_Banyan_Bark",3,0.119999997,1586162,190339,190318,0.119986483,0.615285873,0.00605948083,0.00984823611,attributes,184,1
135,"STT_BanyanForest_ROP_Reduced_001_Translucent",1,"MI_Banyan_Vines",3,0.119999997,64890,7786,7586,0.116905532,0.438630939,0.00446108822,0.0101704821,attributes,185,1
135,"STT_BanyanForest_ROP_Reduced_001_Translucent",2,"MI_Banyan_Leaves_TwoSided",3,0.119999997,3289725,394767,377521,0.114757617,0.622268736,0.00385425147,0.00619386975,sloppy,186,3
135,"STT_BanyanForest_ROP_Reduced_001_Translucent",0,"MI_Banyan_Bark",4,0.0599999987,1586162,95169,94740,0.0597290819,0.615285873,0.0110142892,0.0179010928,attributes,184,1
135,"STT_BanyanForest_ROP_Reduced_001_Translucent",1,"MI_Banyan_Vines",4,0.0599999987,64890,3893,3824,0.0589304978,0.438630939,0.00742858741,0.0169358496,attributes,185,1
135,"STT_BanyanForest_ROP_Reduced_001_Translucent",2,"MI_Banyan_Leaves_TwoSided",4,0.0599999987,3289725,197383,187646,0.0570400261,0.622268736,0.00627942896,0.0100911846,sloppy,186,3
135,"STT_BanyanForest_ROP_Reduced_001_Translucent",0,"MI_Banyan_Bark",5,0.0299999993,1586162,47584,47466,0.0299250644,0.615285873,0.0182246678,0.0296198372,attributes,184,1
135,"STT_BanyanForest_ROP_Reduced_001_Translucent",1,"MI_Banyan_Vines",5,0.0299999993,64890,1946,1924,0.0296501772,0.438630939,0.0111597748,0.0254422892,attributes,185,1
135,"STT_BanyanForest_ROP_Reduced_001_Translucent",2,"MI_Banyan_Leaves_TwoSided",5,0.0299999993,3289725,98691,94633,0.0287662343,0.622268736,0.00903513841,0.0145196728,sloppy,186,3
135,"STT_BanyanForest_ROP_Reduced_001_Translucent",0,"MI_Banyan_Bark",6,0.00999999978,1586162,15861,15856,0.00999645686,0.615285873,0.0289732683,0.0470891185,attributes,184,1
135,"STT_BanyanForest_ROP_Reduced_001_Translucent",1,"MI_Banyan_Vines",6,0.00999999978,64890,648,646,0.00995530898,0.438630939,0.0167092811,0.0380941704,attributes,185,1
135,"STT_BanyanForest_ROP_Reduced_001_Translucent",2,"MI_Banyan_Leaves_TwoSided",6,0.00999999978,3289725,32897,30556,0.00928831437,0.622268736,0.0126166884,0.0202753041,sloppy,186,3
136,"Creek",0,"River",0,1,20402,20402,20402,1,0.0199999996,0,0,source,164,1
136,"Creek",0,"River",1,0.5,20402,10201,10200,0.499950985,0.0199999996,1.32002469e-07,6.60012347e-06,attributes,164,1
136,"Creek",0,"River",2,0.25,20402,5100,5099,0.249926478,0.0199999996,2.97453425e-07,1.48726713e-05,attributes,164,1
136,"Creek",0,"River",3,0.119999997,20402,2448,2448,0.119988236,0.0199999996,5.17752483e-07,2.58876244e-05,attributes,164,1
136,"Creek",0,"River",4,0.0599999987,20402,1224,1224,0.0599941182,0.0199999996,8.22472657e-07,4.11236324e-05,attributes,164,1
136,"Creek",0,"River",5,0.0299999993,20402,612,611,0.0299480443,0.0199999996,1.27780777e-06,6.38903875e-05,attributes,164,1
136,"Creek",0,"River",6,0.00999999978,20402,204,203,0.0099500049,0.0199999996,2.22955509e-06,0.000111477755,attributes,164,1
