batch_id,component,name,definition_id,mesh_id,mesh_name,instance_offset,instance_count,min_x,min_y,min_z,max_x,max_y,max_z,extent_x,extent_y,extent_z,cells_8m,cells_16m,cells_32m,cells_64m,cells_128m,cells_256m,cells_512m,cells_1024m
0,Anthurium,Anthurium_05_Translucent,0,0,Anthurium_05_Translucent,0,21,338.48272705078125,7.026937007904053,195.00184631347656,387.10260009765625,13.671671867370605,289.58502197265625,48.619873046875,6.644734859466553,94.58317565917969,19,14,8,4,3,2,1,1
1,Anthurium,Anthurium_02_Translucent,1,1,Anthurium_02_Translucent,21,21,339.1244201660156,6.771140098571777,205.98406982421875,386.937255859375,12.534774780273438,276.8903503417969,47.812835693359375,5.76363468170166,70.90628051757812,18,11,6,3,3,2,1,1
2,Anthurium,Anthurium_04_Translucent,2,2,Anthurium_04_Translucent,42,24,336.96405029296875,6.799962043762207,202.58799743652344,386.3660888671875,13.405440330505371,290.2265319824219,49.40203857421875,6.605478286743164,87.63853454589844,21,15,8,5,4,2,1,1
3,Anthurium,Anthurium_03_Translucent,3,3,Anthurium_03_Translucent,66,28,339.09661865234375,6.761919975280762,194.56483459472656,381.7990417480469,14.387307167053223,284.89849853515625,42.702423095703125,7.625387191772461,90.33366394042969,19,13,5,3,3,2,1,1
4,Anthurium,Anthurium_06_Translucent,4,4,Anthurium_06_Translucent,94,26,333.74755859375,6.81060791015625,198.50624084472656,385.62896728515625,14.08131217956543,288.8963928222656,51.88140869140625,7.27070426940918,90.39015197753906,24,15,9,5,4,2,1,1
5,Anthurium,Anthurium_01_Translucent,5,5,Anthurium_01_Translucent,120,18,341.06146240234375,6.79144287109375,208.167236328125,385.5588073730469,13.237946510314941,285.15924072265625,44.497344970703125,6.446503639221191,76.99200439453125,18,12,6,3,3,2,1,1
6,Nettle,Nettle_03_Translucent,6,6,Nettle_03_Translucent,138,62,338.301513671875,6.789573669433594,196.27862548828125,385.2620544433594,13.923747062683105,295.6095886230469,46.960540771484375,7.134173393249512,99.33096313476562,38,20,9,6,4,2,1,1
7,Nettle,Nettle_02_Translucent,7,7,Nettle_02_Translucent,200,46,335.72137451171875,6.821653842926025,202.3358154296875,385.7877197265625,13.207167625427246,291.37109375,50.06634521484375,6.385513782501221,89.0352783203125,29,15,8,5,4,2,1,1
8,Nettle,Nettle_06_Translucent,8,8,Nettle_06_Translucent,246,53,336.32855224609375,6.72199821472168,197.6355438232422,391.1843566894531,13.382731437683105,297.41961669921875,54.855804443359375,6.660733222961426,99.78407287597656,40,20,8,4,3,2,1,1
9,Nettle,Nettle_01_Translucent,9,9,Nettle_01_Translucent,299,48,340.0201416015625,6.7730865478515625,200.88417053222656,385.4762268066406,13.716164588928223,293.71697998046875,45.456085205078125,6.94307804107666,92.83280944824219,33,19,9,6,4,2,1,1
10,Nettle,Nettle_04_Translucent,10,10,Nettle_04_Translucent,347,66,333.11077880859375,6.771462440490723,192.84207153320312,382.7926025390625,14.123733520507812,293.5190734863281,49.68182373046875,7.35227108001709,100.677001953125,38,19,7,5,4,2,1,1
11,Nettle,Nettle_05_Translucent,11,11,Nettle_05_Translucent,413,55,337.43377685546875,6.7798333168029785,199.5341339111328,389.4457092285156,14.075779914855957,294.4510803222656,52.011932373046875,7.2959465980529785,94.91694641113281,38,20,9,5,4,2,1,1
12,Shrub Sorrel,ShrubSorrel_01_ShrubSorrel_01_Translucent,12,12,ShrubSorrel_01_Translucent,468,325,326.2576599121094,8.42362117767334,262.03277587890625,337.39556884765625,11.557774543762207,274.14862060546875,11.137908935546875,3.134153366088867,12.1158447265625,7,4,1,1,1,1,1,1
13,Shrub Sorrel,ShrubSorrel_01_ShrubSorrel_05_Translucent,13,13,ShrubSorrel_05_Translucent,793,335,325.21759033203125,8.406156539916992,262.02691650390625,337.41143798828125,11.413637161254883,273.6313171386719,12.19384765625,3.0074806213378906,11.604400634765625,8,4,1,1,1,1,1,1
14,Shrub Sorrel,ShrubSorrel_01_ShrubSorrel_07_Translucent,14,14,ShrubSorrel_07_Translucent,1128,305,326.4456787109375,8.41935920715332,262.0260314941406,337.32672119140625,11.492911338806152,273.6454772949219,10.88104248046875,3.073552131652832,11.61944580078125,7,4,1,1,1,1,1,1
15,Shrub Sorrel,ShrubSorrel_01_ShrubSorrel_03_Translucent,15,15,ShrubSorrel_03_Translucent,1433,315,325.632080078125,8.421357154846191,262.0193176269531,337.3703918457031,11.517704963684082,274.2746276855469,11.738311767578125,3.0963478088378906,12.25531005859375,7,4,1,1,1,1,1,1
16,Shrub Sorrel,ShrubSorrel_01_ShrubSorrel_06_Translucent,16,16,ShrubSorrel_06_Translucent,1748,324,326.4974365234375,8.397287368774414,262.0107116699219,337.3437805175781,11.61604118347168,274.0862731933594,10.846343994140625,3.2187538146972656,12.0755615234375,7,4,1,1,1,1,1,1
17,Shrub Sorrel,ShrubSorrel_01_ShrubSorrel_02_Translucent,17,17,ShrubSorrel_02_Translucent,2072,329,325.7050476074219,8.377699851989746,262.00006103515625,337.42486572265625,11.619325637817383,273.6173095703125,11.719818115234375,3.2416257858276367,11.61724853515625,8,4,1,1,1,1,1,1
18,Shrub Sorrel,ShrubSorrel_01_ShrubSorrel_04_Translucent,18,18,ShrubSorrel_04_Translucent,2401,308,325.5487365722656,8.40571117401123,262.0423278808594,337.4616394042969,11.63958740234375,273.8215026855469,11.91290283203125,3.2338762283325195,11.7791748046875,8,4,1,1,1,1,1,1
19,Shrub Sorrel,ShrubSorrel_02_ShrubSorrel_02_Translucent,17,17,ShrubSorrel_02_Translucent,2709,11017,336.314208984375,6.921020984649658,262.0012512207031,362.1031188964844,10.489773750305176,287.8509826660156,25.788909912109375,3.5687527656555176,25.8497314453125,16,4,2,2,2,2,1,1
20,Shrub Sorrel,ShrubSorrel_02_ShrubSorrel_03_Translucent,15,15,ShrubSorrel_03_Translucent,13726,10769,336.5179748535156,6.93242073059082,262.00054931640625,362.19744873046875,10.405984878540039,287.8697509765625,25.679473876953125,3.4735641479492188,25.86920166015625,16,4,2,2,2,2,1,1
21,Shrub Sorrel,ShrubSorrel_02_ShrubSorrel_01_Translucent,12,12,ShrubSorrel_01_Translucent,24495,11048,336.3847961425781,6.9328813552856445,262.0024719238281,362.215576171875,10.545114517211914,287.9397277832031,25.830780029296875,3.6122331619262695,25.937255859375,16,4,2,2,2,2,1,1
22,Shrub Sorrel,ShrubSorrel_02_ShrubSorrel_05_Translucent,13,13,ShrubSorrel_05_Translucent,35543,11093,336.3145751953125,6.922801971435547,262.00213623046875,362.19775390625,10.20226764678955,287.8916320800781,25.8831787109375,3.279465675354004,25.889495849609375,16,4,2,2,2,2,1,1
23,Shrub Sorrel,ShrubSorrel_02_ShrubSorrel_07_Translucent,14,14,ShrubSorrel_07_Translucent,46636,10961,336.3629150390625,6.921238899230957,262.0,362.2106018066406,10.703489303588867,287.90325927734375,25.847686767578125,3.78225040435791,25.90325927734375,16,4,2,2,2,2,1,1
24,Shrub Sorrel,ShrubSorrel_02_ShrubSorrel_06_Translucent,16,16,ShrubSorrel_06_Translucent,57597,10997,336.3914489746094,6.9221415519714355,262.0010070800781,362.21966552734375,10.211200714111328,287.9586486816406,25.828216552734375,3.2890591621398926,25.9576416015625,16,4,2,2,2,2,1,1
25,Shrub Sorrel,ShrubSorrel_02_ShrubSorrel_04_Translucent,18,18,ShrubSorrel_04_Translucent,68594,11002,336.3758850097656,6.926150798797607,262.0005187988281,362.1828308105469,10.431840896606445,287.8443603515625,25.80694580078125,3.505690097808838,25.843841552734375,16,4,2,2,2,2,1,1
26,Shrub Sorrel,ShrubSorrel_03_ShrubSorrel_03_Translucent,15,15,ShrubSorrel_03_Translucent,79596,1567,343.8645935058594,6.811314582824707,286.8161315917969,362.2310791015625,11.375852584838867,298.91796875,18.366485595703125,4.56453800201416,12.101837158203125,9,4,4,4,2,2,1,1
27,Shrub Sorrel,ShrubSorrel_03_ShrubSorrel_04_Translucent,18,18,ShrubSorrel_04_Translucent,81163,1532,344.10992431640625,6.810510635375977,286.78814697265625,362.08587646484375,10.941621780395508,298.72991943359375,17.9759521484375,4.131111145019531,11.9417724609375,8,4,4,4,2,2,1,1
28,Shrub Sorrel,ShrubSorrel_03_ShrubSorrel_06_Translucent,16,16,ShrubSorrel_06_Translucent,82695,1591,345.78912353515625,6.814639091491699,286.8857421875,362.0728454589844,9.989860534667969,298.7684631347656,16.283721923828125,3.1752214431762695,11.882720947265625,8,4,4,4,2,2,1,1
29,Shrub Sorrel,ShrubSorrel_03_ShrubSorrel_07_Translucent,14,14,ShrubSorrel_07_Translucent,84286,1613,344.9285888671875,6.811016082763672,286.80780029296875,362.1402587890625,10.56521224975586,298.8802795410156,17.211669921875,3.7541961669921875,12.072479248046875,8,4,4,4,2,2,1,1
30,Shrub Sorrel,ShrubSorrel_03_ShrubSorrel_01_Translucent,12,12,ShrubSorrel_01_Translucent,85899,1483,344.59954833984375,6.809763431549072,286.89361572265625,362.1748046875,10.753308296203613,298.6828918457031,17.57525634765625,3.943544864654541,11.789276123046875,8,4,4,4,2,2,1,1
31,Shrub Sorrel,ShrubSorrel_03_ShrubSorrel_05_Translucent,13,13,ShrubSorrel_05_Translucent,87382,1481,345.1257629394531,6.813906669616699,286.8078308105469,362.0982971191406,10.586950302124023,298.9353942871094,16.9725341796875,3.773043632507324,12.1275634765625,8,4,4,4,2,2,1,1
32,Shrub Sorrel,ShrubSorrel_03_ShrubSorrel_02_Translucent,17,17,ShrubSorrel_02_Translucent,88863,1545,346.1033935546875,6.8098907470703125,286.8374938964844,362.2059631347656,10.021103858947754,298.8682556152344,16.102569580078125,3.2112131118774414,12.03076171875,8,4,4,4,2,2,1,1
33,Shrub Sorrel,ShrubSorrel_04_ShrubSorrel_04_Translucent,18,18,ShrubSorrel_04_Translucent,90408,12170,361.1031188964844,6.695314884185791,262.0005187988281,388.195068359375,8.40929889678955,287.9644775390625,27.091949462890625,1.7139840126037598,25.963958740234375,16,6,2,1,1,1,1,1
34,Shrub Sorrel,ShrubSorrel_04_ShrubSorrel_01_Translucent,12,12,ShrubSorrel_01_Translucent,102578,12052,361.0713195800781,6.690805435180664,262.0050048828125,388.16796875,8.408082962036133,287.80010986328125,27.096649169921875,1.7172775268554688,25.79510498046875,16,6,2,1,1,1,1,1
35,Shrub Sorrel,ShrubSorrel_04_ShrubSorrel_02_Translucent,17,17,ShrubSorrel_02_Translucent,114630,11960,361.089599609375,6.6993608474731445,262.000244140625,388.1485900878906,8.40475845336914,287.9612731933594,27.058990478515625,1.705397605895996,25.961029052734375,16,6,2,1,1,1,1,1
36,Shrub Sorrel,ShrubSorrel_04_ShrubSorrel_07_Translucent,14,14,ShrubSorrel_07_Translucent,126590,11985,361.0538635253906,6.689063549041748,262.001220703125,388.21826171875,8.407018661499023,287.96826171875,27.164398193359375,1.7179551124572754,25.967041015625,16,6,2,1,1,1,1,1
37,Shrub Sorrel,ShrubSorrel_04_ShrubSorrel_03_Translucent,15,15,ShrubSorrel_03_Translucent,138575,11997,361.07672119140625,6.692436218261719,262.0006408691406,388.0160217285156,8.407513618469238,287.9607238769531,26.939300537109375,1.7150774002075195,25.9600830078125,16,6,2,1,1,1,1,1
38,Shrub Sorrel,ShrubSorrel_04_ShrubSorrel_06_Translucent,16,16,ShrubSorrel_06_Translucent,150572,11929,361.1047668457031,6.696622371673584,262.0,388.1451110839844,8.40609073638916,287.8947448730469,27.04034423828125,1.7094683647155762,25.894744873046875,16,6,2,1,1,1,1,1
39,Shrub Sorrel,ShrubSorrel_04_ShrubSorrel_05_Translucent,13,13,ShrubSorrel_05_Translucent,162501,11977,361.031005859375,6.690906047821045,262.0008850097656,387.9884948730469,8.409061431884766,287.8450622558594,26.957489013671875,1.7181553840637207,25.84417724609375,16,6,2,1,1,1,1,1
40,Shrub Sorrel,ShrubSorrel_05_ShrubSorrel_01_Translucent,12,12,ShrubSorrel_01_Translucent,174478,2000,361.10113525390625,6.797303199768066,286.8695068359375,382.0099182128906,9.124463081359863,298.9881591796875,20.908782958984375,2.327159881591797,12.11865234375,9,4,2,2,1,1,1,1
41,Shrub Sorrel,ShrubSorrel_05_ShrubSorrel_07_Translucent,14,14,ShrubSorrel_07_Translucent,176478,1949,361.0848693847656,6.7967400550842285,286.7698669433594,382.1701354980469,7.662566184997559,298.85528564453125,21.08526611328125,0.8658261299133301,12.085418701171875,9,4,2,2,1,1,1,1
42,Shrub Sorrel,ShrubSorrel_05_ShrubSorrel_02_Translucent,17,17,ShrubSorrel_02_Translucent,178427,2026,361.0941467285156,6.796786785125732,286.8307800292969,381.9770202636719,7.51441764831543,298.79071044921875,20.88287353515625,0.7176308631896973,11.959930419921875,8,4,2,2,1,1,1,1
43,Shrub Sorrel,ShrubSorrel_05_ShrubSorrel_05_Translucent,13,13,ShrubSorrel_05_Translucent,180453,1978,361.1841735839844,6.79556131362915,286.7951965332031,382.4261779785156,7.884373188018799,298.7476806640625,21.24200439453125,1.0888118743896484,11.952484130859375,9,4,2,2,1,1,1,1
44,Shrub Sorrel,ShrubSorrel_05_ShrubSorrel_04_Translucent,18,18,ShrubSorrel_04_Translucent,182431,2076,361.1396789550781,6.795496463775635,286.8076171875,382.10791015625,8.171319961547852,298.8011169433594,20.968231201171875,1.3758234977722168,11.993499755859375,9,4,2,2,1,1,1,1
45,Shrub Sorrel,ShrubSorrel_05_ShrubSorrel_06_Translucent,16,16,ShrubSorrel_06_Translucent,184507,2068,361.0711364746094,6.7962541580200195,286.8260498046875,380.9033508300781,7.9188737869262695,299.00079345703125,19.83221435546875,1.12261962890625,12.17474365234375,9,4,2,2,1,1,1,1
46,Shrub Sorrel,ShrubSorrel_05_ShrubSorrel_03_Translucent,15,15,ShrubSorrel_03_Translucent,186575,2006,361.1418151855469,6.797023773193359,286.8284606933594,382.2362365722656,8.498004913330078,299.0461730957031,21.09442138671875,1.7009811401367188,12.21771240234375,9,4,2,2,1,1,1,1
47,Shrub Sorrel,ShrubSorrel_06_ShrubSorrel_03_Translucent,15,15,ShrubSorrel_03_Translucent,188581,145,387.3489685058594,6.625434875488281,263.586669921875,393.0789489746094,7.514969825744629,274.51171875,5.72998046875,0.8895349502563477,10.925048828125,5,2,1,1,1,1,1,1
48,Shrub Sorrel,ShrubSorrel_06_ShrubSorrel_01_Translucent,12,12,ShrubSorrel_01_Translucent,188726,125,387.22015380859375,6.677318096160889,262.0774230957031,392.9875793457031,7.795956134796143,277.9499816894531,5.767425537109375,1.118638038635254,15.87255859375,5,2,1,1,1,1,1,1
49,Shrub Sorrel,ShrubSorrel_06_ShrubSorrel_06_Translucent,16,16,ShrubSorrel_06_Translucent,188851,122,387.07562255859375,6.65893030166626,262.21649169921875,393.0133361816406,7.653013706207275,275.7966003417969,5.937713623046875,0.9940834045410156,13.580108642578125,4,2,1,1,1,1,1,1
50,Shrub Sorrel,ShrubSorrel_06_ShrubSorrel_04_Translucent,18,18,ShrubSorrel_04_Translucent,188973,136,387.1000671386719,6.681612491607666,262.6192626953125,392.6038513183594,7.550326824188232,273.93218994140625,5.5037841796875,0.8687143325805664,11.31292724609375,5,2,1,1,1,1,1,1
51,Shrub Sorrel,ShrubSorrel_06_ShrubSorrel_02_Translucent,17,17,ShrubSorrel_02_Translucent,189109,128,387.1848449707031,6.660179138183594,262.2750244140625,392.8502502441406,7.74833345413208,276.0277404785156,5.6654052734375,1.0881543159484863,13.752716064453125,5,2,1,1,1,1,1,1
52,Shrub Sorrel,ShrubSorrel_06_ShrubSorrel_07_Translucent,14,14,ShrubSorrel_07_Translucent,189237,126,387.1183776855469,6.651413440704346,262.12762451171875,392.90655517578125,7.641360282897949,277.28485107421875,5.788177490234375,0.9899468421936035,15.1572265625,5,2,1,1,1,1,1,1
53,Shrub Sorrel,ShrubSorrel_06_ShrubSorrel_05_Translucent,13,13,ShrubSorrel_05_Translucent,189363,131,387.34375,6.657519340515137,262.2991638183594,392.8497314453125,7.750815391540527,277.86090087890625,5.5059814453125,1.0932960510253906,15.561737060546875,5,2,1,1,1,1,1,1
54,Shrub Sorrel,ShrubSorrel_07_ShrubSorrel_04_Translucent,18,18,ShrubSorrel_04_Translucent,189494,1864,334.2234191894531,12.811041831970215,200.3142852783203,346.1421813964844,14.55245304107666,220.8865203857422,11.91876220703125,1.7414112091064453,20.572235107421875,9,4,1,1,1,1,1,1
55,Shrub Sorrel,ShrubSorrel_07_ShrubSorrel_02_Translucent,17,17,ShrubSorrel_02_Translucent,191358,1866,334.1498718261719,12.86630916595459,200.26348876953125,346.0018005371094,14.520231246948242,221.06466674804688,11.8519287109375,1.6539220809936523,20.801177978515625,9,4,1,1,1,1,1,1
56,Shrub Sorrel,ShrubSorrel_07_ShrubSorrel_01_Translucent,12,12,ShrubSorrel_01_Translucent,193224,1875,333.9516296386719,12.857608795166016,200.42135620117188,346.0604248046875,14.572237014770508,220.92068481445312,12.108795166015625,1.7146282196044922,20.49932861328125,9,4,1,1,1,1,1,1
57,Shrub Sorrel,ShrubSorrel_07_ShrubSorrel_03_Translucent,15,15,ShrubSorrel_03_Translucent,195099,1822,333.9793395996094,12.868352890014648,200.4856414794922,346.0711669921875,14.630451202392578,221.10360717773438,12.091827392578125,1.7620983123779297,20.617965698242188,9,4,1,1,1,1,1,1
58,Shrub Sorrel,ShrubSorrel_07_ShrubSorrel_05_Translucent,13,13,ShrubSorrel_05_Translucent,196921,1914,334.13055419921875,12.839920043945312,200.8866729736328,346.0855712890625,14.555636405944824,221.02206420898438,11.95501708984375,1.7157163619995117,20.135391235351562,9,4,1,1,1,1,1,1
59,Shrub Sorrel,ShrubSorrel_07_ShrubSorrel_07_Translucent,14,14,ShrubSorrel_07_Translucent,198835,1906,334.1041259765625,12.827831268310547,200.50210571289062,346.0882263183594,14.559524536132812,220.80905151367188,11.984100341796875,1.7316932678222656,20.30694580078125,9,4,1,1,1,1,1,1
60,Shrub Sorrel,ShrubSorrel_07_ShrubSorrel_06_Translucent,16,16,ShrubSorrel_06_Translucent,200741,1900,334.1325378417969,12.819089889526367,200.46194458007812,346.04248046875,14.620097160339355,220.84925842285156,11.909942626953125,1.8010072708129883,20.387313842773438,9,4,1,1,1,1,1,1
61,Shrub Sorrel,ShrubSorrel_08_ShrubSorrel_05_Translucent,13,13,ShrubSorrel_05_Translucent,202641,2965,333.88470458984375,9.90196704864502,220.19015502929688,346.11962890625,14.650524139404297,241.97511291503906,12.23492431640625,4.748557090759277,21.784957885742188,12,6,2,2,2,1,1,1
62,Shrub Sorrel,ShrubSorrel_08_ShrubSorrel_07_Translucent,14,14,ShrubSorrel_07_Translucent,205606,2935,333.9647521972656,9.960627555847168,220.10556030273438,346.0777282714844,14.614100456237793,242.1560821533203,12.11297607421875,4.653472900390625,22.050521850585938,11,5,2,2,2,1,1,1
63,Shrub Sorrel,ShrubSorrel_08_ShrubSorrel_06_Translucent,16,16,ShrubSorrel_06_Translucent,208541,3096,334.0080871582031,9.92366886138916,220.16659545898438,346.1049499511719,14.708441734313965,242.0633544921875,12.09686279296875,4.784772872924805,21.896759033203125,12,6,2,2,2,1,1,1
64,Shrub Sorrel,ShrubSorrel_08_ShrubSorrel_04_Translucent,18,18,ShrubSorrel_04_Translucent,211637,2946,333.8677673339844,9.90712833404541,220.01824951171875,346.08135986328125,14.665681838989258,242.0436248779297,12.213592529296875,4.758553504943848,22.025375366210938,12,6,2,2,2,1,1,1
65,Shrub Sorrel,ShrubSorrel_08_ShrubSorrel_03_Translucent,15,15,ShrubSorrel_03_Translucent,214583,2934,333.9090270996094,9.917684555053711,220.0481414794922,346.08489990234375,14.572227478027344,242.17218017578125,12.175872802734375,4.654542922973633,22.124038696289062,12,6,2,2,2,1,1,1
66,Shrub Sorrel,ShrubSorrel_08_ShrubSorrel_01_Translucent,12,12,ShrubSorrel_01_Translucent,217517,3005,334.02545166015625,9.979805946350098,220.19252014160156,346.05718994140625,14.637527465820312,242.12342834472656,12.03173828125,4.657721519470215,21.930908203125,12,6,2,2,2,1,1,1
67,Shrub Sorrel,ShrubSorrel_08_ShrubSorrel_02_Translucent,17,17,ShrubSorrel_02_Translucent,220522,2947,334.06170654296875,9.991894721984863,220.059814453125,346.1115417480469,14.60280990600586,242.1363067626953,12.049835205078125,4.610915184020996,22.076492309570312,11,5,2,2,2,1,1,1
68,Shrub Sorrel,ShrubSorrel_09_ShrubSorrel_04_Translucent,18,18,ShrubSorrel_04_Translucent,223469,4589,329.4273376464844,8.056746482849121,241.04263305664062,346.07049560546875,12.488121032714844,261.98809814453125,16.643157958984375,4.431374549865723,20.945465087890625,9,4,2,1,1,1,1,1
69,Shrub Sorrel,ShrubSorrel_09_ShrubSorrel_01_Translucent,12,12,ShrubSorrel_01_Translucent,228058,4622,328.9454345703125,8.048177719116211,241.0546112060547,346.0888977050781,12.495548248291016,261.9982604980469,17.143463134765625,4.447370529174805,20.943649291992188,9,4,2,1,1,1,1,1
70,Shrub Sorrel,ShrubSorrel_09_ShrubSorrel_07_Translucent,14,14,ShrubSorrel_07_Translucent,232680,4769,328.8965148925781,8.040923118591309,241.00624084472656,346.1194763183594,12.604870796203613,261.9882507324219,17.22296142578125,4.563947677612305,20.982009887695312,9,4,2,1,1,1,1,1
71,Shrub Sorrel,ShrubSorrel_09_ShrubSorrel_05_Translucent,13,13,ShrubSorrel_05_Translucent,237449,4672,329.32025146484375,8.035746574401855,241.1389617919922,346.0110778808594,12.554314613342285,261.9971923828125,16.690826416015625,4.51856803894043,20.858230590820312,9,4,2,1,1,1,1,1
72,Shrub Sorrel,ShrubSorrel_09_ShrubSorrel_06_Translucent,16,16,ShrubSorrel_06_Translucent,242121,4712,328.9076843261719,8.051095008850098,241.02703857421875,346.05010986328125,12.487934112548828,261.9994812011719,17.142425537109375,4.4368391036987305,20.972442626953125,9,4,2,1,1,1,1,1
73,Shrub Sorrel,ShrubSorrel_09_ShrubSorrel_02_Translucent,17,17,ShrubSorrel_02_Translucent,246833,4633,328.9024658203125,8.054143905639648,241.0240020751953,346.1160583496094,12.590498924255371,261.97845458984375,17.213592529296875,4.536355018615723,20.954452514648438,9,4,2,1,1,1,1,1
74,Shrub Sorrel,ShrubSorrel_09_ShrubSorrel_03_Translucent,15,15,ShrubSorrel_03_Translucent,251466,4583,329.2667541503906,8.046154975891113,240.99888610839844,346.0574035644531,12.579094886779785,261.99566650390625,16.7906494140625,4.532939910888672,20.996780395507812,9,4,2,1,1,1,1,1
75,Shrub Sorrel,ShrubSorrel_10_ShrubSorrel_05_Translucent,13,13,ShrubSorrel_05_Translucent,256049,777,348.7367858886719,13.17880630493164,191.1912841796875,366.9657287597656,14.57249641418457,199.92526245117188,18.22894287109375,1.3936901092529297,8.733978271484375,4,3,3,2,2,2,1,1
76,Shrub Sorrel,ShrubSorrel_10_ShrubSorrel_01_Translucent,12,12,ShrubSorrel_01_Translucent,256826,822,349.59735107421875,13.151512145996094,190.7479248046875,367.07366943359375,14.58983039855957,200.07411193847656,17.476318359375,1.4383182525634766,9.326187133789062,6,3,3,2,2,2,1,1
77,Shrub Sorrel,ShrubSorrel_10_ShrubSorrel_03_Translucent,15,15,ShrubSorrel_03_Translucent,257648,811,348.8982849121094,13.140647888183594,190.40208435058594,367.10076904296875,14.659790992736816,200.01109313964844,18.202484130859375,1.5191431045532227,9.6090087890625,5,3,3,2,2,2,1,1
78,Shrub Sorrel,ShrubSorrel_10_ShrubSorrel_02_Translucent,17,17,ShrubSorrel_02_Translucent,258459,808,349.6265869140625,13.165736198425293,190.71896362304688,366.93304443359375,14.733698844909668,200.06954956054688,17.30645751953125,1.567962646484375,9.3505859375,5,3,3,2,2,2,1,1
79,Shrub Sorrel,ShrubSorrel_10_ShrubSorrel_07_Translucent,14,14,ShrubSorrel_07_Translucent,259267,796,349.2353515625,13.157140731811523,190.46255493164062,367.03173828125,14.604823112487793,200.0178985595703,17.79638671875,1.4476823806762695,9.555343627929688,6,3,3,2,2,2,1,1
80,Shrub Sorrel,ShrubSorrel_10_ShrubSorrel_06_Translucent,16,16,ShrubSorrel_06_Translucent,260063,768,349.4015197753906,13.171049118041992,190.6148223876953,367.1422119140625,14.659663200378418,199.96954345703125,17.740692138671875,1.4886140823364258,9.354721069335938,4,3,3,2,2,2,1,1
81,Shrub Sorrel,ShrubSorrel_10_ShrubSorrel_04_Translucent,18,18,ShrubSorrel_04_Translucent,260831,832,349.44146728515625,13.131218910217285,190.48043823242188,366.90576171875,14.638833045959473,200.0924835205078,17.46429443359375,1.5076141357421875,9.612045288085938,7,3,3,2,2,2,1,1
82,Shrub Sorrel,ShrubSorrel_11_ShrubSorrel_04_Translucent,18,18,ShrubSorrel_04_Translucent,261663,8985,344.98858642578125,11.238876342773438,198.95925903320312,367.1466369628906,14.20543098449707,221.08023071289062,22.158050537109375,2.966554641723633,22.1209716796875,12,4,2,2,2,2,1,1
83,Shrub Sorrel,ShrubSorrel_11_ShrubSorrel_07_Translucent,14,14,ShrubSorrel_07_Translucent,270648,9079,345.0520935058594,11.2471284866333,198.97491455078125,367.1470947265625,14.167582511901855,221.07098388671875,22.095001220703125,2.9204540252685547,22.0960693359375,12,4,2,2,2,2,1,1
84,Shrub Sorrel,ShrubSorrel_11_ShrubSorrel_05_Translucent,13,13,ShrubSorrel_05_Translucent,279727,8870,345.04736328125,11.241557121276855,199.02337646484375,367.1182861328125,14.17486572265625,221.0927734375,22.0709228515625,2.9333086013793945,22.06939697265625,12,4,2,2,2,2,1,1
85,Shrub Sorrel,ShrubSorrel_11_ShrubSorrel_03_Translucent,15,15,ShrubSorrel_03_Translucent,288597,9042,345.0121765136719,11.243317604064941,198.96749877929688,367.1878967285156,14.16946029663086,221.03341674804688,22.17572021484375,2.926142692565918,22.06591796875,12,4,2,2,2,2,1,1
86,Shrub Sorrel,ShrubSorrel_11_ShrubSorrel_06_Translucent,16,16,ShrubSorrel_06_Translucent,297639,8958,345.0096435546875,11.240139961242676,198.94586181640625,367.137451171875,14.160764694213867,221.14083862304688,22.1278076171875,2.9206247329711914,22.194976806640625,12,4,2,2,2,2,1,1
87,Shrub Sorrel,ShrubSorrel_11_ShrubSorrel_02_Translucent,17,17,ShrubSorrel_02_Translucent,306597,8977,344.9598388671875,11.250064849853516,198.9495086669922,367.1861267089844,14.155617713928223,221.05555725097656,22.226287841796875,2.905552864074707,22.106048583984375,12,4,2,2,2,2,1,1
88,Shrub Sorrel,ShrubSorrel_11_ShrubSorrel_01_Translucent,12,12,ShrubSorrel_01_Translucent,315574,9042,344.98150634765625,11.232622146606445,199.00985717773438,367.098388671875,14.141148567199707,221.06350708007812,22.11688232421875,2.9085264205932617,22.05364990234375,12,4,2,2,2,2,1,1
89,Shrub Sorrel,ShrubSorrel_12_ShrubSorrel_07_Translucent,14,14,ShrubSorrel_07_Translucent,324616,9656,344.9720153808594,9.183782577514648,219.97900390625,367.1365661621094,13.641419410705566,242.12815856933594,22.16455078125,4.457636833190918,22.149154663085938,12,6,4,4,4,2,1,1
90,Shrub Sorrel,ShrubSorrel_12_ShrubSorrel_04_Translucent,18,18,ShrubSorrel_04_Translucent,334272,9607,344.9660339355469,9.17519474029541,219.94873046875,367.1529235839844,13.644807815551758,242.17591857910156,22.1868896484375,4.469613075256348,22.227188110351562,12,6,4,4,4,2,1,1
91,Shrub Sorrel,ShrubSorrel_12_ShrubSorrel_03_Translucent,15,15,ShrubSorrel_03_Translucent,343879,9602,344.95062255859375,9.202544212341309,219.9541778564453,367.0924072265625,13.611228942871094,242.07546997070312,22.14178466796875,4.408684730529785,22.121292114257812,12,6,4,4,4,2,1,1
92,Shrub Sorrel,ShrubSorrel_12_ShrubSorrel_01_Translucent,12,12,ShrubSorrel_01_Translucent,353481,9518,344.9981689453125,9.187152862548828,219.94102478027344,367.1695861816406,13.623918533325195,242.1688995361328,22.171417236328125,4.436765670776367,22.227874755859375,12,6,4,4,4,2,1,1
93,Shrub Sorrel,ShrubSorrel_12_ShrubSorrel_05_Translucent,13,13,ShrubSorrel_05_Translucent,362999,9646,344.9397888183594,9.200308799743652,220.00094604492188,367.1943664550781,13.611587524414062,242.1103973388672,22.25457763671875,4.41127872467041,22.109451293945312,12,6,4,4,4,2,1,1
94,Shrub Sorrel,ShrubSorrel_12_ShrubSorrel_02_Translucent,17,17,ShrubSorrel_02_Translucent,372645,9741,344.9697265625,9.174120903015137,220.01234436035156,367.1268005371094,13.649096488952637,242.1533660888672,22.157073974609375,4.4749755859375,22.141021728515625,12,6,4,4,4,2,1,1
95,Shrub Sorrel,ShrubSorrel_12_ShrubSorrel_06_Translucent,16,16,ShrubSorrel_06_Translucent,382386,9541,344.97308349609375,9.202108383178711,219.96458435058594,367.1022033691406,13.6109619140625,242.17343139648438,22.129119873046875,4.408853530883789,22.208847045898438,12,6,4,4,4,2,1,1
96,Shrub Sorrel,ShrubSorrel_13_ShrubSorrel_07_Translucent,14,14,ShrubSorrel_07_Translucent,391927,9273,344.9624938964844,7.9524712562561035,241.03216552734375,367.146240234375,10.266807556152344,261.9997863769531,22.183746337890625,2.3143362998962402,20.967620849609375,9,4,4,2,2,2,1,1
97,Shrub Sorrel,ShrubSorrel_13_ShrubSorrel_04_Translucent,18,18,ShrubSorrel_04_Translucent,401200,9155,344.9631652832031,7.949272155761719,240.96864318847656,367.16796875,10.361440658569336,261.9978942871094,22.204803466796875,2.412168502807617,21.029251098632812,9,4,4,2,2,2,1,1
98,Shrub Sorrel,ShrubSorrel_13_ShrubSorrel_06_Translucent,16,16,ShrubSorrel_06_Translucent,410355,9298,344.9719543457031,7.948004722595215,240.99122619628906,367.1767578125,10.18759822845459,261.9999084472656,22.204803466796875,2.239593505859375,21.008682250976562,9,4,4,2,2,2,1,1
99,Shrub Sorrel,ShrubSorrel_13_ShrubSorrel_03_Translucent,15,15,ShrubSorrel_03_Translucent,419653,9317,345.0457763671875,7.952730655670166,241.0577850341797,367.08447265625,10.254661560058594,261.9988098144531,22.0386962890625,2.3019309043884277,20.941024780273438,9,4,4,2,2,2,1,1
100,Shrub Sorrel,ShrubSorrel_13_ShrubSorrel_01_Translucent,12,12,ShrubSorrel_01_Translucent,428970,9398,345.0481872558594,7.948750019073486,241.09327697753906,367.1218566894531,10.188519477844238,261.9974670410156,22.07366943359375,2.239769458770752,20.904190063476562,9,4,4,2,2,2,1,1
101,Shrub Sorrel,ShrubSorrel_13_ShrubSorrel_02_Translucent,17,17,ShrubSorrel_02_Translucent,438368,9097,344.97308349609375,7.950541019439697,240.97413635253906,367.0893249511719,10.286260604858398,261.99969482421875,22.116241455078125,2.335719585418701,21.025558471679688,9,4,4,2,2,2,1,1
102,Shrub Sorrel,ShrubSorrel_13_ShrubSorrel_05_Translucent,13,13,ShrubSorrel_05_Translucent,447465,9352,345.01953125,7.949044227600098,241.0101776123047,367.11956787109375,10.274378776550293,261.99957275390625,22.10003662109375,2.3253345489501953,20.989395141601562,9,4,4,2,2,2,1,1
103,Shrub Sorrel,ShrubSorrel_14_ShrubSorrel_06_Translucent,16,16,ShrubSorrel_06_Translucent,456817,414,366.2861328125,13.19547176361084,190.4071502685547,377.5835876464844,15.34431266784668,200.08883666992188,11.297454833984375,2.14884090423584,9.681686401367188,6,4,2,1,1,1,1,1
104,Shrub Sorrel,ShrubSorrel_14_ShrubSorrel_05_Translucent,13,13,ShrubSorrel_05_Translucent,457231,444,366.122802734375,13.209015846252441,190.68125915527344,377.62725830078125,15.173429489135742,199.9779052734375,11.50445556640625,1.9644136428833008,9.296646118164062,5,4,2,1,1,1,1,1
105,Shrub Sorrel,ShrubSorrel_14_ShrubSorrel_02_Translucent,17,17,ShrubSorrel_02_Translucent,457675,455,365.9825439453125,13.203718185424805,191.07749938964844,377.73199462890625,15.10624885559082,200.0149383544922,11.74945068359375,1.9025306701660156,8.93743896484375,6,4,2,1,1,1,1,1
106,Shrub Sorrel,ShrubSorrel_14_ShrubSorrel_07_Translucent,14,14,ShrubSorrel_07_Translucent,458130,482,366.1795349121094,13.253437995910645,190.9623565673828,377.7757263183594,15.257238388061523,199.99867248535156,11.59619140625,2.003800392150879,9.03631591796875,5,4,2,1,1,1,1,1
107,Shrub Sorrel,ShrubSorrel_14_ShrubSorrel_04_Translucent,18,18,ShrubSorrel_04_Translucent,458612,481,366.028076171875,13.249787330627441,190.4885711669922,378.0252990722656,15.251273155212402,199.91038513183594,11.997222900390625,2.001485824584961,9.42181396484375,5,4,2,1,1,1,1,1
108,Shrub Sorrel,ShrubSorrel_14_ShrubSorrel_01_Translucent,12,12,ShrubSorrel_01_Translucent,459093,419,366.20758056640625,13.246112823486328,190.85658264160156,377.97515869140625,15.26768684387207,199.98641967773438,11.767578125,2.021574020385742,9.129837036132812,5,4,2,1,1,1,1,1
109,Shrub Sorrel,ShrubSorrel_14_ShrubSorrel_03_Translucent,15,15,ShrubSorrel_03_Translucent,459512,484,366.1310729980469,13.258882522583008,190.629638671875,377.50799560546875,15.268566131591797,200.01014709472656,11.376922607421875,2.009683609008789,9.380508422851562,6,4,2,1,1,1,1,1
110,Shrub Sorrel,ShrubSorrel_15_ShrubSorrel_03_Translucent,15,15,ShrubSorrel_03_Translucent,459996,6195,366.0500793457031,11.232905387878418,198.9471893310547,387.9477233886719,14.558093070983887,221.09402465820312,21.89764404296875,3.3251876831054688,22.146835327148438,14,5,2,1,1,1,1,1
111,Shrub Sorrel,ShrubSorrel_15_ShrubSorrel_02_Translucent,17,17,ShrubSorrel_02_Translucent,466191,6114,366.1184997558594,11.229310989379883,198.94345092773438,387.943359375,14.472171783447266,221.03477478027344,21.824859619140625,3.242860794067383,22.091323852539062,14,5,2,1,1,1,1,1
112,Shrub Sorrel,ShrubSorrel_15_ShrubSorrel_05_Translucent,13,13,ShrubSorrel_05_Translucent,472305,6327,365.9945983886719,11.25221061706543,198.9583282470703,387.966796875,14.89102840423584,221.10699462890625,21.972198486328125,3.63881778717041,22.148666381835938,14,5,2,1,1,1,1,1
113,Shrub Sorrel,ShrubSorrel_15_ShrubSorrel_06_Translucent,16,16,ShrubSorrel_06_Translucent,478632,6245,366.014404296875,11.233838081359863,199.01039123535156,387.9935607910156,14.611682891845703,221.0843048095703,21.979156494140625,3.37784481048584,22.07391357421875,14,5,2,1,1,1,1,1
114,Shrub Sorrel,ShrubSorrel_15_ShrubSorrel_04_Translucent,18,18,ShrubSorrel_04_Translucent,484877,6086,366.08245849609375,11.242525100708008,199.0789794921875,387.7814636230469,14.658395767211914,221.08273315429688,21.699005126953125,3.4158706665039062,22.003753662109375,14,5,2,1,1,1,1,1
115,Shrub Sorrel,ShrubSorrel_15_ShrubSorrel_01_Translucent,12,12,ShrubSorrel_01_Translucent,490963,6049,366.08734130859375,11.239676475524902,199.13668823242188,387.8653869628906,14.56973934173584,221.09036254882812,21.778045654296875,3.3300628662109375,21.95367431640625,14,5,2,1,1,1,1,1
116,Shrub Sorrel,ShrubSorrel_15_ShrubSorrel_07_Translucent,14,14,ShrubSorrel_07_Translucent,497012,6171,366.0230712890625,11.239584922790527,199.00303649902344,387.9953918457031,14.585956573486328,221.10739135742188,21.972320556640625,3.346371650695801,22.104354858398438,14,5,2,1,1,1,1,1
117,Shrub Sorrel,ShrubSorrel_16_ShrubSorrel_07_Translucent,14,14,ShrubSorrel_07_Translucent,503183,8662,366.05487060546875,9.489465713500977,219.95767211914062,388.14056396484375,13.879610061645508,242.12835693359375,22.085693359375,4.390144348144531,22.170684814453125,16,9,4,2,2,1,1,1
118,Shrub Sorrel,ShrubSorrel_16_ShrubSorrel_06_Translucent,16,16,ShrubSorrel_06_Translucent,511845,8628,366.009765625,9.470852851867676,219.96783447265625,388.09967041015625,13.901884078979492,242.12857055664062,22.08990478515625,4.431031227111816,22.160736083984375,16,9,4,2,2,1,1,1
119,Shrub Sorrel,ShrubSorrel_16_ShrubSorrel_01_Translucent,12,12,ShrubSorrel_01_Translucent,520473,8704,366.0388488769531,9.479049682617188,220.08065795898438,388.0794982910156,13.882818222045898,242.1228485107422,22.0406494140625,4.403768539428711,22.042190551757812,16,9,4,2,2,1,1,1
120,Shrub Sorrel,ShrubSorrel_16_ShrubSorrel_02_Translucent,17,17,ShrubSorrel_02_Translucent,529177,8555,366.0632629394531,9.49346923828125,219.95921325683594,388.1598815917969,13.904056549072266,242.1023712158203,22.09661865234375,4.410587310791016,22.143157958984375,16,9,4,2,2,1,1,1
121,Shrub Sorrel,ShrubSorrel_16_ShrubSorrel_05_Translucent,13,13,ShrubSorrel_05_Translucent,537732,8693,365.9867248535156,9.466604232788086,220.01425170898438,388.1547546386719,13.84667682647705,242.1351776123047,22.16802978515625,4.380072593688965,22.120925903320312,16,9,4,2,2,1,1,1
122,Shrub Sorrel,ShrubSorrel_16_ShrubSorrel_03_Translucent,15,15,ShrubSorrel_03_Translucent,546425,8619,366.072998046875,9.462393760681152,219.931640625,388.0882873535156,13.788211822509766,242.13937377929688,22.015289306640625,4.325818061828613,22.207733154296875,16,9,4,2,2,1,1,1
123,Shrub Sorrel,ShrubSorrel_16_ShrubSorrel_04_Translucent,18,18,ShrubSorrel_04_Translucent,555044,8703,366.05419921875,9.478476524353027,219.97586059570312,388.1365661621094,13.810855865478516,242.0493927001953,22.082366943359375,4.332379341125488,22.073532104492188,16,9,4,2,2,1,1,1
124,Shrub Sorrel,ShrubSorrel_17_ShrubSorrel_05_Translucent,13,13,ShrubSorrel_05_Translucent,563747,8587,365.9875793457031,7.834460735321045,241.03245544433594,388.1629943847656,11.393146514892578,261.9979553222656,22.1754150390625,3.558685779571533,20.965499877929688,12,6,4,1,1,1,1,1
125,Shrub Sorrel,ShrubSorrel_17_ShrubSorrel_03_Translucent,15,15,ShrubSorrel_03_Translucent,572334,8532,366.00048828125,7.877457141876221,241.07933044433594,388.0490417480469,11.434161186218262,261.999755859375,22.048553466796875,3.556704044342041,20.920425415039062,12,6,4,1,1,1,1,1
126,Shrub Sorrel,ShrubSorrel_17_ShrubSorrel_07_Translucent,14,14,ShrubSorrel_07_Translucent,580866,8578,366.0432434082031,7.8810248374938965,241.09719848632812,388.14666748046875,11.453892707824707,261.9974060058594,22.103424072265625,3.5728678703308105,20.90020751953125,12,6,4,1,1,1,1,1
127,Shrub Sorrel,ShrubSorrel_17_ShrubSorrel_06_Translucent,16,16,ShrubSorrel_06_Translucent,589444,8398,365.9906921386719,7.8689165115356445,241.0400390625,388.1134033203125,11.40601921081543,261.999755859375,22.122711181640625,3.537102699279785,20.959716796875,12,6,4,1,1,1,1,1
128,Shrub Sorrel,ShrubSorrel_17_ShrubSorrel_02_Translucent,17,17,ShrubSorrel_02_Translucent,597842,8384,366.0462951660156,7.869559288024902,241.01187133789062,388.1124572753906,11.41917896270752,261.9967956542969,22.066162109375,3.549619674682617,20.98492431640625,12,6,4,1,1,1,1,1
129,Shrub Sorrel,ShrubSorrel_17_ShrubSorrel_01_Translucent,12,12,ShrubSorrel_01_Translucent,606226,8451,365.9778137207031,7.839233875274658,241.0512237548828,388.1279602050781,11.386347770690918,261.99951171875,22.150146484375,3.5471138954162598,20.948287963867188,12,6,4,1,1,1,1,1
130,Shrub Sorrel,ShrubSorrel_17_ShrubSorrel_04_Translucent,18,18,ShrubSorrel_04_Translucent,614677,8395,366.09368896484375,7.872011661529541,241.02532958984375,388.11572265625,11.46413516998291,261.99609375,22.02203369140625,3.592123508453369,20.97076416015625,12,6,4,1,1,1,1,1
131,Shrub Sorrel,ShrubSorrel_18_ShrubSorrel_03_Translucent,15,15,ShrubSorrel_03_Translucent,623072,576,387.1668395996094,11.105644226074219,220.35543823242188,392.93670654296875,14.516066551208496,240.7964324951172,5.769866943359375,3.4104223251342773,20.440994262695312,7,3,2,2,2,1,1,1
132,Shrub Sorrel,ShrubSorrel_18_ShrubSorrel_05_Translucent,13,13,ShrubSorrel_05_Translucent,623648,583,387.0588684082031,10.8758544921875,220.5354461669922,393.0682678222656,14.630813598632812,241.97137451171875,6.0093994140625,3.7549591064453125,21.435928344726562,7,3,2,2,2,1,1,1
133,Shrub Sorrel,ShrubSorrel_18_ShrubSorrel_07_Translucent,14,14,ShrubSorrel_07_Translucent,624231,643,387.0369567871094,11.271127700805664,220.3562774658203,392.7936096191406,14.679863929748535,240.09864807128906,5.75665283203125,3.408736228942871,19.74237060546875,7,3,2,2,2,1,1,1
134,Shrub Sorrel,ShrubSorrel_18_ShrubSorrel_01_Translucent,12,12,ShrubSorrel_01_Translucent,624874,617,387.0953063964844,11.61646842956543,220.48287963867188,392.9748840332031,14.373744010925293,237.95982360839844,5.87957763671875,2.7572755813598633,17.476943969726562,6,2,2,2,2,1,1,1
135,Shrub Sorrel,ShrubSorrel_18_ShrubSorrel_06_Translucent,16,16,ShrubSorrel_06_Translucent,625491,559,387.0629577636719,11.459820747375488,220.3623809814453,393.04486083984375,14.60560417175293,238.7968292236328,5.981903076171875,3.1457834243774414,18.4344482421875,6,2,2,2,2,1,1,1
136,Shrub Sorrel,ShrubSorrel_18_ShrubSorrel_02_Translucent,17,17,ShrubSorrel_02_Translucent,626050,596,387.0846862792969,11.508426666259766,220.48887634277344,393.0628356933594,14.725505828857422,238.51210021972656,5.9781494140625,3.2170791625976562,18.023223876953125,6,2,2,2,2,1,1,1
137,Shrub Sorrel,ShrubSorrel_18_ShrubSorrel_04_Translucent,18,18,ShrubSorrel_04_Translucent,626646,650,387.082763671875,11.4267578125,220.2692108154297,392.9510803222656,14.560412406921387,239.0564727783203,5.868316650390625,3.1336545944213867,18.787261962890625,6,2,2,2,2,1,1,1
138,Shrub Sorrel,ShrubSorrel_19_ShrubSorrel_06_Translucent,16,16,ShrubSorrel_06_Translucent,627296,491,387.08428955078125,7.669406414031982,241.5164337158203,393.0828857421875,11.173162460327148,259.32989501953125,5.99859619140625,3.503756046295166,17.813461303710938,6,2,2,1,1,1,1,1
139,Shrub Sorrel,ShrubSorrel_19_ShrubSorrel_02_Translucent,17,17,ShrubSorrel_02_Translucent,627787,433,387.0318603515625,7.872547626495361,245.1632537841797,392.9537658691406,10.640403747558594,259.3935241699219,5.921905517578125,2.7678561210632324,14.230270385742188,6,2,2,1,1,1,1,1
140,Shrub Sorrel,ShrubSorrel_19_ShrubSorrel_01_Translucent,12,12,ShrubSorrel_01_Translucent,628220,506,387.1024169921875,7.663622856140137,242.42832946777344,393.15582275390625,10.906628608703613,259.12548828125,6.05340576171875,3.2430057525634766,16.697158813476562,6,2,2,1,1,1,1,1
141,Shrub Sorrel,ShrubSorrel_19_ShrubSorrel_07_Translucent,14,14,ShrubSorrel_07_Translucent,628726,518,387.0240783691406,7.718424320220947,241.5595703125,393.0354919433594,11.258889198303223,259.0202941894531,6.01141357421875,3.5404648780822754,17.460723876953125,6,2,2,1,1,1,1,1
142,Shrub Sorrel,ShrubSorrel_19_ShrubSorrel_04_Translucent,18,18,ShrubSorrel_04_Translucent,629244,460,387.1761169433594,7.6810784339904785,242.35386657714844,393.0791320800781,11.084395408630371,259.18597412109375,5.90301513671875,3.4033169746398926,16.832107543945312,6,2,2,1,1,1,1,1
143,Shrub Sorrel,ShrubSorrel_19_ShrubSorrel_05_Translucent,13,13,ShrubSorrel_05_Translucent,629704,457,387.06561279296875,7.760392189025879,241.97137451171875,392.92376708984375,10.8758544921875,259.2974853515625,5.858154296875,3.115462303161621,17.32611083984375,6,2,2,1,1,1,1,1
144,Shrub Sorrel,ShrubSorrel_19_ShrubSorrel_03_Translucent,15,15,ShrubSorrel_03_Translucent,630161,483,387.21502685546875,7.7379350662231445,243.81454467773438,393.0045471191406,10.782278060913086,258.6620178222656,5.789520263671875,3.0443429946899414,14.84747314453125,6,2,2,1,1,1,1,1
145,Shrub,Shrub_02,19,19,Shrub_02,630644,2919,512.004638671875,-5.647066593170166,762.011474609375,609.6201171875,1.981813907623291,868.447021484375,97.615478515625,7.628880500793457,106.435546875,126,41,14,6,3,3,2,2
146,Shrub,Shrub_03,20,20,Shrub_03,633563,2837,512.0157470703125,-5.646303176879883,762.0079345703125,607.4578857421875,2.7405176162719727,867.890625,95.442138671875,8.386820793151855,105.8826904296875,130,41,13,5,2,2,1,1
147,Shrub,Shrub_01,21,21,Shrub_01,636400,2679,512.0206909179688,-5.646524429321289,762.0198974609375,606.7034912109375,3.92759370803833,870.83544921875,94.68280029296875,9.57411813735962,108.8155517578125,126,40,13,5,2,2,1,1
148,Shrub,Shrub_04,22,22,Shrub_04,639079,2902,512.0040283203125,-5.646124839782715,762.0,609.2952880859375,2.2801835536956787,864.849609375,97.291259765625,7.9263083934783936,102.849609375,126,41,14,6,3,3,2,2
149,Grass B,Grass_B_01,23,23,Grass_B_01,641981,67855,12.007651329040527,-22.29555892944336,262.0101623535156,610.8810424804688,74.69544219970703,872.79052734375,598.8733911514282,96.99100112915039,610.7803649902344,810,247,84,31,12,7,4,3
150,Grass B,Grass_B_05,24,24,Grass_B_05,709836,68224,12.001683235168457,-6.281630039215088,262.00335693359375,610.5689086914062,74.47132110595703,872.778564453125,598.5672254562378,80.75295114517212,610.7752075195312,802,250,85,31,12,7,4,3
151,Grass B,Grass_B_04,25,25,Grass_B_04,778060,67987,12.0289306640625,-15.518699645996094,262.0004577636719,610.5457763671875,74.55455017089844,872.5042724609375,598.516845703125,90.07324981689453,610.5038146972656,799,248,84,31,12,7,4,3
152,Grass B,Grass_B_03,26,26,Grass_B_03,846047,68062,12.00558090209961,-5.646938800811768,262.0079650878906,610.729736328125,74.5168685913086,872.5014038085938,598.7241554260254,80.16380739212036,610.4934387207031,801,249,85,31,12,7,4,3
153,Grass B,Grass_B_02,27,27,Grass_B_02,914109,67737,12.047637939453125,-10.456793785095215,262.0019226074219,610.3276977539062,74.62261199951172,872.8282470703125,598.2800598144531,85.07940578460693,610.8263244628906,792,247,84,31,12,7,4,3
154,Grass A,Grass_A_06,28,28,Grass_A_06,981846,46537,512.0,-5.647120952606201,762.0046997070312,609.6267700195312,2.3668081760406494,872.5391235351562,97.62677001953125,8.01392912864685,110.534423828125,140,44,15,6,3,3,2,2
155,Grass A,Grass_A_04,29,29,Grass_A_04,1028383,46844,512.0018310546875,-5.646846771240234,762.0029296875,610.6591796875,4.2187957763671875,871.8092651367188,98.6573486328125,9.865642547607422,109.80633544921875,137,43,15,6,3,3,2,2
156,Grass A,Grass_A_02,30,30,Grass_A_02,1075227,46790,512.0003662109375,-5.646900653839111,762.0020141601562,610.8093872070312,2.8711764812469482,871.4154663085938,98.80902099609375,8.51807713508606,109.4134521484375,135,43,15,6,3,3,2,2
157,Grass A,Grass_A_03,31,31,Grass_A_03,1122017,46930,512.00341796875,-5.6470627784729,762.0001220703125,610.3739013671875,2.844762086868286,871.957275390625,98.3704833984375,8.491824865341187,109.9571533203125,136,43,15,6,3,3,2,2
158,Grass A,Grass_A_05,32,32,Grass_A_05,1168947,47094,512.0015869140625,-5.647010803222656,762.0026245117188,610.40869140625,3.1215715408325195,872.7537841796875,98.4071044921875,8.768582344055176,110.75115966796875,140,44,15,6,3,3,2,2
159,Grass A,Grass_A_01,33,33,Grass_A_01,1216041,46790,512.0013427734375,-5.646735191345215,762.0004272460938,610.3604736328125,3.878660202026367,870.7075805664062,98.359130859375,9.525395393371582,108.7071533203125,137,44,15,6,3,3,2,2
160,Pyramid Grass B,Pyramid_Grass_B_02,27,27,Grass_B_02,1262831,8825,523.0616455078125,-5.6041483879089355,789.0753173828125,564.5599365234375,13.185855865478516,829.6515502929688,41.498291015625,18.79000425338745,40.57623291015625,33,12,4,4,1,1,1,1
161,Pyramid Grass B,Pyramid_Grass_B_03,26,26,Grass_B_03,1271656,8659,523.1521606445312,-5.68860387802124,789.1251220703125,564.6442260742188,13.185843467712402,829.6795654296875,41.4920654296875,18.874447345733643,40.554443359375,31,11,4,4,1,1,1,1
162,Pyramid Grass B,Pyramid_Grass_B_05,24,24,Grass_B_05,1280315,8800,523.0545043945312,-5.521401882171631,789.1446533203125,564.3734741210938,13.185860633850098,830.5512084960938,41.3189697265625,18.70726251602173,41.40655517578125,31,11,4,4,1,1,1,1
163,Pyramid Grass B,Pyramid_Grass_B_01,23,23,Grass_B_01,1289115,8679,523.0892944335938,-5.679359436035156,788.9857788085938,564.6348876953125,13.185874938964844,830.5789794921875,41.54559326171875,18.865234375,41.59320068359375,32,11,4,4,1,1,1,1
164,Pyramid Grass B,Pyramid_Grass_B_04,25,25,Grass_B_04,1297794,9037,523.3343505859375,-5.49799108505249,789.1109008789062,564.4539184570312,13.185813903808594,830.3317260742188,41.11956787109375,18.683804988861084,41.2208251953125,32,12,4,4,1,1,1,1
165,Pyramid Moss,Moss_01_Moss_01,34,34,Moss_01,1306831,16778,524.7408447265625,-5.239180088043213,790.8147583007812,533.8656616210938,-2.0169458389282227,800.617431640625,9.12481689453125,3.2222342491149902,9.80267333984375,5,3,2,2,1,1,1,1
166,Pyramid Moss,Moss_01_Moss_03,35,35,Moss_03,1323609,16540,524.7407836914062,-5.239169597625732,790.8147583007812,533.7169799804688,-1.9103132486343384,800.5570068359375,8.9761962890625,3.328856348991394,9.74224853515625,5,3,2,2,1,1,1,1
167,Pyramid Moss,Moss_01_Moss_02,36,36,Moss_02,1340149,16435,524.7406005859375,-5.239069938659668,790.8145751953125,533.6637573242188,-1.8927533626556396,800.7378540039062,8.92315673828125,3.3463165760040283,9.92327880859375,5,3,2,2,1,1,1,1
168,Pyramid Moss,Moss_02_Moss_02,36,36,Moss_02,1356584,4127,527.6598510742188,-2.9419448375701904,793.7268676757812,534.5803833007812,3.095109224319458,801.7135009765625,6.9205322265625,6.037054061889648,7.98663330078125,3,3,2,2,1,1,1,1
169,Pyramid Moss,Moss_02_Moss_01,34,34,Moss_01,1360711,4044,527.649169921875,-3.112208604812622,793.7269897460938,534.3753662109375,3.071338415145874,801.65234375,6.7261962890625,6.183547019958496,7.92535400390625,3,3,2,2,1,1,1,1
170,Pyramid Moss,Moss_02_Moss_03,35,35,Moss_03,1364755,4113,527.6683959960938,-3.127171039581299,793.7271118164062,534.4923095703125,3.1084163188934326,801.8751220703125,6.82391357421875,6.2355873584747314,8.14801025390625,3,3,2,2,1,1,1,1
171,Pyramid Moss,Moss_03_Moss_03,35,35,Moss_03,1368868,709,532.1368408203125,1.5571775436401367,798.1767578125,536.0885620117188,3.140653371810913,800.1409301757812,3.95172119140625,1.5834758281707764,1.96417236328125,3,2,2,2,1,1,1,1
172,Pyramid Moss,Moss_03_Moss_02,36,36,Moss_02,1369577,674,532.1341552734375,1.597172498703003,798.1803588867188,536.0961303710938,3.1406774520874023,799.9724731445312,3.96197509765625,1.5435049533843994,1.7921142578125,2,1,1,1,1,1,1,1
173,Pyramid Moss,Moss_03_Moss_01,34,34,Moss_01,1370251,689,532.1567993164062,1.4855905771255493,798.185302734375,536.0177001953125,3.1406664848327637,800.1121215820312,3.86090087890625,1.6550759077072144,1.92681884765625,3,2,2,2,1,1,1,1
174,Pyramid Moss,Moss_05_Moss_03,35,35,Moss_03,1370940,16940,522.7124633789062,-7.324578285217285,798.6088256835938,529.8497924804688,-0.4623393416404724,812.8543701171875,7.1373291015625,6.862238943576813,14.24554443359375,4,3,2,2,1,1,1,1
175,Pyramid Moss,Moss_05_Moss_01,34,34,Moss_01,1387880,16940,522.7147827148438,-7.293904781341553,798.6015625,529.7105712890625,-0.4654769003391266,812.8756103515625,6.99578857421875,6.828427881002426,14.2740478515625,4,3,2,2,1,1,1,1
176,Pyramid Moss,Moss_05_Moss_02,36,36,Moss_02,1404820,17039,522.7136840820312,-7.127730369567871,798.5263061523438,529.7418823242188,-0.4008868336677551,812.8944091796875,7.0281982421875,6.726843535900116,14.36810302734375,4,3,2,2,1,1,1,1
177,Pyramid Moss,Moss_06_Moss_03,35,35,Moss_03,1421859,22220,524.7578125,-4.162949562072754,798.356689453125,533.5355224609375,3.7876484394073486,812.4738159179688,8.7777099609375,7.9505980014801025,14.11712646484375,5,3,2,2,1,1,1,1
178,Pyramid Moss,Moss_06_Moss_01,34,34,Moss_01,1444079,21859,524.8229370117188,-4.193698406219482,797.5791015625,533.5003051757812,3.8649299144744873,812.6272583007812,8.6773681640625,8.05862832069397,15.04815673828125,5,3,2,2,1,1,1,1
179,Pyramid Moss,Moss_06_Moss_02,36,36,Moss_02,1465938,21814,524.7717895507812,-4.162376403808594,797.39990234375,533.559326171875,3.8221631050109863,812.5684814453125,8.78753662109375,7.98453950881958,15.1685791015625,5,3,2,2,1,1,1,1
180,Pyramid Moss,Moss_07_Moss_01,34,34,Moss_01,1487752,3103,530.7815551757812,1.4143837690353394,798.8843383789062,535.2119140625,5.573060989379883,812.355224609375,4.43035888671875,4.1586772203445435,13.47088623046875,3,2,2,2,1,1,1,1
181,Pyramid Moss,Moss_07_Moss_03,35,35,Moss_03,1490855,3144,530.620361328125,1.4698899984359741,798.8502807617188,535.39892578125,5.557722091674805,812.3366088867188,4.778564453125,4.087832093238831,13.486328125,3,2,2,2,1,1,1,1
182,Pyramid Moss,Moss_07_Moss_02,36,36,Moss_02,1493999,3120,530.7538452148438,1.4306838512420654,798.91748046875,535.5687255859375,5.678477764129639,812.3865356445312,4.81488037109375,4.247793912887573,13.46905517578125,3,2,2,2,1,1,1,1
183,Pyramid Moss,Moss_09_Moss_01,34,34,Moss_01,1497119,12651,522.7120971679688,-7.328329086303711,806.6958618164062,528.1300659179688,-1.9774935245513916,821.9855346679688,5.41796875,5.350835561752319,15.2896728515625,5,4,1,1,1,1,1,1
184,Pyramid Moss,Moss_09_Moss_03,35,35,Moss_03,1509770,12585,522.7117919921875,-7.319766044616699,806.8550415039062,528.1300048828125,-2.085336208343506,822.2133178710938,5.418212890625,5.234429836273193,15.3582763671875,5,4,1,1,1,1,1,1
185,Pyramid Moss,Moss_09_Moss_02,36,36,Moss_02,1522355,12642,522.7117919921875,-7.319111347198486,806.771240234375,528.7011108398438,-2.0213425159454346,821.972412109375,5.98931884765625,5.297768831253052,15.201171875,5,4,1,1,1,1,1,1
186,Pyramid Moss,Moss_10_Moss_01,34,34,Moss_01,1534997,19405,527.4710083007812,-3.3225412368774414,806.2435913085938,533.633544921875,3.7752089500427246,823.1259765625,6.16253662109375,7.097750186920166,16.88238525390625,5,4,1,1,1,1,1,1
187,Pyramid Moss,Moss_10_Moss_03,35,35,Moss_03,1554402,19577,526.9779052734375,-3.0882863998413086,806.3203125,533.7012939453125,3.869499444961548,823.1598510742188,6.723388671875,6.9577858448028564,16.83953857421875,5,4,1,1,1,1,1,1
188,Pyramid Moss,Moss_10_Moss_02,36,36,Moss_02,1573979,19601,526.4594116210938,-3.2252705097198486,806.3452758789062,533.6586303710938,3.841902494430542,823.1134033203125,7.19921875,7.067173004150391,16.76812744140625,5,4,1,1,1,1,1,1
189,Pyramid Moss,Moss_11_Moss_03,35,35,Moss_03,1593580,6319,530.6424560546875,1.411123275756836,807.2448120117188,535.2293090820312,5.684887409210205,820.4939575195312,4.58685302734375,4.273764133453369,13.2491455078125,3,2,1,1,1,1,1,1
190,Pyramid Moss,Moss_11_Moss_02,36,36,Moss_02,1599899,6270,530.5548095703125,1.4670710563659668,807.2693481445312,535.2886962890625,5.654786109924316,820.4660034179688,4.73388671875,4.18771505355835,13.1966552734375,3,2,1,1,1,1,1,1
191,Pyramid Moss,Moss_11_Moss_01,34,34,Moss_01,1606169,6184,530.5599975585938,1.4697197675704956,807.302001953125,535.4702758789062,5.71909761428833,820.4783325195312,4.9102783203125,4.2493778467178345,13.17633056640625,3,2,1,1,1,1,1,1
192,Pyramid Moss,Moss_13_Moss_01,34,34,Moss_01,1612353,27803,524.7407836914062,-5.239099502563477,818.9234008789062,534.689697265625,-1.8680105209350586,828.7333374023438,9.94891357421875,3.371088981628418,9.8099365234375,4,2,1,1,1,1,1,1
193,Pyramid Moss,Moss_13_Moss_03,35,35,Moss_03,1640156,27698,524.7407836914062,-5.239206314086914,819.07763671875,534.4882202148438,-1.864764928817749,828.7333374023438,9.7474365234375,3.374441385269165,9.65570068359375,4,2,1,1,1,1,1,1
194,Pyramid Moss,Moss_13_Moss_02,36,36,Moss_02,1667854,27626,524.7407836914062,-5.238898277282715,819.0759887695312,534.3843383789062,-1.8689005374908447,828.7333984375,9.6435546875,3.36999773979187,9.65740966796875,4,2,1,1,1,1,1,1
195,Pyramid Moss,Moss_14_Moss_03,35,35,Moss_03,1695480,21064,527.6129760742188,-3.430546998977661,818.7732543945312,535.8319091796875,3.0403389930725098,825.8251953125,8.21893310546875,6.470885992050171,7.05194091796875,4,2,1,1,1,1,1,1
196,Pyramid Moss,Moss_14_Moss_02,36,36,Moss_02,1716544,21380,527.6273193359375,-3.3954238891601562,818.8496704101562,535.5869750976562,3.0898277759552,825.8479614257812,7.95965576171875,6.4852516651153564,6.998291015625,4,2,1,1,1,1,1,1
197,Pyramid Moss,Moss_14_Moss_01,34,34,Moss_01,1737924,21196,527.6530151367188,-3.399109363555908,818.7299194335938,535.6357421875,3.0749926567077637,825.85546875,7.98272705078125,6.474102020263672,7.12554931640625,4,2,1,1,1,1,1,1
198,Pyramid Moss,Moss_15_Moss_02,36,36,Moss_02,1759120,661,532.1087646484375,1.4689801931381226,817.4898071289062,534.1306762695312,3.1406848430633545,821.306884765625,2.02191162109375,1.671704649925232,3.81707763671875,1,1,1,1,1,1,1,1
199,Pyramid Moss,Moss_15_Moss_01,34,34,Moss_01,1759781,672,532.116455078125,1.52714204788208,817.3370361328125,534.12353515625,3.1406328678131104,821.3168334960938,2.007080078125,1.6134908199310303,3.97979736328125,1,1,1,1,1,1,1,1
200,Pyramid Moss,Moss_15_Moss_03,35,35,Moss_03,1760453,678,532.095458984375,1.5201199054718018,817.2431640625,533.9675903320312,3.140643358230591,821.3232421875,1.87213134765625,1.620523452758789,4.080078125,1,1,1,1,1,1,1,1
201,Pyramid Moss,Moss_17_Moss_03,35,35,Moss_03,1761131,23940,531.8679809570312,-7.348811626434326,788.7860107421875,546.777099609375,-0.46324750781059265,795.9519653320312,14.90911865234375,6.8855641186237335,7.16595458984375,6,2,2,2,1,1,1,1
202,Pyramid Moss,Moss_17_Moss_02,36,36,Moss_02,1785071,23872,531.6288452148438,-7.35309362411499,788.7854614257812,546.7255859375,-0.3571043312549591,795.8677368164062,15.09674072265625,6.995989292860031,7.082275390625,6,2,2,2,1,1,1,1
203,Pyramid Moss,Moss_17_Moss_01,34,34,Moss_01,1808943,23789,532.0841064453125,-7.356381893157959,788.7855224609375,546.8225708007812,-0.5601834654808044,795.849609375,14.73846435546875,6.7961984276771545,7.0640869140625,6,2,2,2,1,1,1,1
204,Pyramid Moss,Moss_18_Moss_02,36,36,Moss_02,1832732,20021,532.2181396484375,-4.2301483154296875,790.8444213867188,546.5811767578125,3.0865588188171387,798.64453125,14.363037109375,7.316707134246826,7.80010986328125,4,2,2,2,1,1,1,1
205,Pyramid Moss,Moss_18_Moss_01,34,34,Moss_01,1852753,19936,532.242431640625,-4.090432643890381,790.802734375,546.3873291015625,3.091420888900757,798.6444091796875,14.1448974609375,7.181853532791138,7.8416748046875,4,2,2,2,1,1,1,1
206,Pyramid Moss,Moss_18_Moss_03,35,35,Moss_03,1872689,20061,530.7677001953125,-4.36384391784668,790.9617309570312,546.6114501953125,3.1143689155578613,798.64453125,15.84375,7.478212833404541,7.68280029296875,4,2,2,2,1,1,1,1
207,Pyramid Moss,Moss_19_Moss_01,34,34,Moss_01,1892750,2170,533.0184326171875,1.47292959690094,797.4232788085938,545.8243408203125,4.665768146514893,801.1085815429688,12.805908203125,3.1928385496139526,3.685302734375,4,3,3,3,1,1,1,1
208,Pyramid Moss,Moss_19_Moss_03,35,35,Moss_03,1894920,2125,532.945556640625,1.4382917881011963,797.0743408203125,546.1201171875,5.621628284454346,800.8421630859375,13.174560546875,4.183336496353149,3.767822265625,4,3,3,3,1,1,1,1
209,Pyramid Moss,Moss_19_Moss_02,36,36,Moss_02,1897045,2103,533.0286254882812,1.4681817293167114,796.7787475585938,545.9783325195312,5.658857345581055,801.410400390625,12.94970703125,4.190675616264343,4.63165283203125,4,3,3,3,1,1,1,1
210,Pyramid Moss,Moss_22_Moss_01,34,34,Moss_01,1899148,46,531.5501098632812,1.0742875337600708,798.5001220703125,541.1298217773438,3.6757543087005615,807.2571411132812,9.5797119140625,2.6014667749404907,8.75701904296875,3,2,2,2,1,1,1,1
211,Pyramid Moss,Moss_22_Moss_03,35,35,Moss_03,1899194,51,532.4594116210938,1.4316996335983276,798.6098022460938,541.1531372070312,4.327107906341553,807.2898559570312,8.6937255859375,2.895408272743225,8.6800537109375,3,2,2,2,1,1,1,1
212,Pyramid Moss,Moss_22_Moss_02,36,36,Moss_02,1899245,43,531.7576293945312,0.870173990726471,798.1939697265625,541.1619262695312,4.44425106048584,807.2801513671875,9.404296875,3.574077069759369,9.086181640625,3,2,2,2,1,1,1,1
213,Pyramid Moss,Moss_23_Moss_02,36,36,Moss_02,1899288,38717,532.5450439453125,2.701375722885132,798.631103515625,545.9614868164062,9.548611640930176,809.972900390625,13.41644287109375,6.847235918045044,11.341796875,7,4,4,4,1,1,1,1
214,Pyramid Moss,Moss_23_Moss_01,34,34,Moss_01,1938005,38673,532.5577392578125,2.692084789276123,798.6287841796875,546.206298828125,9.541668891906738,811.1944580078125,13.6485595703125,6.849584102630615,12.565673828125,7,4,4,4,1,1,1,1
215,Pyramid Moss,Moss_23_Moss_03,35,35,Moss_03,1976678,39075,532.554443359375,2.749622344970703,798.5444946289062,546.196533203125,9.514440536499023,809.9024047851562,13.64208984375,6.76481819152832,11.35791015625,7,4,4,4,1,1,1,1
216,Pyramid Moss,Moss_24_Moss_01,34,34,Moss_01,2015753,23746,536.4320678710938,6.770968914031982,802.5039672851562,548.3895263671875,13.185908317565918,814.7068481445312,11.95745849609375,6.4149394035339355,12.202880859375,4,2,2,2,1,1,1,1
217,Pyramid Moss,Moss_24_Moss_02,36,36,Moss_02,2039499,23766,536.804931640625,6.618544101715088,802.496337890625,548.6820678710938,13.185924530029297,814.7755126953125,11.87713623046875,6.567380428314209,12.2791748046875,4,2,2,2,1,1,1,1
218,Pyramid Moss,Moss_24_Moss_03,35,35,Moss_03,2063265,23973,536.3583984375,6.770227909088135,802.5313110351562,548.4015502929688,13.18595027923584,814.6804809570312,12.04315185546875,6.415722370147705,12.149169921875,4,2,2,2,1,1,1,1
219,Pyramid Moss,Moss_26_Moss_01,34,34,Moss_01,2087238,1408,531.4935913085938,0.636387825012207,812.23388671875,541.2413330078125,4.62608528137207,822.052734375,9.74774169921875,3.9896974563598633,9.81884765625,2,2,1,1,1,1,1,1
220,Pyramid Moss,Moss_26_Moss_02,36,36,Moss_02,2088646,1374,531.6378173828125,0.720657229423523,812.2409057617188,541.248779296875,4.6781487464904785,822.0934448242188,9.6109619140625,3.9574915170669556,9.8525390625,2,2,1,1,1,1,1,1
221,Pyramid Moss,Moss_26_Moss_03,35,35,Moss_03,2090020,1360,531.5159912109375,0.661596953868866,812.2385864257812,541.247314453125,4.795444965362549,821.7896118164062,9.7313232421875,4.133848011493683,9.551025390625,2,2,1,1,1,1,1,1
222,Pyramid Moss,Moss_27_Moss_02,36,36,Moss_02,2091380,34849,532.5623168945312,2.634455919265747,807.3228149414062,546.1942749023438,9.572399139404297,820.975341796875,13.6319580078125,6.93794322013855,13.65252685546875,6,3,2,2,1,1,1,1
223,Pyramid Moss,Moss_27_Moss_01,34,34,Moss_01,2126229,35121,532.5691528320312,2.6078059673309326,807.23583984375,546.0740966796875,9.494107246398926,821.0076904296875,13.50494384765625,6.886301279067993,13.7718505859375,6,3,2,2,1,1,1,1
224,Pyramid Moss,Moss_27_Moss_03,35,35,Moss_03,2161350,34883,532.544921875,2.748472213745117,807.4981689453125,546.1504516601562,9.466057777404785,821.0828857421875,13.60552978515625,6.717585563659668,13.584716796875,6,3,2,2,1,1,1,1
225,Pyramid Moss,Moss_28_Moss_02,36,36,Moss_02,2196233,23985,536.3828735351562,6.662363529205322,805.18896484375,548.5537109375,13.185921669006348,817.1082763671875,12.17083740234375,6.523558139801025,11.9193115234375,5,4,2,2,1,1,1,1
226,Pyramid Moss,Moss_28_Moss_03,35,35,Moss_03,2220218,23821,536.3184814453125,6.585525989532471,804.6387329101562,548.4207763671875,13.18590259552002,817.2129516601562,12.102294921875,6.600376605987549,12.57421875,5,4,2,2,1,1,1,1
227,Pyramid Moss,Moss_28_Moss_01,34,34,Moss_01,2244039,23764,536.362548828125,6.597557067871094,804.8397216796875,548.822509765625,13.185909271240234,817.1116943359375,12.4599609375,6.588352203369141,12.27197265625,5,4,2,2,1,1,1,1
228,Pyramid Moss,Moss_29_Moss_03,35,35,Moss_03,2267803,8571,531.5121459960938,-7.357036113739014,824.1495361328125,546.73583984375,-0.9022420048713684,830.7625732421875,15.22369384765625,6.454794108867645,6.613037109375,3,2,2,2,1,1,1,1
229,Pyramid Moss,Moss_29_Moss_01,34,34,Moss_01,2276374,8647,531.3955078125,-7.357354164123535,824.8567504882812,546.7915649414062,-1.3323974609375,830.7626953125,15.39605712890625,6.024956703186035,5.90594482421875,3,2,2,2,1,1,1,1
230,Pyramid Moss,Moss_29_Moss_02,36,36,Moss_02,2285021,8523,531.6234130859375,-7.3549323081970215,824.1182861328125,546.6718139648438,-1.4032548666000366,830.7623901367188,15.04840087890625,5.951677441596985,6.64410400390625,3,2,2,2,1,1,1,1
231,Pyramid Moss,Moss_30_Moss_03,35,35,Moss_03,2293544,14403,530.8463745117188,-3.837876558303833,819.864990234375,546.2529296875,3.705087900161743,828.2427978515625,15.40655517578125,7.542964458465576,8.3778076171875,6,2,2,2,1,1,1,1
232,Pyramid Moss,Moss_30_Moss_01,34,34,Moss_01,2307947,14146,530.8158569335938,-3.8274056911468506,820.07177734375,546.3622436523438,3.831383228302002,828.4425048828125,15.54638671875,7.6587889194488525,8.3707275390625,6,2,2,2,1,1,1,1
233,Pyramid Moss,Moss_30_Moss_02,36,36,Moss_02,2322093,14464,530.857666015625,-4.1948394775390625,820.1534423828125,546.1607055664062,3.7197515964508057,827.8198852539062,15.30303955078125,7.914591073989868,7.66644287109375,6,2,2,2,1,1,1,1
234,Pyramid Moss,Moss_31_Moss_01,34,34,Moss_01,2336557,5519,532.9089965820312,1.3676519393920898,817.9255981445312,546.1807250976562,5.704827785491943,822.8451538085938,13.271728515625,4.3371758460998535,4.9195556640625,3,2,2,2,1,1,1,1
235,Pyramid Moss,Moss_31_Moss_02,36,36,Moss_02,2342076,5613,532.890625,1.456958293914795,818.1749877929688,546.1871948242188,5.742648601531982,822.8770141601562,13.29656982421875,4.2856903076171875,4.7020263671875,3,2,2,2,1,1,1,1
236,Pyramid Moss,Moss_31_Moss_03,35,35,Moss_03,2347689,5436,532.7664184570312,1.4616929292678833,818.3483276367188,546.2542724609375,5.764509677886963,822.8819580078125,13.48785400390625,4.30281674861908,4.53363037109375,3,2,2,2,1,1,1,1
237,Pyramid Moss,Moss_33_Moss_01,34,34,Moss_01,2353125,16980,540.8130493164062,-7.322249412536621,788.7879028320312,555.8162841796875,-1.1177188158035278,795.3811645507812,15.00323486328125,6.204530596733093,6.59326171875,6,2,2,2,1,1,1,1
238,Pyramid Moss,Moss_33_Moss_03,35,35,Moss_03,2370105,17128,540.7470703125,-7.34320592880249,788.7913208007812,555.9329833984375,-1.2458245754241943,795.6233520507812,15.1859130859375,6.097381353378296,6.83203125,6,2,2,2,1,1,1,1
239,Pyramid Moss,Moss_33_Moss_02,36,36,Moss_02,2387233,16988,540.8760375976562,-7.295894145965576,788.7874755859375,555.922119140625,-1.1854324340820312,795.8208618164062,15.04608154296875,6.110461711883545,7.03338623046875,6,2,2,2,1,1,1,1
240,Pyramid Moss,Moss_34_Moss_03,35,35,Moss_03,2404221,8832,542.6117553710938,-3.4347949028015137,791.7010498046875,556.525146484375,2.961466073989868,798.6827392578125,13.91339111328125,6.396260976791382,6.981689453125,4,2,2,2,1,1,1,1
241,Pyramid Moss,Moss_34_Moss_01,34,34,Moss_01,2413053,8805,543.7401123046875,-3.4424757957458496,791.69140625,556.6210327148438,2.951709508895874,798.6826171875,12.88092041015625,6.394185304641724,6.9912109375,4,2,2,2,1,1,1,1
242,Pyramid Moss,Moss_34_Moss_02,36,36,Moss_02,2421858,8778,543.58447265625,-4.045189380645752,790.8814697265625,556.2293090820312,3.0615170001983643,798.6825561523438,12.64483642578125,7.106706380844116,7.80108642578125,4,2,2,2,1,1,1,1
243,Pyramid Moss,Moss_35_Moss_03,35,35,Moss_03,2430636,1237,541.29150390625,1.510346531867981,796.59912109375,549.3621215820312,5.746774196624756,801.2657470703125,8.07061767578125,4.236427664756775,4.6666259765625,3,3,3,3,1,1,1,1
244,Pyramid Moss,Moss_35_Moss_01,34,34,Moss_01,2431873,1277,541.203125,1.448636770248413,796.712646484375,549.3525390625,5.754100322723389,801.5535278320312,8.1494140625,4.305463552474976,4.84088134765625,3,3,3,3,1,1,1,1
245,Pyramid Moss,Moss_35_Moss_02,36,36,Moss_02,2433150,1257,541.1918334960938,1.5958752632141113,796.6158447265625,549.7866821289062,5.481024265289307,801.2452392578125,8.5948486328125,3.8851490020751953,4.62939453125,3,3,3,3,1,1,1,1
246,Pyramid Moss,Moss_38_Moss_01,34,34,Moss_01,2434407,68,546.2142944335938,0.9297083020210266,797.885009765625,547.1287231445312,3.6886656284332275,800.9149169921875,0.9144287109375,2.758957326412201,3.0299072265625,2,2,2,2,1,1,1,1
247,Pyramid Moss,Moss_38_Moss_03,35,35,Moss_03,2434475,62,546.1843872070312,1.1091697216033936,797.7791748046875,547.1201171875,4.323380470275879,801.2568359375,0.93572998046875,3.2142107486724854,3.4776611328125,2,2,2,2,1,1,1,1
248,Pyramid Moss,Moss_38_Moss_02,36,36,Moss_02,2434537,57,546.1671142578125,0.8695769309997559,797.8930053710938,547.13916015625,4.51190710067749,801.3896484375,0.9720458984375,3.6423301696777344,3.49664306640625,2,2,2,2,1,1,1,1
249,Pyramid Moss,Moss_39_Moss_03,35,35,Moss_03,2434594,31141,541.1755981445312,2.58424711227417,798.56982421875,554.5481567382812,9.556851387023926,812.112548828125,13.37255859375,6.972604274749756,13.542724609375,8,4,4,4,1,1,1,1
250,Pyramid Moss,Moss_39_Moss_01,34,34,Moss_01,2465735,31758,541.2828979492188,2.6323440074920654,798.65185546875,554.5330810546875,9.66832160949707,812.0294189453125,13.25018310546875,7.035977602005005,13.3775634765625,8,4,4,4,1,1,1,1
251,Pyramid Moss,Moss_39_Moss_02,36,36,Moss_02,2497493,31481,541.1380004882812,2.7116470336914062,798.5684814453125,554.3980102539062,9.58418083190918,812.0081787109375,13.260009765625,6.872533798217773,13.439697265625,8,4,4,4,1,1,1,1
252,Pyramid Moss,Moss_40_Moss_03,35,35,Moss_03,2528974,22765,538.6901245117188,6.623847007751465,802.41015625,550.8350219726562,13.185953140258789,814.5184936523438,12.1448974609375,6.562106132507324,12.10833740234375,4,2,2,2,1,1,1,1
253,Pyramid Moss,Moss_40_Moss_02,36,36,Moss_02,2551739,22860,538.6884155273438,6.45796537399292,802.4603881835938,550.8920288085938,13.185914039611816,814.35888671875,12.20361328125,6.7279486656188965,11.89849853515625,4,2,2,2,1,1,1,1
254,Pyramid Moss,Moss_40_Moss_01,34,34,Moss_01,2574599,22605,538.850830078125,6.456812381744385,802.4763793945312,550.927490234375,13.1859130859375,814.590087890625,12.07666015625,6.729100704193115,12.11370849609375,4,2,2,2,1,1,1,1
255,Pyramid Moss,Moss_42_Moss_02,36,36,Moss_02,2597204,629,546.212890625,0.8458238244056702,812.2339477539062,555.8396606445312,4.7379302978515625,821.583740234375,9.62677001953125,3.8921064734458923,9.34979248046875,3,2,1,1,1,1,1,1
256,Pyramid Moss,Moss_42_Moss_01,34,34,Moss_01,2597833,628,546.1651611328125,0.8131605982780457,812.2364501953125,555.8587036132812,4.682319641113281,821.7765502929688,9.69354248046875,3.8691590428352356,9.54010009765625,3,2,1,1,1,1,1,1
257,Pyramid Moss,Moss_42_Moss_03,35,35,Moss_03,2598461,648,546.1714477539062,0.7284239530563354,812.2359008789062,555.7640380859375,4.704075813293457,821.5601196289062,9.59259033203125,3.9756518602371216,9.32421875,3,2,1,1,1,1,1,1
258,Pyramid Moss,Moss_43_Moss_02,36,36,Moss_02,2599109,31994,541.2846069335938,2.78326153755188,807.5159912109375,554.8635864257812,9.4760103225708,820.9244384765625,13.5789794921875,6.692748785018921,13.408447265625,6,3,2,2,1,1,1,1
259,Pyramid Moss,Moss_43_Moss_03,35,35,Moss_03,2631103,32300,541.2940063476562,2.69760799407959,807.5057373046875,554.887939453125,9.551339149475098,821.0452270507812,13.59393310546875,6.853731155395508,13.53948974609375,6,3,2,2,1,1,1,1
260,Pyramid Moss,Moss_43_Moss_01,34,34,Moss_01,2663403,32228,541.2080078125,2.8870811462402344,807.501708984375,554.863037109375,9.564019203186035,820.87255859375,13.655029296875,6.676938056945801,13.370849609375,6,3,2,2,1,1,1,1
261,Pyramid Moss,Moss_44_Moss_03,35,35,Moss_03,2695631,25264,538.85986328125,6.490054130554199,804.7241821289062,551.025146484375,13.18589973449707,817.1278686523438,12.165283203125,6.695845603942871,12.4036865234375,6,4,2,2,1,1,1,1
262,Pyramid Moss,Moss_44_Moss_01,34,34,Moss_01,2720895,25528,538.9159545898438,6.492188453674316,804.7907104492188,551.0630493164062,13.18591022491455,817.0543823242188,12.1470947265625,6.693721771240234,12.263671875,6,4,2,2,1,1,1,1
263,Pyramid Moss,Moss_44_Moss_02,36,36,Moss_02,2746423,25427,539.142822265625,6.4586005210876465,805.25,551.0442504882812,13.185933113098145,817.0167236328125,11.90142822265625,6.727332592010498,11.7667236328125,6,4,2,2,1,1,1,1
264,Pyramid Moss,Moss_45_Moss_03,35,35,Moss_03,2771850,25526,540.7401123046875,-7.35699462890625,823.7765502929688,555.9073486328125,-0.28016307950019836,830.7623291015625,15.167236328125,7.076831549406052,6.98577880859375,4,2,2,2,1,1,1,1
265,Pyramid Moss,Moss_45_Moss_01,34,34,Moss_01,2797376,25977,540.6326293945312,-7.355271816253662,823.7346801757812,556.0537109375,-0.2940081059932709,830.7625732421875,15.42108154296875,7.061263710260391,7.02789306640625,4,2,2,2,1,1,1,1
266,Pyramid Moss,Moss_45_Moss_02,36,36,Moss_02,2823353,25625,540.7042846679688,-7.357609748840332,823.645751953125,555.9801025390625,-0.4115487337112427,830.762451171875,15.27581787109375,6.946061015129089,7.11669921875,4,2,2,2,1,1,1,1
267,Pyramid Moss,Moss_46_Moss_01,34,34,Moss_01,2848978,23345,540.3292236328125,-4.363419532775879,820.9034423828125,557.2789306640625,3.0913166999816895,828.63671875,16.94970703125,7.454736232757568,7.7332763671875,6,2,2,2,1,1,1,1
268,Pyramid Moss,Moss_46_Moss_02,36,36,Moss_02,2872323,23197,540.5684814453125,-4.262325286865234,820.9034423828125,557.1542358398438,3.4550445079803467,828.650634765625,16.58575439453125,7.717369794845581,7.7471923828125,6,2,2,2,1,1,1,1
269,Pyramid Moss,Moss_46_Moss_03,35,35,Moss_03,2895520,22990,540.6549682617188,-4.1129231452941895,820.9034423828125,556.9669799804688,3.1133625507354736,828.6944580078125,16.31201171875,7.226285696029663,7.791015625,6,2,2,2,1,1,1,1
270,Pyramid Moss,Moss_47_Moss_02,36,36,Moss_02,2918510,1567,541.9548950195312,1.4462945461273193,818.4649658203125,554.2985229492188,5.213130474090576,822.527099609375,12.3436279296875,3.766835927963257,4.0621337890625,3,2,2,2,1,1,1,1
271,Pyramid Moss,Moss_47_Moss_03,35,35,Moss_03,2920077,1616,541.9029541015625,1.488934874534607,818.2685546875,554.4071655273438,5.579463958740234,822.56005859375,12.50421142578125,4.090529084205627,4.29150390625,3,2,2,2,1,1,1,1
272,Pyramid Moss,Moss_47_Moss_01,34,34,Moss_01,2921693,1633,541.392333984375,1.2868397235870361,818.313720703125,554.3765258789062,5.630831718444824,822.7797241210938,12.98419189453125,4.343991994857788,4.46600341796875,3,2,2,2,1,1,1,1
273,Pyramid Moss,Moss_49_Moss_02,36,36,Moss_02,2923326,28768,553.1802978515625,-5.239120960235596,790.8145751953125,562.6596069335938,-1.8800623416900635,800.4506225585938,9.47930908203125,3.3590586185455322,9.63604736328125,5,3,2,2,1,1,1,1
274,Pyramid Moss,Moss_49_Moss_03,35,35,Moss_03,2952094,28507,553.263671875,-5.239060401916504,790.8145751953125,562.6595458984375,-1.8727681636810303,800.5762329101562,9.3958740234375,3.3662922382354736,9.76165771484375,5,3,2,2,1,1,1,1
275,Pyramid Moss,Moss_49_Moss_01,34,34,Moss_01,2980601,28784,552.8781127929688,-5.239092826843262,790.8145751953125,562.6596069335938,-1.8498384952545166,800.650634765625,9.781494140625,3.389254331588745,9.8360595703125,5,3,2,2,1,1,1,1
276,Pyramid Moss,Moss_50_Moss_02,36,36,Moss_02,3009385,19917,552.2498168945312,-3.439648151397705,793.6947631835938,559.7473754882812,2.9840188026428223,800.8590698242188,7.49755859375,6.423666954040527,7.164306640625,2,2,2,2,1,1,1,1
277,Pyramid Moss,Moss_50_Moss_01,34,34,Moss_01,3029302,19781,551.9741821289062,-3.404865264892578,793.7168579101562,559.757568359375,2.9270107746124268,800.787353515625,7.78338623046875,6.331876039505005,7.07049560546875,3,2,2,2,1,1,1,1
278,Pyramid Moss,Moss_50_Moss_03,35,35,Moss_03,3049083,19802,552.0790405273438,-3.418705463409424,793.7227783203125,559.747314453125,2.954491138458252,800.873291015625,7.66827392578125,6.373196601867676,7.1505126953125,2,2,2,2,1,1,1,1
279,Pyramid Moss,Moss_51_Moss_03,35,35,Moss_03,3068885,2,555.1173095703125,2.954491138458252,798.7430419921875,555.2232666015625,3.140599489212036,799.0062866210938,0.10595703125,0.18610835075378418,0.26324462890625,1,1,1,1,1,1,1,1
280,Pyramid Moss,Moss_53_Moss_02,36,36,Moss_02,3068887,23801,557.6539916992188,-7.351156234741211,797.4863891601562,564.6884765625,-0.19434507191181183,812.7559814453125,7.03448486328125,7.156811162829399,15.26959228515625,5,4,2,2,1,1,1,1
281,Pyramid Moss,Moss_53_Moss_03,35,35,Moss_03,3092688,23436,557.6708374023438,-7.357932090759277,797.4869384765625,564.6879272460938,-0.30958348512649536,812.7907104492188,7.01708984375,7.048348605632782,15.30377197265625,5,4,2,2,1,1,1,1
282,Pyramid Moss,Moss_53_Moss_01,34,34,Moss_01,3116124,23639,557.5828247070312,-7.341670513153076,797.4194946289062,564.6880493164062,-0.4012707769870758,812.9192504882812,7.105224609375,6.940399736166,15.499755859375,5,4,2,2,1,1,1,1
283,Pyramid Moss,Moss_54_Moss_01,34,34,Moss_01,3139763,12256,554.8297729492188,-4.278428077697754,796.291259765625,562.671875,2.89432430267334,812.6348266601562,7.84210205078125,7.172752380371094,16.34356689453125,5,3,2,2,1,1,1,1
284,Pyramid Moss,Moss_54_Moss_03,35,35,Moss_03,3152019,12198,554.8297729492188,-4.0588812828063965,796.2623291015625,562.5917358398438,2.7126717567443848,812.7129516601562,7.761962890625,6.771553039550781,16.45062255859375,5,3,2,2,1,1,1,1
285,Pyramid Moss,Moss_54_Moss_02,36,36,Moss_02,3164217,12258,554.8297729492188,-4.041316032409668,796.1719360351562,562.6550903320312,2.886310338973999,812.6375732421875,7.8253173828125,6.927626371383667,16.46563720703125,5,3,2,2,1,1,1,1
286,Pyramid Moss,Moss_57_Moss_01,34,34,Moss_01,3176475,4,559.6707763671875,-2.6593263149261475,816.374267578125,559.8145141601562,-2.3530783653259277,817.1735229492188,0.14373779296875,0.3062479496002197,0.79925537109375,1,1,1,1,1,1,1,1
287,Pyramid Moss,Moss_57_Moss_03,35,35,Moss_03,3176479,4,559.7130737304688,-2.5515010356903076,815.2756958007812,559.7426147460938,-2.289240598678589,817.754150390625,0.029541015625,0.26226043701171875,2.47845458984375,2,2,1,1,1,1,1,1
288,Pyramid Moss,Moss_58_Moss_03,35,35,Moss_03,3176483,21884,553.8251342773438,-3.070913076400757,807.0908203125,560.6055297851562,3.740544319152832,822.4459228515625,6.7803955078125,6.811457395553589,15.3551025390625,4,3,1,1,1,1,1,1
289,Pyramid Moss,Moss_58_Moss_01,34,34,Moss_01,3198367,21667,553.6312866210938,-2.8866381645202637,807.166015625,560.5014038085938,3.8780179023742676,822.3229370117188,6.8701171875,6.764656066894531,15.15692138671875,4,3,1,1,1,1,1,1
290,Pyramid Moss,Moss_58_Moss_02,36,36,Moss_02,3220034,21313,553.7432861328125,-3.2019526958465576,807.0879516601562,560.544189453125,3.8487844467163086,822.58544921875,6.8009033203125,7.050737142562866,15.49749755859375,4,3,1,1,1,1,1,1
291,Pyramid Moss,Moss_59_Moss_01,34,34,Moss_01,3241347,5770,551.8909912109375,1.46487557888031,807.2057495117188,556.861572265625,5.6653876304626465,820.5550537109375,4.9705810546875,4.200512051582336,13.34930419921875,4,2,1,1,1,1,1,1
292,Pyramid Moss,Moss_59_Moss_03,35,35,Moss_03,3247117,5811,552.171875,1.3505750894546509,807.2195434570312,556.7431640625,5.545654296875,820.7999267578125,4.5712890625,4.195079207420349,13.58038330078125,3,2,1,1,1,1,1,1
293,Pyramid Moss,Moss_59_Moss_02,36,36,Moss_02,3252928,5754,552.1033325195312,1.3961527347564697,807.2171020507812,556.8922729492188,5.786140441894531,820.6906127929688,4.7889404296875,4.3899877071380615,13.4735107421875,3,2,1,1,1,1,1,1
294,Pyramid Moss,Moss_61_Moss_01,34,34,Moss_01,3258682,12488,552.7626342773438,-5.239133834838867,821.695068359375,562.5802001953125,-1.8504794836044312,828.7333374023438,9.81756591796875,3.388654351234436,7.03826904296875,4,2,1,1,1,1,1,1
295,Pyramid Moss,Moss_61_Moss_03,35,35,Moss_03,3271170,12331,552.8554077148438,-5.239097595214844,822.3060913085938,562.4505004882812,-1.9018522500991821,828.7330932617188,9.5950927734375,3.3372453451156616,6.427001953125,4,2,1,1,1,1,1,1
296,Pyramid Moss,Moss_61_Moss_02,36,36,Moss_02,3283501,12307,552.8927001953125,-5.23915433883667,822.587158203125,562.5643920898438,-1.8924914598464966,828.7333984375,9.67169189453125,3.3466628789901733,6.146240234375,4,2,1,1,1,1,1,1
297,Pyramid Moss,Moss_62_Moss_01,34,34,Moss_01,3295808,14657,552.577392578125,-3.4223830699920654,817.8572387695312,559.7440795898438,3.081925868988037,825.84716796875,7.16668701171875,6.5043089389801025,7.98992919921875,2,1,1,1,1,1,1,1
298,Pyramid Moss,Moss_62_Moss_02,36,36,Moss_02,3310465,14496,552.6343994140625,-3.369277238845825,817.7722778320312,559.7386474609375,3.0648653507232666,825.8211669921875,7.104248046875,6.434142589569092,8.04888916015625,2,1,1,1,1,1,1,1
299,Pyramid Moss,Moss_62_Moss_03,35,35,Moss_03,3324961,14508,552.6357421875,-3.4152541160583496,817.7523193359375,559.7186889648438,3.0772151947021484,825.8211669921875,7.08294677734375,6.492469310760498,8.06884765625,2,1,1,1,1,1,1,1
300,Pyramid Moss,Moss_63_Moss_02,36,36,Moss_02,3339469,676,551.5927734375,1.5851595401763916,819.5697631835938,555.262451171875,3.1406688690185547,821.3770751953125,3.669677734375,1.555509328842163,1.80731201171875,2,1,1,1,1,1,1,1
301,Pyramid Moss,Moss_63_Moss_01,34,34,Moss_01,3340145,675,551.8046264648438,1.4836466312408447,819.430419921875,555.25,3.1406314373016357,821.3775634765625,3.44537353515625,1.656984806060791,1.9471435546875,2,1,1,1,1,1,1,1
302,Pyramid Moss,Moss_63_Moss_03,35,35,Moss_03,3340820,621,551.7845458984375,1.4904345273971558,819.3727416992188,555.240234375,3.1406288146972656,821.3256225585938,3.4556884765625,1.6501942873001099,1.952880859375,2,1,1,1,1,1,1,1
303,Queen Forest,QueenForest_01_QueenForest_02_Animated_Translucent,37,37,QueenForest_02_Animated_Translucent,3341441,3356,-3487.8974609375,58.61213302612305,3512.1982421875,-2488.026123046875,221.370361328125,4511.859375,999.871337890625,162.75822830200195,999.6611328125,3140,2234,926,255,72,20,6,2
304,Queen Forest,QueenForest_01_QueenForest_05_Animated_Translucent,38,38,QueenForest_05_Animated_Translucent,3344797,3432,-3487.889404296875,56.21600341796875,3512.14501953125,-2488.04052734375,221.13880920410156,4511.99658203125,999.848876953125,164.9228057861328,999.8515625,3212,2253,915,252,72,20,6,2
305,Queen Forest,QueenForest_01_QueenForest_06_Animated_Translucent,39,39,QueenForest_06_Animated_Translucent,3348229,3416,-3487.64501953125,53.07599639892578,3512.01025390625,-2488.14111328125,221.2429962158203,4511.984375,999.50390625,168.16699981689453,999.97412109375,3215,2261,924,253,72,20,6,2
306,Queen Forest,QueenForest_02_QueenForest_06_Animated_Translucent,39,39,QueenForest_06_Animated_Translucent,3351645,3461,-2487.9365234375,71.97770690917969,3512.2421875,-1488.01611328125,259.91009521484375,4511.67626953125,999.92041015625,187.93238830566406,999.43408203125,3220,2233,915,265,81,25,9,4
307,Queen Forest,QueenForest_02_QueenForest_05_Animated_Translucent,38,38,QueenForest_05_Animated_Translucent,3355106,3525,-2487.7998046875,71.84200286865234,3512.412109375,-1488.31591796875,251.61663818359375,4511.923828125,999.48388671875,179.7746353149414,999.51171875,3275,2245,913,264,80,25,9,4
308,Queen Forest,QueenForest_02_QueenForest_02_Animated_Translucent,37,37,QueenForest_02_Animated_Translucent,3358631,3519,-2487.98095703125,71.98474884033203,3512.06591796875,-1488.375,259.1593017578125,4511.96484375,999.60595703125,187.17455291748047,999.89892578125,3300,2296,923,268,81,25,9,4
309,Queen Forest,QueenForest_03_QueenForest_06_Animated_Translucent,39,39,QueenForest_06_Animated_Translucent,3362150,2004,-1487.5196533203125,-21.74770164489746,3512.072509765625,-488.2121276855469,346.3152770996094,4511.96337890625,999.3075256347656,368.06297874450684,999.890869140625,1912,1477,757,246,80,25,9,4
310,Queen Forest,QueenForest_03_QueenForest_05_Animated_Translucent,38,38,QueenForest_05_Animated_Translucent,3364154,1920,-1487.4290771484375,-21.66365623474121,3512.017333984375,-488.22772216796875,346.3797607421875,4511.96728515625,999.2013549804688,368.0434169769287,999.949951171875,1815,1441,757,246,80,25,9,4
311,Queen Forest,QueenForest_03_QueenForest_02_Animated_Translucent,37,37,QueenForest_02_Animated_Translucent,3366074,1958,-1487.78857421875,-20.289268493652344,3512.278076171875,-488.0865478515625,346.8891296386719,4511.78662109375,999.7020263671875,367.1783981323242,999.508544921875,1860,1450,756,248,80,25,9,4
312,Queen Forest,QueenForest_04_QueenForest_02_Animated_Translucent,37,37,QueenForest_02_Animated_Translucent,3368032,3252,-487.5111083984375,-39.11771774291992,3512.3955078125,511.8117980957031,150.33892822265625,4511.87060546875,999.3229064941406,189.45664596557617,999.47509765625,3029,2093,848,265,81,25,9,4
313,Queen Forest,QueenForest_04_QueenForest_06_Animated_Translucent,39,39,QueenForest_06_Animated_Translucent,3371284,3277,-487.9336853027344,-38.96126937866211,3512.08056640625,511.98736572265625,150.2844696044922,4511.98974609375,999.9210510253906,189.2457389831543,999.9091796875,3057,2097,839,264,81,25,9,4
314,Queen Forest,QueenForest_04_QueenForest_05_Animated_Translucent,38,38,QueenForest_05_Animated_Translucent,3374561,3286,-487.9326477050781,-39.11829376220703,3512.14013671875,511.8955993652344,150.26869201660156,4511.822265625,999.8282470703125,189.3869857788086,999.68212890625,3049,2067,836,260,80,25,9,4
315,Queen Forest,QueenForest_05_QueenForest_02_Animated_Translucent,37,37,QueenForest_02_Animated_Translucent,3377847,3066,512.3710327148438,-42.325218200683594,3512.415771484375,1511.9361572265625,160.14930725097656,4511.99951171875,999.5651245117188,202.47452545166016,999.583740234375,2878,1987,851,266,81,25,9,4
316,Queen Forest,QueenForest_05_QueenForest_06_Animated_Translucent,39,39,QueenForest_06_Animated_Translucent,3380913,3053,512.0277709960938,-42.34042739868164,3512.1064453125,1511.9554443359375,160.1729736328125,4511.9169921875,999.9276733398438,202.51340103149414,999.810546875,2826,1992,868,266,81,25,9,4
317,Queen Forest,QueenForest_05_QueenForest_05_Animated_Translucent,38,38,QueenForest_05_Animated_Translucent,3383966,3188,512.0155029296875,-42.27678680419922,3512.173583984375,1511.9827880859375,160.13856506347656,4511.88720703125,999.96728515625,202.41535186767578,999.713623046875,2980,2041,857,263,80,25,9,4
318,Queen Forest,QueenForest_06_QueenForest_05_Animated_Translucent,38,38,QueenForest_05_Animated_Translucent,3387154,3385,1512.574951171875,48.303749084472656,3512.046142578125,2511.647705078125,229.08425903320312,4511.9677734375,999.07275390625,180.78050994873047,999.921630859375,3173,2240,919,254,72,25,9,4
319,Queen Forest,QueenForest_06_QueenForest_02_Animated_Translucent,37,37,QueenForest_02_Animated_Translucent,3390539,3408,1512.0609130859375,43.64673614501953,3512.244873046875,2511.65673828125,227.1057891845703,4511.96533203125,999.5958251953125,183.45905303955078,999.720458984375,3162,2221,906,255,72,25,9,4
320,Queen Forest,QueenForest_06_QueenForest_06_Animated_Translucent,39,39,QueenForest_06_Animated_Translucent,3393947,3401,1512.16357421875,44.146785736083984,3512.169921875,2511.669677734375,228.02682495117188,4511.96630859375,999.506103515625,183.8800392150879,999.79638671875,3211,2260,929,255,72,25,9,4
321,Queen Forest,QueenForest_07_QueenForest_06_Animated_Translucent,39,39,QueenForest_06_Animated_Translucent,3397348,3782,2512.207763671875,-26.97772979736328,3512.21826171875,3511.85986328125,161.3492889404297,4511.91064453125,999.652099609375,188.32701873779297,999.6923828125,3530,2396,961,266,80,25,9,4
322,Queen Forest,QueenForest_07_QueenForest_02_Animated_Translucent,37,37,QueenForest_02_Animated_Translucent,3401130,3905,2512.23046875,-26.96587371826172,3512.158447265625,3511.87646484375,162.40943908691406,4511.9619140625,999.64599609375,189.37531280517578,999.803466796875,3638,2462,939,269,81,25,9,4
323,Queen Forest,QueenForest_07_QueenForest_05_Animated_Translucent,38,38,QueenForest_05_Animated_Translucent,3405035,3819,2512.100830078125,-26.949684143066406,3512.113037109375,3511.89892578125,152.2632293701172,4511.79736328125,999.798095703125,179.2129135131836,999.684326171875,3559,2420,954,269,80,25,9,4
324,Queen Forest,QueenForest_08_QueenForest_02_Animated_Translucent,37,37,QueenForest_02_Animated_Translucent,3408854,3764,3512.200439453125,-23.18471336364746,3512.045654296875,4511.86865234375,107.35755920410156,4511.912109375,999.668212890625,130.54227256774902,999.866455078125,3515,2462,973,256,81,25,9,4
325,Queen Forest,QueenForest_08_QueenForest_06_Animated_Translucent,39,39,QueenForest_06_Animated_Translucent,3412618,3760,3512.056396484375,-22.85954475402832,3512.064208984375,4511.8896484375,107.3126220703125,4511.99853515625,999.833251953125,130.17216682434082,999.934326171875,3515,2450,974,256,81,25,9,4
326,Queen Forest,QueenForest_08_QueenForest_05_Animated_Translucent,38,38,QueenForest_05_Animated_Translucent,3416378,3800,3512.06298828125,-23.229557037353516,3512.054931640625,4511.99169921875,107.37236785888672,4511.92138671875,999.9287109375,130.60192489624023,999.866455078125,3580,2453,974,256,81,25,9,4
327,Queen Forest,QueenForest_09_QueenForest_05_Animated_Translucent,38,38,QueenForest_05_Animated_Translucent,3420178,3401,-3487.990478515625,18.157407760620117,2512.213134765625,-2488.2880859375,254.11224365234375,3511.848876953125,999.702392578125,235.95483589172363,999.6357421875,3186,2219,893,268,72,20,6,2
328,Queen Forest,QueenForest_09_QueenForest_06_Animated_Translucent,39,39,QueenForest_06_Animated_Translucent,3423579,3390,-3487.982421875,18.42578887939453,2512.025146484375,-2488.15234375,253.69749450683594,3511.881591796875,999.830078125,235.2717056274414,999.8564453125,3177,2222,906,270,72,20,6,2
329,Queen Forest,QueenForest_09_QueenForest_02_Animated_Translucent,37,37,QueenForest_02_Animated_Translucent,3426969,3302,-3487.9365234375,18.393661499023438,2512.112060546875,-2488.091064453125,253.3192596435547,3511.75048828125,999.845458984375,234.92559814453125,999.638427734375,3090,2199,913,270,72,20,6,2
330,Queen Forest,QueenForest_10_QueenForest_05_Animated_Translucent,38,38,QueenForest_05_Animated_Translucent,3430271,3335,-2487.989990234375,53.93342971801758,2512.22216796875,-1488.8385009765625,244.5960693359375,3511.93212890625,999.1514892578125,190.66263961791992,999.7099609375,3120,2185,918,279,78,25,9,4
331,Queen Forest,QueenForest_10_QueenForest_02_Animated_Translucent,37,37,QueenForest_02_Animated_Translucent,3433606,3373,-2487.753173828125,53.92109680175781,2512.705810546875,-1488.0587158203125,245.57180786132812,3511.5771484375,999.6944580078125,191.6507110595703,998.871337890625,3158,2223,918,274,78,25,9,4
332,Queen Forest,QueenForest_10_QueenForest_06_Animated_Translucent,39,39,QueenForest_06_Animated_Translucent,3436979,3234,-2487.73095703125,53.91656494140625,2512.16162109375,-1488.2099609375,242.25132751464844,3511.866455078125,999.52099609375,188.3347625732422,999.704833984375,3033,2131,920,279,80,25,9,4
333,Queen Forest,QueenForest_11_QueenForest_02_Animated_Translucent,37,37,QueenForest_02_Animated_Translucent,3440213,2547,-1487.791015625,155.12979125976562,2512.14794921875,-488.39862060546875,346.617919921875,3511.703125,999.3923950195312,191.48812866210938,999.55517578125,2398,1771,842,269,81,25,9,4
334,Queen Forest,QueenForest_11_QueenForest_06_Animated_Translucent,39,39,QueenForest_06_Animated_Translucent,3442760,2675,-1485.0174560546875,146.376220703125,2512.1484375,-488.00299072265625,347.2400817871094,3511.75439453125,997.0144653320312,200.86386108398438,999.60595703125,2506,1822,850,265,80,25,9,4
335,Queen Forest,QueenForest_11_QueenForest_05_Animated_Translucent,38,38,QueenForest_05_Animated_Translucent,3445435,2494,-1487.7554931640625,157.10557556152344,2512.02685546875,-488.22772216796875,345.3298034667969,3511.58544921875,999.5277709960938,188.22422790527344,999.55859375,2347,1733,839,267,80,25,9,4
336,Queen Forest,QueenForest_12_QueenForest_05_Animated_Translucent,38,38,QueenForest_05_Animated_Translucent,3447929,2605,-487.603515625,-47.682498931884766,2512.223388671875,511.4267883300781,241.1629638671875,3511.933349609375,999.0303039550781,288.84546279907227,999.7099609375,2444,1809,850,277,80,25,9,4
337,Queen Forest,QueenForest_12_QueenForest_02_Animated_Translucent,37,37,QueenForest_02_Animated_Translucent,3450534,2582,-487.6175537109375,-47.43592071533203,2512.170654296875,511.9512023925781,241.34434509277344,3511.593994140625,999.5687561035156,288.78026580810547,999.42333984375,2453,1824,858,282,81,25,9,4
338,Queen Forest,QueenForest_12_QueenForest_06_Animated_Translucent,39,39,QueenForest_06_Animated_Translucent,3453116,2595,-487.98046875,-47.75100326538086,2512.021484375,511.4810485839844,241.30030822753906,3511.444580078125,999.4615173339844,289.0513114929199,999.423095703125,2448,1806,844,283,81,25,9,4
339,Queen Forest,QueenForest_13_QueenForest_05_Animated_Translucent,38,38,QueenForest_05_Animated_Translucent,3455711,3108,512.3922119140625,-54.01474380493164,2512.016357421875,1511.8717041015625,219.4027862548828,3511.905517578125,999.4794921875,273.41753005981445,999.88916015625,2886,2010,837,277,80,25,9,4
340,Queen Forest,QueenForest_13_QueenForest_06_Animated_Translucent,39,39,QueenForest_06_Animated_Translucent,3458819,3184,512.7105712890625,-54.06545639038086,2512.17626953125,1511.9989013671875,218.79579162597656,3511.994873046875,999.288330078125,272.8612480163574,999.818603515625,2957,2045,856,284,81,25,9,4
341,Queen Forest,QueenForest_13_QueenForest_02_Animated_Translucent,37,37,QueenForest_02_Animated_Translucent,3462003,3126,512.6298828125,-54.05531692504883,2512.045654296875,1511.845947265625,218.72964477539062,3511.849853515625,999.216064453125,272.78496170043945,999.80419921875,2916,2025,860,283,80,25,9,4
342,Queen Forest,QueenForest_14_QueenForest_02_Animated_Translucent,37,37,QueenForest_02_Animated_Translucent,3465129,2949,1512.0814208984375,76.07970428466797,2512.09033203125,2511.927978515625,268.5305480957031,3511.5625,999.8465576171875,192.45084381103516,999.47216796875,2767,2007,897,270,72,25,9,4
343,Queen Forest,QueenForest_14_QueenForest_05_Animated_Translucent,38,38,QueenForest_05_Animated_Translucent,3468078,2990,1512.226318359375,72.65117645263672,2512.030029296875,2511.8125,268.2932434082031,3511.956787109375,999.586181640625,195.6420669555664,999.9267578125,2831,2058,914,271,72,25,9,4
344,Queen Forest,QueenForest_14_QueenForest_06_Animated_Translucent,39,39,QueenForest_06_Animated_Translucent,3471068,2930,1512.0526123046875,72.30227661132812,2512.0244140625,2511.98193359375,268.2087707519531,3511.927978515625,999.9293212890625,195.906494140625,999.903564453125,2753,2010,906,267,72,25,9,4
345,Queen Forest,QueenForest_15_QueenForest_05_Animated_Translucent,38,38,QueenForest_05_Animated_Translucent,3473998,3677,2512.146240234375,-32.045379638671875,2512.056396484375,3511.944091796875,179.67909240722656,3511.988037109375,999.7978515625,211.72447204589844,999.931640625,3443,2405,968,286,81,25,9,4
346,Queen Forest,QueenForest_15_QueenForest_02_Animated_Translucent,37,37,QueenForest_02_Animated_Translucent,3477675,3752,2512.19091796875,-32.09886932373047,2512.00732421875,3511.9140625,179.89776611328125,3511.8955078125,999.72314453125,211.99663543701172,999.88818359375,3504,2427,968,289,81,25,9,4
347,Queen Forest,QueenForest_15_QueenForest_06_Animated_Translucent,39,39,QueenForest_06_Animated_Translucent,3481427,3828,2513.039306640625,-32.143531799316406,2512.10693359375,3511.818359375,180.51754760742188,3511.9580078125,998.779052734375,212.66107940673828,999.85107421875,3573,2425,966,287,81,25,9,4
348,Queen Forest,QueenForest_16_QueenForest_06_Animated_Translucent,39,39,QueenForest_06_Animated_Translucent,3485255,4332,3512.0107421875,-34.66547393798828,2512.06591796875,4511.859375,48.25224685668945,3511.88720703125,999.8486328125,82.91772079467773,999.8212890625,4042,2720,996,272,81,25,9,4
349,Queen Forest,QueenForest_16_QueenForest_02_Animated_Translucent,37,37,QueenForest_02_Animated_Translucent,3489587,4218,3512.220947265625,-34.65951156616211,2512.009765625,4511.9326171875,48.11220932006836,3511.859375,999.711669921875,82.77172088623047,999.849609375,3901,2636,990,272,81,25,9,4
350,Queen Forest,QueenForest_16_QueenForest_05_Animated_Translucent,38,38,QueenForest_05_Animated_Translucent,3493805,4186,3512.00830078125,-34.666038513183594,2512.24951171875,4511.8681640625,50.46712875366211,3511.96923828125,999.85986328125,85.1331672668457,999.7197265625,3925,2626,992,272,81,25,9,4
351,Queen Forest,QueenForest_17_QueenForest_06_Animated_Translucent,39,39,QueenForest_06_Animated_Translucent,3497991,4130,-3487.972412109375,77.46987915039062,1512.07421875,-2488.13232421875,208.91598510742188,2511.415771484375,999.840087890625,131.44610595703125,999.341552734375,3853,2589,971,256,64,20,6,2
352,Queen Forest,QueenForest_17_QueenForest_05_Animated_Translucent,38,38,QueenForest_05_Animated_Translucent,3502121,4144,-3487.997802734375,77.48941040039062,1512.2203369140625,-2488.1943359375,213.28433227539062,2511.905517578125,999.803466796875,135.794921875,999.6851806640625,3836,2584,966,256,64,20,6,2
353,Queen Forest,QueenForest_17_QueenForest_02_Animated_Translucent,37,37,QueenForest_02_Animated_Translucent,3506265,4331,-3487.980224609375,77.4517593383789,1512.3624267578125,-2488.112548828125,212.55674743652344,2511.983642578125,999.86767578125,135.10498809814453,999.6212158203125,4020,2653,977,256,64,20,6,2
354,Queen Forest,QueenForest_18_QueenForest_02_Animated_Translucent,37,37,QueenForest_02_Animated_Translucent,3510596,3252,-2487.6533203125,110.68057250976562,1512.4132080078125,-1488.068359375,300.9988098144531,2511.632080078125,999.5849609375,190.3182373046875,999.2188720703125,3045,2167,917,268,72,25,9,4
355,Queen Forest,QueenForest_18_QueenForest_06_Animated_Translucent,39,39,QueenForest_06_Animated_Translucent,3513848,3216,-2487.91357421875,112.00666046142578,1512.116943359375,-1488.0655517578125,304.44573974609375,2511.89013671875,999.8480224609375,192.43907928466797,999.773193359375,3017,2160,897,267,72,25,9,4
356,Queen Forest,QueenForest_18_QueenForest_05_Animated_Translucent,38,38,QueenForest_05_Animated_Translucent,3517064,3206,-2487.924560546875,116.48460388183594,1512.0760498046875,-1488.1998291015625,303.2584228515625,2511.83203125,999.7247314453125,186.77381896972656,999.7559814453125,3017,2142,902,268,72,25,9,4
357,Queen Forest,QueenForest_19_QueenForest_06_Animated_Translucent,39,39,QueenForest_06_Animated_Translucent,3520270,3048,-1487.7156982421875,63.45071792602539,1512.06982421875,-488.2115173339844,327.75244140625,2511.491455078125,999.5041809082031,264.3017234802246,999.421630859375,2862,2073,921,256,72,25,9,4
358,Queen Forest,QueenForest_19_QueenForest_02_Animated_Translucent,37,37,QueenForest_02_Animated_Translucent,3523318,3147,-1487.9656982421875,65.02058410644531,1512.06640625,-488.55560302734375,322.8230895996094,2511.382568359375,999.4100952148438,257.80250549316406,999.316162109375,2950,2058,905,255,72,25,9,4
359,Queen Forest,QueenForest_19_QueenForest_05_Animated_Translucent,38,38,QueenForest_05_Animated_Translucent,3526465,3039,-1487.906005859375,61.52042007446289,1512.0938720703125,-488.0399169921875,327.0338134765625,2511.579833984375,999.8660888671875,265.5133934020996,999.4859619140625,2881,2066,907,256,72,25,9,4
360,Queen Forest,QueenForest_20_QueenForest_05_Animated_Translucent,38,38,QueenForest_05_Animated_Translucent,3529504,2997,-487.0508728027344,-44.449222564697266,1512.0496826171875,511.9275207519531,261.0643005371094,2511.6513671875,998.9783935546875,305.51352310180664,999.6016845703125,2819,2038,901,267,72,25,9,4
361,Queen Forest,QueenForest_20_QueenForest_02_Animated_Translucent,37,37,QueenForest_02_Animated_Translucent,3532501,3061,-487.8828430175781,-44.45405197143555,1512.0760498046875,511.9044494628906,261.33099365234375,2511.9609375,999.7872924804688,305.7850456237793,999.8848876953125,2892,2091,908,262,72,25,9,4
362,Queen Forest,QueenForest_20_QueenForest_06_Animated_Translucent,39,39,QueenForest_06_Animated_Translucent,3535562,2925,-487.78375244140625,-44.47025680541992,1512.8218994140625,511.9805603027344,261.5152587890625,2511.51123046875,999.7643127441406,305.9855155944824,998.6893310546875,2763,2042,889,271,72,25,9,4
363,Queen Forest,QueenForest_21_QueenForest_05_Animated_Translucent,38,38,QueenForest_05_Animated_Translucent,3538487,4235,512.4159545898438,-48.08488845825195,1512.1441650390625,1511.7718505859375,130.61207580566406,2511.34765625,999.3558959960938,178.69696426391602,999.2034912109375,3928,2644,979,270,71,25,9,4
364,Queen Forest,QueenForest_21_QueenForest_02_Animated_Translucent,37,37,QueenForest_02_Animated_Translucent,3542722,4386,512.0563354492188,-48.08806228637695,1512.036376953125,1511.8782958984375,129.8109893798828,2511.948486328125,999.8219604492188,177.89905166625977,999.912109375,4082,2696,980,271,72,25,9,4
365,Queen Forest,QueenForest_21_QueenForest_06_Animated_Translucent,39,39,QueenForest_06_Animated_Translucent,3547108,4346,512.0517578125,-48.07341384887695,1512.1083984375,1511.9609375,130.58763122558594,2511.79736328125,999.9091796875,178.6610450744629,999.68896484375,4016,2682,970,270,72,25,9,4
366,Queen Forest,QueenForest_22_QueenForest_02_Animated_Translucent,37,37,QueenForest_02_Animated_Translucent,3551454,3862,1512.0267333984375,-22.02365493774414,1512.0343017578125,2511.95166015625,163.05137634277344,2511.68994140625,999.9249267578125,185.07503128051758,999.6556396484375,3573,2451,957,256,64,25,9,4
367,Queen Forest,QueenForest_22_QueenForest_05_Animated_Translucent,38,38,QueenForest_05_Animated_Translucent,3555316,3985,1512.0067138671875,-22.024272918701172,1512.3978271484375,2511.912841796875,164.54913330078125,2511.6396484375,999.9061279296875,186.57340621948242,999.2418212890625,3725,2503,948,255,64,25,9,4
368,Queen Forest,QueenForest_22_QueenForest_06_Animated_Translucent,39,39,QueenForest_06_Animated_Translucent,3559301,3968,1512.0804443359375,-22.020456314086914,1512.5831298828125,2511.787353515625,164.1197052001953,2511.943359375,999.7069091796875,186.14016151428223,999.3602294921875,3689,2487,966,256,64,25,9,4
369,Queen Forest,QueenForest_23_QueenForest_06_Animated_Translucent,39,39,QueenForest_06_Animated_Translucent,3563269,3479,2512.118896484375,-31.307233810424805,1512.0555419921875,3511.8232421875,87.66500854492188,2511.886962890625,999.704345703125,118.97224235534668,999.8314208984375,3252,2233,865,249,71,25,9,4
370,Queen Forest,QueenForest_23_QueenForest_05_Animated_Translucent,38,38,QueenForest_05_Animated_Translucent,3566748,3485,2512.214111328125,-54.59660339355469,1513.01416015625,3511.656494140625,72.73796081542969,2511.620361328125,999.4423828125,127.33456420898438,998.606201171875,3200,2188,854,253,71,25,9,4
371,Queen Forest,QueenForest_23_QueenForest_02_Animated_Translucent,37,37,QueenForest_02_Animated_Translucent,3570233,3333,2512.56884765625,-54.14537048339844,1512.0797119140625,3511.931396484375,88.8738784790039,2511.9267578125,999.362548828125,143.01924896240234,999.8470458984375,3097,2116,853,250,72,25,9,4
372,Queen Forest,QueenForest_24_QueenForest_05_Animated_Translucent,38,38,QueenForest_05_Animated_Translucent,3573566,3815,3512.06396484375,-54.36637878417969,1512.01123046875,4511.87255859375,62.58890914916992,2511.482666015625,999.80859375,116.95528793334961,999.471435546875,3541,2443,941,250,72,25,9,4
373,Queen Forest,QueenForest_24_QueenForest_06_Animated_Translucent,39,39,QueenForest_06_Animated_Translucent,3577381,3816,3512.0576171875,-29.27604866027832,1512.2232666015625,4511.9287109375,62.6342658996582,2511.924560546875,999.87109375,91.91031455993652,999.7012939453125,3583,2483,944,250,72,25,9,4
374,Queen Forest,QueenForest_24_QueenForest_02_Animated_Translucent,37,37,QueenForest_02_Animated_Translucent,3581197,3838,3512.004638671875,-30.925262451171875,1512.2725830078125,4511.9677734375,62.788509368896484,2511.984619140625,999.963134765625,93.71377182006836,999.7120361328125,3570,2459,956,250,72,25,9,4
375,Queen Forest,QueenForest_25_QueenForest_02_Animated_Translucent,37,37,QueenForest_02_Animated_Translucent,3585035,3771,-3487.785888671875,36.77143859863281,512.0205078125,-2488.02783203125,154.38778686523438,1511.7762451171875,999.758056640625,117.61634826660156,999.7557373046875,3496,2367,888,261,72,20,6,2
376,Queen Forest,QueenForest_25_QueenForest_06_Animated_Translucent,39,39,QueenForest_06_Animated_Translucent,3588806,3940,-3487.907958984375,36.814430236816406,512.19140625,-2488.224365234375,154.2831573486328,1511.801513671875,999.68359375,117.4687271118164,999.610107421875,3652,2423,880,259,72,20,6,2
377,Queen Forest,QueenForest_25_QueenForest_05_Animated_Translucent,38,38,QueenForest_05_Animated_Translucent,3592746,3747,-3487.72021484375,36.629554748535156,512.033203125,-2488.055419921875,153.9306640625,1511.91796875,999.664794921875,117.30110931396484,999.884765625,3485,2363,897,263,72,20,6,2
378,Queen Forest,QueenForest_26_QueenForest_05_Animated_Translucent,38,38,QueenForest_05_Animated_Translucent,3596493,2886,-2487.99169921875,-6.683141231536865,512.0504150390625,-1488.04296875,216.17974853515625,1511.833984375,999.94873046875,222.86288976669312,999.7835693359375,2677,1913,837,273,80,25,9,4
379,Queen Forest,QueenForest_26_QueenForest_06_Animated_Translucent,39,39,QueenForest_06_Animated_Translucent,3599379,2938,-2487.6328125,-8.26220703125,512.1068115234375,-1488.0426025390625,215.37210083007812,1511.7869873046875,999.5902099609375,223.63430786132812,999.68017578125,2766,1950,829,270,80,25,9,4
380,Queen Forest,QueenForest_26_QueenForest_02_Animated_Translucent,37,37,QueenForest_02_Animated_Translucent,3602317,2940,-2487.8466796875,-6.6885600090026855,512.1510620117188,-1488.19384765625,215.69479370117188,1511.8660888671875,999.65283203125,222.38335371017456,999.7150268554688,2766,1947,826,273,80,25,9,4
381,Queen Forest,QueenForest_27_QueenForest_02_Animated_Translucent,37,37,QueenForest_02_Animated_Translucent,3605257,2809,-1487.7244873046875,-12.847875595092773,512.0328369140625,-488.0413513183594,212.30917358398438,1511.8782958984375,999.6831359863281,225.15704917907715,999.845458984375,2650,1912,843,260,80,25,9,4
382,Queen Forest,QueenForest_27_QueenForest_05_Animated_Translucent,38,38,QueenForest_05_Animated_Translucent,3608066,2885,-1487.6044921875,-24.714712142944336,512.1355590820312,-488.08843994140625,211.1929473876953,1511.931640625,999.5160522460938,235.90765953063965,999.7960815429688,2704,1903,838,262,80,25,9,4
383,Queen Forest,QueenForest_27_QueenForest_06_Animated_Translucent,39,39,QueenForest_06_Animated_Translucent,3610951,2845,-1487.92529296875,-33.136043548583984,512.1644287109375,-488.1441650390625,212.06483459472656,1509.61279296875,999.7811279296875,245.20087814331055,997.4483642578125,2660,1879,827,257,79,25,9,4
384,Queen Forest,QueenForest_28_QueenForest_02_Animated_Translucent,37,37,QueenForest_02_Animated_Translucent,3613796,2251,-487.8938903808594,-46.1476936340332,512.16650390625,511.76458740234375,93.51029205322266,1511.708984375,999.6584777832031,139.65798568725586,999.54248046875,2137,1539,678,216,64,21,8,4
385,Queen Forest,QueenForest_28_QueenForest_06_Animated_Translucent,39,39,QueenForest_06_Animated_Translucent,3616047,2180,-487.98590087890625,-46.496742248535156,512.2233276367188,511.9743957519531,93.0687484741211,1511.761962890625,999.9602966308594,139.56549072265625,999.5386352539062,2056,1490,676,215,63,21,8,4
386,Queen Forest,QueenForest_28_QueenForest_05_Animated_Translucent,38,38,QueenForest_05_Animated_Translucent,3618227,2233,-487.90545654296875,-46.3985481262207,512.4019775390625,511.9187316894531,90.19772338867188,1511.9351806640625,999.8241882324219,136.59627151489258,999.533203125,2116,1538,673,219,65,21,8,4
387,Queen Forest,QueenForest_29_QueenForest_02_Animated_Translucent,37,37,QueenForest_02_Animated_Translucent,3620460,2628,512.9533081054688,-48.0101203918457,512.240234375,1511.9693603515625,67.58293914794922,1511.977294921875,999.0160522460938,115.59305953979492,999.737060546875,2458,1719,707,217,64,21,8,3
388,Queen Forest,QueenForest_29_QueenForest_05_Animated_Translucent,38,38,QueenForest_05_Animated_Translucent,3623088,2685,512.2166748046875,-48.04262924194336,512.0633544921875,1511.9078369140625,67.66168212890625,1511.9949951171875,999.691162109375,115.70431137084961,999.931640625,2525,1758,703,220,65,21,8,3
389,Queen Forest,QueenForest_29_QueenForest_06_Animated_Translucent,39,39,QueenForest_06_Animated_Translucent,3625773,2670,512.1859741210938,-48.01832580566406,512.1464233398438,1511.9794921875,66.6521987915039,1511.9915771484375,999.7935180664062,114.67052459716797,999.8451538085938,2503,1738,699,220,64,21,8,3
390,Queen Forest,QueenForest_30_QueenForest_02_Animated_Translucent,37,37,QueenForest_02_Animated_Translucent,3628443,3522,1512.282470703125,-32.34073257446289,512.048828125,2511.671630859375,99.0699234008789,1511.8314208984375,999.38916015625,131.4106559753418,999.7825927734375,3274,2238,871,258,72,25,9,4
391,Queen Forest,QueenForest_30_QueenForest_06_Animated_Translucent,39,39,QueenForest_06_Animated_Translucent,3631965,3399,1512.0513916015625,-31.94062614440918,512.0669555664062,2511.951904296875,99.2218246459961,1511.7662353515625,999.9005126953125,131.16245079040527,999.6992797851562,3166,2179,872,260,72,25,9,4
392,Queen Forest,QueenForest_30_QueenForest_05_Animated_Translucent,38,38,QueenForest_05_Animated_Translucent,3635364,3525,1512.0028076171875,-32.0489387512207,512.2066040039062,2511.8759765625,99.28450012207031,1511.9140625,999.8731689453125,131.33343887329102,999.7074584960938,3268,2232,869,259,72,25,9,4
393,Queen Forest,QueenForest_31_QueenForest_06_Animated_Translucent,39,39,QueenForest_06_Animated_Translucent,3638889,3049,2512.348876953125,-22.53089141845703,512.2291259765625,3511.9169921875,99.19668579101562,1511.9921875,999.568115234375,121.72757720947266,999.7630615234375,2858,2043,838,266,80,25,9,4
394,Queen Forest,QueenForest_31_QueenForest_05_Animated_Translucent,38,38,QueenForest_05_Animated_Translucent,3641938,2968,2512.13720703125,-22.334501266479492,512.0238647460938,3511.86083984375,99.31206512451172,1511.837890625,999.7236328125,121.64656639099121,999.8140258789062,2793,1986,828,263,80,25,9,4
395,Queen Forest,QueenForest_31_QueenForest_02_Animated_Translucent,37,37,QueenForest_02_Animated_Translucent,3644906,2956,2512.698486328125,-22.470661163330078,512.1234741210938,3511.925537109375,99.26931762695312,1511.4075927734375,999.22705078125,121.7399787902832,999.2841186523438,2764,1956,826,260,80,25,9,4
396,Queen Forest,QueenForest_32_QueenForest_06_Animated_Translucent,39,39,QueenForest_06_Animated_Translucent,3647862,3966,3512.044189453125,-21.44923973083496,512.0287475585938,4511.89306640625,88.86371612548828,1511.900390625,999.848876953125,110.31295585632324,999.8716430664062,3661,2452,910,258,80,25,9,4
397,Queen Forest,QueenForest_32_QueenForest_02_Animated_Translucent,37,37,QueenForest_02_Animated_Translucent,3651828,3942,3512.49462890625,-21.16703987121582,512.4548950195312,4511.98779296875,88.57949829101562,1511.8917236328125,999.4931640625,109.74653816223145,999.4368286132812,3667,2439,915,262,81,25,9,4
398,Queen Forest,QueenForest_32_QueenForest_05_Animated_Translucent,38,38,QueenForest_05_Animated_Translucent,3655770,3981,3512.13671875,-21.701690673828125,512.0526123046875,4511.7919921875,88.33917999267578,1511.890869140625,999.6552734375,110.0408706665039,999.8382568359375,3740,2462,921,262,81,25,9,4
399,Queen Forest,QueenForest_33_QueenForest_06_Animated_Translucent,39,39,QueenForest_06_Animated_Translucent,3659751,3046,-3487.986083984375,-22.16192054748535,-487.8501892089844,-2488.166259765625,98.701416015625,511.9107971191406,999.81982421875,120.86333656311035,999.760986328125,2854,1980,799,248,72,20,6,2
400,Queen Forest,QueenForest_33_QueenForest_05_Animated_Translucent,38,38,QueenForest_05_Animated_Translucent,3662797,3133,-3487.8408203125,-25.376699447631836,-487.50048828125,-2488.05517578125,98.72000122070312,511.8131408691406,999.78564453125,124.09670066833496,999.3136291503906,2920,1994,799,249,72,20,6,2
401,Queen Forest,QueenForest_33_QueenForest_02_Animated_Translucent,37,37,QueenForest_02_Animated_Translucent,3665930,3130,-3487.926513671875,-22.383291244506836,-487.875732421875,-2488.141357421875,98.71646118164062,511.9674072265625,999.78515625,121.09975242614746,999.8431396484375,2901,2010,815,250,72,20,6,2
402,Queen Forest,QueenForest_34_QueenForest_02_Animated_Translucent,37,37,QueenForest_02_Animated_Translucent,3669060,3396,-2487.8642578125,-16.164073944091797,-487.9643249511719,-1488.056884765625,88.2928237915039,511.6127624511719,999.807373046875,104.4568977355957,999.5770874023438,3184,2242,869,268,81,25,9,4
403,Queen Forest,QueenForest_34_QueenForest_05_Animated_Translucent,38,38,QueenForest_05_Animated_Translucent,3672456,3565,-2487.96337890625,-15.786399841308594,-487.8267822265625,-1488.0211181640625,88.23126983642578,511.9674987792969,999.9422607421875,104.01766967773438,999.7942810058594,3310,2258,875,273,81,25,9,4
404,Queen Forest,QueenForest_34_QueenForest_06_Animated_Translucent,39,39,QueenForest_06_Animated_Translucent,3676021,3453,-2487.9033203125,-17.20309066772461,-487.9735107421875,-1488.110595703125,88.2682876586914,511.79583740234375,999.792724609375,105.47137832641602,999.7693481445312,3215,2222,874,270,81,25,9,4
405,Queen Forest,QueenForest_35_QueenForest_05_Animated_Translucent,38,38,QueenForest_05_Animated_Translucent,3679474,3585,-1487.9237060546875,-24.929534912109375,-487.9612731933594,-488.02191162109375,88.06715393066406,511.92620849609375,999.9017944335938,112.99668884277344,999.8874816894531,3311,2228,856,259,81,25,9,4
406,Queen Forest,QueenForest_35_QueenForest_06_Animated_Translucent,39,39,QueenForest_06_Animated_Translucent,3683059,3683,-1487.9779052734375,-29.337289810180664,-487.9945983886719,-488.03021240234375,88.136474609375,511.97320556640625,999.9476928710938,117.47376441955566,999.9678039550781,3426,2302,869,259,81,25,9,4
407,Queen Forest,QueenForest_35_QueenForest_02_Animated_Translucent,37,37,QueenForest_02_Animated_Translucent,3686742,3628,-1487.94775390625,-28.71860122680664,-487.9700012207031,-488.0162353515625,88.1380615234375,511.69879150390625,999.9315185546875,116.85666275024414,999.6687927246094,3383,2253,857,255,81,25,9,4
408,Queen Forest,QueenForest_36_QueenForest_05_Animated_Translucent,38,38,QueenForest_05_Animated_Translucent,3690370,2019,-487.2252502441406,-21.327980041503906,-487.9518737792969,511.1306457519531,152.970458984375,511.64678955078125,998.3558959960938,174.2984390258789,999.5986633300781,1909,1391,635,217,65,21,8,4
409,Queen Forest,QueenForest_36_QueenForest_06_Animated_Translucent,39,39,QueenForest_06_Animated_Translucent,3692389,2008,-487.96929931640625,1.085294485092163,-487.9249572753906,511.92303466796875,147.71511840820312,511.9161682128906,999.892333984375,146.62982392311096,999.8411254882812,1900,1377,622,215,64,21,8,4
410,Queen Forest,QueenForest_36_QueenForest_02_Animated_Translucent,37,37,QueenForest_02_Animated_Translucent,3694397,1910,-487.9734191894531,1.0025913715362549,-487.9069519042969,511.8977966308594,148.3153839111328,511.4979553222656,999.8712158203125,147.31279253959656,999.4049072265625,1788,1318,609,215,65,21,8,4
411,Queen Forest,QueenForest_37_QueenForest_06_Animated_Translucent,39,39,QueenForest_06_Animated_Translucent,3696307,2268,512.25390625,-15.624567985534668,-487.93023681640625,1511.838134765625,101.7777099609375,511.95062255859375,999.584228515625,117.40227794647217,999.880859375,2133,1502,649,210,62,21,8,4
412,Queen Forest,QueenForest_37_QueenForest_05_Animated_Translucent,38,38,QueenForest_05_Animated_Translucent,3698575,2260,512.1781005859375,-12.247939109802246,-487.8535461425781,1511.863037109375,102.14983367919922,511.7731018066406,999.6849365234375,114.39777278900146,999.6266479492188,2129,1519,651,209,62,21,8,4
413,Queen Forest,QueenForest_37_QueenForest_02_Animated_Translucent,37,37,QueenForest_02_Animated_Translucent,3700835,2323,512.0269165039062,-12.119132995605469,-487.4789733886719,1511.8885498046875,100.35285949707031,511.76483154296875,999.8616333007812,112.47199249267578,999.2438049316406,2198,1552,649,207,63,21,8,4
414,Queen Forest,QueenForest_38_QueenForest_05_Animated_Translucent,38,38,QueenForest_05_Animated_Translucent,3703158,3344,1512.349609375,-37.58926773071289,-487.8314208984375,2511.468017578125,87.63368225097656,511.88238525390625,999.118408203125,125.22294998168945,999.7138061523438,3129,2197,882,261,72,25,9,4
415,Queen Forest,QueenForest_38_QueenForest_06_Animated_Translucent,39,39,QueenForest_06_Animated_Translucent,3706502,3446,1512.2908935546875,-36.12348175048828,-487.94427490234375,2511.91015625,87.35990142822266,511.0754089355469,999.6192626953125,123.48338317871094,999.0196838378906,3219,2199,877,262,71,25,9,4
416,Queen Forest,QueenForest_38_QueenForest_02_Animated_Translucent,37,37,QueenForest_02_Animated_Translucent,3709948,3368,1512.2652587890625,-45.55449295043945,-487.9981994628906,2511.98388671875,87.82160186767578,511.88079833984375,999.7186279296875,133.37609481811523,999.8789978027344,3147,2168,875,265,72,25,9,4
417,Queen Forest,QueenForest_39_QueenForest_05_Animated_Translucent,38,38,QueenForest_05_Animated_Translucent,3713316,2733,2512.21484375,-88.03428649902344,-487.3714599609375,3511.938720703125,97.06303405761719,511.9867858886719,999.723876953125,185.09732055664062,999.3582458496094,2550,1791,772,256,80,25,9,4
418,Queen Forest,QueenForest_39_QueenForest_06_Animated_Translucent,39,39,QueenForest_06_Animated_Translucent,3716049,2665,2512.320556640625,-31.96931266784668,-487.72320556640625,3511.911376953125,97.32669830322266,511.80419921875,999.5908203125,129.29601097106934,999.5274047851562,2514,1782,766,258,79,25,9,4
419,Queen Forest,QueenForest_39_QueenForest_02_Animated_Translucent,37,37,QueenForest_02_Animated_Translucent,3718714,2731,2512.283447265625,-36.50278091430664,-487.9873046875,3511.763671875,97.87165069580078,511.6026306152344,999.480224609375,134.37443161010742,999.5899353027344,2544,1801,770,251,78,24,9,4
420,Queen Forest,QueenForest_40_QueenForest_05_Animated_Translucent,38,38,QueenForest_05_Animated_Translucent,3721445,3313,3512.060546875,-35.56171417236328,-487.86236572265625,4511.9521484375,125.6406478881836,511.8375549316406,999.8916015625,161.20236206054688,999.6999206542969,3098,2193,887,261,81,25,9,4
421,Queen Forest,QueenForest_40_QueenForest_06_Animated_Translucent,39,39,QueenForest_06_Animated_Translucent,3724758,3440,3512.041748046875,-36.177982330322266,-487.80291748046875,4511.923828125,125.07415771484375,511.9826354980469,999.882080078125,161.25214004516602,999.7855529785156,3186,2216,888,260,81,25,9,4
422,Queen Forest,QueenForest_40_QueenForest_02_Animated_Translucent,37,37,QueenForest_02_Animated_Translucent,3728198,3468,3512.3916015625,-35.27511215209961,-487.78472900390625,4511.68701171875,125.95498657226562,511.4945068359375,999.29541015625,161.23009872436523,999.2792358398438,3240,2257,893,260,81,25,9,4
423,Queen Forest,QueenForest_41_QueenForest_06_Animated_Translucent,39,39,QueenForest_06_Animated_Translucent,3731666,3914,-3487.850341796875,-24.448163986206055,-1487.8853759765625,-2488.0078125,106.81777954101562,-488.24896240234375,999.842529296875,131.26594352722168,999.6364135742188,3643,2449,933,253,72,20,6,2
424,Queen Forest,QueenForest_41_QueenForest_02_Animated_Translucent,37,37,QueenForest_02_Animated_Translucent,3735580,3770,-3487.865234375,-24.451539993286133,-1487.96923828125,-2488.046875,107.88551330566406,-488.11468505859375,999.818359375,132.3370532989502,999.8545532226562,3472,2366,930,253,72,20,6,2
425,Queen Forest,QueenForest_41_QueenForest_05_Animated_Translucent,38,38,QueenForest_05_Animated_Translucent,3739350,3698,-3487.9267578125,-52.0729866027832,-1487.9927978515625,-2488.083740234375,107.9889144897461,-488.47869873046875,999.843017578125,160.0619010925293,999.5140991210938,3432,2369,925,252,72,20,6,2
426,Queen Forest,QueenForest_42_QueenForest_02_Animated_Translucent,37,37,QueenForest_02_Animated_Translucent,3743048,4009,-2487.95068359375,-22.675451278686523,-1487.9600830078125,-1488.06689453125,152.06057739257812,-488.5556945800781,999.8837890625,174.73602867126465,999.4043884277344,3714,2522,976,272,81,25,9,4
427,Queen Forest,QueenForest_42_QueenForest_05_Animated_Translucent,38,38,QueenForest_05_Animated_Translucent,3747057,4026,-2487.5546875,-22.83523178100586,-1487.9600830078125,-1488.0074462890625,149.6066436767578,-488.2611999511719,999.5472412109375,172.44187545776367,999.6988830566406,3770,2533,971,270,81,25,9,4
428,Queen Forest,QueenForest_42_QueenForest_06_Animated_Translucent,39,39,QueenForest_06_Animated_Translucent,3751083,4122,-2487.98095703125,-22.838302612304688,-1487.922607421875,-1488.04541015625,151.278564453125,-488.18218994140625,999.935546875,174.1168670654297,999.7404174804688,3825,2548,971,271,81,25,9,4
429,Queen Forest,QueenForest_43_QueenForest_05_Animated_Translucent,38,38,QueenForest_05_Animated_Translucent,3755205,3209,-1487.9405517578125,55.61554718017578,-1487.818115234375,-488.27862548828125,344.5516662597656,-488.1585693359375,999.6619262695312,288.93611907958984,999.6595458984375,3022,2166,931,256,81,25,9,4
430,Queen Forest,QueenForest_43_QueenForest_06_Animated_Translucent,39,39,QueenForest_06_Animated_Translucent,3758414,3167,-1487.8348388671875,55.96733856201172,-1487.7752685546875,-488.0387878417969,350.4771423339844,-488.1463928222656,999.7960510253906,294.50980377197266,999.6288757324219,2972,2158,930,256,81,25,9,4
431,Queen Forest,QueenForest_43_QueenForest_02_Animated_Translucent,37,37,QueenForest_02_Animated_Translucent,3761581,3126,-1487.8912353515625,56.07872009277344,-1487.7049560546875,-488.8472595214844,350.79852294921875,-488.1600036621094,999.0439758300781,294.7198028564453,999.5449523925781,2940,2094,922,255,81,25,9,4
432,Queen Forest,QueenForest_44_QueenForest_05_Animated_Translucent,38,38,QueenForest_05_Animated_Translucent,3764707,3279,-487.6683349609375,-30.94489097595215,-1487.613525390625,511.8986511230469,246.5865020751953,-488.1081237792969,999.5669860839844,277.53139305114746,999.5054016113281,3080,2147,887,264,80,25,9,4
433,Queen Forest,QueenForest_44_QueenForest_02_Animated_Translucent,37,37,QueenForest_02_Animated_Translucent,3767986,3362,-487.8721008300781,-30.92207145690918,-1487.340576171875,511.95989990234375,232.332763671875,-488.0545654296875,999.8320007324219,263.2548351287842,999.2860107421875,3133,2208,904,265,81,25,9,4
434,Queen Forest,QueenForest_44_QueenForest_06_Animated_Translucent,39,39,QueenForest_06_Animated_Translucent,3771348,3284,-487.80035400390625,-30.939348220825195,-1487.191650390625,511.9666748046875,245.90589904785156,-488.0816650390625,999.7670288085938,276.84524726867676,999.1099853515625,3089,2186,881,264,80,25,9,4
435,Queen Forest,QueenForest_45_QueenForest_02_Animated_Translucent,37,37,QueenForest_02_Animated_Translucent,3774632,3934,512.12109375,-6.060693264007568,-1487.989990234375,1511.953125,151.63572692871094,-488.13287353515625,999.83203125,157.6964201927185,999.8571166992188,3662,2525,971,270,81,25,9,4
436,Queen Forest,QueenForest_45_QueenForest_05_Animated_Translucent,38,38,QueenForest_05_Animated_Translucent,3778566,4000,512.212158203125,-6.174460411071777,-1487.128662109375,1511.855224609375,150.174072265625,-488.091552734375,999.64306640625,156.34853267669678,999.037109375,3716,2505,961,269,81,25,9,4
437,Queen Forest,QueenForest_45_QueenForest_06_Animated_Translucent,39,39,QueenForest_06_Animated_Translucent,3782566,4021,512.2809448242188,-6.1797637939453125,-1487.5972900390625,1511.9549560546875,150.694580078125,-488.5347595214844,999.6740112304688,156.8743438720703,999.0625305175781,3731,2542,972,270,81,25,9,4
438,Queen Forest,QueenForest_46_QueenForest_05_Animated_Translucent,38,38,QueenForest_05_Animated_Translucent,3786587,3380,1512.095458984375,-27.340911865234375,-1487.8612060546875,2511.974853515625,241.01242065429688,-488.1675720214844,999.87939453125,268.35333251953125,999.6936340332031,3132,2225,916,255,72,25,9,4
439,Queen Forest,QueenForest_46_QueenForest_02_Animated_Translucent,37,37,QueenForest_02_Animated_Translucent,3789967,3328,1512.360107421875,-26.839406967163086,-1487.9578857421875,2511.39453125,240.38446044921875,-488.1701354980469,999.034423828125,267.22386741638184,999.7877502441406,3107,2182,909,255,72,25,9,4
440,Queen Forest,QueenForest_46_QueenForest_06_Animated_Translucent,39,39,QueenForest_06_Animated_Translucent,3793295,3357,1512.032470703125,-29.359046936035156,-1487.880859375,2511.95849609375,241.24465942382812,-488.0511169433594,999.926025390625,270.6037063598633,999.8297424316406,3124,2199,909,256,72,25,9,4
441,Queen Forest,QueenForest_47_QueenForest_06_Animated_Translucent,39,39,QueenForest_06_Animated_Translucent,3796652,2217,2512.177490234375,-26.89017677307129,-1487.9757080078125,3511.694091796875,339.46649169921875,-488.2010803222656,999.5166015625,366.35666847229004,999.7746276855469,2054,1508,747,251,80,25,9,4
442,Queen Forest,QueenForest_47_QueenForest_02_Animated_Translucent,37,37,QueenForest_02_Animated_Translucent,3798869,2201,2512.3115234375,-28.043792724609375,-1487.822265625,3511.962158203125,339.0226745605469,-488.0338439941406,999.650634765625,367.06646728515625,999.7884216308594,2090,1574,750,254,80,25,9,4
443,Queen Forest,QueenForest_47_QueenForest_05_Animated_Translucent,38,38,QueenForest_05_Animated_Translucent,3801070,2104,2512.54638671875,-24.08452796936035,-1487.710693359375,3511.036376953125,339.63519287109375,-488.19366455078125,998.489990234375,363.7197208404541,999.5170288085938,2002,1496,741,249,80,25,9,4
444,Queen Forest,QueenForest_48_QueenForest_02_Animated_Translucent,37,37,QueenForest_02_Animated_Translucent,3803174,2199,3513.0908203125,0.764750063419342,-1487.6793212890625,4511.96337890625,368.3581848144531,-488.1409912109375,998.87255859375,367.5934347510338,999.538330078125,2093,1555,780,247,80,25,9,4
445,Queen Forest,QueenForest_48_QueenForest_05_Animated_Translucent,38,38,QueenForest_05_Animated_Translucent,3805373,2095,3512.603271484375,1.2330402135849,-1487.9337158203125,4511.98388671875,367.7292785644531,-488.2584228515625,999.380615234375,366.4962383508682,999.67529296875,1981,1520,774,252,81,25,9,4
446,Queen Forest,QueenForest_48_QueenForest_06_Animated_Translucent,39,39,QueenForest_06_Animated_Translucent,3807468,2197,3512.04150390625,1.20758056640625,-1487.8660888671875,4511.8388671875,368.3887023925781,-488.2693786621094,999.79736328125,367.1811218261719,999.5967102050781,2075,1550,768,249,80,25,9,4
447,Queen Forest,QueenForest_49_QueenForest_02_Animated_Translucent,37,37,QueenForest_02_Animated_Translucent,3809665,3868,-3487.954345703125,62.71929931640625,-2487.8134765625,-2488.23974609375,186.97470092773438,-1488.3060302734375,999.714599609375,124.25540161132812,999.5074462890625,3586,2431,926,266,71,20,6,2
448,Queen Forest,QueenForest_49_QueenForest_05_Animated_Translucent,38,38,QueenForest_05_Animated_Translucent,3813533,3801,-3487.87646484375,62.7237548828125,-2487.7197265625,-2488.0068359375,186.96221923828125,-1488.0235595703125,999.86962890625,124.23846435546875,999.6961669921875,3552,2436,949,271,72,20,6,2
449,Queen Forest,QueenForest_49_QueenForest_06_Animated_Translucent,39,39,QueenForest_06_Animated_Translucent,3817334,3865,-3487.7275390625,62.72251510620117,-2487.916015625,-2488.1103515625,187.12452697753906,-1488.284912109375,999.6171875,124.40201187133789,999.631103515625,3602,2431,942,266,70,19,6,2
450,Queen Forest,QueenForest_50_QueenForest_05_Animated_Translucent,38,38,QueenForest_05_Animated_Translucent,3821199,2597,-2487.861083984375,-17.799354553222656,-2487.955810546875,-1488.1163330078125,225.57591247558594,-1488.083984375,999.7447509765625,243.3752670288086,999.871826171875,2429,1735,788,274,80,25,9,4
451,Queen Forest,QueenForest_50_QueenForest_06_Animated_Translucent,39,39,QueenForest_06_Animated_Translucent,3823796,2530,-2487.75439453125,-17.901334762573242,-2487.82763671875,-1488.034912109375,224.49444580078125,-1488.0040283203125,999.719482421875,242.3957805633545,999.8236083984375,2378,1715,787,272,80,25,9,4
452,Queen Forest,QueenForest_50_QueenForest_02_Animated_Translucent,37,37,QueenForest_02_Animated_Translucent,3826326,2690,-2487.932373046875,-17.850271224975586,-2487.6708984375,-1488.046875,223.93438720703125,-1488.15087890625,999.885498046875,241.78465843200684,999.52001953125,2511,1820,810,278,81,25,9,4
453,Queen Forest,QueenForest_51_QueenForest_06_Animated_Translucent,39,39,QueenForest_06_Animated_Translucent,3829016,2067,-1487.657958984375,105.06181335449219,-2487.77294921875,-489.9489440917969,410.5968933105469,-1488.12939453125,997.7090148925781,305.5350799560547,999.6435546875,1963,1508,765,260,80,24,8,3
454,Queen Forest,QueenForest_51_QueenForest_02_Animated_Translucent,37,37,QueenForest_02_Animated_Translucent,3831083,2051,-1487.7340087890625,97.67771911621094,-2487.961181640625,-488.0946044921875,411.19189453125,-1489.011962890625,999.639404296875,313.51417541503906,998.94921875,1934,1481,756,255,79,25,9,4
455,Queen Forest,QueenForest_51_QueenForest_05_Animated_Translucent,38,38,QueenForest_05_Animated_Translucent,3833134,1962,-1487.08837890625,99.1612548828125,-2487.944091796875,-488.9197998046875,410.20660400390625,-1488.005859375,998.1685791015625,311.04534912109375,999.938232421875,1866,1425,728,261,80,25,9,4
456,Queen Forest,QueenForest_52_QueenForest_05_Animated_Translucent,38,38,QueenForest_05_Animated_Translucent,3835096,1799,-487.4773864746094,-27.21706771850586,-2487.827392578125,511.6120910644531,332.83648681640625,-1488.379150390625,999.0894775390625,360.0535545349121,999.4482421875,1695,1317,674,250,80,25,9,4
457,Queen Forest,QueenForest_52_QueenForest_06_Animated_Translucent,39,39,QueenForest_06_Animated_Translucent,3836895,1806,-487.7041931152344,-24.899885177612305,-2487.977294921875,511.9642333984375,335.33905029296875,-1488.524658203125,999.6684265136719,360.23893547058105,999.45263671875,1691,1297,674,253,81,25,9,4
458,Queen Forest,QueenForest_52_QueenForest_02_Animated_Translucent,37,37,QueenForest_02_Animated_Translucent,3838701,1842,-487.8033142089844,-27.16609764099121,-2487.97314453125,511.9569091796875,333.8821105957031,-1488.0345458984375,999.7602233886719,361.04820823669434,999.9385986328125,1739,1327,683,261,81,25,9,4
459,Queen Forest,QueenForest_53_QueenForest_02_Animated_Translucent,37,37,QueenForest_02_Animated_Translucent,3840543,2472,512.27490234375,-38.46854019165039,-2487.47998046875,1511.2591552734375,231.5753631591797,-1488.03369140625,998.9842529296875,270.0439033508301,999.4462890625,2311,1620,707,250,77,25,9,4
460,Queen Forest,QueenForest_53_QueenForest_06_Animated_Translucent,39,39,QueenForest_06_Animated_Translucent,3843015,2475,512.18408203125,-38.47226333618164,-2487.907958984375,1511.642822265625,231.5920867919922,-1488.0579833984375,999.458740234375,270.0643501281738,999.8499755859375,2308,1633,721,259,79,25,9,4
461,Queen Forest,QueenForest_53_QueenForest_05_Animated_Translucent,38,38,QueenForest_05_Animated_Translucent,3845490,2484,512.0353393554688,-38.47391891479492,-2487.95703125,1511.8760986328125,231.26275634765625,-1488.0047607421875,999.8407592773438,269.7366752624512,999.9522705078125,2328,1644,721,260,77,25,9,4
462,Queen Forest,QueenForest_54_QueenForest_05_Animated_Translucent,38,38,QueenForest_05_Animated_Translucent,3847974,3199,1512.480712890625,21.655927658081055,-2487.92919921875,2511.904541015625,233.04437255859375,-1488.032470703125,999.423828125,211.3884449005127,999.896728515625,2987,2099,875,262,72,25,9,4
463,Queen Forest,QueenForest_54_QueenForest_02_Animated_Translucent,37,37,QueenForest_02_Animated_Translucent,3851173,3239,1512.3314208984375,22.90587043762207,-2487.91162109375,2511.95556640625,233.16366577148438,-1488.1634521484375,999.6241455078125,210.2577953338623,999.7481689453125,3036,2126,865,258,72,25,9,4
464,Queen Forest,QueenForest_54_QueenForest_06_Animated_Translucent,39,39,QueenForest_06_Animated_Translucent,3854412,3161,1512.9993896484375,24.340267181396484,-2487.8779296875,2511.95947265625,232.75125122070312,-1488.4688720703125,998.9600830078125,208.41098403930664,999.4090576171875,2973,2051,876,262,72,25,9,4
465,Queen Forest,QueenForest_55_QueenForest_05_Animated_Translucent,38,38,QueenForest_05_Animated_Translucent,3857573,3452,2512.00390625,84.17110443115234,-2487.627685546875,3511.791748046875,346.3742980957031,-1488.188232421875,999.787841796875,262.2031936645508,999.439453125,3238,2254,929,286,81,25,9,4
466,Queen Forest,QueenForest_55_QueenForest_06_Animated_Translucent,39,39,QueenForest_06_Animated_Translucent,3861025,3579,2512.02490234375,84.70372009277344,-2487.943359375,3511.861572265625,347.1858825683594,-1488.043212890625,999.836669921875,262.48216247558594,999.900146484375,3332,2309,941,283,81,25,9,4
467,Queen Forest,QueenForest_55_QueenForest_02_Animated_Translucent,37,37,QueenForest_02_Animated_Translucent,3864604,3459,2512.097900390625,85.68060302734375,-2487.7421875,3511.994873046875,346.87689208984375,-1488.216064453125,999.89697265625,261.1962890625,999.526123046875,3239,2264,939,283,81,25,9,4
468,Queen Forest,QueenForest_56_QueenForest_02_Animated_Translucent,37,37,QueenForest_02_Animated_Translucent,3868063,2778,3512.12158203125,89.41462707519531,-2487.791015625,4511.87548828125,366.26812744140625,-1488.1015625,999.75390625,276.85350036621094,999.689453125,2621,1869,837,262,79,24,9,4
469,Queen Forest,QueenForest_56_QueenForest_06_Animated_Translucent,39,39,QueenForest_06_Animated_Translucent,3870841,2818,3512.137451171875,89.23859405517578,-2487.471923828125,4511.962890625,366.79840087890625,-1488.0753173828125,999.825439453125,277.55980682373047,999.3966064453125,2664,1940,863,265,81,25,9,4
470,Queen Forest,QueenForest_56_QueenForest_05_Animated_Translucent,38,38,QueenForest_05_Animated_Translucent,3873659,2750,3512.1416015625,89.25265502929688,-2487.873291015625,4511.88720703125,366.82940673828125,-1488.0849609375,999.74560546875,277.5767517089844,999.788330078125,2603,1867,828,260,81,25,9,4
471,Queen Forest,QueenForest_57_QueenForest_05_Animated_Translucent,38,38,QueenForest_05_Animated_Translucent,3876409,4028,-3487.887939453125,16.26807975769043,-3487.833984375,-2488.12451171875,143.0453338623047,-2488.115966796875,999.763427734375,126.77725410461426,999.718017578125,3719,2551,966,256,64,16,4,1
472,Queen Forest,QueenForest_57_QueenForest_06_Animated_Translucent,39,39,QueenForest_06_Animated_Translucent,3880437,4027,-3487.840576171875,16.465131759643555,-3487.998291015625,-2488.01611328125,143.74057006835938,-2488.054443359375,999.824462890625,127.27543830871582,999.94384765625,3744,2540,972,256,64,16,4,1
473,Queen Forest,QueenForest_57_QueenForest_02_Animated_Translucent,37,37,QueenForest_02_Animated_Translucent,3884464,3925,-3487.615966796875,16.724870681762695,-3487.81494140625,-2488.08447265625,143.69041442871094,-2488.403564453125,999.531494140625,126.96554374694824,999.411376953125,3638,2502,954,256,64,16,4,1
474,Queen Forest,QueenForest_58_QueenForest_05_Animated_Translucent,38,38,QueenForest_05_Animated_Translucent,3888389,3365,-2487.876708984375,16.36052131652832,-3487.982666015625,-1488.0079345703125,156.92393493652344,-2488.0576171875,999.8687744140625,140.56341361999512,999.925048828125,3147,2199,916,272,72,20,6,2
475,Queen Forest,QueenForest_58_QueenForest_06_Animated_Translucent,39,39,QueenForest_06_Animated_Translucent,3891754,3357,-2487.634521484375,15.34485149383545,-3487.893310546875,-1488.0736083984375,157.319580078125,-2488.68701171875,999.5609130859375,141.97472858428955,999.206298828125,3145,2187,904,268,72,20,6,2
476,Queen Forest,QueenForest_58_QueenForest_02_Animated_Translucent,37,37,QueenForest_02_Animated_Translucent,3895111,3448,-2487.5439453125,15.734468460083008,-3487.983154296875,-1488.0633544921875,157.31370544433594,-2488.042724609375,999.4805908203125,141.57923698425293,999.9404296875,3226,2254,930,271,72,20,6,2
477,Queen Forest,QueenForest_59_QueenForest_06_Animated_Translucent,39,39,QueenForest_06_Animated_Translucent,3898559,3372,-1487.6322021484375,59.90134048461914,-3487.825927734375,-488.03424072265625,221.90403747558594,-2488.00341796875,999.5979614257812,162.0026969909668,999.822509765625,3167,2248,936,256,72,20,6,2
478,Queen Forest,QueenForest_59_QueenForest_02_Animated_Translucent,37,37,QueenForest_02_Animated_Translucent,3901931,3391,-1487.9969482421875,62.41990661621094,-3487.988037109375,-488.2313232421875,221.7386474609375,-2488.21435546875,999.765625,159.31874084472656,999.773681640625,3175,2241,923,256,72,20,6,2
479,Queen Forest,QueenForest_59_QueenForest_05_Animated_Translucent,38,38,QueenForest_05_Animated_Translucent,3905322,3322,-1487.9361572265625,62.31846237182617,-3487.8603515625,-488.04119873046875,222.01214599609375,-2488.053955078125,999.8949584960938,159.69368362426758,999.806396484375,3126,2224,933,255,72,20,6,2
480,Queen Forest,QueenForest_60_QueenForest_05_Animated_Translucent,38,38,QueenForest_05_Animated_Translucent,3908644,3103,-487.87451171875,-51.53876495361328,-3487.994384765625,511.9192199707031,211.7921600341797,-2489.140869140625,999.7937316894531,263.33092498779297,998.853515625,2923,2097,903,267,72,20,6,2
481,Queen Forest,QueenForest_60_QueenForest_06_Animated_Translucent,39,39,QueenForest_06_Animated_Translucent,3911747,3208,-487.8192138671875,-51.6630859375,-3487.899658203125,511.9779968261719,217.6913604736328,-2488.49365234375,999.7972106933594,269.3544464111328,999.406005859375,3004,2117,908,270,72,20,6,2
482,Queen Forest,QueenForest_60_QueenForest_02_Animated_Translucent,37,37,QueenForest_02_Animated_Translucent,3914955,3161,-487.9372253417969,-51.75659942626953,-3487.96484375,511.9412841796875,220.2205810546875,-2488.19775390625,999.8785095214844,271.97718048095703,999.76708984375,2968,2087,895,267,72,20,6,2
483,Queen Forest,QueenForest_61_QueenForest_02_Animated_Translucent,37,37,QueenForest_02_Animated_Translucent,3918116,2795,512.1419677734375,-52.723323822021484,-3487.989501953125,1511.9833984375,235.17794799804688,-2488.04052734375,999.8414306640625,287.90127182006836,999.948974609375,2637,1922,872,269,72,20,6,2
484,Queen Forest,QueenForest_61_QueenForest_06_Animated_Translucent,39,39,QueenForest_06_Animated_Translucent,3920911,2943,512.3302001953125,-52.70697021484375,-3487.912841796875,1511.513427734375,235.9580535888672,-2488.044677734375,999.1832275390625,288.66502380371094,999.8681640625,2762,1968,857,268,72,20,6,2
485,Queen Forest,QueenForest_61_QueenForest_05_Animated_Translucent,38,38,QueenForest_05_Animated_Translucent,3923854,3002,512.2546997070312,-52.700355529785156,-3487.9658203125,1511.9715576171875,236.3255615234375,-2488.037841796875,999.7168579101562,289.02591705322266,999.927978515625,2802,1991,859,269,72,20,6,2
486,Queen Forest,QueenForest_62_QueenForest_02_Animated_Translucent,37,37,QueenForest_02_Animated_Translucent,3926856,2676,1512.6070556640625,81.28337097167969,-3487.97265625,2511.936767578125,315.06298828125,-2488.08203125,999.3297119140625,233.7796173095703,999.890625,2524,1866,839,256,64,20,6,2
487,Queen Forest,QueenForest_62_QueenForest_05_Animated_Translucent,38,38,QueenForest_05_Animated_Translucent,3929532,2681,1512.28125,81.6860122680664,-3487.830810546875,2511.89208984375,315.851806640625,-2488.0322265625,999.61083984375,234.1657943725586,999.798583984375,2520,1872,847,252,64,20,6,2
488,Queen Forest,QueenForest_62_QueenForest_06_Animated_Translucent,39,39,QueenForest_06_Animated_Translucent,3932213,2679,1512.24609375,81.15708923339844,-3487.981201171875,2511.9697265625,315.7058410644531,-2488.679931640625,999.7236328125,234.5487518310547,999.30126953125,2525,1892,846,251,64,20,6,2
489,Queen Forest,QueenForest_63_QueenForest_06_Animated_Translucent,39,39,QueenForest_06_Animated_Translucent,3934892,3130,2512.019287109375,63.58397674560547,-3487.873291015625,3511.9306640625,296.2258605957031,-2489.39990234375,999.911376953125,232.64188385009766,998.473388671875,2918,2016,846,264,71,20,6,2
490,Queen Forest,QueenForest_63_QueenForest_02_Animated_Translucent,37,37,QueenForest_02_Animated_Translucent,3938022,3020,2512.119873046875,63.57695770263672,-3487.90625,3511.9658203125,296.4297790527344,-2488.07666015625,999.845947265625,232.85282135009766,999.82958984375,2835,1966,856,264,71,20,6,2
491,Queen Forest,QueenForest_63_QueenForest_05_Animated_Translucent,38,38,QueenForest_05_Animated_Translucent,3941042,3041,2512.026611328125,63.574886322021484,-3487.942626953125,3511.951416015625,296.02276611328125,-2488.14599609375,999.9248046875,232.44787979125977,999.796630859375,2821,1971,855,264,71,20,6,2
492,Queen Forest,QueenForest_64_QueenForest_02_Animated_Translucent,37,37,QueenForest_02_Animated_Translucent,3944083,2738,3512.0615234375,39.30398178100586,-3487.9248046875,4511.9853515625,283.6916809082031,-2489.09326171875,999.923828125,244.38769912719727,998.83154296875,2579,1912,871,254,72,20,6,2
493,Queen Forest,QueenForest_64_QueenForest_05_Animated_Translucent,38,38,QueenForest_05_Animated_Translucent,3946821,2733,3512.071533203125,39.620758056640625,-3487.79345703125,4511.95068359375,285.5914001464844,-2488.006591796875,999.879150390625,245.97064208984375,999.786865234375,2576,1930,888,255,72,20,6,2
494,Queen Forest,QueenForest_64_QueenForest_06_Animated_Translucent,39,39,QueenForest_06_Animated_Translucent,3949554,2727,3512.221435546875,40.31660079956055,-3487.993896484375,4511.83447265625,285.7206726074219,-2488.510009765625,999.613037109375,245.40407180786133,999.48388671875,2572,1899,882,255,72,20,6,2
495,Queen Forest,QueenForest_Cinematic_QueenForest_02_Animated_Translucent,37,37,QueenForest_02_Animated_Translucent,3952281,1012,15.293959617614746,-19.712032318115234,12.173498153686523,1010.3095092773438,101.85784912109375,1011.8633422851562,995.015549659729,121.56988143920898,999.6898441314697,943,664,370,190,69,24,9,4
496,Queen Forest,QueenForest_Cinematic_QueenForest_05_Animated_Translucent,38,38,QueenForest_05_Animated_Translucent,3953293,996,12.997532844543457,-11.106335639953613,12.198443412780762,1008.788330078125,98.14857482910156,1011.982421875,995.7907972335815,109.25491046905518,999.7839784622192,933,666,360,183,67,24,9,4
497,Queen Forest,QueenForest_Cinematic_QueenForest_06_Animated_Translucent,39,39,QueenForest_06_Animated_Translucent,3954289,958,18.423397064208984,-16.505922317504883,12.035070419311523,1011.6608276367188,107.53622436523438,1011.5994262695312,993.2374305725098,124.04214668273926,999.5643558502197,895,655,354,188,67,24,9,4
498,River Forest,RiverForest_01_RiverForest_03_Animated_Translucent,40,40,RiverForest_03_Animated_Translucent,3955247,13209,-3487.994873046875,0.0,0.0,0.0,221.40744018554688,4511.9931640625,3487.994873046875,221.40744018554688,4511.9931640625,9110,3758,1021,257,73,21,7,3
499,River Forest,RiverForest_01_RiverForest_01_Animated_Translucent,41,41,RiverForest_01_Animated_Translucent,3968456,12995,-3487.93994140625,0.0,0.0,0.0,221.49525451660156,4511.9873046875,3487.93994140625,221.49525451660156,4511.9873046875,9005,3754,1019,257,73,21,7,3
500,River Forest,RiverForest_01_RiverForest_05_Animated_Translucent,42,42,RiverForest_05_Animated_Translucent,3981451,13082,-3487.9697265625,0.0,0.0,0.0,221.54251098632812,4511.9443359375,3487.9697265625,221.54251098632812,4511.9443359375,9053,3745,1021,257,73,21,7,3
501,River Forest,RiverForest_02_RiverForest_01_Animated_Translucent,41,41,RiverForest_01_Animated_Translucent,3994533,13159,-2487.788330078125,0.0,0.0,0.0,261.10546875,4511.96533203125,2487.788330078125,261.10546875,4511.96533203125,9061,3768,1022,273,82,26,10,5
502,River Forest,RiverForest_02_RiverForest_05_Animated_Translucent,42,42,RiverForest_05_Animated_Translucent,4007692,13128,-2487.9638671875,0.0,0.0,0.0,258.9334716796875,4511.986328125,2487.9638671875,258.9334716796875,4511.986328125,9058,3771,1023,273,82,26,10,5
503,River Forest,RiverForest_02_RiverForest_03_Animated_Translucent,40,40,RiverForest_03_Animated_Translucent,4020820,13265,-2487.94970703125,0.0,0.0,0.0,258.3589782714844,4511.96630859375,2487.94970703125,258.3589782714844,4511.96630859375,9128,3781,1023,273,82,26,10,5
504,River Forest,RiverForest_03_RiverForest_03_Animated_Translucent,40,40,RiverForest_03_Animated_Translucent,4034085,10537,-1487.9371337890625,-20.569276809692383,0.0,0.0,347.00628662109375,4511.93798828125,1487.9371337890625,367.57556343078613,4511.93798828125,7718,3602,1021,257,82,26,10,5
505,River Forest,RiverForest_03_RiverForest_01_Animated_Translucent,41,41,RiverForest_01_Animated_Translucent,4044622,10505,-1487.9617919921875,-20.85818099975586,0.0,0.0,347.0028076171875,4511.78125,1487.9617919921875,367.86098861694336,4511.78125,7686,3580,1022,257,82,26,10,5
506,River Forest,RiverForest_03_RiverForest_05_Animated_Translucent,42,42,RiverForest_05_Animated_Translucent,4055127,10723,-1487.9693603515625,-21.748703002929688,0.0,0.0,346.6639099121094,4511.9609375,1487.9693603515625,368.41261291503906,4511.9609375,7785,3607,1019,257,82,26,10,5
507,River Forest,RiverForest_04_RiverForest_05_Animated_Translucent,42,42,RiverForest_05_Animated_Translucent,4065850,12309,-487.9317321777344,-39.04302215576172,0.0,511.88421630859375,150.3412322998047,4511.98388671875,999.8159484863281,189.3842544555664,4511.98388671875,8529,3643,1017,273,82,26,10,5
508,River Forest,RiverForest_04_RiverForest_03_Animated_Translucent,40,40,RiverForest_03_Animated_Translucent,4078159,12215,-487.84979248046875,-39.33797836303711,0.0,511.9722900390625,150.30419921875,4511.9287109375,999.8220825195312,189.6421775817871,4511.9287109375,8485,3628,1013,273,82,26,10,5
509,River Forest,RiverForest_04_RiverForest_01_Animated_Translucent,41,41,RiverForest_01_Animated_Translucent,4090374,12358,-487.9109191894531,-39.26710510253906,0.0,511.6961975097656,150.27978515625,4511.96630859375,999.6071166992188,189.54689025878906,4511.96630859375,8565,3656,1018,273,82,26,10,5
510,River Forest,RiverForest_05_RiverForest_05_Animated_Translucent,42,42,RiverForest_05_Animated_Translucent,4102732,12112,0.0,-42.31174087524414,0.0,1511.7730712890625,160.17576599121094,4511.96728515625,1511.7730712890625,202.48750686645508,4511.96728515625,8442,3631,1023,273,82,26,10,5
511,River Forest,RiverForest_05_RiverForest_01_Animated_Translucent,41,41,RiverForest_01_Animated_Translucent,4114844,12255,0.0,-42.33678436279297,0.0,1511.962646484375,160.14373779296875,4511.96875,1511.962646484375,202.48052215576172,4511.96875,8547,3679,1021,273,82,26,10,5
512,River Forest,RiverForest_05_RiverForest_03_Animated_Translucent,40,40,RiverForest_03_Animated_Translucent,4127099,12089,0.0,-42.34355545043945,0.0,1511.9075927734375,160.1534881591797,4511.89794921875,1511.9075927734375,202.49704360961914,4511.89794921875,8392,3613,1020,273,82,26,10,5
513,River Forest,RiverForest_06_RiverForest_05_Animated_Translucent,42,42,RiverForest_05_Animated_Translucent,4139188,13021,0.0,0.0,0.0,2511.973876953125,228.75018310546875,4511.81591796875,2511.973876953125,228.75018310546875,4511.81591796875,9027,3769,1024,257,73,26,10,5
514,River Forest,RiverForest_06_RiverForest_03_Animated_Translucent,40,40,RiverForest_03_Animated_Translucent,4152209,13196,0.0,0.0,0.0,2511.8837890625,228.62823486328125,4511.98193359375,2511.8837890625,228.62823486328125,4511.98193359375,9078,3773,1023,257,73,26,10,5
515,River Forest,RiverForest_06_RiverForest_01_Animated_Translucent,41,41,RiverForest_01_Animated_Translucent,4165405,13205,0.0,0.0,0.0,2511.98046875,229.1427459716797,4511.794921875,2511.98046875,229.1427459716797,4511.794921875,9106,3786,1024,257,73,26,10,5
516,River Forest,RiverForest_07_RiverForest_05_Animated_Translucent,42,42,RiverForest_05_Animated_Translucent,4178610,13761,0.0,-26.987295150756836,0.0,3511.843017578125,163.13026428222656,4511.951171875,3511.843017578125,190.1175594329834,4511.951171875,9402,3841,1023,273,82,26,10,5
517,River Forest,RiverForest_07_RiverForest_01_Animated_Translucent,41,41,RiverForest_01_Animated_Translucent,4192371,14053,0.0,-26.97246551513672,0.0,3511.95751953125,165.05950927734375,4511.79443359375,3511.95751953125,192.03197479248047,4511.79443359375,9566,3858,1025,273,82,26,10,5
518,River Forest,RiverForest_07_RiverForest_03_Animated_Translucent,40,40,RiverForest_03_Animated_Translucent,4206424,13928,0.0,-26.988492965698242,0.0,3511.898681640625,166.34263610839844,4511.96728515625,3511.898681640625,193.33112907409668,4511.96728515625,9431,3840,1025,273,82,26,10,5
519,River Forest,RiverForest_08_RiverForest_01_Animated_Translucent,41,41,RiverForest_01_Animated_Translucent,4220352,13925,0.0,-23.449243545532227,0.0,4511.970703125,107.38428497314453,4511.99609375,4511.970703125,130.83352851867676,4511.99609375,9559,3864,1024,257,82,26,10,5
520,River Forest,RiverForest_08_RiverForest_05_Animated_Translucent,42,42,RiverForest_05_Animated_Translucent,4234277,13839,0.0,-23.27267837524414,0.0,4511.71142578125,107.38818359375,4511.78759765625,4511.71142578125,130.66086196899414,4511.78759765625,9476,3849,1024,257,82,26,10,5
521,River Forest,RiverForest_08_RiverForest_03_Animated_Translucent,40,40,RiverForest_03_Animated_Translucent,4248116,14086,0.0,-23.368133544921875,0.0,4511.931640625,107.37061309814453,4511.98291015625,4511.931640625,130.7387466430664,4511.98291015625,9615,3846,1023,257,82,26,10,5
522,River Forest,RiverForest_09_RiverForest_03_Animated_Translucent,40,40,RiverForest_03_Animated_Translucent,4262202,12804,-3487.918701171875,0.0,0.0,0.0,254.23411560058594,3511.904052734375,3487.918701171875,254.23411560058594,3511.904052734375,8774,3680,1014,273,73,21,7,3
523,River Forest,RiverForest_09_RiverForest_01_Animated_Translucent,41,41,RiverForest_01_Animated_Translucent,4275006,12805,-3487.802490234375,0.0,0.0,0.0,254.05958557128906,3511.964599609375,3487.802490234375,254.05958557128906,3511.964599609375,8864,3680,1013,273,73,21,7,3
524,River Forest,RiverForest_09_RiverForest_05_Animated_Translucent,42,42,RiverForest_05_Animated_Translucent,4287811,12970,-3487.97998046875,0.0,0.0,0.0,254.15350341796875,3511.795654296875,3487.97998046875,254.15350341796875,3511.795654296875,8952,3678,1013,273,73,21,7,3
525,River Forest,RiverForest_10_RiverForest_05_Animated_Translucent,42,42,RiverForest_05_Animated_Translucent,4300781,13267,-2487.877685546875,0.0,0.0,0.0,245.11712646484375,3511.95361328125,2487.877685546875,245.11712646484375,3511.95361328125,9143,3773,1019,289,82,26,10,5
526,River Forest,RiverForest_10_RiverForest_03_Animated_Translucent,40,40,RiverForest_03_Animated_Translucent,4314048,13021,-2487.6044921875,0.0,0.0,0.0,245.04554748535156,3511.86669921875,2487.6044921875,245.04554748535156,3511.86669921875,8945,3763,1018,288,82,26,10,5
527,River Forest,RiverForest_10_RiverForest_01_Animated_Translucent,41,41,RiverForest_01_Animated_Translucent,4327069,12974,-2487.999755859375,0.0,0.0,0.0,244.24066162109375,3511.982177734375,2487.999755859375,244.24066162109375,3511.982177734375,8982,3759,1017,288,82,26,10,5
528,River Forest,RiverForest_11_RiverForest_05_Animated_Translucent,42,42,RiverForest_05_Animated_Translucent,4340043,11736,-1487.8450927734375,0.0,0.0,0.0,347.2074890136719,3511.974853515625,1487.8450927734375,347.2074890136719,3511.974853515625,8353,3677,1024,273,82,26,10,5
529,River Forest,RiverForest_11_RiverForest_03_Animated_Translucent,40,40,RiverForest_03_Animated_Translucent,4351779,11486,-1487.29345703125,0.0,0.0,0.0,347.1033020019531,3511.99169921875,1487.29345703125,347.1033020019531,3511.99169921875,8232,3684,1023,273,82,26,10,5
530,River Forest,RiverForest_11_RiverForest_01_Animated_Translucent,41,41,RiverForest_01_Animated_Translucent,4363265,11522,-1487.8236083984375,0.0,0.0,0.0,346.8282470703125,3511.843017578125,1487.8236083984375,346.8282470703125,3511.843017578125,8248,3689,1024,273,82,26,10,5
531,River Forest,RiverForest_12_RiverForest_01_Animated_Translucent,41,41,RiverForest_01_Animated_Translucent,4374787,11736,-487.9183349609375,-47.67665100097656,0.0,511.9381103515625,241.27316284179688,3511.9970703125,999.8564453125,288.94981384277344,3511.9970703125,8356,3729,1024,290,82,26,10,5
532,River Forest,RiverForest_12_RiverForest_03_Animated_Translucent,40,40,RiverForest_03_Animated_Translucent,4386523,11702,-487.9309387207031,-47.56576156616211,0.0,511.9712829589844,241.27899169921875,3511.936767578125,999.9022216796875,288.84475326538086,3511.936767578125,8305,3702,1023,289,82,26,10,5
533,River Forest,RiverForest_12_RiverForest_05_Animated_Translucent,42,42,RiverForest_05_Animated_Translucent,4398225,11810,-487.9956970214844,-47.600608825683594,0.0,511.9544372558594,241.359130859375,3511.898681640625,999.9501342773438,288.9597396850586,3511.898681640625,8430,3709,1025,290,82,26,10,5
534,River Forest,RiverForest_13_RiverForest_05_Animated_Translucent,42,42,RiverForest_05_Animated_Translucent,4410035,11944,0.0,-54.06629943847656,0.0,1511.921630859375,219.33908081054688,3511.971435546875,1511.921630859375,273.40538024902344,3511.971435546875,8322,3581,1015,289,82,26,10,5
535,River Forest,RiverForest_13_RiverForest_03_Animated_Translucent,40,40,RiverForest_03_Animated_Translucent,4421979,11833,0.0,-54.05335998535156,0.0,1511.8154296875,219.39649963378906,3511.989990234375,1511.8154296875,273.4498596191406,3511.989990234375,8309,3618,1020,290,82,26,10,5
536,River Forest,RiverForest_13_RiverForest_01_Animated_Translucent,41,41,RiverForest_01_Animated_Translucent,4433812,11831,0.0,-54.06428909301758,0.0,1511.9273681640625,219.08798217773438,3511.872802734375,1511.9273681640625,273.15227127075195,3511.872802734375,8304,3611,1018,290,82,26,10,5
537,River Forest,RiverForest_14_RiverForest_01_Animated_Translucent,41,41,RiverForest_01_Animated_Translucent,4445643,12624,0.0,0.0,0.0,2511.651611328125,268.4981384277344,3511.957763671875,2511.651611328125,268.4981384277344,3511.957763671875,8862,3796,1024,273,73,26,10,5
538,River Forest,RiverForest_14_RiverForest_05_Animated_Translucent,42,42,RiverForest_05_Animated_Translucent,4458267,12382,0.0,0.0,0.0,2511.941650390625,268.5335388183594,3511.865966796875,2511.941650390625,268.5335388183594,3511.865966796875,8749,3773,1025,273,73,26,10,5
539,River Forest,RiverForest_14_RiverForest_03_Animated_Translucent,40,40,RiverForest_03_Animated_Translucent,4470649,12639,0.0,0.0,0.0,2511.98828125,268.4707336425781,3511.743896484375,2511.98828125,268.4707336425781,3511.743896484375,8852,3771,1025,273,73,26,10,5
540,River Forest,RiverForest_15_RiverForest_03_Animated_Translucent,40,40,RiverForest_03_Animated_Translucent,4483288,13785,0.0,-32.14071273803711,0.0,3511.931884765625,180.0004425048828,3511.937744140625,3511.931884765625,212.14115524291992,3511.937744140625,9444,3850,1025,290,82,26,10,5
541,River Forest,RiverForest_15_RiverForest_05_Animated_Translucent,42,42,RiverForest_05_Animated_Translucent,4497073,13847,0.0,-32.14738082885742,0.0,3511.993896484375,180.40167236328125,3511.99169921875,3511.993896484375,212.54905319213867,3511.99169921875,9401,3842,1025,290,82,26,10,5
542,River Forest,RiverForest_15_RiverForest_01_Animated_Translucent,41,41,RiverForest_01_Animated_Translucent,4510920,13947,0.0,-32.13119125366211,0.0,3511.8994140625,179.3415069580078,3511.9892578125,3511.8994140625,211.47269821166992,3511.9892578125,9492,3843,1025,290,82,26,10,5
543,River Forest,RiverForest_16_RiverForest_03_Animated_Translucent,40,40,RiverForest_03_Animated_Translucent,4524867,14848,0.0,-34.66518020629883,0.0,4511.94091796875,50.83790969848633,3511.963623046875,4511.94091796875,85.50308990478516,3511.963623046875,9949,3897,1024,273,82,26,10,5
544,River Forest,RiverForest_16_RiverForest_05_Animated_Translucent,42,42,RiverForest_05_Animated_Translucent,4539715,14764,0.0,-34.666648864746094,0.0,4511.99658203125,50.180511474609375,3511.98095703125,4511.99658203125,84.84716033935547,3511.98095703125,9884,3894,1025,273,82,26,10,5
545,River Forest,RiverForest_16_RiverForest_01_Animated_Translucent,41,41,RiverForest_01_Animated_Translucent,4554479,14618,0.0,-34.665279388427734,0.0,4511.98291015625,49.20960235595703,3511.795654296875,4511.98291015625,83.87488174438477,3511.795654296875,9880,3879,1025,273,82,26,10,5
546,River Forest,RiverForest_17_RiverForest_03_Animated_Translucent,40,40,RiverForest_03_Animated_Translucent,4569097,14477,-3487.982421875,0.0,0.0,0.0,213.39797973632812,2511.991455078125,3487.982421875,213.39797973632812,2511.991455078125,9745,3831,1023,257,65,21,7,3
547,River Forest,RiverForest_17_RiverForest_05_Animated_Translucent,42,42,RiverForest_05_Animated_Translucent,4583574,14243,-3487.7958984375,0.0,0.0,0.0,213.3265380859375,2511.930908203125,3487.7958984375,213.3265380859375,2511.930908203125,9594,3837,1025,257,65,21,7,3
548,River Forest,RiverForest_17_RiverForest_01_Animated_Translucent,41,41,RiverForest_01_Animated_Translucent,4597817,14465,-3487.90673828125,0.0,0.0,0.0,213.24798583984375,2511.855224609375,3487.90673828125,213.24798583984375,2511.855224609375,9780,3836,1023,257,65,21,7,3
549,River Forest,RiverForest_18_RiverForest_05_Animated_Translucent,42,42,RiverForest_05_Animated_Translucent,4612282,12740,-2487.95947265625,0.0,0.0,0.0,304.2484436035156,2511.939453125,2487.95947265625,304.2484436035156,2511.939453125,8827,3712,1015,273,73,26,10,5
550,River Forest,RiverForest_18_RiverForest_01_Animated_Translucent,41,41,RiverForest_01_Animated_Translucent,4625022,12610,-2487.932861328125,0.0,0.0,0.0,304.8905334472656,2511.9580078125,2487.932861328125,304.8905334472656,2511.9580078125,8744,3697,1017,273,73,26,10,5
551,River Forest,RiverForest_18_RiverForest_03_Animated_Translucent,40,40,RiverForest_03_Animated_Translucent,4637632,12936,-2487.947509765625,0.0,0.0,0.0,303.78973388671875,2511.990478515625,2487.947509765625,303.78973388671875,2511.990478515625,8939,3722,1018,273,73,26,10,5
552,River Forest,RiverForest_19_RiverForest_05_Animated_Translucent,42,42,RiverForest_05_Animated_Translucent,4650568,12371,-1487.967041015625,0.0,0.0,0.0,327.4021911621094,2511.970947265625,1487.967041015625,327.4021911621094,2511.970947265625,8741,3731,1023,257,73,26,10,5
553,River Forest,RiverForest_19_RiverForest_03_Animated_Translucent,40,40,RiverForest_03_Animated_Translucent,4662939,12767,-1487.9205322265625,0.0,0.0,0.0,327.7192077636719,2511.95751953125,1487.9205322265625,327.7192077636719,2511.95751953125,8856,3754,1022,257,73,26,10,5
554,River Forest,RiverForest_19_RiverForest_01_Animated_Translucent,41,41,RiverForest_01_Animated_Translucent,4675706,12415,-1487.9539794921875,0.0,0.0,0.0,327.3191223144531,2511.94677734375,1487.9539794921875,327.3191223144531,2511.94677734375,8729,3729,1023,257,73,26,10,5
555,River Forest,RiverForest_20_RiverForest_01_Animated_Translucent,41,41,RiverForest_01_Animated_Translucent,4688121,12520,-487.8968505859375,-43.70112228393555,0.0,511.9935302734375,261.7900085449219,2511.93994140625,999.890380859375,305.4911308288574,2511.93994140625,8852,3777,1024,273,73,26,10,5
556,River Forest,RiverForest_20_RiverForest_03_Animated_Translucent,40,40,RiverForest_03_Animated_Translucent,4700641,12744,-487.9114685058594,-44.347084045410156,0.0,511.9678649902344,261.73968505859375,2511.92236328125,999.8793334960938,306.0867691040039,2511.92236328125,8932,3773,1022,273,73,26,10,5
557,River Forest,RiverForest_20_RiverForest_05_Animated_Translucent,42,42,RiverForest_05_Animated_Translucent,4713385,12756,-487.8017883300781,-44.17713928222656,0.0,511.9768371582031,261.8175964355469,2511.875732421875,999.7786254882812,305.99473571777344,2511.875732421875,8934,3795,1023,273,73,26,10,5
558,River Forest,RiverForest_21_RiverForest_01_Animated_Translucent,41,41,RiverForest_01_Animated_Translucent,4726141,14271,0.0,-48.09038543701172,0.0,1511.8963623046875,129.95172119140625,2511.984375,1511.8963623046875,178.04210662841797,2511.984375,9653,3843,1024,273,73,26,10,5
559,River Forest,RiverForest_21_RiverForest_05_Animated_Translucent,42,42,RiverForest_05_Animated_Translucent,4740412,14576,0.0,-48.09366989135742,0.0,1511.9921875,130.64768981933594,2511.96435546875,1511.9921875,178.74135971069336,2511.96435546875,9771,3836,1025,273,73,26,10,5
560,River Forest,RiverForest_21_RiverForest_03_Animated_Translucent,40,40,RiverForest_03_Animated_Translucent,4754988,14565,0.0,-48.09267807006836,0.0,1511.9310302734375,130.5753936767578,2511.97412109375,1511.9310302734375,178.66807174682617,2511.97412109375,9756,3834,1024,273,73,26,10,5
561,River Forest,RiverForest_22_RiverForest_01_Animated_Translucent,41,41,RiverForest_01_Animated_Translucent,4769553,14019,0.0,-22.02361488342285,0.0,2511.887939453125,163.3394012451172,2511.62109375,2511.887939453125,185.36301612854004,2511.62109375,9584,3873,1025,257,65,26,10,5
562,River Forest,RiverForest_22_RiverForest_05_Animated_Translucent,42,42,RiverForest_05_Animated_Translucent,4783572,14218,0.0,-22.02388572692871,0.0,2511.94091796875,166.56695556640625,2511.927001953125,2511.94091796875,188.59084129333496,2511.927001953125,9583,3837,1025,257,65,26,10,5
563,River Forest,RiverForest_22_RiverForest_03_Animated_Translucent,40,40,RiverForest_03_Animated_Translucent,4797790,14198,0.0,-22.024049758911133,0.0,2511.96630859375,167.1290740966797,2511.878173828125,2511.96630859375,189.15312385559082,2511.878173828125,9607,3864,1024,257,65,26,10,5
564,River Forest,RiverForest_23_RiverForest_01_Animated_Translucent,41,41,RiverForest_01_Animated_Translucent,4811988,12169,0.0,-63.983665466308594,0.0,3511.889892578125,87.94441223144531,2511.990478515625,3511.889892578125,151.9280776977539,2511.990478515625,8274,3362,933,260,73,26,10,5
565,River Forest,RiverForest_23_RiverForest_05_Animated_Translucent,42,42,RiverForest_05_Animated_Translucent,4824157,12108,0.0,-65.47874450683594,0.0,3511.780029296875,87.9761962890625,2511.883056640625,3511.780029296875,153.45494079589844,2511.883056640625,8247,3327,929,260,73,26,10,5
566,River Forest,RiverForest_23_RiverForest_03_Animated_Translucent,40,40,RiverForest_03_Animated_Translucent,4836265,12244,0.0,-62.36642837524414,0.0,3511.89013671875,88.3392105102539,2511.99755859375,3511.89013671875,150.70563888549805,2511.99755859375,8350,3343,930,259,73,26,10,5
567,River Forest,RiverForest_24_RiverForest_01_Animated_Translucent,41,41,RiverForest_01_Animated_Translucent,4848509,13647,0.0,-57.16394805908203,0.0,4511.95849609375,62.81610870361328,2511.9716796875,4511.95849609375,119.98005676269531,2511.9716796875,9252,3679,983,253,73,26,10,5
568,River Forest,RiverForest_24_RiverForest_03_Animated_Translucent,40,40,RiverForest_03_Animated_Translucent,4862156,13483,0.0,-67.53807830810547,0.0,4511.99462890625,62.78718566894531,2511.93798828125,4511.99462890625,130.32526397705078,2511.93798828125,9245,3689,985,253,73,26,10,5
569,River Forest,RiverForest_24_RiverForest_05_Animated_Translucent,42,42,RiverForest_05_Animated_Translucent,4875639,13788,0.0,-64.46874237060547,0.0,4511.984375,62.69391632080078,2511.96533203125,4511.984375,127.16265869140625,2511.96533203125,9277,3682,985,253,73,26,10,5
570,River Forest,RiverForest_25_RiverForest_01_Animated_Translucent,41,41,RiverForest_01_Animated_Translucent,4889427,12729,-3487.69677734375,0.0,0.0,0.0,154.1109161376953,1511.9700927734375,3487.69677734375,154.1109161376953,1511.9700927734375,8594,3437,940,269,73,21,7,3
571,River Forest,RiverForest_25_RiverForest_05_Animated_Translucent,42,42,RiverForest_05_Animated_Translucent,4902156,12764,-3487.984375,0.0,0.0,0.0,154.40841674804688,1511.960693359375,3487.984375,154.40841674804688,1511.960693359375,8543,3447,946,269,73,21,7,3
572,River Forest,RiverForest_25_RiverForest_03_Animated_Translucent,40,40,RiverForest_03_Animated_Translucent,4914920,12875,-3487.995849609375,0.0,0.0,0.0,154.5377197265625,1511.8485107421875,3487.995849609375,154.5377197265625,1511.8485107421875,8711,3446,936,265,73,21,7,3
573,River Forest,RiverForest_26_RiverForest_01_Animated_Translucent,41,41,RiverForest_01_Animated_Translucent,4927795,11709,-2487.986083984375,-46.37144470214844,0.0,0.0,216.20904541015625,1511.9093017578125,2487.986083984375,262.5804901123047,1511.9093017578125,8225,3430,967,283,82,26,10,5
574,River Forest,RiverForest_26_RiverForest_05_Animated_Translucent,42,42,RiverForest_05_Animated_Translucent,4939504,11462,-2487.916259765625,-18.500417709350586,0.0,0.0,215.83790588378906,1511.920166015625,2487.916259765625,234.33832359313965,1511.920166015625,8055,3443,964,284,82,26,10,5
575,River Forest,RiverForest_26_RiverForest_03_Animated_Translucent,40,40,RiverForest_03_Animated_Translucent,4950966,11491,-2487.94775390625,-11.931339263916016,0.0,0.0,215.64031982421875,1511.993408203125,2487.94775390625,227.57165908813477,1511.993408203125,8032,3420,964,285,82,26,10,5
576,River Forest,RiverForest_27_RiverForest_01_Animated_Translucent,41,41,RiverForest_01_Animated_Translucent,4962457,11486,-1487.9869384765625,-59.53429412841797,0.0,0.0,212.54087829589844,1511.9449462890625,1487.9869384765625,272.0751724243164,1511.9449462890625,7994,3479,963,268,82,26,10,5
577,River Forest,RiverForest_27_RiverForest_03_Animated_Translucent,40,40,RiverForest_03_Animated_Translucent,4973943,11731,-1487.96826171875,-22.822755813598633,0.0,0.0,213.49671936035156,1511.824462890625,1487.96826171875,236.3194751739502,1511.824462890625,8269,3519,967,271,82,26,10,5
578,River Forest,RiverForest_27_RiverForest_05_Animated_Translucent,42,42,RiverForest_05_Animated_Translucent,4985674,11648,-1487.9638671875,-57.24699401855469,0.0,0.0,211.5279998779297,1511.9656982421875,1487.9638671875,268.7749938964844,1511.9656982421875,8161,3468,967,270,82,26,10,5
579,River Forest,RiverForest_28_RiverForest_05_Animated_Translucent,42,42,RiverForest_05_Animated_Translucent,4997322,9740,-487.9582214355469,-46.3892822265625,0.0,511.5957946777344,93.1727523803711,1511.9879150390625,999.5540161132812,139.5620346069336,1511.9879150390625,6618,2844,796,225,66,22,9,4
580,River Forest,RiverForest_28_RiverForest_03_Animated_Translucent,40,40,RiverForest_03_Animated_Translucent,5007062,9587,-487.95843505859375,-46.37723922729492,0.0,511.87921142578125,93.30915832519531,1511.9578857421875,999.837646484375,139.68639755249023,1511.9578857421875,6545,2825,795,226,66,22,9,4
581,River Forest,RiverForest_28_RiverForest_01_Animated_Translucent,41,41,RiverForest_01_Animated_Translucent,5016649,9806,-487.7638244628906,-46.42934036254883,0.0,511.90386962890625,92.97512817382812,1511.8211669921875,999.6676940917969,139.40446853637695,1511.8211669921875,6649,2861,798,225,66,22,9,4
582,River Forest,RiverForest_29_RiverForest_01_Animated_Translucent,41,41,RiverForest_01_Animated_Translucent,5026455,10186,0.0,-48.04881286621094,0.0,1511.9287109375,68.06122589111328,1511.99853515625,1511.9287109375,116.11003875732422,1511.99853515625,6699,2816,778,223,65,22,9,4
583,River Forest,RiverForest_29_RiverForest_05_Animated_Translucent,42,42,RiverForest_05_Animated_Translucent,5036641,10387,0.0,-48.027957916259766,0.0,1511.998046875,67.83068084716797,1511.9979248046875,1511.998046875,115.85863876342773,1511.9979248046875,6782,2815,781,224,66,22,9,4
584,River Forest,RiverForest_29_RiverForest_03_Animated_Translucent,40,40,RiverForest_03_Animated_Translucent,5047028,10071,0.0,-48.01539611816406,0.0,1511.9833984375,67.77139282226562,1511.934814453125,1511.9833984375,115.78678894042969,1511.934814453125,6661,2820,782,225,66,22,9,4
585,River Forest,RiverForest_30_RiverForest_01_Animated_Translucent,41,41,RiverForest_01_Animated_Translucent,5057099,12239,0.0,-32.316036224365234,0.0,2511.9814453125,99.26758575439453,1511.99560546875,2511.9814453125,131.58362197875977,1511.99560546875,8320,3396,939,268,73,26,10,5
586,River Forest,RiverForest_30_RiverForest_03_Animated_Translucent,40,40,RiverForest_03_Animated_Translucent,5069338,12497,0.0,-38.60650634765625,0.0,2511.8984375,99.27676391601562,1511.98388671875,2511.8984375,137.88327026367188,1511.98388671875,8472,3420,941,266,73,26,10,5
587,River Forest,RiverForest_30_RiverForest_05_Animated_Translucent,42,42,RiverForest_05_Animated_Translucent,5081835,12243,0.0,-40.40433120727539,0.0,2511.983154296875,99.22042083740234,1511.9967041015625,2511.983154296875,139.62475204467773,1511.9967041015625,8386,3399,938,265,73,26,10,5
588,River Forest,RiverForest_31_RiverForest_03_Animated_Translucent,40,40,RiverForest_03_Animated_Translucent,5094078,11208,0.0,-22.300148010253906,0.0,3511.9990234375,99.32398986816406,1511.988037109375,3511.9990234375,121.62413787841797,1511.988037109375,7734,3227,906,278,82,26,10,5
589,River Forest,RiverForest_31_RiverForest_01_Animated_Translucent,41,41,RiverForest_01_Animated_Translucent,5105286,11297,0.0,-22.598695755004883,0.0,3511.9794921875,99.30878448486328,1511.9554443359375,3511.9794921875,121.90748023986816,1511.9554443359375,7773,3233,906,277,82,26,10,5
590,River Forest,RiverForest_31_RiverForest_05_Animated_Translucent,42,42,RiverForest_05_Animated_Translucent,5116583,11251,0.0,-22.496803283691406,0.0,3511.936767578125,99.32036590576172,1511.9676513671875,3511.936767578125,121.81716918945312,1511.9676513671875,7725,3232,911,277,82,26,10,5
591,River Forest,RiverForest_32_RiverForest_03_Animated_Translucent,40,40,RiverForest_03_Animated_Translucent,5127834,13566,0.0,-22.011747360229492,0.0,4511.9208984375,88.88966369628906,1511.903564453125,4511.9208984375,110.90141105651855,1511.903564453125,9093,3559,961,268,82,26,10,5
592,River Forest,RiverForest_32_RiverForest_05_Animated_Translucent,42,42,RiverForest_05_Animated_Translucent,5141400,13386,0.0,-21.46453857421875,0.0,4511.9482421875,88.89331817626953,1511.927978515625,4511.9482421875,110.35785675048828,1511.927978515625,8981,3552,961,270,82,26,10,5
593,River Forest,RiverForest_32_RiverForest_01_Animated_Translucent,41,41,RiverForest_01_Animated_Translucent,5154786,13339,0.0,-53.5013313293457,0.0,4511.947265625,88.85728454589844,1511.980224609375,4511.947265625,142.35861587524414,1511.980224609375,8954,3535,957,266,82,26,10,5
594,River Forest,RiverForest_33_RiverForest_01_Animated_Translucent,41,41,RiverForest_01_Animated_Translucent,5168125,10977,-3487.955810546875,-37.2269401550293,-487.9568786621094,0.0,98.70840454101562,511.9913635253906,3487.955810546875,135.93534469604492,999.9482421875,7595,3144,886,261,73,21,7,3
595,River Forest,RiverForest_33_RiverForest_05_Animated_Translucent,42,42,RiverForest_05_Animated_Translucent,5179102,11308,-3487.910888671875,-36.83898162841797,-487.88385009765625,0.0,98.67584991455078,511.8297119140625,3487.910888671875,135.51483154296875,999.7135620117188,7694,3148,892,264,73,21,7,3
596,River Forest,RiverForest_33_RiverForest_03_Animated_Translucent,40,40,RiverForest_03_Animated_Translucent,5190410,11223,-3487.978271484375,-31.871288299560547,-487.9566650390625,0.0,98.73050689697266,511.9013671875,3487.978271484375,130.6017951965332,999.8580322265625,7687,3165,901,265,73,21,7,3
597,River Forest,RiverForest_34_RiverForest_01_Animated_Translucent,41,41,RiverForest_01_Animated_Translucent,5201633,12314,-2487.943359375,-25.85485076904297,-487.9520568847656,0.0,88.30638122558594,511.99859619140625,2487.943359375,114.1612319946289,999.9506530761719,8347,3342,924,281,82,26,10,5
598,River Forest,RiverForest_34_RiverForest_05_Animated_Translucent,42,42,RiverForest_05_Animated_Translucent,5213947,12264,-2487.91015625,-37.523380279541016,-487.9529724121094,0.0,88.33926391601562,511.8504333496094,2487.91015625,125.86264419555664,999.8034057617188,8375,3354,929,281,82,26,10,5
599,River Forest,RiverForest_34_RiverForest_03_Animated_Translucent,40,40,RiverForest_03_Animated_Translucent,5226211,12180,-2487.843017578125,-31.340293884277344,-487.7532958984375,0.0,88.2919921875,511.9817810058594,2487.843017578125,119.63228607177734,999.7350769042969,8295,3355,927,281,82,26,10,5
600,River Forest,RiverForest_35_RiverForest_03_Animated_Translucent,40,40,RiverForest_03_Animated_Translucent,5238391,12113,-1487.89794921875,-34.41644287109375,-487.93475341796875,0.0,88.26836395263672,511.92132568359375,1487.89794921875,122.68480682373047,999.8560791015625,8101,3255,913,265,82,26,10,5
601,River Forest,RiverForest_35_RiverForest_05_Animated_Translucent,42,42,RiverForest_05_Animated_Translucent,5250504,12216,-1487.828369140625,-45.307533264160156,-487.9920654296875,0.0,88.22988891601562,511.9728698730469,1487.828369140625,133.53742218017578,999.9649353027344,8201,3267,912,263,82,26,10,5
602,River Forest,RiverForest_35_RiverForest_01_Animated_Translucent,41,41,RiverForest_01_Animated_Translucent,5262720,11978,-1487.9678955078125,-38.06440353393555,-487.9708557128906,0.0,88.2352066040039,511.75732421875,1487.9678955078125,126.29961013793945,999.7281799316406,8124,3277,910,263,82,26,10,5
603,River Forest,RiverForest_36_RiverForest_01_Animated_Translucent,41,41,RiverForest_01_Animated_Translucent,5274698,8724,-487.9205017089844,0.0,-487.9545593261719,511.8570251464844,152.85362243652344,511.73046875,999.7775268554688,152.85362243652344,999.6850280761719,5936,2636,757,222,65,21,8,4
604,River Forest,RiverForest_36_RiverForest_03_Animated_Translucent,40,40,RiverForest_03_Animated_Translucent,5283422,8653,-487.7912292480469,0.0,-487.9205017089844,511.9588317871094,152.8920440673828,511.9492492675781,999.7500610351562,152.8920440673828,999.8697509765625,5930,2636,762,224,65,21,8,4
605,River Forest,RiverForest_36_RiverForest_05_Animated_Translucent,42,42,RiverForest_05_Animated_Translucent,5292075,8824,-487.9900817871094,-21.62804412841797,-487.9970703125,511.8597412109375,152.52528381347656,511.95941162109375,999.8498229980469,174.15332794189453,999.9564819335938,5973,2638,758,224,65,21,8,4
606,River Forest,RiverForest_37_RiverForest_05_Animated_Translucent,42,42,RiverForest_05_Animated_Translucent,5300899,9282,0.0,-27.720521926879883,-487.98736572265625,1511.9818115234375,102.2457046508789,511.7990417480469,1511.9818115234375,129.9662265777588,999.7864074707031,6256,2659,754,216,64,22,9,4
607,River Forest,RiverForest_37_RiverForest_03_Animated_Translucent,40,40,RiverForest_03_Animated_Translucent,5310181,9159,0.0,-22.13349151611328,-487.98846435546875,1511.9449462890625,102.48912811279297,511.9757995605469,1511.9449462890625,124.62261962890625,999.9642639160156,6141,2654,752,217,64,22,9,4
608,River Forest,RiverForest_37_RiverForest_01_Animated_Translucent,41,41,RiverForest_01_Animated_Translucent,5319340,9402,0.0,-35.5485954284668,-487.9491271972656,1511.991943359375,102.21955871582031,511.9353942871094,1511.991943359375,137.7681541442871,999.884521484375,6277,2672,752,218,64,22,9,4
609,River Forest,RiverForest_38_RiverForest_01_Animated_Translucent,41,41,RiverForest_01_Animated_Translucent,5328742,12432,0.0,-59.20101547241211,-487.9637451171875,2511.987060546875,87.79444122314453,511.88970947265625,2511.987060546875,146.99545669555664,999.8534545898438,8466,3432,941,268,73,26,10,5
610,River Forest,RiverForest_38_RiverForest_05_Animated_Translucent,42,42,RiverForest_05_Animated_Translucent,5341174,12419,0.0,-46.96603775024414,-487.96636962890625,2511.76318359375,87.82195281982422,511.8775939941406,2511.76318359375,134.78799057006836,999.8439636230469,8472,3445,944,270,73,26,10,5
611,River Forest,RiverForest_38_RiverForest_03_Animated_Translucent,40,40,RiverForest_03_Animated_Translucent,5353593,12316,0.0,-67.34357452392578,-487.8309631347656,2511.89111328125,87.55011749267578,511.9724426269531,2511.89111328125,154.89369201660156,999.8034057617188,8405,3447,950,272,73,26,10,5
612,River Forest,RiverForest_39_RiverForest_05_Animated_Translucent,42,42,RiverForest_05_Animated_Translucent,5365909,10424,0.0,-54.7944221496582,-487.9593200683594,3511.9375,97.82186126708984,511.9694519042969,3511.9375,152.61628341674805,999.9287719726562,7257,3054,870,270,80,26,10,5
613,River Forest,RiverForest_39_RiverForest_03_Animated_Translucent,40,40,RiverForest_03_Animated_Translucent,5376333,10369,0.0,-58.898193359375,-487.96435546875,3511.7353515625,97.79861450195312,511.9812316894531,3511.7353515625,156.69680786132812,999.9455871582031,7192,3038,869,271,81,26,10,5
614,River Forest,RiverForest_39_RiverForest_01_Animated_Translucent,41,41,RiverForest_01_Animated_Translucent,5386702,10425,0.0,-88.19159698486328,-487.9576110839844,3511.9580078125,97.31982421875,511.9305725097656,3511.9580078125,185.51142120361328,999.88818359375,7170,3028,867,268,81,26,10,5
615,River Forest,RiverForest_40_RiverForest_03_Animated_Translucent,40,40,RiverForest_03_Animated_Translucent,5397127,12748,0.0,-36.585140228271484,-487.9437255859375,4511.8974609375,126.66708374023438,511.95013427734375,4511.8974609375,163.25222396850586,999.8938598632812,8756,3581,971,270,82,26,10,5
616,River Forest,RiverForest_40_RiverForest_01_Animated_Translucent,41,41,RiverForest_01_Animated_Translucent,5409875,12738,0.0,-35.59758758544922,-487.99224853515625,4511.927734375,128.01034545898438,511.9640808105469,4511.927734375,163.6079330444336,999.9563293457031,8832,3574,975,270,82,26,10,5
617,River Forest,RiverForest_40_RiverForest_05_Animated_Translucent,42,42,RiverForest_05_Animated_Translucent,5422613,12755,0.0,-36.78815460205078,-487.9853820800781,4511.98974609375,126.54734802246094,511.99920654296875,4511.98974609375,163.33550262451172,999.9845886230469,8784,3579,971,269,82,26,10,5
618,River Forest,RiverForest_41_RiverForest_01_Animated_Translucent,41,41,RiverForest_01_Animated_Translucent,5435368,13331,-3487.9794921875,-24.450403213500977,-1487.9205322265625,0.0,106.79886627197266,0.0,3487.9794921875,131.24926948547363,1487.9205322265625,9138,3692,993,254,73,21,7,3
619,River Forest,RiverForest_41_RiverForest_03_Animated_Translucent,40,40,RiverForest_03_Animated_Translucent,5448699,13507,-3487.725830078125,-24.450830459594727,-1487.970458984375,0.0,107.60428619384766,0.0,3487.725830078125,132.05511665344238,1487.970458984375,9211,3710,993,254,73,21,7,3
620,River Forest,RiverForest_41_RiverForest_05_Animated_Translucent,42,42,RiverForest_05_Animated_Translucent,5462206,13692,-3487.92578125,-24.451663970947266,-1487.8365478515625,0.0,108.038818359375,0.0,3487.92578125,132.49048233032227,1487.8365478515625,9278,3704,994,254,73,21,7,3
621,River Forest,RiverForest_42_RiverForest_01_Animated_Translucent,41,41,RiverForest_01_Animated_Translucent,5475898,14228,-2487.981689453125,-22.89042091369629,-1487.9949951171875,0.0,151.6057586669922,0.0,2487.981689453125,174.49617958068848,1487.9949951171875,9609,3869,1024,273,82,26,10,5
622,River Forest,RiverForest_42_RiverForest_05_Animated_Translucent,42,42,RiverForest_05_Animated_Translucent,5490126,14031,-2487.835693359375,-22.862491607666016,-1487.8638916015625,0.0,152.41990661621094,0.0,2487.835693359375,175.28239822387695,1487.8638916015625,9529,3835,1025,273,82,26,10,5
623,River Forest,RiverForest_42_RiverForest_03_Animated_Translucent,40,40,RiverForest_03_Animated_Translucent,5504157,14280,-2487.964111328125,-22.826053619384766,-1487.888427734375,0.0,151.09225463867188,0.0,2487.964111328125,173.91830825805664,1487.888427734375,9636,3835,1025,273,82,26,10,5
624,River Forest,RiverForest_43_RiverForest_01_Animated_Translucent,41,41,RiverForest_01_Animated_Translucent,5518437,12986,-1487.88720703125,0.0,-1487.8729248046875,0.0,351.237060546875,0.0,1487.88720703125,351.237060546875,1487.8729248046875,8999,3768,1024,257,82,26,10,5
625,River Forest,RiverForest_43_RiverForest_05_Animated_Translucent,42,42,RiverForest_05_Animated_Translucent,5531423,13037,-1487.8331298828125,0.0,-1487.9176025390625,0.0,352.2691345214844,0.0,1487.8331298828125,352.2691345214844,1487.9176025390625,9066,3797,1025,257,82,26,10,5
626,River Forest,RiverForest_43_RiverForest_03_Animated_Translucent,40,40,RiverForest_03_Animated_Translucent,5544460,12989,-1487.8609619140625,0.0,-1487.8924560546875,0.0,350.66009521484375,0.0,1487.8609619140625,350.66009521484375,1487.8924560546875,9098,3794,1023,257,82,26,10,5
627,River Forest,RiverForest_44_RiverForest_03_Animated_Translucent,40,40,RiverForest_03_Animated_Translucent,5557449,12845,-487.9293518066406,-30.997154235839844,-1487.908203125,511.984130859375,247.99334716796875,0.0,999.9134826660156,278.9905014038086,1487.908203125,8947,3746,1021,273,82,26,10,5
628,River Forest,RiverForest_44_RiverForest_05_Animated_Translucent,42,42,RiverForest_05_Animated_Translucent,5570294,13013,-487.98883056640625,-30.94866943359375,-1487.7501220703125,511.9106140136719,252.49362182617188,0.0,999.8994445800781,283.4422912597656,1487.7501220703125,8943,3753,1021,273,82,26,10,5
629,River Forest,RiverForest_44_RiverForest_01_Animated_Translucent,41,41,RiverForest_01_Animated_Translucent,5583307,13051,-487.99041748046875,-30.972007751464844,-1487.9805908203125,511.98590087890625,248.53463745117188,0.0,999.976318359375,279.5066452026367,1487.9805908203125,8970,3726,1018,272,82,26,10,5
630,River Forest,RiverForest_45_RiverForest_03_Animated_Translucent,40,40,RiverForest_03_Animated_Translucent,5596358,14084,0.0,-6.218955039978027,-1487.9110107421875,1511.982666015625,150.87124633789062,0.0,1511.982666015625,157.09020137786865,1487.9110107421875,9507,3825,1023,273,82,26,10,5
631,River Forest,RiverForest_45_RiverForest_05_Animated_Translucent,42,42,RiverForest_05_Animated_Translucent,5610442,14111,0.0,-6.214646339416504,-1487.9996337890625,1511.8568115234375,151.853271484375,0.0,1511.8568115234375,158.0679178237915,1487.9996337890625,9460,3788,1023,273,82,26,10,5
632,River Forest,RiverForest_45_RiverForest_01_Animated_Translucent,41,41,RiverForest_01_Animated_Translucent,5624553,13935,0.0,-6.209610939025879,-1487.9896240234375,1511.89892578125,151.2616729736328,0.0,1511.89892578125,157.4712839126587,1487.9896240234375,9464,3802,1022,273,82,26,10,5
633,River Forest,RiverForest_46_RiverForest_01_Animated_Translucent,41,41,RiverForest_01_Animated_Translucent,5638488,13045,0.0,-29.097248077392578,-1487.91796875,2511.84765625,241.2292938232422,0.0,2511.84765625,270.32654190063477,1487.91796875,9014,3764,1022,257,73,26,10,5
634,River Forest,RiverForest_46_RiverForest_05_Animated_Translucent,42,42,RiverForest_05_Animated_Translucent,5651533,12796,0.0,-29.311098098754883,-1487.977294921875,2511.7041015625,241.21876525878906,0.0,2511.7041015625,270.52986335754395,1487.977294921875,8818,3751,1022,257,73,26,10,5
635,River Forest,RiverForest_46_RiverForest_03_Animated_Translucent,40,40,RiverForest_03_Animated_Translucent,5664329,13034,0.0,-34.84873580932617,-1487.9281005859375,2511.77783203125,240.7582550048828,0.0,2511.77783203125,275.606990814209,1487.9281005859375,8969,3753,1025,257,73,26,10,5
636,River Forest,RiverForest_47_RiverForest_05_Animated_Translucent,42,42,RiverForest_05_Animated_Translucent,5677363,9990,0.0,-28.20134735107422,-1487.8914794921875,3511.961181640625,339.5393981933594,0.0,3511.961181640625,367.7407455444336,1487.8914794921875,7196,3273,945,263,81,26,10,5
637,River Forest,RiverForest_47_RiverForest_01_Animated_Translucent,41,41,RiverForest_01_Animated_Translucent,5687353,10000,0.0,-33.892696380615234,-1487.957275390625,3511.88623046875,339.8123779296875,0.0,3511.88623046875,373.70507431030273,1487.957275390625,7262,3309,955,264,81,26,10,5
638,River Forest,RiverForest_47_RiverForest_03_Animated_Translucent,40,40,RiverForest_03_Animated_Translucent,5697353,10119,0.0,-28.553260803222656,-1487.9537353515625,3511.923095703125,339.25970458984375,0.0,3511.923095703125,367.8129653930664,1487.9537353515625,7263,3296,949,264,81,26,10,5
639,River Forest,RiverForest_48_RiverForest_05_Animated_Translucent,42,42,RiverForest_05_Animated_Translucent,5707472,10617,0.0,0.0,-1487.751953125,4511.99658203125,368.36846923828125,0.0,4511.99658203125,368.36846923828125,1487.751953125,7706,3536,1005,257,82,26,10,5
640,River Forest,RiverForest_48_RiverForest_01_Animated_Translucent,41,41,RiverForest_01_Animated_Translucent,5718089,10597,0.0,0.0,-1487.96044921875,4511.939453125,368.3934326171875,0.0,4511.939453125,368.3934326171875,1487.96044921875,7749,3563,1005,257,82,26,10,5
641,River Forest,RiverForest_48_RiverForest_03_Animated_Translucent,40,40,RiverForest_03_Animated_Translucent,5728686,10918,0.0,0.0,-1487.9405517578125,4512.0,368.4156494140625,0.0,4512.0,368.4156494140625,1487.9405517578125,7872,3600,1004,257,82,26,10,5
642,River Forest,RiverForest_49_RiverForest_01_Animated_Translucent,41,41,RiverForest_01_Animated_Translucent,5739604,13681,-3487.7568359375,0.0,-2487.771484375,0.0,187.00184631347656,0.0,3487.7568359375,187.00184631347656,2487.771484375,9293,3767,1023,273,73,21,7,3
643,River Forest,RiverForest_49_RiverForest_03_Animated_Translucent,40,40,RiverForest_03_Animated_Translucent,5753285,13741,-3487.95556640625,0.0,-2487.75048828125,0.0,187.10891723632812,0.0,3487.95556640625,187.10891723632812,2487.75048828125,9378,3759,1023,273,73,21,7,3
644,River Forest,RiverForest_49_RiverForest_05_Animated_Translucent,42,42,RiverForest_05_Animated_Translucent,5767026,13541,-3487.976806640625,0.0,-2487.97998046875,0.0,187.0656280517578,0.0,3487.976806640625,187.0656280517578,2487.97998046875,9198,3746,1021,273,73,21,7,3
645,River Forest,RiverForest_50_RiverForest_03_Animated_Translucent,40,40,RiverForest_03_Animated_Translucent,5780567,11302,-2487.98486328125,-17.89080810546875,-2487.975341796875,0.0,225.618408203125,0.0,2487.98486328125,243.50921630859375,2487.975341796875,8022,3577,1019,290,82,26,10,5
646,River Forest,RiverForest_50_RiverForest_05_Animated_Translucent,42,42,RiverForest_05_Animated_Translucent,5791869,11144,-2487.96630859375,-17.90242576599121,-2487.938232421875,0.0,224.6127166748047,0.0,2487.96630859375,242.5151424407959,2487.938232421875,7968,3580,1020,290,82,26,10,5
647,River Forest,RiverForest_50_RiverForest_01_Animated_Translucent,41,41,RiverForest_01_Animated_Translucent,5803013,11339,-2487.9306640625,-17.898502349853516,-2487.934326171875,0.0,224.6477813720703,0.0,2487.9306640625,242.54628372192383,2487.934326171875,8060,3573,1020,290,82,26,10,5
648,River Forest,RiverForest_51_RiverForest_05_Animated_Translucent,42,42,RiverForest_05_Animated_Translucent,5814352,10428,-1487.8577880859375,0.0,-2487.95166015625,0.0,410.5555725097656,0.0,1487.8577880859375,410.5555725097656,2487.95166015625,7598,3522,1022,273,82,26,10,5
649,River Forest,RiverForest_51_RiverForest_03_Animated_Translucent,40,40,RiverForest_03_Animated_Translucent,5824780,10213,-1487.8563232421875,0.0,-2487.903564453125,0.0,411.0777893066406,0.0,1487.8563232421875,411.0777893066406,2487.903564453125,7444,3506,1020,273,82,26,10,5
650,River Forest,RiverForest_51_RiverForest_01_Animated_Translucent,41,41,RiverForest_01_Animated_Translucent,5834993,10394,-1487.958740234375,0.0,-2487.875244140625,0.0,410.6121520996094,0.0,1487.958740234375,410.6121520996094,2487.875244140625,7579,3529,1020,273,82,26,10,5
651,River Forest,RiverForest_52_RiverForest_05_Animated_Translucent,42,42,RiverForest_05_Animated_Translucent,5845387,9792,-487.81298828125,-27.431547164916992,-2487.94921875,511.8476867675781,345.2581481933594,0.0,999.6606750488281,372.68969535827637,2487.94921875,7193,3447,1009,289,82,26,10,5
652,River Forest,RiverForest_52_RiverForest_01_Animated_Translucent,41,41,RiverForest_01_Animated_Translucent,5855179,9693,-487.8302307128906,-27.0006046295166,-2487.974365234375,511.8329162597656,346.13140869140625,0.0,999.6631469726562,373.13201332092285,2487.974365234375,7182,3425,1009,289,82,26,10,5
653,River Forest,RiverForest_52_RiverForest_03_Animated_Translucent,40,40,RiverForest_03_Animated_Translucent,5864872,9822,-487.68951416015625,-26.94355583190918,-2487.979248046875,511.7772521972656,346.93817138671875,0.0,999.4667663574219,373.88172721862793,2487.979248046875,7220,3442,1010,288,82,26,10,5
654,River Forest,RiverForest_53_RiverForest_05_Animated_Translucent,42,42,RiverForest_05_Animated_Translucent,5874694,10352,0.0,-38.48889923095703,-2487.980712890625,1511.5789794921875,231.5995330810547,0.0,1511.5789794921875,270.0884323120117,2487.980712890625,7321,3318,1000,289,82,26,10,5
655,River Forest,RiverForest_53_RiverForest_01_Animated_Translucent,41,41,RiverForest_01_Animated_Translucent,5885046,10292,0.0,-38.46910095214844,-2487.937255859375,1511.47509765625,231.6473846435547,0.0,1511.47509765625,270.1164855957031,2487.937255859375,7326,3332,1000,289,82,26,10,5
656,River Forest,RiverForest_53_RiverForest_03_Animated_Translucent,40,40,RiverForest_03_Animated_Translucent,5895338,10280,0.0,-38.4910774230957,-2487.95263671875,1511.95166015625,231.37646484375,0.0,1511.95166015625,269.8675422668457,2487.95263671875,7322,3303,1000,289,82,26,10,5
657,River Forest,RiverForest_54_RiverForest_03_Animated_Translucent,40,40,RiverForest_03_Animated_Translucent,5905618,12262,0.0,0.0,-2487.97265625,2511.96533203125,233.25802612304688,0.0,2511.96533203125,233.25802612304688,2487.97265625,8519,3637,1015,273,73,26,10,5
658,River Forest,RiverForest_54_RiverForest_01_Animated_Translucent,41,41,RiverForest_01_Animated_Translucent,5917880,12373,0.0,0.0,-2487.981689453125,2511.978759765625,233.25433349609375,0.0,2511.978759765625,233.25433349609375,2487.981689453125,8494,3630,1019,273,73,26,10,5
659,River Forest,RiverForest_54_RiverForest_05_Animated_Translucent,42,42,RiverForest_05_Animated_Translucent,5930253,12407,0.0,0.0,-2487.900390625,2511.953369140625,233.09140014648438,0.0,2511.953369140625,233.09140014648438,2487.900390625,8609,3647,1023,273,73,26,10,5
660,River Forest,RiverForest_55_RiverForest_01_Animated_Translucent,41,41,RiverForest_01_Animated_Translucent,5942660,13246,0.0,0.0,-2487.9296875,3511.991455078125,347.02862548828125,0.0,3511.991455078125,347.02862548828125,2487.9296875,9141,3777,1020,290,82,26,10,5
661,River Forest,RiverForest_55_RiverForest_05_Animated_Translucent,42,42,RiverForest_05_Animated_Translucent,5955906,13309,0.0,0.0,-2487.911865234375,3511.905029296875,346.7572937011719,0.0,3511.905029296875,346.7572937011719,2487.911865234375,9119,3753,1021,290,82,26,10,5
662,River Forest,RiverForest_55_RiverForest_03_Animated_Translucent,40,40,RiverForest_03_Animated_Translucent,5969215,13138,0.0,0.0,-2487.935302734375,3511.989013671875,347.19464111328125,0.0,3511.989013671875,347.19464111328125,2487.935302734375,9105,3753,1019,289,82,26,10,5
663,River Forest,RiverForest_56_RiverForest_01_Animated_Translucent,41,41,RiverForest_01_Animated_Translucent,5982353,11859,0.0,0.0,-2487.85595703125,4511.958984375,366.89276123046875,0.0,4511.958984375,366.89276123046875,2487.85595703125,8431,3692,1020,273,82,26,10,5
664,River Forest,RiverForest_56_RiverForest_03_Animated_Translucent,40,40,RiverForest_03_Animated_Translucent,5994212,11818,0.0,0.0,-2487.797119140625,4511.91943359375,366.75689697265625,0.0,4511.91943359375,366.75689697265625,2487.797119140625,8379,3672,1020,273,82,26,10,5
665,River Forest,RiverForest_56_RiverForest_05_Animated_Translucent,42,42,RiverForest_05_Animated_Translucent,6006030,11879,0.0,0.0,-2487.912841796875,4511.8984375,366.7030334472656,0.0,4511.8984375,366.7030334472656,2487.912841796875,8389,3676,1022,273,82,26,10,5
666,River Forest,RiverForest_57_RiverForest_01_Animated_Translucent,41,41,RiverForest_01_Animated_Translucent,6017909,14216,-3487.981201171875,0.0,-3487.9619140625,0.0,143.65582275390625,0.0,3487.981201171875,143.65582275390625,3487.9619140625,9668,3851,1019,257,65,17,5,2
667,River Forest,RiverForest_57_RiverForest_05_Animated_Translucent,42,42,RiverForest_05_Animated_Translucent,6032125,14142,-3487.9755859375,0.0,-3487.9541015625,0.0,143.73782348632812,0.0,3487.9755859375,143.73782348632812,3487.9541015625,9536,3853,1021,257,65,17,5,2
668,River Forest,RiverForest_57_RiverForest_03_Animated_Translucent,40,40,RiverForest_03_Animated_Translucent,6046267,14115,-3487.990478515625,0.0,-3487.9169921875,0.0,143.77911376953125,0.0,3487.990478515625,143.77911376953125,3487.9169921875,9575,3826,1018,257,65,17,5,2
669,River Forest,RiverForest_58_RiverForest_05_Animated_Translucent,42,42,RiverForest_05_Animated_Translucent,6060382,13115,-2487.987060546875,0.0,-3487.986572265625,0.0,157.4057159423828,0.0,2487.987060546875,157.4057159423828,3487.986572265625,9033,3747,1022,273,73,21,7,3
670,River Forest,RiverForest_58_RiverForest_01_Animated_Translucent,41,41,RiverForest_01_Animated_Translucent,6073497,13101,-2487.94970703125,0.0,-3487.931884765625,0.0,157.42990112304688,0.0,2487.94970703125,157.42990112304688,3487.931884765625,9016,3747,1023,273,73,21,7,3
671,River Forest,RiverForest_58_RiverForest_03_Animated_Translucent,40,40,RiverForest_03_Animated_Translucent,6086598,12956,-2487.880126953125,0.0,-3487.9814453125,0.0,157.43975830078125,0.0,2487.880126953125,157.43975830078125,3487.9814453125,8958,3744,1022,273,73,21,7,3
672,River Forest,RiverForest_59_RiverForest_03_Animated_Translucent,40,40,RiverForest_03_Animated_Translucent,6099554,13075,-1487.9896240234375,0.0,-3487.979248046875,0.0,222.12733459472656,0.0,1487.9896240234375,222.12733459472656,3487.979248046875,9040,3800,1023,257,73,21,7,3
673,River Forest,RiverForest_59_RiverForest_01_Animated_Translucent,41,41,RiverForest_01_Animated_Translucent,6112629,13276,-1487.949951171875,0.0,-3487.982177734375,0.0,223.9193572998047,0.0,1487.949951171875,223.9193572998047,3487.982177734375,9179,3800,1020,257,73,21,7,3
674,River Forest,RiverForest_59_RiverForest_05_Animated_Translucent,42,42,RiverForest_05_Animated_Translucent,6125905,13316,-1487.83642578125,0.0,-3487.9501953125,0.0,222.25148010253906,0.0,1487.83642578125,222.25148010253906,3487.9501953125,9294,3809,1024,257,73,21,7,3
675,River Forest,RiverForest_60_RiverForest_05_Animated_Translucent,42,42,RiverForest_05_Animated_Translucent,6139221,12724,-487.971435546875,-51.745941162109375,-3487.842041015625,511.94537353515625,217.92259216308594,0.0,999.9168090820312,269.6685333251953,3487.842041015625,8918,3772,1022,273,73,21,7,3
676,River Forest,RiverForest_60_RiverForest_03_Animated_Translucent,40,40,RiverForest_03_Animated_Translucent,6151945,12782,-487.97747802734375,-51.5543212890625,-3487.989501953125,511.9466552734375,219.15907287597656,0.0,999.9241333007812,270.71339416503906,3487.989501953125,8880,3788,1022,273,73,21,7,3
677,River Forest,RiverForest_60_RiverForest_01_Animated_Translucent,41,41,RiverForest_01_Animated_Translucent,6164727,12476,-487.9541320800781,-51.73638153076172,-3487.94677734375,511.9929504394531,217.16775512695312,0.0,999.9470825195312,268.90413665771484,3487.94677734375,8792,3746,1022,273,73,21,7,3
678,River Forest,RiverForest_61_RiverForest_03_Animated_Translucent,40,40,RiverForest_03_Animated_Translucent,6177203,11725,0.0,-52.69874572753906,-3487.934814453125,1511.9654541015625,236.32443237304688,0.0,1511.9654541015625,289.02317810058594,3487.934814453125,8254,3602,1016,273,73,21,7,3
679,River Forest,RiverForest_61_RiverForest_05_Animated_Translucent,42,42,RiverForest_05_Animated_Translucent,6188928,11632,0.0,-52.72503662109375,-3487.982666015625,1511.9644775390625,236.40040588378906,0.0,1511.9644775390625,289.1254425048828,3487.982666015625,8188,3584,1016,273,73,21,7,3
680,River Forest,RiverForest_61_RiverForest_01_Animated_Translucent,41,41,RiverForest_01_Animated_Translucent,6200560,11732,0.0,-52.724090576171875,-3487.92236328125,1511.9464111328125,236.17999267578125,0.0,1511.9464111328125,288.9040832519531,3487.92236328125,8168,3592,1009,273,73,21,7,3
681,River Forest,RiverForest_62_RiverForest_03_Animated_Translucent,40,40,RiverForest_03_Animated_Translucent,6212292,11505,0.0,0.0,-3487.972412109375,2511.927978515625,315.8472595214844,0.0,2511.927978515625,315.8472595214844,3487.972412109375,8219,3614,1019,257,65,21,7,3
682,River Forest,RiverForest_62_RiverForest_05_Animated_Translucent,42,42,RiverForest_05_Animated_Translucent,6223797,11751,0.0,0.0,-3487.966796875,2511.9990234375,315.76458740234375,0.0,2511.9990234375,315.76458740234375,3487.966796875,8264,3604,1017,257,65,21,7,3
683,River Forest,RiverForest_62_RiverForest_01_Animated_Translucent,41,41,RiverForest_01_Animated_Translucent,6235548,11688,0.0,0.0,-3487.9638671875,2511.945556640625,315.7754211425781,0.0,2511.945556640625,315.7754211425781,3487.9638671875,8263,3625,1022,257,65,21,7,3
684,River Forest,RiverForest_63_RiverForest_03_Animated_Translucent,40,40,RiverForest_03_Animated_Translucent,6247236,12077,0.0,0.0,-3487.920166015625,3511.812744140625,296.45196533203125,0.0,3511.812744140625,296.45196533203125,3487.920166015625,8434,3671,1019,273,73,21,7,3
685,River Forest,RiverForest_63_RiverForest_05_Animated_Translucent,42,42,RiverForest_05_Animated_Translucent,6259313,12171,0.0,0.0,-3487.93994140625,3511.939697265625,296.1287536621094,0.0,3511.939697265625,296.1287536621094,3487.93994140625,8458,3656,1021,273,73,21,7,3
686,River Forest,RiverForest_63_RiverForest_01_Animated_Translucent,41,41,RiverForest_01_Animated_Translucent,6271484,12323,0.0,0.0,-3487.987060546875,3511.9482421875,296.2757568359375,0.0,3511.9482421875,296.2757568359375,3487.987060546875,8622,3678,1022,273,73,21,7,3
687,River Forest,RiverForest_64_RiverForest_01_Animated_Translucent,41,41,RiverForest_01_Animated_Translucent,6283807,11934,0.0,0.0,-3487.841552734375,4511.98828125,288.3468017578125,0.0,4511.98828125,288.3468017578125,3487.841552734375,8483,3734,1021,257,73,21,7,3
688,River Forest,RiverForest_64_RiverForest_03_Animated_Translucent,40,40,RiverForest_03_Animated_Translucent,6295741,12123,0.0,0.0,-3487.896728515625,4511.990234375,290.885498046875,0.0,4511.990234375,290.885498046875,3487.896728515625,8512,3738,1021,257,73,21,7,3
689,River Forest,RiverForest_64_RiverForest_05_Animated_Translucent,42,42,RiverForest_05_Animated_Translucent,6307864,12084,0.0,0.0,-3487.91552734375,4511.87646484375,289.7913818359375,0.0,4511.87646484375,289.7913818359375,3487.91552734375,8551,3756,1023,257,73,21,7,3
690,River Forest,RiverForest_Cinematic_RiverForest_01_Animated_Translucent,41,41,RiverForest_01_Animated_Translucent,6319948,14580,12.050812721252441,-51.422035217285156,12.000003814697266,1011.9264526367188,110.99541473388672,1011.9555053710938,999.8756399154663,162.41744995117188,999.9555015563965,8689,3335,923,283,81,25,9,4
691,River Forest,RiverForest_Cinematic_RiverForest_05_Animated_Translucent,42,42,RiverForest_05_Animated_Translucent,6334528,14312,12.017142295837402,-40.35163497924805,12.02413272857666,1011.9832763671875,111.0009536743164,1011.8387451171875,999.9661340713501,151.35258865356445,999.8146123886108,8650,3334,923,281,81,25,9,4
692,River Forest,RiverForest_Cinematic_RiverForest_03_Animated_Translucent,40,40,RiverForest_03_Animated_Translucent,6348840,14374,12.087608337402344,-45.81694412231445,12.08438491821289,1011.9951171875,109.15763092041016,1011.9577026367188,999.9075088500977,154.9745750427246,999.8733177185059,8627,3306,916,281,81,25,9,4
693,River Sapling,RiverSapling_02_Translucent,43,43,RiverSapling_02_Translucent,6363214,8771,0.0,-38.58911895751953,0.0,1011.973388671875,111.0009536743164,1011.8552856445312,1011.973388671875,149.59007263183594,1011.8552856445312,6379,3102,916,283,81,25,9,4
694,River Sapling,RiverSapling_05_Translucent,44,44,RiverSapling_05_Translucent,6371985,8892,0.0,-23.794235229492188,0.0,1011.9951171875,106.23611450195312,1011.9542846679688,1011.9951171875,130.0303497314453,1011.9542846679688,6463,3134,915,281,81,25,9,4
695,River Sapling,RiverSapling_01_Translucent,45,45,RiverSapling_01_Translucent,6380877,9230,0.0,-23.680273056030273,0.0,1011.8670654296875,108.982421875,1011.9650268554688,1011.8670654296875,132.66269493103027,1011.9650268554688,6616,3162,919,283,81,25,9,4
696,River Sapling,RiverSapling_04_Translucent,46,46,RiverSapling_04_Translucent,6390107,9229,0.0,-33.4953727722168,0.0,1011.9832763671875,110.58951568603516,1011.9445190429688,1011.9832763671875,144.08488845825195,1011.9445190429688,6607,3150,918,281,81,25,9,4
697,River Sapling,RiverSapling_03_Translucent,47,47,RiverSapling_03_Translucent,6399336,8878,0.0,-28.678319931030273,0.0,1011.8968505859375,108.6783447265625,1011.9650268554688,1011.8968505859375,137.35666465759277,1011.9650268554688,6415,3133,916,281,81,25,9,4
698,River Seedling,RiverSeedling_01_RiverSeedling_01_Translucent,48,48,RiverSeedling_01_Translucent,6408214,20315,12.009530067443848,2.7888832092285156,762.0014038085938,261.9983215332031,53.56039810180664,1011.9995727539062,249.98879146575928,50.771514892578125,249.9981689453125,1024,289,81,25,9,4,2,1
699,River Seedling,RiverSeedling_01_RiverSeedling_02_Translucent,49,49,RiverSeedling_02_Translucent,6428529,20523,12.00457763671875,2.789266347885132,762.0272216796875,261.9938659667969,53.84156799316406,1011.990966796875,249.98928833007812,51.05230164527893,249.9637451171875,1024,289,81,25,9,4,2,1
700,River Seedling,RiverSeedling_01_RiverSeedling_04_Translucent,50,50,RiverSeedling_04_Translucent,6449052,20376,12.017069816589355,2.7895586490631104,762.0123291015625,261.9974670410156,53.84073257446289,1011.9757080078125,249.98039722442627,51.05117392539978,249.96337890625,1024,289,81,25,9,4,2,1
701,River Seedling,RiverSeedling_01_RiverSeedling_03_Translucent,51,51,RiverSeedling_03_Translucent,6469428,20551,12.00266170501709,2.791347026824951,762.001220703125,261.99896240234375,53.85972595214844,1011.998046875,249.99630069732666,51.068378925323486,249.996826171875,1024,289,81,25,9,4,2,1
702,River Seedling,RiverSeedling_01_RiverSeedling_05_Translucent,52,52,RiverSeedling_05_Translucent,6489979,20279,12.01889705657959,2.789379835128784,762.0014038085938,261.9837646484375,53.464881896972656,1011.965576171875,249.9648675918579,50.67550206184387,249.96417236328125,1024,289,81,25,9,4,2,1
703,River Seedling,RiverSeedling_02_RiverSeedling_02_Translucent,49,49,RiverSeedling_02_Translucent,6510258,21957,262.0075988769531,-15.10189437866211,762.040771484375,511.9864196777344,56.86213302612305,1011.9949951171875,249.97882080078125,71.96402740478516,249.9542236328125,1024,272,72,25,9,4,1,1
704,River Seedling,RiverSeedling_02_RiverSeedling_03_Translucent,51,51,RiverSeedling_03_Translucent,6532215,21918,262.00592041015625,-15.264044761657715,762.0025024414062,511.9906005859375,56.87377166748047,1011.9959716796875,249.98468017578125,72.13781642913818,249.99346923828125,1024,272,72,25,9,4,1,1
705,River Seedling,RiverSeedling_02_RiverSeedling_04_Translucent,50,50,RiverSeedling_04_Translucent,6554133,21640,262.01092529296875,-15.037825584411621,762.0066528320312,511.9933776855469,56.85176086425781,1011.9962158203125,249.98245239257812,71.88958644866943,249.98956298828125,1023,272,72,25,9,4,1,1
706,River Seedling,RiverSeedling_02_RiverSeedling_05_Translucent,52,52,RiverSeedling_05_Translucent,6575773,21974,262.0442199707031,-14.991012573242188,762.0037841796875,511.99761962890625,56.808563232421875,1011.9967651367188,249.95339965820312,71.79957580566406,249.99298095703125,1024,272,72,25,9,4,1,1
707,River Seedling,RiverSeedling_02_RiverSeedling_01_Translucent,48,48,RiverSeedling_01_Translucent,6597747,21902,262.0116882324219,-15.374025344848633,762.0025024414062,511.9991760253906,56.87086486816406,1011.9959716796875,249.98748779296875,72.2448902130127,249.99346923828125,1024,272,72,25,9,4,1,1
708,River Seedling,RiverSeedling_03_RiverSeedling_04_Translucent,50,50,RiverSeedling_04_Translucent,6619649,12582,12.011758804321289,-15.500269889831543,512.00537109375,261.9465637207031,42.02877426147461,761.9959106445312,249.93480491638184,57.52904415130615,249.99053955078125,722,201,60,24,9,4,4,2
709,River Seedling,RiverSeedling_03_RiverSeedling_01_Translucent,48,48,RiverSeedling_01_Translucent,6632231,12455,12.004051208496094,-33.637088775634766,512.0105590820312,261.98486328125,43.56435775756836,761.9710693359375,249.9808120727539,77.20144653320312,249.96051025390625,727,204,62,25,9,4,4,2
710,River Seedling,RiverSeedling_03_RiverSeedling_03_Translucent,51,51,RiverSeedling_03_Translucent,6644686,12412,12.011106491088867,-22.146677017211914,512.0001831054688,261.9785461425781,43.83161163330078,761.9972534179688,249.96743965148926,65.9782886505127,249.9970703125,724,205,61,24,9,4,4,2
711,River Seedling,RiverSeedling_03_RiverSeedling_02_Translucent,49,49,RiverSeedling_02_Translucent,6657098,12450,12.004530906677246,-13.123261451721191,512.0217895507812,261.9963073730469,43.35667037963867,761.9905395507812,249.99177646636963,56.47993183135986,249.96875,717,203,60,24,9,4,4,2
712,River Seedling,RiverSeedling_03_RiverSeedling_05_Translucent,52,52,RiverSeedling_05_Translucent,6669548,12331,12.020758628845215,-40.55862808227539,512.0079956054688,261.9944763183594,43.48863220214844,761.9954223632812,249.97371768951416,84.04726028442383,249.9874267578125,726,210,63,25,9,4,4,2
713,River Seedling,RiverSeedling_04_RiverSeedling_01_Translucent,48,48,RiverSeedling_01_Translucent,6681879,19499,262.00689697265625,-5.717002868652344,512.003173828125,511.9993591308594,26.001792907714844,761.982666015625,249.99246215820312,31.718795776367188,249.9794921875,1006,252,64,25,9,4,2,2
714,River Seedling,RiverSeedling_04_RiverSeedling_03_Translucent,51,51,RiverSeedling_03_Translucent,6701378,19598,262.01837158203125,-5.605064392089844,512.0032958984375,511.98828125,26.00458526611328,761.9624633789062,249.96990966796875,31.609649658203125,249.95916748046875,1006,253,64,25,9,4,2,2
715,River Seedling,RiverSeedling_04_RiverSeedling_04_Translucent,50,50,RiverSeedling_04_Translucent,6720976,19533,262.0358581542969,-5.6473517417907715,512.0186767578125,511.979248046875,25.97002601623535,761.998291015625,249.94338989257812,31.617377758026123,249.9796142578125,1006,253,64,25,9,4,2,2
716,River Seedling,RiverSeedling_04_RiverSeedling_02_Translucent,49,49,RiverSeedling_02_Translucent,6740509,19356,262.08477783203125,-5.705564498901367,512.0089111328125,511.9669494628906,26.023099899291992,761.974609375,249.88217163085938,31.72866439819336,249.9656982421875,1005,252,64,25,9,4,2,2
717,River Seedling,RiverSeedling_04_RiverSeedling_05_Translucent,52,52,RiverSeedling_05_Translucent,6759865,19632,262.0097351074219,-5.603401184082031,512.0234375,511.9960021972656,26.02956199645996,761.9977416992188,249.98626708984375,31.632963180541992,249.97430419921875,1006,252,64,25,9,4,2,2
718,River Seedling,RiverSeedling_05_RiverSeedling_01_Translucent,48,48,RiverSeedling_01_Translucent,6779497,5516,12.007657051086426,-15.411629676818848,262.01019287109375,261.96099853515625,74.26799011230469,511.9855651855469,249.95334148406982,89.67961978912354,249.97537231445312,527,164,56,23,9,4,2,1
719,River Seedling,RiverSeedling_05_RiverSeedling_03_Translucent,51,51,RiverSeedling_03_Translucent,6785013,5469,12.036039352416992,-4.174881935119629,262.0079650878906,261.9978332519531,74.28581237792969,511.9611511230469,249.96179389953613,78.46069431304932,249.95318603515625,524,166,56,23,9,4,2,1
720,River Seedling,RiverSeedling_05_RiverSeedling_05_Translucent,52,52,RiverSeedling_05_Translucent,6790482,5421,12.015552520751953,-6.506617069244385,262.00341796875,261.9803466796875,74.23011779785156,511.9989318847656,249.96479415893555,80.73673486709595,249.99551391601562,515,165,56,23,9,4,2,1
721,River Seedling,RiverSeedling_05_RiverSeedling_02_Translucent,49,49,RiverSeedling_02_Translucent,6795903,5393,12.070671081542969,-10.681772232055664,262.0019226074219,261.91229248046875,74.21171569824219,511.89404296875,249.84162139892578,84.89348793029785,249.89212036132812,517,163,56,23,9,4,2,1
722,River Seedling,RiverSeedling_05_RiverSeedling_04_Translucent,50,50,RiverSeedling_04_Translucent,6801296,5348,12.037487983703613,-15.743696212768555,262.00048828125,261.9054260253906,74.32955169677734,511.9922180175781,249.867938041687,90.0732479095459,249.99172973632812,523,168,57,23,9,4,2,1
723,River Seedling,RiverSeedling_06_RiverSeedling_05_Translucent,52,52,RiverSeedling_05_Translucent,6806644,40744,262.00408935546875,-76.80854034423828,284.6394348144531,511.9936218261719,16.01398277282715,496.1627197265625,249.98953247070312,92.82252311706543,211.52328491210938,473,151,50,20,8,4,1,1
724,River Seedling,RiverSeedling_06_RiverSeedling_04_Translucent,50,50,RiverSeedling_04_Translucent,6847388,40948,262.00006103515625,-77.08808135986328,284.65509033203125,511.9937438964844,15.795063018798828,496.3793640136719,249.99368286132812,92.88314437866211,211.72427368164062,468,149,49,20,8,4,1,1
725,River Seedling,RiverSeedling_06_RiverSeedling_01_Translucent,48,48,RiverSeedling_01_Translucent,6888336,40635,262.0013122558594,-77.99103546142578,284.8714904785156,511.989013671875,15.878663063049316,493.4676513671875,249.98770141601562,93.8696985244751,208.59616088867188,471,152,51,20,8,4,1,1
726,River Seedling,RiverSeedling_06_RiverSeedling_03_Translucent,51,51,RiverSeedling_03_Translucent,6928971,40502,262.00341796875,-75.66144561767578,284.9010925292969,511.9906005859375,16.15899085998535,494.3763427734375,249.9871826171875,91.82043647766113,209.47525024414062,473,152,50,20,8,4,1,1
727,River Seedling,RiverSeedling_06_RiverSeedling_02_Translucent,49,49,RiverSeedling_02_Translucent,6969473,40395,261.9999694824219,-76.61804962158203,284.3772888183594,511.99664306640625,16.26661491394043,493.2340087890625,249.99667358398438,92.88466453552246,208.85671997070312,465,148,50,20,8,4,1,1
728,River Seedling,RiverSeedling_07_RiverSeedling_02_Translucent,49,49,RiverSeedling_02_Translucent,7009868,21517,12.041282653808594,27.236276626586914,12.01146411895752,261.9908142089844,112.19407653808594,261.9744567871094,249.94953155517578,84.95779991149902,249.96299266815186,1024,289,81,25,9,4,4,1
729,River Seedling,RiverSeedling_07_RiverSeedling_05_Translucent,52,52,RiverSeedling_05_Translucent,7031385,21721,12.007875442504883,27.27854347229004,12.011350631713867,261.996337890625,112.47061920166016,261.9964904785156,249.98846244812012,85.19207572937012,249.98513984680176,1024,289,81,25,9,4,4,1
730,River Seedling,RiverSeedling_07_RiverSeedling_01_Translucent,48,48,RiverSeedling_01_Translucent,7053106,21550,12.003499031066895,26.60060691833496,12.013789176940918,261.9969482421875,112.55918884277344,261.9977722167969,249.9934492111206,85.95858192443848,249.98398303985596,1024,289,81,25,9,4,4,1
731,River Seedling,RiverSeedling_07_RiverSeedling_04_Translucent,50,50,RiverSeedling_04_Translucent,7074656,21775,12.000031471252441,27.13732147216797,12.013020515441895,261.9945983886719,112.51577758789062,261.9979553222656,249.99456691741943,85.37845611572266,249.98493480682373,1024,289,81,25,9,4,4,1
732,River Seedling,RiverSeedling_07_RiverSeedling_03_Translucent,51,51,RiverSeedling_03_Translucent,7096431,21496,12.03687572479248,26.681785583496094,12.001161575317383,261.9418029785156,112.74446105957031,261.9939270019531,249.90492725372314,86.06267547607422,249.99276542663574,1024,289,81,25,9,4,4,1
733,River Seedling,RiverSeedling_08_RiverSeedling_04_Translucent,50,50,RiverSeedling_04_Translucent,7117927,20559,262.00555419921875,3.5719175338745117,12.002699851989746,511.99908447265625,70.92797088623047,261.99285888671875,249.9935302734375,67.35605335235596,249.990159034729,1013,270,72,25,9,4,2,1
734,River Seedling,RiverSeedling_08_RiverSeedling_01_Translucent,48,48,RiverSeedling_01_Translucent,7138486,20219,262.0100402832031,3.521507740020752,12.014849662780762,511.9675598144531,70.97248840332031,261.9936218261719,249.95751953125,67.45098066329956,249.9787721633911,1013,270,72,25,9,4,2,1
735,River Seedling,RiverSeedling_08_RiverSeedling_05_Translucent,52,52,RiverSeedling_05_Translucent,7158705,20293,262.01318359375,3.559408187866211,12.00458812713623,511.9902648925781,70.89192962646484,261.9783935546875,249.97708129882812,67.33252143859863,249.97380542755127,1012,269,72,25,9,4,2,1
736,River Seedling,RiverSeedling_08_RiverSeedling_02_Translucent,49,49,RiverSeedling_02_Translucent,7178998,20079,262.000732421875,3.637758493423462,12.051688194274902,511.9805603027344,70.880126953125,261.9808044433594,249.97982788085938,67.24236845970154,249.92911624908447,1012,271,72,25,9,4,2,1
737,River Seedling,RiverSeedling_08_RiverSeedling_03_Translucent,51,51,RiverSeedling_03_Translucent,7199077,20372,262.0071716308594,3.4455418586730957,12.024771690368652,511.9935302734375,70.8850326538086,261.9639892578125,249.98635864257812,67.4394907951355,249.93921756744385,1013,271,72,25,9,4,2,1
738,River Seedling,RiverSeedling_09_RiverSeedling_01_Translucent,48,48,RiverSeedling_01_Translucent,7219449,39904,512.0034790039062,-22.099748611450195,762.0105590820312,761.9961547851562,25.408607482910156,1011.991943359375,249.99267578125,47.50835609436035,249.98138427734375,1008,270,72,25,9,4,2,2
739,River Seedling,RiverSeedling_09_RiverSeedling_04_Translucent,50,50,RiverSeedling_04_Translucent,7259353,40039,512.0004272460938,-22.119728088378906,761.9998168945312,761.9912109375,25.445146560668945,1011.9912109375,249.99078369140625,47.56487464904785,249.99139404296875,1008,270,72,25,9,4,2,2
740,River Seedling,RiverSeedling_09_RiverSeedling_02_Translucent,49,49,RiverSeedling_02_Translucent,7299392,39690,512.0033569335938,-22.124629974365234,762.0048828125,761.9900512695312,25.389259338378906,1011.9920654296875,249.9866943359375,47.51388931274414,249.9871826171875,1008,270,72,25,9,4,2,2
741,River Seedling,RiverSeedling_09_RiverSeedling_03_Translucent,51,51,RiverSeedling_03_Translucent,7339082,39829,512.0170288085938,-21.46302032470703,762.0235595703125,761.9998168945312,25.35423469543457,1011.9927978515625,249.9827880859375,46.8172550201416,249.96923828125,1008,270,72,25,9,4,2,2
742,River Seedling,RiverSeedling_09_RiverSeedling_05_Translucent,52,52,RiverSeedling_05_Translucent,7378911,40337,512.0023193359375,-21.84441566467285,762.005126953125,761.9850463867188,25.26531982421875,1011.9986572265625,249.98272705078125,47.1097354888916,249.9935302734375,1008,270,72,25,9,4,2,2
743,River Seedling,RiverSeedling_10_RiverSeedling_02_Translucent,49,49,RiverSeedling_02_Translucent,7419248,20846,762.0101928710938,-23.68069839477539,762.0238647460938,1011.9920043945312,26.420778274536133,1011.9934692382812,249.9818115234375,50.10147666931152,249.9696044921875,1024,289,81,25,9,4,1,1
744,River Seedling,RiverSeedling_10_RiverSeedling_01_Translucent,48,48,RiverSeedling_01_Translucent,7440094,20677,762.0067749023438,-23.727516174316406,762.0018310546875,1011.9699096679688,26.420188903808594,1011.9684448242188,249.963134765625,50.147705078125,249.96661376953125,1024,289,81,25,9,4,1,1
745,River Seedling,RiverSeedling_10_RiverSeedling_03_Translucent,51,51,RiverSeedling_03_Translucent,7460771,20725,762.0218505859375,-23.734235763549805,762.001220703125,1011.9952392578125,26.423173904418945,1011.9969482421875,249.973388671875,50.15740966796875,249.9957275390625,1024,289,81,25,9,4,1,1
746,River Seedling,RiverSeedling_10_RiverSeedling_05_Translucent,52,52,RiverSeedling_05_Translucent,7481496,20648,762.0258178710938,-23.695846557617188,762.0016479492188,1011.9937133789062,26.42683219909668,1011.9868774414062,249.9678955078125,50.12267875671387,249.9852294921875,1024,289,81,25,9,4,1,1
747,River Seedling,RiverSeedling_10_RiverSeedling_04_Translucent,50,50,RiverSeedling_04_Translucent,7502144,20770,762.001953125,-23.72028350830078,762.0108642578125,1011.9904174804688,26.43103790283203,1011.9880981445312,249.98846435546875,50.15132141113281,249.97723388671875,1024,289,81,25,9,4,1,1
748,River Seedling,RiverSeedling_11_RiverSeedling_05_Translucent,52,52,RiverSeedling_05_Translucent,7522914,78914,512.0016479492188,-71.7337646484375,512.0037231445312,761.99560546875,24.903589248657227,761.9991455078125,249.99395751953125,96.63735389709473,249.99542236328125,1024,256,64,25,9,4,4,4
749,River Seedling,RiverSeedling_11_RiverSeedling_04_Translucent,50,50,RiverSeedling_04_Translucent,7601828,78634,512.0029296875,-71.73155975341797,512.0003662109375,761.9994506835938,24.925922393798828,761.9945068359375,249.99652099609375,96.6574821472168,249.994140625,1024,256,64,25,9,4,4,4
750,River Seedling,RiverSeedling_11_RiverSeedling_02_Translucent,49,49,RiverSeedling_02_Translucent,7680462,78625,512.0009765625,-71.72054290771484,512.0032348632812,761.9993286132812,24.92608642578125,761.9879760742188,249.99835205078125,96.6466293334961,249.9847412109375,1024,256,64,25,9,4,4,4
751,River Seedling,RiverSeedling_11_RiverSeedling_01_Translucent,48,48,RiverSeedling_01_Translucent,7759087,77673,512.0053100585938,-71.722412109375,512.0047607421875,761.9987182617188,24.92604637145996,761.9962158203125,249.993408203125,96.64845848083496,249.991455078125,1024,256,64,25,9,4,4,4
752,River Seedling,RiverSeedling_11_RiverSeedling_03_Translucent,51,51,RiverSeedling_03_Translucent,7836760,78615,512.0009155273438,-71.73149871826172,512.0029296875,761.9996948242188,24.925100326538086,761.9978637695312,249.998779296875,96.6565990447998,249.99493408203125,1024,256,64,25,9,4,4,4
753,River Seedling,RiverSeedling_12_RiverSeedling_03_Translucent,51,51,RiverSeedling_03_Translucent,7915375,9402,762.0206909179688,-62.89567184448242,512.0034790039062,1011.9780883789062,23.9473876953125,761.9971923828125,249.9573974609375,86.84305953979492,249.99371337890625,508,150,47,23,9,4,2,2
754,River Seedling,RiverSeedling_12_RiverSeedling_05_Translucent,52,52,RiverSeedling_05_Translucent,7924777,9309,762.0009155273438,-51.64267349243164,512.01171875,1011.9863891601562,23.96085548400879,761.994384765625,249.9854736328125,75.60352897644043,249.982666015625,509,149,47,22,9,4,2,2
755,River Seedling,RiverSeedling_12_RiverSeedling_01_Translucent,48,48,RiverSeedling_01_Translucent,7934086,9254,762.0517578125,-60.272674560546875,512.0009155273438,1011.987548828125,23.953861236572266,761.99609375,249.935791015625,84.22653579711914,249.99517822265625,506,151,48,22,9,4,2,2
756,River Seedling,RiverSeedling_12_RiverSeedling_04_Translucent,50,50,RiverSeedling_04_Translucent,7943340,9298,762.0951538085938,-59.834983825683594,512.0210571289062,1011.9913940429688,23.954809188842773,761.9375,249.896240234375,83.78979301452637,249.91644287109375,507,147,48,23,9,4,2,2
757,River Seedling,RiverSeedling_12_RiverSeedling_02_Translucent,49,49,RiverSeedling_02_Translucent,7952638,9435,762.0027465820312,-59.11343765258789,512.0053100585938,1011.9387817382812,23.93360137939453,761.9966430664062,249.93603515625,83.04703903198242,249.9913330078125,505,147,47,23,9,4,2,2
758,River Seedling,RiverSeedling_13_RiverSeedling_03_Translucent,51,51,RiverSeedling_03_Translucent,7962073,40366,512.0048828125,-59.82795333862305,262.0014343261719,761.9375,29.66690444946289,511.9970703125,249.9326171875,89.49485778808594,249.99563598632812,736,205,58,25,9,4,2,2
759,River Seedling,RiverSeedling_13_RiverSeedling_01_Translucent,48,48,RiverSeedling_01_Translucent,8002439,40392,512.001220703125,-59.96471405029297,262.00653076171875,761.999755859375,29.66788101196289,511.9978332519531,249.99853515625,89.63259506225586,249.99130249023438,739,202,56,25,9,4,2,2
760,River Seedling,RiverSeedling_13_RiverSeedling_04_Translucent,50,50,RiverSeedling_04_Translucent,8042831,39998,512.0070190429688,-57.73019027709961,262.0043640136719,761.9994506835938,29.66656494140625,511.99945068359375,249.992431640625,87.39675521850586,249.99508666992188,734,203,57,25,9,4,2,2
761,River Seedling,RiverSeedling_13_RiverSeedling_05_Translucent,52,52,RiverSeedling_05_Translucent,8082829,40382,512.0128173828125,-60.611839294433594,262.0013732910156,761.9822998046875,29.660978317260742,511.9949951171875,249.969482421875,90.27281761169434,249.99362182617188,732,203,57,25,9,4,2,2
762,River Seedling,RiverSeedling_13_RiverSeedling_02_Translucent,49,49,RiverSeedling_02_Translucent,8123211,40366,512.0010986328125,-60.69334030151367,262.0113525390625,761.9906005859375,29.667648315429688,511.9964599609375,249.989501953125,90.36098861694336,249.985107421875,732,202,56,25,9,4,2,2
763,River Seedling,RiverSeedling_14_RiverSeedling_01_Translucent,48,48,RiverSeedling_01_Translucent,8163577,61003,762.0022583007812,-37.80057907104492,262.00433349609375,1011.9981079101562,20.452959060668945,511.9989318847656,249.995849609375,58.25353813171387,249.99459838867188,973,259,68,24,9,4,1,1
764,River Seedling,RiverSeedling_14_RiverSeedling_05_Translucent,52,52,RiverSeedling_05_Translucent,8224580,61035,762.0028686523438,-42.13031005859375,262.0002136230469,1011.9992065429688,20.45216941833496,511.9869079589844,249.996337890625,62.58247947692871,249.9866943359375,970,259,68,24,9,4,1,1
765,River Seedling,RiverSeedling_14_RiverSeedling_04_Translucent,50,50,RiverSeedling_04_Translucent,8285615,60994,762.0017700195312,-45.84034729003906,262.0000305175781,1011.9987182617188,20.447509765625,511.9998474121094,249.9969482421875,66.28785705566406,249.99981689453125,973,259,68,24,9,4,1,1
766,River Seedling,RiverSeedling_14_RiverSeedling_03_Translucent,51,51,RiverSeedling_03_Translucent,8346609,61173,762.000244140625,-40.92277145385742,262.0020751953125,1011.9984741210938,20.44639778137207,511.9980773925781,249.99822998046875,61.36916923522949,249.99600219726562,974,259,68,24,9,4,1,1
767,River Seedling,RiverSeedling_14_RiverSeedling_02_Translucent,49,49,RiverSeedling_02_Translucent,8407782,61018,762.0048217773438,-35.61801528930664,262.0027160644531,1011.9989013671875,20.45157241821289,511.99615478515625,249.99407958984375,56.06958770751953,249.99343872070312,972,259,68,24,9,4,1,1
768,River Seedling,RiverSeedling_15_RiverSeedling_01_Translucent,48,48,RiverSeedling_01_Translucent,8468800,20173,512.0117797851562,0.36623045802116394,12.000195503234863,761.9878540039062,65.398681640625,261.99267578125,249.97607421875,65.03245118260384,249.99248027801514,1024,272,72,25,9,4,4,2
769,River Seedling,RiverSeedling_15_RiverSeedling_04_Translucent,50,50,RiverSeedling_04_Translucent,8488973,20426,512.001708984375,0.36627504229545593,12.038447380065918,761.99560546875,65.31724548339844,261.96832275390625,249.993896484375,64.95097044110298,249.92987537384033,1024,272,72,25,9,4,4,2
770,River Seedling,RiverSeedling_15_RiverSeedling_02_Translucent,49,49,RiverSeedling_02_Translucent,8509399,20364,512.004150390625,0.36638349294662476,12.009702682495117,761.993896484375,65.40412902832031,261.9922180175781,249.98974609375,65.03774553537369,249.982515335083,1024,272,72,25,9,4,4,2
771,River Seedling,RiverSeedling_15_RiverSeedling_05_Translucent,52,52,RiverSeedling_05_Translucent,8529763,20428,512.0193481445312,0.36517488956451416,12.047525405883789,761.9949340820312,65.08316040039062,261.99664306640625,249.9755859375,64.71798551082611,249.94911766052246,1024,272,72,25,9,4,4,2
772,River Seedling,RiverSeedling_15_RiverSeedling_03_Translucent,51,51,RiverSeedling_03_Translucent,8550191,20331,512.0013427734375,0.3659464418888092,12.000164985656738,761.9874877929688,65.21524047851562,261.98529052734375,249.98614501953125,64.84929403662682,249.985125541687,1024,272,72,25,9,4,4,2
773,River Seedling,RiverSeedling_16_RiverSeedling_05_Translucent,52,52,RiverSeedling_05_Translucent,8570522,20764,762.00732421875,0.1994323432445526,12.012139320373535,1011.9951171875,57.53675842285156,261.9920654296875,249.98779296875,57.33732607960701,249.97992610931396,995,286,81,25,9,4,2,1
774,River Seedling,RiverSeedling_16_RiverSeedling_04_Translucent,50,50,RiverSeedling_04_Translucent,8591286,20973,762.025634765625,0.14532813429832458,12.014083862304688,1011.9866943359375,57.43203353881836,261.96282958984375,249.9610595703125,57.286705404520035,249.94874572753906,994,286,81,25,9,4,2,1
775,River Seedling,RiverSeedling_16_RiverSeedling_01_Translucent,48,48,RiverSeedling_01_Translucent,8612259,20897,762.0028686523438,-0.30596235394477844,12.00550651550293,1011.9928588867188,57.25914001464844,261.9837951660156,249.989990234375,57.565102368593216,249.9782886505127,996,286,81,25,9,4,2,1
776,River Seedling,RiverSeedling_16_RiverSeedling_02_Translucent,49,49,RiverSeedling_02_Translucent,8633156,20691,762.0016479492188,-0.21206870675086975,12.000003814697266,1011.9993286132812,57.40372085571289,261.99432373046875,249.9976806640625,57.61578956246376,249.99431991577148,991,286,81,25,9,4,2,1
777,River Seedling,RiverSeedling_16_RiverSeedling_03_Translucent,51,51,RiverSeedling_03_Translucent,8653847,20829,762.0005493164062,-0.26910796761512756,12.010905265808105,1011.9883422851562,57.58341979980469,261.98797607421875,249.98779296875,57.852527767419815,249.97707080841064,996,285,81,25,9,4,2,1
